Iteration,Cost,Cost reduction,time (ms)
0,5697.87,0.00113664,138.696
1,5659.25,0.0079076,238.44
2,5609.34,0.0166559,343.173
3,5231.34,0.0829223,466.68
4,3059.49,0.463656,603.205
5,2878.5,0.495385,759.192
