Iteration,Cost,Cost reduction,time (ms)
0,4333.09,0.00149233,178.509
1,4294.45,0.0103966,336.471
2,4244.61,0.0218813,504.913
3,3625.65,0.164513,696.754
4,1291.96,0.702283,915.502
5,909.649,0.790382,1118.42
