Iteration,Cost,Cost reduction,time (ms)
0,64.5681,0.38149,141.85
1,52.253,0.499459,253.299
2,45.5992,0.563197,371.382
3,37.5246,0.640545,486.58
4,36.4337,0.650995,601.413
5,25.6755,0.754049,726.439
