Iteration,Cost,Cost reduction,time (ms)
0,5392.33,0.00119965,136.46
1,5353.7,0.00835549,236.088
2,5303.81,0.0175953,341.315
3,5285.66,0.0209576,461.572
4,4263.09,0.210365,594.542
5,3825.91,0.291341,740.852
