Iteration,Cost,Cost reduction,time (ms)
0,54.2969,0.168893,582.434
1,18.2076,0.721302,1149.94
2,12.6329,0.806631,1747.36
3,10.9169,0.832899,2335.19
4,10.9169,0.832899,2910.24
5,10.9169,0.832899,3004.7
