Iteration,Cost,Cost reduction,time (ms)
0,2.29887,0.993137,11.923
1,1.31577,0.996072,20.707
2,1.06993,0.996806,30.014
3,0.595028,0.998224,39.035
4,0.570999,0.998295,47.699
5,0.570999,0.998295,55.933
