Iteration,Cost,Cost reduction,time (ms)
0,55.622,0.505638,148.169
1,55.622,0.505638,255.376
2,55.622,0.505638,330.942
3,54.6943,0.513883,408.931
4,53.7957,0.52187,527.151
5,53.7957,0.52187,642.013
