Iteration,Cost,Cost reduction,time (ms)
0,58.7085,0.345932,145.894
1,39.4769,0.56019,255.527
2,14.5421,0.837987,378.019
3,6.83859,0.923812,502.446
4,6.8264,0.923948,628.316
5,2.76928,0.969148,751.668
