Iteration,Cost,Cost reduction,time (ms)
0,92.8628,0,136.282
1,90.6269,0.0240769,195.009
2,45.2426,0.512802,232.257
3,40.4406,0.564512,280.186
4,40.4406,0.564512,309.498
5,37.1984,0.599426,332.673
6,37.1984,0.599426,366.098
