Iteration,Cost,Cost reduction,time (ms)
0,24.7836,0.369523,102.837
1,16.8347,0.571737,173.321
2,16.5716,0.57843,242.971
3,15.4375,0.60728,315.714
4,15.4375,0.60728,387.79
5,15.4375,0.60728,438.331
