Iteration,Cost,Cost reduction,time (ms)
0,32.4897,0.319938,582.344
1,17.5329,0.633008,1193.48
2,6.61776,0.86148,1834.5
3,6.42278,0.865561,2412.06
4,6.12583,0.871777,2987.32
5,6.12583,0.871777,3558.93
