Iteration,Cost,Cost reduction,time (ms)
0,25.7205,0.42171,100.666
1,25.7205,0.42171,169.324
2,25.7176,0.421777,216.563
3,25.7176,0.421777,287.562
4,25.7097,0.421953,337.886
5,25.702,0.422126,413.453
