Iteration,Cost,Cost reduction,time (ms)
0,22.5355,0.542232,221.783
1,14.6493,0.702425,421.602
2,11.6769,0.762804,625.472
3,5.53927,0.88748,825.773
4,4.45809,0.909442,1022.78
5,2.76745,0.943784,1226.92
