Iteration,Cost,Cost reduction,time (ms)
0,50.4828,0.310525,152.251
1,29.6019,0.595708,260.209
2,9.85214,0.865443,371.43
3,7.41096,0.898784,486.086
4,7.41096,0.898784,597.818
5,6.82805,0.906745,681.213
