Iteration,Cost,Cost reduction,time (ms)
0,150.788,0.0713494,148.717
1,55.1094,0.660601,262.722
2,16.0512,0.901146,405.656
3,16.0512,0.901146,589.536
4,16.0512,0.901146,676.13
5,16.0512,0.901146,765.622
