Iteration,Cost,Cost reduction,time (ms)
0,30.0371,0.323413,105.102
1,26.8995,0.394088,179.157
2,22.6299,0.49026,251.538
3,21.7656,0.509728,326.845
4,21.7656,0.509728,402.888
5,21.7656,0.509728,453.882
