Iteration,Cost,Cost reduction,time (ms)
0,141.036,0.0617121,145.791
1,36.0435,0.760209,265.44
2,11.004,0.926793,381.423
3,9.13309,0.939239,532.951
4,7.60138,0.949429,683.437
5,7.60138,0.949429,840.85
