Iteration,Cost,Cost reduction,time (ms)
0,53.4732,0,82.37
1,45.8342,0.142857,129.826
2,36.7233,0.313238,197.423
3,36.7233,0.313238,274.267
4,36.5681,0.316141,335.47
5,36.5511,0.316459,384.552
6,34.2511,0.359471,434.444
7,33.0973,0.381047,485.856
8,32.2442,0.397001,525.411
9,31.7572,0.40611,573.61
