Iteration,Cost,Cost reduction,time (ms)
0,26.2195,0.373196,185.214
1,15.5341,0.628642,352.861
2,15.5341,0.628642,509.799
3,15.5341,0.628642,572.372
4,15.5341,0.628642,619.495
5,15.5341,0.628642,663.973
