Iteration,Cost,Cost reduction,time (ms)
0,4199.82,0.00154005,138.984
1,4161.19,0.0107245,237.931
2,4111.3,0.0225851,342.406
3,4093.94,0.0267125,466.033
4,2775.58,0.340137,599.875
5,2741.13,0.348328,754.958
