Iteration,Cost,Cost reduction,time (ms)
0,5548.12,0.00116606,144.981
1,5509.49,0.00812126,245.13
2,5459.61,0.0171021,350.355
3,5403.28,0.027242,471.915
4,2710.26,0.512069,592.352
5,2694,0.514997,804.415
