Iteration,Cost,Cost reduction,time (ms)
0,74.3157,0.188869,591.784
1,41.2428,0.549849,1185.69
2,6.27739,0.931484,1736.69
3,6.27739,0.931484,2306.13
4,6.27739,0.931484,2396.81
5,6.27739,0.931484,2475.44
