Iteration,Cost,Cost reduction,time (ms)
0,35.3315,0.450874,142.786
1,28.6662,0.554467,251.749
2,10.0056,0.844493,363.078
3,9.03382,0.859596,478.502
4,3.46168,0.946198,593.326
5,3.46168,0.946198,703.588
