Iteration,Cost,Cost reduction,time (ms)
0,35.1509,0.782797,174.716
1,35.1509,0.782797,321.419
2,35.1509,0.782797,406.697
3,35.1509,0.782797,528.276
4,35.1509,0.782797,662.091
5,35.1509,0.782797,790.873
6,21.085,0.869712,883.501
7,21.085,0.869712,984.013
