Iteration,Cost,Cost reduction,time (ms)
0,5164.12,0.00125293,138.827
1,5125.49,0.00872449,237.823
2,5075.6,0.0183736,342.121
3,4377.02,0.153479,463.286
4,2941.71,0.43107,587.744
5,1584.02,0.693649,747.589
