Iteration,Cost,Cost reduction,time (ms)
0,4960.55,0.00130346,411.718
1,4921.91,0.00908303,806.46
2,4872.08,0.0191154,1202.69
3,4720.55,0.0496233,1704.59
4,3671.38,0.260849,2245.35
5,3588.79,0.277478,2799.87
