Iteration,Cost,Cost reduction,time (ms)
0,5343.1,0.00121033,411.528
1,5304.46,0.00843355,808.092
2,5254.63,0.0177486,1201.53
3,5238.95,0.020679,1706.61
4,3665.72,0.314764,2204.15
5,2991.01,0.440889,3064.32
