Iteration,Cost,Cost reduction,time (ms)
0,4929.01,0.00131292,136.794
1,4890.38,0.00913942,233.956
2,4840.49,0.0192478,338.317
3,4203.94,0.148222,460.918
4,3667.37,0.256938,584.989
5,2635.68,0.465974,714.353
