Iteration,Cost,Cost reduction,time (ms)
0,5554.72,0.00117903,132.22
1,5516.86,0.00798687,228.997
2,5467.52,0.0168585,330.048
3,4488,0.19299,439.29
4,3922.23,0.294725,548.205
5,2840.46,0.489242,657.06
