Iteration,Cost,Cost reduction,time (ms)
0,7.693418636846477,0.0,30.5483341217041
1,7.60817522567665,0.011080043241318838,219.3448543548584
