Iteration,Cost,Cost reduction,time (ms)
0,41.5812,0.322582,144.147
1,13.2279,0.784498,247.522
2,11.7694,0.808259,359.157
3,3.04821,0.95034,466.631
4,1.2414,0.979776,574.784
5,1.20039,0.980444,683.035
