Iteration,Cost,Cost reduction,time (ms)
0,28.2518,0.366611,186.851
1,13.2574,0.702778,376.265
2,9.1282,0.795351,576.191
3,4.95968,0.888807,762.043
4,3.11732,0.930112,948.819
5,2.48168,0.944362,1135.99
