Iteration,Cost,Cost reduction,time (ms)
0,41.6395,0.354301,759.502
1,38.4899,0.403142,1467.52
2,38.4899,0.403142,2186.58
3,36.0669,0.440715,2671.23
4,36.0669,0.440715,3399.41
