Iteration,Cost,Cost reduction,time (ms)
0,5519.21,0.0011719,145.196
1,5480.57,0.00816379,245.14
2,5430.52,0.0172215,349.071
3,5200.07,0.0589269,462.889
4,4172.23,0.244938,580.287
5,2821.29,0.489422,747.323
