Iteration,Cost,Cost reduction,time (ms)
0,34.2154,0.276814,2203.91
1,17.8456,0.622811,4512.7
2,11.877,0.748964,6754.52
3,11.877,0.748964,9024.99
4,9.65619,0.795904,9188.32
5,9.65619,0.795904,11488.5
