Iteration,Cost,Cost reduction,time (ms)
0,26.1549,0.351049,591.142
1,12.699,0.684914,1168.74
2,10.0348,0.751017,1776.45
3,8.90632,0.779017,2378.57
4,7.18045,0.82184,2989.73
5,4.30784,0.893114,3590.74
