Iteration,Cost,Cost reduction,time (ms)
0,24.5253,0.394086,102.666
1,14.6276,0.638616,172.701
2,14.6276,0.638616,243.63
3,14.0308,0.653359,292.058
4,14.0308,0.653359,366.502
5,14.0051,0.653994,417.922
