Iteration,Cost,Cost reduction,time (ms)
0,4842.92,0.00133572,136.93
1,4804.29,0.00930206,235.145
2,4754.41,0.0195889,338.556
3,4710.65,0.0286113,459.787
4,2732.43,0.436542,595.941
5,1946.74,0.59856,810.522
