Iteration,Cost,Cost reduction,time (ms)
0,29.2077,0.291738,185.376
1,13.5245,0.672041,370.508
2,8.89074,0.784407,560.16
3,4.92482,0.880577,743.773
4,4.21409,0.897812,924.13
5,3.25149,0.921154,1093.5
