Iteration,Cost,Cost reduction,time (ms)
0,49.696,0.191136,530.227
1,16.121,0.737611,1061.79
2,4.61186,0.924936,1620.65
3,4.33082,0.92951,2187.76
4,3.70402,0.939712,2747.3
5,3.70402,0.939712,3318.69
