Iteration,Cost,Cost reduction,time (ms)
0,26.4589,0.354528,108.635
1,15.39,0.624557,182.573
2,6.02331,0.85306,256.822
3,5.05782,0.876613,343.012
4,4.60537,0.887651,442.072
5,4.413,0.892344,539.323
