Iteration,Cost,Cost reduction,time (ms)
0,29.3543,0.295928,102.932
1,27.2037,0.347511,177.179
2,27.2037,0.347511,248.682
3,24.001,0.42433,300.488
4,23.2441,0.442484,381.08
5,23.2441,0.442484,457.942
