Iteration,Cost,Cost reduction,time (ms)
0,5676.11,0.00113933,177.056
1,5637.47,0.00793928,334.573
2,5587.64,0.0167083,504.469
3,5538.05,0.0254358,690.706
4,3752.58,0.339635,886.748
5,3248.32,0.428373,1100.23
