Iteration,Cost,Cost reduction,time (ms)
0,4794.92,0.00134879,411.704
1,4756.28,0.00939661,812.582
2,4706.44,0.0197766,1206.44
3,4373.43,0.0891347,1707.25
4,2903.13,0.395357,2351.17
5,2298.69,0.521245,2930.47
