Iteration,Cost,Cost reduction,time (ms)
0,25.5347,0.355725,189.837
1,17.4338,0.560121,373.234
2,16.2781,0.589282,545.478
3,15.3031,0.613883,715.454
4,14.762,0.627534,885.53
5,12.3098,0.689407,1058.44
