Iteration,Cost,Cost reduction,time (ms)
0,44.0395,0.0369975,527.538
1,22.1217,0.516269,1101.23
2,19.2281,0.579543,1635.76
3,10.25,0.775865,2154.93
4,9.29348,0.796782,2684.49
5,6.69875,0.85352,3210.91
