Iteration,Cost,Cost reduction,time (ms)
0,83.6898,0.105357,209.175
1,39.4829,0.577928,409.278
2,12.677,0.864483,608.61
3,9.19382,0.901718,806.025
4,8.23143,0.912006,1006.86
5,8.0093,0.914381,1203.64
