Iteration,Cost,Cost reduction,time (ms)
0,5554.8,0.0011658,134.877
1,5516.17,0.00811106,231.688
2,5466.27,0.0170845,337.088
3,5098.07,0.0832912,464.026
4,3917.38,0.295597,596.175
5,2752.38,0.505081,757.073
