Iteration,Cost,Cost reduction,time (ms)
0,48.7033,0.22978,143.075
1,23.193,0.633214,245.157
2,20.1055,0.68204,357.134
3,17.4802,0.723559,472.032
4,9.44264,0.850669,589.177
5,6.69127,0.894181,700.905
