Iteration,Cost,Cost reduction,time (ms)
0,30.8594,0.405561,154.586
1,16.7385,0.67757,261.996
2,11.6306,0.775963,380.911
3,8.66871,0.833016,505.437
4,7.61727,0.85327,639.078
5,5.91089,0.88614,771.871
