Iteration,Cost,Cost reduction,time (ms)
0,101.249,0.361938,580.548
1,55.8833,0.647827,1128.21
2,42.6869,0.73099,1697.92
3,41.3723,0.739275,2277.32
4,34.6623,0.78156,2849.86
5,30.701,0.806524,3410.14
