Iteration,Cost,Cost reduction,time (ms)
0,42.1069,0.198129,584.873
1,11.2512,0.785736,1150.39
2,7.78206,0.851801,1747.03
3,3.66227,0.930257,2338.95
4,3.66227,0.930257,2911.25
5,3.12758,0.940439,3007.09
