Iteration,Cost,Cost reduction,time (ms)
0,85.4787,0.204812,556.26
1,13.267,0.87658,1121.89
2,8.67532,0.919296,1647.46
3,6.31031,0.941297,2200.84
4,6.31031,0.941297,2748.53
5,6.19345,0.942384,2840.95
