Iteration,Cost,Cost reduction,time (ms)
0,89.0525,0.298064,212.392
1,19.9768,0.842538,418.72
2,19.9768,0.842538,623.447
3,19.9768,0.842538,707.765
4,19.9768,0.842538,786.223
5,19.9768,0.842538,867.4
