Iteration,Cost,Cost reduction,time (ms)
0,103.647,0.270712,164.524
1,103.647,0.270712,265.719
2,103.647,0.270712,337.884
3,103.647,0.270712,409.759
4,103.647,0.270712,482.968
5,103.647,0.270712,554.819
6,103.647,0.270712,626.463
