Iteration,Cost,Cost reduction,time (ms)
0,4463.39,0.00144899,413.564
1,4424.75,0.0100937,810.473
2,4374.91,0.0212443,1206.03
3,4353.46,0.0260431,1708.14
4,3482.04,0.220996,2208.46
5,2408.98,0.461062,3072.71
