Iteration,Cost,Cost reduction,time (ms)
0,32.9278,0.307122,19.72
1,26.4196,0.44407,32.134
2,23.8918,0.497261,43.817
3,18.8478,0.603398,55.214
4,16.7728,0.647062,66.077
5,16.7728,0.647062,76.84
