Iteration,Cost,Cost reduction,time (ms)
0,89.9308,0.330722,156.822
1,47.7342,0.644755,265.639
2,9.75617,0.927393,394.032
3,8.35532,0.937819,558.737
4,8.35532,0.937819,723.039
5,8.35532,0.937819,809.892
