Iteration,Cost,Cost reduction,time (ms)
0,21.385,0.516781,108.283
1,21.253,0.519762,180.857
2,19.571,0.55777,254.566
3,18.952,0.571756,357.998
4,17.6268,0.601701,458.749
5,14.0975,0.681451,572.451
