Iteration,Cost,Cost reduction,time (ms)
0,28.828,0.26866,176.793
1,14.0326,0.644005,344.42
2,12.8105,0.67501,510.799
3,12.8105,0.67501,665.482
4,12.8105,0.67501,728.336
5,12.8105,0.67501,775.751
