Iteration,Cost,Cost reduction,time (ms)
0,4378.55,0.00147696,411.408
1,4339.91,0.0102889,809.252
2,4290.07,0.021655,1203.33
3,3649.76,0.167678,1703.03
4,1363.85,0.688976,2334.72
5,860.419,0.803783,2867.47
