Iteration,Cost,Cost reduction,time (ms)
0,30.0095,0.275551,188.872
1,24.714,0.403386,368.134
2,20.4875,0.505417,541.61
3,14.0352,0.66118,710.223
4,10.2445,0.752691,885.157
5,7.46057,0.819897,1040.13
