Iteration,Cost,Cost reduction,time (ms)
0,65.5356,0,84.747
1,42.4682,0.351982,130.055
2,28.77,0.561002,192.569
3,28.77,0.561002,251.268
4,28.77,0.561002,288.914
5,28.77,0.561002,314.698
6,28.77,0.561002,354.417
