Iteration,Cost,Cost reduction,time (ms)
0,41.2842,0.159217,369.34
1,41.2842,0.159217,626.864
2,41.2842,0.159217,788.228
3,41.2842,0.159217,946.633
4,41.2842,0.159217,1105.88
