Iteration,Cost,Cost reduction,time (ms)
0,110.923,0.171269,161.613
1,66.0535,0.506497,288.538
2,14.8549,0.889016,428.999
3,13.5997,0.898393,574.822
4,13.5997,0.898393,724.329
5,12.3747,0.907545,805.405
