Iteration,Cost,Cost reduction,time (ms)
0,26.6382,0.319281,102.279
1,24.6324,0.370537,175.842
2,23.6917,0.394577,250.928
3,16.7619,0.571661,330.737
4,12.9624,0.668755,410.87
5,12.1669,0.689084,489.455
