Iteration,Cost,Cost reduction,time (ms)
0,41.301,0.526241,113.235
1,41.301,0.526241,227.179
2,41.301,0.526241,277.092
3,23.7466,0.727606,303.147
4,17.7579,0.796302,347.193
5,17.7579,0.796302,400.402
6,17.7579,0.796302,454.112
