Iteration,Cost,Cost reduction,time (ms)
0,4928.93,0.0013282,131.93
1,4891.07,0.00899937,228.373
2,4841.73,0.0189958,330.09
3,3962.67,0.197106,437.979
4,3593.03,0.272001,548.865
5,2674,0.458209,662.029
