Iteration,Cost,Cost reduction,time (ms)
0,49.1021,0.416545,152.224
1,43.5284,0.482774,261.713
2,41.4965,0.506918,374.696
3,41.4965,0.506918,486.385
4,41.4965,0.506918,561.645
5,41.4965,0.506918,637.132
