Iteration,Cost,Cost reduction,time (ms)
0,5666.02,0.00114159,140.953
1,5627.38,0.00795265,240.358
2,5577.5,0.0167464,346.115
3,5547.6,0.022018,467.805
4,2817.16,0.503366,602.433
5,2715.72,0.521248,820.97
