Iteration,Cost,Cost reduction,time (ms)
0,29.7507,0.30197,116.826
1,15.6345,0.633173,197.29
2,10.7581,0.747586,281.391
3,5.6553,0.867312,376.15
4,5.63938,0.867685,467.101
5,5.07672,0.880887,558.341
