Iteration,Cost,Cost reduction,time (ms)
0,4319.21,0.00149721,140.564
1,4280.57,0.0104283,236.965
2,4230.69,0.0219598,339.978
3,4173.36,0.0352132,461.265
4,1899.52,0.560873,584.538
5,1729.74,0.600124,721.88
