Iteration,Cost,Cost reduction,time (ms)
0,5113.71,0.00128044,131.217
1,5075.85,0.00867469,227.624
2,5026.52,0.01831,329.648
3,4106.75,0.197942,437.799
4,3701.78,0.277033,549.115
5,3127.49,0.389194,661.621
