Iteration,Cost,Cost reduction,time (ms)
0,5113.73,0.00128073,131.475
1,5075.87,0.00867483,228.756
2,5026.53,0.0183109,329.529
3,4093.22,0.200588,437.597
4,2676.93,0.477192,546.459
5,2676.93,0.477192,650.583
