Iteration,Cost,Cost reduction,time (ms)
0,5033.06,0.00130117,134.055
1,4995.2,0.00881364,230.756
2,4945.86,0.0186042,331.124
3,4020.52,0.202219,439.047
4,3236.8,0.357729,546.84
5,3236.8,0.357729,652.655
