Iteration,Cost,Cost reduction,time (ms)
0,33.1125,0.213763,105.749
1,12.3232,0.707392,181.035
2,12.3232,0.707392,259.051
3,12.3232,0.707392,305.799
4,12.3232,0.707392,352.703
5,12.3232,0.707392,400.549
