Iteration,Cost,Cost reduction,time (ms)
0,4179.69,0.00154723,413.947
1,4141.05,0.0107777,812.382
2,4091.21,0.0226843,1209.03
3,4072.85,0.0270692,1703.45
4,2863.36,0.315996,2201.31
5,1698.12,0.594351,3117.25
