Iteration,Cost,Cost reduction,time (ms)
0,140.868,0.164319,521.304
1,47.5319,0.718023,1045.2
2,40.615,0.759056,1589.48
3,27.4574,0.837112,2142.35
4,27.4574,0.837112,2689.18
5,27.4574,0.837112,2780.35
