Iteration,Cost,Cost reduction,time (ms)
0,59.6534,0.636028,26.912
1,15.3214,0.906517,47.166
2,13.4065,0.918201,67.944
3,9.94013,0.939351,89.55
4,8.35164,0.949043,109.369
5,7.9867,0.951269,129.398
6,7.91507,0.951707,149.269
