Iteration,Cost,Cost reduction,time (ms)
0,29.9308,0.275141,106.733
1,24.0907,0.416575,180.175
2,7.38837,0.82107,260.205
3,7.38837,0.82107,344.527
4,7.38837,0.82107,396.795
5,7.38837,0.82107,448.225
