Iteration,Cost,Cost reduction,time (ms)
0,5854.14,0.00110495,156.058
1,5815.51,0.00769742,256.324
2,5765.62,0.016209,362.369
3,5694.92,0.0282726,483.598
4,3881.27,0.337738,606.59
5,3154.17,0.461803,847.883
