Iteration,Cost,Cost reduction,time (ms)
0,117.145,0.296823,151.091
1,113.406,0.319266,261.223
2,93.2236,0.440415,374.733
3,93.2236,0.440415,492.908
4,92.3908,0.445414,579.003
5,82.4012,0.505378,703.762
