Iteration,Cost,Cost reduction,time (ms)
0,4953.17,0.0013054,414.93
1,4914.53,0.00909655,809.49
2,4864.7,0.0191438,1206.86
3,4714.39,0.0494495,1708.69
4,3796.58,0.234505,2250.42
5,2201.5,0.556116,2791.14
