Iteration,Cost,Cost reduction,time (ms)
0,40.1098,0.433966,148.515
1,30.9764,0.562857,258.411
2,19.7688,0.72102,384.817
3,17.5994,0.751635,526.714
4,10.693,0.849099,680.559
5,10.693,0.849099,836.357
