Iteration,Cost,Cost reduction,time (ms)
0,57.953,0.420854,220.743
1,28.785,0.712341,425.193
2,15.384,0.846262,635.963
3,15.384,0.846262,843.486
4,15.384,0.846262,927.245
5,15.384,0.846262,1006.35
