Iteration,Cost,Cost reduction,time (ms)
0,5387.23,0.00120047,415.947
1,5348.59,0.00836459,812.706
2,5298.75,0.0176039,1208.93
3,4562.86,0.15404,1715.17
4,2015.15,0.626388,2351.15
5,1213.02,0.775104,2879.66
