Iteration,Cost,Cost reduction,time (ms)
0,41.2482,0.0166048,543.549
1,24.8891,0.40662,1112.18
2,21.4972,0.487486,1691.76
3,21.4972,0.487486,2276.29
4,16.3823,0.60943,2373.17
5,16.3823,0.60943,2930.4
