Iteration,Cost,Cost reduction,time (ms)
0,106.901,0.329417,145.966
1,14.3528,0.909966,250.022
2,14.3179,0.910184,363.248
3,14.2567,0.910568,478.058
4,14.2567,0.910568,590.312
5,14.174,0.911087,666.973
