Iteration,Cost,Cost reduction,time (ms)
0,4611.48,0.0014197,130.494
1,4573.62,0.00961811,228.682
2,4524.28,0.0203015,331.236
3,3650.69,0.209472,441.927
4,3279.69,0.289809,552.567
5,2708.23,0.413553,666.162
6,1641.39,0.64457,780.091
7,1594.6,0.654701,890.975
8,1594.6,0.654701,1000.62
