Iteration,Cost,Cost reduction,time (ms)
0,4447.87,0.00145401,154.735
1,4409.24,0.0101277,252.347
2,4359.35,0.0213277,356.231
3,4328.45,0.0282637,477.355
4,2749.78,0.382676,609.462
5,2749.78,0.382676,771.283
