Iteration,Cost,Cost reduction,time (ms)
0,71.4141,0.233288,149.163
1,42.0457,0.548591,262.977
2,13.5598,0.85442,385.106
3,2.87507,0.969133,503.913
4,2.58089,0.972291,619.523
5,2.53912,0.97274,739.103
6,2.53912,0.97274,854.463
