Iteration,Cost,Cost reduction,time (ms)
0,5872.02,0.0011018,179.469
1,5833.38,0.00767499,337.228
2,5783.54,0.0161538,506.392
3,5003.21,0.148897,696.262
4,3040.97,0.482697,908.786
5,1507.96,0.743479,1108.09
