Iteration,Cost,Cost reduction,time (ms)
0,55.2952,0.0837483,12.91
1,19.6986,0.673592,22.146
2,13.9878,0.76822,31.665
3,9.2432,0.846839,40.979
4,9.2432,0.846839,49.97
