Iteration,Cost,Cost reduction,time (ms)
0,158.795,0.0955314,140.636
1,58.296,0.667956,250.965
2,9.82205,0.944055,355.845
3,9.82205,0.944055,461.997
4,9.82205,0.944055,539.96
5,9.82205,0.944055,615.803
