Iteration,Cost,Cost reduction,time (ms)
0,80.3254,0.349573,150.357
1,54.7729,0.556482,259.237
2,14.7588,0.880492,377.773
3,9.50272,0.923053,522.526
4,8.13192,0.934153,677.044
5,7.85026,0.936433,836.869
