Iteration,Cost,Cost reduction,time (ms)
0,28.1833,0.331997,105.616
1,19.6963,0.533156,181.117
2,19.6963,0.533156,254.601
3,19.6963,0.533156,306.338
4,19.6946,0.533196,361.415
5,19.6946,0.533196,442.447
