Iteration,Cost,Cost reduction,time (ms)
0,32.8998,0.293384,176.953
1,18.952,0.592952,353.338
2,18.952,0.592952,525.073
3,15.2345,0.672796,601.271
4,12.3073,0.735666,760.96
5,11.985,0.742589,933.969
