Iteration,Cost,Cost reduction,time (ms)
0,40.7706,0.169678,313.192
1,33.342,0.320966,568.143
2,33.342,0.320966,824.308
3,33.342,0.320966,986.847
4,33.342,0.320966,1142.82
