Iteration,Cost,Cost reduction,time (ms)
0,72.0589,0.309347,234.039
1,19.7051,0.811135,457.897
2,12.0626,0.884385,665.14
3,10.772,0.896755,876.975
4,5.29449,0.949255,1083.49
5,4.68488,0.955097,1301.37
