Iteration,Cost,Cost reduction,time (ms)
0,109.045,0.287881,152.131
1,104.479,0.317703,261.155
2,48.3241,0.68442,380.665
3,48.3241,0.68442,524.757
4,48.3241,0.68442,609.174
5,48.3241,0.68442,695.449
