Iteration,Cost,Cost reduction,time (ms)
0,5232.45,0.00123611,179.126
1,5193.81,0.00861182,336.305
2,5143.97,0.0181248,503.773
3,4418.8,0.156546,694.335
4,2370.25,0.54757,908.321
5,1577.09,0.698967,1107.07
