Iteration,Cost,Cost reduction,time (ms)
0,30.3223,0.358224,104.017
1,11.8117,0.750004,174.84
2,11.8117,0.750004,244.171
3,11.7566,0.75117,296.777
4,11.4448,0.757769,371.85
5,11.4448,0.757769,445.732
