Iteration,Cost,Cost reduction,time (ms)
0,27.9301,0.297718,619.42
1,17.2801,0.565503,1172.42
2,7.4713,0.812139,1736.3
3,7.4713,0.812139,2273.14
4,7.43321,0.813097,2363.11
5,6.05984,0.847629,2882.66
