Iteration,Cost,Cost reduction,time (ms)
0,34.1296,0.227668,106.285
1,19.9704,0.548083,180.708
2,19.8124,0.551657,253.468
3,19.8124,0.551657,327.419
4,19.8124,0.551657,377.856
5,19.8124,0.551657,427.164
