Iteration,Cost,Cost reduction,time (ms)
0,27.8678,0.363253,581.56
1,13.6351,0.688453,1181.05
2,8.1616,0.813517,1724.58
3,7.51171,0.828366,2252.98
4,6.32511,0.855479,2780.41
5,5.51002,0.874102,3306.91
