Iteration,Cost,Cost reduction,time (ms)
0,85.3513,0.338424,145.307
1,63.0572,0.511231,255.719
2,27.78,0.784671,371.411
3,23.3358,0.819119,484.833
4,21.7377,0.831507,604.722
5,13.3025,0.89689,728.887
