Iteration,Cost,Cost reduction,time (ms)
0,28.321,0.300283,186.444
1,27.6078,0.317905,352.096
2,22.8791,0.434734,514.049
3,22.8791,0.434734,672.306
4,22.8791,0.434734,735.088
5,22.8791,0.434734,784.415
