Iteration,Cost,Cost reduction,time (ms)
0,85.7751,0.25419,549.44
1,36.5814,0.681926,1068.28
2,31.0021,0.730439,1607.06
3,23.8015,0.793047,2139.97
4,23.8015,0.793047,2673.24
5,23.8015,0.793047,2761.72
