Iteration,Cost,Cost reduction,time (ms)
0,88.0271,0.272552,234.993
1,51.8749,0.57131,408.709
2,40.3267,0.666744,565.47
3,16.2836,0.865433,753.678
4,16.2836,0.865433,940.64
5,16.0068,0.867721,1025.94
