Iteration,Cost,Cost reduction,time (ms)
0,149.237,0.152894,595.703
1,63.7507,0.638136,1204.45
2,11.3467,0.935594,1707.32
3,11.3467,0.935594,2238.48
4,11.3467,0.935594,2329.76
5,7.93174,0.954977,2411.88
