Iteration,Cost,Cost reduction,time (ms)
0,129.349,0.141975,202.537
1,55.3534,0.632819,417.396
2,15.6684,0.896065,646.389
3,15.6684,0.896065,845.824
4,15.6684,0.896065,932.396
5,15.6684,0.896065,1004.25
