Iteration,Cost,Cost reduction,time (ms)
0,40.8565,0.761325,219.389
1,38.82,0.773222,386.746
2,27.8231,0.837464,575.997
3,14.1124,0.917559,773.677
4,12.7631,0.925441,1005.6
5,12.7631,0.925441,1438.55
6,12.7631,0.925441,1754.05
