Iteration,Cost,Cost reduction,time (ms)
0,30.0378,0.314481,529.639
1,16.1459,0.631521,1110.47
2,12.5541,0.713492,1723.51
3,12.5541,0.713492,2297.77
4,11.7393,0.732088,2391.43
5,7.31618,0.833031,2949.41
