Iteration,Cost,Cost reduction,time (ms)
0,5113.8,0.00126473,179.558
1,5075.16,0.00881137,338.068
2,5025.32,0.0185446,506.524
3,4962.48,0.0308175,697.965
4,3807.45,0.256398,900.175
5,3339,0.347886,1134.83
