Iteration,Cost,Cost reduction,time (ms)
0,62.304,0.128863,1653.04
1,39.9422,0.441527,3326.99
2,39.9422,0.441527,5071.56
3,39.9422,0.441527,5564.02
4,39.9422,0.441527,6081.52
