Iteration,Cost,Cost reduction,time (ms)
0,5387.23,0.00120047,178.419
1,5348.59,0.00836459,336.278
2,5298.75,0.0176039,505.67
3,4555.8,0.155348,698.197
4,1933.75,0.641481,914.796
5,1279.92,0.762701,1103.67
