Iteration,Cost,Cost reduction,time (ms)
0,46.786,0,109.868
1,35.7068,0.236807,162.402
2,35.7068,0.236807,215.115
3,29.6203,0.366897,245.128
4,17.2223,0.631892,284.89
5,17.2223,0.631892,352.906
6,17.2223,0.631892,398.41
