Iteration,Cost,Cost reduction,time (ms)
0,45.144,0.234194,163.075
1,13.5114,0.770798,281.144
2,7.08571,0.879801,398.441
3,2.90386,0.95074,515.946
4,2.90386,0.95074,632.287
