Iteration,Cost,Cost reduction,time (ms)
0,32.0223,0.294436,190.394
1,14.5722,0.678924,369.083
2,8.08611,0.821835,549.421
3,8.08611,0.821835,719.016
4,8.08611,0.821835,782.666
5,8.08611,0.821835,833.732
