Iteration,Cost,Cost reduction,time (ms)
0,30.0309,0.326034,106.533
1,12.6056,0.717099,181.667
2,12.6056,0.717099,255.967
3,12.5891,0.71747,309.187
4,12.5891,0.71747,387.178
5,12.5638,0.718038,442.472
