Iteration,Cost,Cost reduction,time (ms)
0,34.3769,0.236185,105.998
1,25.98,0.422755,181.316
2,25.5689,0.431889,259.566
3,23.4222,0.479586,341.491
4,21.2599,0.527629,428.306
5,17.527,0.610571,527.204
