Iteration,Cost,Cost reduction,time (ms)
0,112.168,0.159709,144.221
1,34.3319,0.742806,255.569
2,8.84367,0.933749,373.704
3,8.84367,0.933749,508.115
4,8.84367,0.933749,582.664
5,8.84367,0.933749,656.224
