Iteration,Cost,Cost reduction,time (ms)
0,5665.95,0.00115597,131.442
1,5628.09,0.00783027,229.412
2,5578.75,0.0165284,330.556
3,4585.56,0.191617,438.505
4,4014.63,0.292265,546.591
5,2575.28,0.546007,655.507
