Iteration,Cost,Cost reduction,time (ms)
0,27.661,0.378592,103.646
1,15.8355,0.644254,176.106
2,13.9232,0.687214,249.969
3,10.5518,0.762952,326.534
4,10.5518,0.762952,403.292
5,9.61954,0.783896,457.155
