Iteration,Cost,Cost reduction,time (ms)
0,5342.43,0.00122579,132.554
1,5304.57,0.00830382,228.416
2,5255.24,0.0175274,329.789
3,4297.36,0.196603,437.74
4,3780.87,0.293161,548.515
5,2410.65,0.549326,657.332
