Iteration,Cost,Cost reduction,time (ms)
0,50.6098,0.32748,531.975
1,39.8172,0.470896,1059.62
2,5.27895,0.929852,1597.91
3,5.27895,0.929852,2141.78
4,4.98245,0.933792,2237.27
5,4.98245,0.933792,2783.06
