Iteration,Cost,Cost reduction,time (ms)
0,4639.58,0.00139418,149.011
1,4600.94,0.00971006,249.396
2,4550.88,0.0204851,353.654
3,4182.83,0.0997042,470.583
4,3857.25,0.169779,585.577
5,2722.61,0.413995,698.071
