Iteration,Cost,Cost reduction,time (ms)
0,121.572,0.138469,20.086
1,115.039,0.18476,31.666
2,89.583,0.36516,44.691
3,53.6641,0.619704,59.563
4,42.98,0.695417,76.648
5,33.4509,0.762946,92.6
6,19.2968,0.863251,107.331
7,18.389,0.869684,121.976
8,16.6209,0.882214,138.731
9,16.1447,0.885588,156.513
