Iteration,Cost,Cost reduction,time (ms)
0,107.187,0.13873,141.702
1,56.0409,0.549701,250.749
2,40.5375,0.674273,364.904
3,31.4732,0.747107,487.304
4,31.4732,0.747107,616.133
5,31.4732,0.747107,700.67
