Iteration,Cost,Cost reduction,time (ms)
0,4794.9,0.00134877,151.88
1,4756.27,0.00939526,251.637
2,4706.22,0.0198195,355.194
3,4493.73,0.0640744,469.759
4,3691.11,0.23124,588.187
5,2626.96,0.452874,772.456
