Iteration,Cost,Cost reduction,time (ms)
0,41.9741,0.449135,582.252
1,23.5635,0.690753,1119.97
2,10.4133,0.863336,1660.88
3,7.45379,0.902177,2296.82
4,5.96915,0.921661,2934.12
5,5.96915,0.921661,3590.47
