Iteration,Cost,Cost reduction,time (ms)
0,67.0813,0.181648,151.724
1,37.1935,0.546261,263.954
2,33.5453,0.590768,379.161
3,28.0624,0.657656,500.821
4,12.1381,0.851922,632.092
5,12.1381,0.851922,782.86
