Iteration,Cost,Cost reduction,time (ms)
0,30.2269,0.431057,221.892
1,16.3061,0.693079,429.806
2,14.9001,0.719544,630.879
3,6.07098,0.885729,829.686
4,3.65117,0.931276,1029.77
5,2.38703,0.95507,1228.14
