Iteration,Cost,Cost reduction,time (ms)
0,30.0593,0.361711,186.583
1,12.9092,0.725881,379.468
2,8.54882,0.818471,585.621
3,8.30953,0.823553,780.337
4,3.19946,0.932062,979.132
5,2.86618,0.939139,1175.93
