Iteration,Cost,Cost reduction,time (ms)
0,4168.96,0.00155127,180.805
1,4130.32,0.0108055,337.945
2,4080.48,0.0227428,507.116
3,3466.62,0.169758,697.531
4,1263.65,0.697362,908.477
5,1143.26,0.726193,1107.34
