Iteration,Cost,Cost reduction,time (ms)
0,4742.62,0.00136441,133.559
1,4703.98,0.00949902,231.506
2,4653.92,0.0200413,334.289
3,4631.15,0.0248348,449.477
4,3811.38,0.197451,564.538
5,1573.79,0.668612,705.543
