Iteration,Cost,Cost reduction,time (ms)
0,4642.66,0.00139273,177.347
1,4604.02,0.00970419,335.29
2,4554.18,0.0204232,504.089
3,3893.51,0.16253,695.515
4,1956.06,0.579264,915.502
5,1188.85,0.744286,1111.67
