Iteration,Cost,Cost reduction,time (ms)
0,120.283,0.353066,208.502
1,120.283,0.353066,394.61
2,120.283,0.353066,474.149
3,120.283,0.353066,549.244
4,120.283,0.353066,624.542
5,120.283,0.353066,700.241
