Iteration,Cost,Cost reduction,time (ms)
0,115.699,0.316521,581.004
1,87.3619,0.483919,1143.55
2,84.7523,0.499335,1650.15
3,13.351,0.92113,2169.27
4,13.351,0.92113,2681.47
5,13.351,0.92113,2767.19
