Iteration,Cost,Cost reduction,time (ms)
0,4199.82,0.0015394,179.216
1,4161.18,0.0107259,337.128
2,4111.34,0.0225733,506.705
3,4059.77,0.0348347,696.994
4,2650.74,0.369816,898.744
5,1325.91,0.68478,1120.14
