Iteration,Cost,Cost reduction,time (ms)
0,126.308,0.288196,149.631
1,113.577,0.359946,259.154
2,51.414,0.710259,374.608
3,9.15628,0.9484,502.804
4,7.41549,0.95821,621.606
5,5.57817,0.968565,748.178
