Iteration,Cost,Cost reduction,time (ms)
0,61.3013,0.164471,150.015
1,31.888,0.56537,259.426
2,27.707,0.622357,369.17
3,26.2062,0.642812,492.391
4,8.56634,0.883242,632.046
5,5.28409,0.927978,796.527
