Iteration,Cost,Cost reduction,time (ms)
0,28.7029,0.453802,154.158
1,11.0312,0.790084,259.346
2,4.75671,0.909483,370.265
3,4.53756,0.913653,493.628
4,4.34042,0.917405,618.645
5,4.34042,0.917405,742.847
