Iteration,Cost,Cost reduction,time (ms)
0,28.4896,0.319892,108.946
1,12.9524,0.690798,188.786
2,11.7688,0.719054,274.628
3,8.98877,0.785419,368.167
4,8.98877,0.785419,454.448
5,8.91936,0.787075,509.677
