Iteration,Cost,Cost reduction,time (ms)
0,199.877,0.846045,17.95
1,98.6027,0.924052,30.375
2,20.042,0.984563,43.025
3,13.0889,0.989918,55.242
4,13.0889,0.989918,67.248
