Iteration,Cost,Cost reduction,time (ms)
0,25.8028,0.367867,112.425
1,14.1021,0.654519,191.564
2,10.1846,0.750491,276.592
3,5.53321,0.864444,370.112
4,3.50211,0.914203,462.929
5,2.97378,0.927146,558.2
