Iteration,Cost,Cost reduction,time (ms)
0,25.0664,0.440753,562.343
1,16.1175,0.640409,1111.55
2,10.1968,0.772503,1625.68
3,10.1968,0.772503,2143.74
4,8.54782,0.809293,2236.87
5,6.41841,0.856801,2736.31
