Iteration,Cost,Cost reduction,time (ms)
0,86.8676,0.439449,224.335
1,70.9167,0.542379,420.485
2,62.4873,0.596774,621.681
3,23.4202,0.848871,838.064
4,13.0696,0.915663,1068.24
5,6.00745,0.961234,1294.32
