Iteration,Cost,Cost reduction,time (ms)
0,35.306,0.256249,596.629
1,24.7574,0.478464,1128.76
2,23.1209,0.512938,1647.19
3,13.6963,0.711475,2154.66
4,13.2443,0.720998,2641
5,13.2443,0.720998,3130.45
