Iteration,Cost,Cost reduction,time (ms)
0,30.5856,0.303742,103.374
1,21.4624,0.511425,181.358
2,10.0782,0.770577,265.085
3,8.31281,0.810765,377.321
4,7.57553,0.827549,493.308
5,4.91375,0.888142,611.23
