Iteration,Cost,Cost reduction,time (ms)
0,0.186352,0.868999,6.65
1,0.105177,0.926063,11.874
2,0.0945015,0.933568,16.515
3,0.0945015,0.933568,20.271
4,0.0945015,0.933568,23.433
