Iteration,Cost,Cost reduction,time (ms)
0,94.058,0.222094,594.188
1,48.0708,0.602431,1170.72
2,23.9669,0.801782,1724.14
3,13.0902,0.891737,2214.43
4,13.0902,0.891737,2717.39
5,11.3523,0.906111,2807.85
