Iteration,Cost,Cost reduction,time (ms)
0,4456.81,0.00145081,181.397
1,4418.17,0.0101083,338.798
2,4368.33,0.0212738,508.069
3,3747.97,0.160266,698.731
4,1457.09,0.673539,916.395
5,929.113,0.791832,1115.84
