Iteration,Cost,Cost reduction,time (ms)
0,30.6506,0.354268,104.636
1,21.3354,0.550516,177.903
2,20.9689,0.558238,250.438
3,20.9689,0.558238,322.771
4,20.9689,0.558238,371.903
5,20.9689,0.558238,421.629
