Iteration,Cost,Cost reduction,time (ms)
0,5662.89,0.00114229,411.734
1,5624.25,0.00795801,809.366
2,5574.41,0.0167488,1205.72
3,5212.57,0.0805717,1709.81
4,2996.04,0.471538,2352.65
5,2586.66,0.543748,2965.67
