Iteration,Cost,Cost reduction,time (ms)
0,44.9817,0.386223,156.05
1,23.9936,0.672606,262.933
2,15.138,0.793441,375.685
3,13.4166,0.81693,500.351
4,5.72302,0.921909,626.415
5,5.72302,0.921909,751.324
