Iteration,Cost,Cost reduction,time (ms)
0,4702.79,0.00137548,132.766
1,4664.15,0.00957905,228.694
2,4614.1,0.0202081,331.372
3,4602.45,0.0226826,447.437
4,3777.3,0.1979,558.412
5,3565.17,0.242945,749.081
