Iteration,Cost,Cost reduction,time (ms)
0,47.0881,0.359176,152.07
1,30.8854,0.579679,259.924
2,13.0451,0.822469,386.726
3,13.0451,0.822469,496.664
4,13.0451,0.822469,568.258
5,13.0451,0.822469,640.104
