Iteration,Cost,Cost reduction,time (ms)
0,24.2353,0.438494,126.366
1,17.4379,0.595983,217.252
2,11.132,0.742083,303.92
3,10.0062,0.768166,397.127
4,6.54178,0.848434,494.926
5,5.69444,0.868066,593.168
6,3.56427,0.91742,693.227
7,3.56427,0.91742,791.652
