Iteration,Cost,Cost reduction,time (ms)
0,5815.85,0.00111242,148.715
1,5777.21,0.00774829,247.85
2,5727.32,0.016317,352.275
3,5574.3,0.0425997,477.795
4,3621.77,0.377951,603.691
5,3399.22,0.416175,746.067
