Iteration,Cost,Cost reduction,time (ms)
0,46.4234,0.590612,222.897
1,36.5023,0.678102,416.391
2,31.7746,0.719794,625.71
3,6.63439,0.941494,832.885
4,5.36883,0.952655,1036.17
5,4.349,0.961648,1249.28
