Iteration,Cost,Cost reduction,time (ms)
0,29.0153,0.337091,119.883
1,29.0153,0.337091,191.417
2,29.0153,0.337091,235.626
3,29.0153,0.337091,285.695
4,29.0153,0.337091,332.328
5,29.0153,0.337091,378.564
