Iteration,Cost,Cost reduction,time (ms)
0,44.2706,0.0840228,107.394
1,32.204,0.333684,195.081
2,22.3745,0.537062,290.645
3,19.5181,0.596162,402.081
4,19.5181,0.596162,516.368
