Iteration,Cost,Cost reduction,time (ms)
0,5488.61,0.00117849,178.642
1,5449.97,0.00821038,335.324
2,5400.13,0.0172799,504.36
3,4651.72,0.153475,694.519
4,1977.14,0.640198,910.486
5,1941.12,0.646754,1107.42
