Iteration,Cost,Cost reduction,time (ms)
0,4624.8,0.00139887,138.461
1,4586.17,0.00974085,238.94
2,4536.27,0.0205146,344.463
3,4203.75,0.0923126,465.793
4,2636.82,0.430651,595.221
5,1772.47,0.617283,738.552
