Iteration,Cost,Cost reduction,time (ms)
0,4606.11,0.0014044,137.092
1,4567.48,0.00977987,236.914
2,4517.59,0.0205957,341.214
3,4499.47,0.0245239,464.507
4,2875.97,0.376495,598.991
5,2388.74,0.482125,825.085
