Iteration,Cost,Cost reduction,time (ms)
0,33.5339,0.295753,104.774
1,17.4917,0.632657,180.679
2,17.4917,0.632657,252.265
3,17.4917,0.632657,302.28
4,17.4917,0.632657,354.909
5,17.4917,0.632657,408.407
