Iteration,Cost,Cost reduction,time (ms)
0,7.634047436846478,0.0,31.33535385131836
1,7.5483584782370405,0.011224577698567995,216.67098999023438
