Iteration,Cost,Cost reduction,time (ms)
0,5548.14,0.00116594,179.501
1,5509.5,0.00812244,337.431
2,5459.66,0.0170951,505.908
3,4716.9,0.150815,695.301
4,2412.43,0.565688,912.868
5,1622.83,0.70784,1110.67
