Iteration,Cost,Cost reduction,time (ms)
0,23.9599,0.378298,573.944
1,15.0112,0.610494,1101.31
2,12.2547,0.682019,1618.35
3,12.2547,0.682019,2126.81
4,9.38699,0.75643,2218.75
5,7.86219,0.795995,2713.25
