Iteration,Cost,Cost reduction,time (ms)
0,4454.89,0.0014512,177.433
1,4416.24,0.0101125,335.676
2,4366.41,0.021282,503.608
3,4319.54,0.0317884,689.89
4,2956.01,0.337419,885.795
5,2456.32,0.449424,1100.18
