Iteration,Cost,Cost reduction,time (ms)
0,4552.27,0.00142126,141.903
1,4513.64,0.00989555,242.732
2,4463.75,0.0208406,347.894
3,4431.35,0.0279476,469.658
4,2270.56,0.501934,593.512
5,1959.02,0.570272,777.926
