Iteration,Cost,Cost reduction,time (ms)
0,4677.04,0.00138262,153.737
1,4638.4,0.00963211,253.189
2,4588.35,0.0203189,357.422
3,4506.32,0.037834,474.402
4,3464.28,0.260323,587.262
5,738.109,0.842403,709.442
