Iteration,Cost,Cost reduction,time (ms)
0,32.8084,0.2469,185.538
1,32.8084,0.2469,351.483
2,18.8525,0.567251,417.953
3,17.6841,0.594071,574.502
4,17.6841,0.594071,732.602
5,12.0679,0.722988,795.635
