Iteration,Cost,Cost reduction,time (ms)
0,4702.79,0.0013752,134.543
1,4664.16,0.00957933,232.247
2,4614.1,0.020208,334.838
3,4589.35,0.0254648,448.801
4,3202.59,0.31994,562.045
5,1868.2,0.603294,714.231
6,1289.62,0.726153,911.819
7,1241.29,0.736415,1074.59
8,1233.49,0.738072,1227.16
