Iteration,Cost,Cost reduction,time (ms)
0,28.723,0.30583,186.544
1,23.3862,0.434809,363.886
2,18.4934,0.553057,539.34
3,18.4934,0.553057,703.42
4,18.4934,0.553057,777.536
5,18.4934,0.553057,827.639
