Iteration,Cost,Cost reduction,time (ms)
0,7.04995,0.845861,133.466
1,7.04995,0.845861,217.222
2,7.04995,0.845861,254.783
3,7.04995,0.845861,292.154
4,7.04995,0.845861,329.306
5,7.04995,0.845861,367.371
6,7.04995,0.845861,404.968
