Iteration,Cost,Cost reduction,time (ms)
0,4403.26,0.00146881,157.868
1,4364.63,0.0102304,259.498
2,4314.57,0.0215824,364.865
3,4294.23,0.0261932,480.704
4,3455.31,0.216437,595.004
5,2273.5,0.484436,727.012
