Iteration,Cost,Cost reduction,time (ms)
0,5366.52,0.00120585,134.332
1,5327.89,0.00839592,230.857
2,5277.83,0.0177134,334.442
3,4897.72,0.0884575,452.005
4,2831.48,0.473016,563.918
5,1808.06,0.663491,674.149
