Iteration,Cost,Cost reduction,time (ms)
0,4439.61,0.00145684,178.335
1,4400.97,0.0101477,335.185
2,4351.13,0.0213584,504.527
3,3732.97,0.160392,693.56
4,1272.72,0.713744,898.357
5,1126.49,0.746634,1099.14
