Iteration,Cost,Cost reduction,time (ms)
0,27.1852,0.343238,109.222
1,14.1613,0.657879,185.499
2,10.5887,0.744191,263.318
3,8.37539,0.797661,347.077
4,2.82298,0.9318,434.709
5,2.69156,0.934975,530.124
