Iteration,Cost,Cost reduction,time (ms)
0,91.1968,0.188513,148.137
1,56.4401,0.497784,257.532
2,19.631,0.82532,367.874
3,13.3653,0.881073,494.146
4,12.9857,0.884451,616.257
5,9.1127,0.918913,744.618
