Iteration,Cost,Cost reduction,time (ms)
0,4920.69,0.00131426,179.396
1,4882.05,0.00915669,337.062
2,4832.21,0.0192712,504.617
3,4660.54,0.0541123,694.014
4,3819.71,0.224766,886.974
5,2048.83,0.584176,1077.07
