Iteration,Cost,Cost reduction,time (ms)
0,113.247,0.368519,227.025
1,99.042,0.447729,442.246
2,56.7134,0.683758,658.586
3,21.7208,0.878882,883.084
4,21.199,0.881792,1090.64
5,9.76843,0.94553,1296.64
