Iteration,Cost,Cost reduction,time (ms)
0,387.519,0.693601,18.078
1,89.4021,0.929312,30.734
2,63.6128,0.949703,43.362
3,19.2667,0.984766,55.906
4,6.68534,0.994714,68.537
5,6.68534,0.994714,82.827
