Iteration,Cost,Cost reduction,time (ms)
0,27.4948,0.306954,114.096
1,15.5055,0.609162,194.91
2,13.6329,0.656364,286.632
3,9.038,0.772184,382.068
4,5.81861,0.853333,492.15
5,5.2923,0.8666,612.459
