Iteration,Cost,Cost reduction,time (ms)
0,48.8193,0.223553,536.804
1,21.9009,0.651677,1106.34
2,18.976,0.698197,1639.41
3,18.1189,0.711828,2176.35
4,15.8894,0.747288,2705.34
5,15.8894,0.747288,3235.83
