Iteration,Cost,Cost reduction,time (ms)
0,58.9319,0.461137,585.857
1,50.9513,0.534111,1163.58
2,32.4821,0.702989,1675.34
3,31.4334,0.712578,2241.53
4,31.4334,0.712578,2798.25
5,31.4334,0.712578,2885.61
