Iteration,Cost,Cost reduction,time (ms)
0,4999.13,0.00129393,150.484
1,4960.49,0.00901187,248.415
2,4910.44,0.019011,352.273
3,4891.48,0.0227994,468.056
4,2812.83,0.438063,585.029
5,2510.54,0.498453,766.846
