Iteration,Cost,Cost reduction,time (ms)
0,25.1218,0.439518,106.853
1,20.398,0.544908,180.841
2,14.7723,0.670422,255.205
3,10.524,0.765203,336.274
4,10.301,0.770177,420.17
5,9.47145,0.788686,506.266
