Iteration,Cost,Cost reduction,time (ms)
0,662.31,0.584734,15.772
1,662.31,0.584734,32.52
2,428.143,0.731556,40.497
3,428.143,0.731556,58.301
4,428.143,0.731556,77.403
5,414.724,0.739969,107.632
6,413.913,0.740478,128.464
