Iteration,Cost,Cost reduction,time (ms)
0,78.8061,0.378278,153.43
1,75.7089,0.402713,263.924
2,60.7234,0.520937,383.978
3,54.7668,0.567931,515.504
4,52.9621,0.582168,658.1
5,36.1318,0.714946,804.285
