Iteration,Cost,Cost reduction,time (ms)
0,27.5038,0.321126,111.684
1,27.5038,0.321126,187.072
2,22.4107,0.446839,238.403
3,15.0541,0.62842,319.221
4,14.2456,0.648377,403.798
5,12.9121,0.681292,493.217
