Iteration,Cost,Cost reduction,time (ms)
0,5775.58,0.00112017,136.084
1,5736.95,0.00780169,233.405
2,5686.9,0.0164581,336.277
3,5669.2,0.0195181,452.487
4,3470.33,0.39981,570.449
5,2594.59,0.55127,750.521
