Iteration,Cost,Cost reduction,time (ms)
0,5387.23,0.00120051,178.303
1,5348.59,0.00836461,337.936
2,5298.75,0.0176038,507.163
3,5241.73,0.0281756,699.654
4,3619.49,0.328941,898.52
5,2123.56,0.606289,1104.57
