Iteration,Cost,Cost reduction,time (ms)
0,94.4885,0.325041,150.243
1,68.7995,0.508545,260.599
2,13.6595,0.902426,385.607
3,13.6595,0.902426,536.352
4,13.1241,0.906251,621.45
5,13.1241,0.906251,775.256
