Iteration,Cost,Cost reduction,time (ms)
0,33.887,0.279826,189.666
1,15.8815,0.662482,363.365
2,11.6259,0.752925,538.229
3,4.5707,0.902862,705.487
4,3.9429,0.916205,868.741
5,3.9429,0.916205,1031.72
