Iteration,Cost,Cost reduction,time (ms)
0,5793.56,0.00113016,128.386
1,5755.7,0.00765779,225.988
2,5706.37,0.016164,327.86
3,4736.38,0.183399,435.992
4,4425.15,0.237059,547.122
5,3657.35,0.369435,656.968
