Iteration,Cost,Cost reduction,time (ms)
0,4929.02,0.00131211,153.225
1,4890.38,0.00914022,251.275
2,4840.5,0.0192473,355.695
3,4773.84,0.0327524,477.231
4,2534.53,0.48647,600.364
5,2534.53,0.48647,803.292
