Iteration,Cost,Cost reduction,time (ms)
0,5343.11,0.00121048,178.21
1,5304.47,0.00843364,337.317
2,5254.63,0.0177495,505.318
3,5189.57,0.0299119,696.18
4,3939.29,0.263628,901.022
5,2700.35,0.495223,1111.19
