Iteration,Cost,Cost reduction,time (ms)
0,25.9196,0.339728,107.188
1,23.9666,0.38948,185.773
2,13.6721,0.651718,272.108
3,9.93815,0.746837,357.182
4,7.35872,0.812545,445.623
5,4.87437,0.875831,535.781
