Iteration,Cost,Cost reduction,time (ms)
0,33.9501,0.260295,106.064
1,32.7291,0.286897,184.792
2,31.5977,0.311548,267.102
3,30.318,0.339431,352.764
4,22.8923,0.501221,443.964
5,18.3066,0.601136,560.183
