Iteration,Cost,Cost reduction,time (ms)
0,26.9362,0.33645,104.754
1,11.3425,0.720587,181.909
2,11.3425,0.720587,259.049
3,8.94713,0.779595,316.25
4,8.94713,0.779595,397.859
5,7.94616,0.804253,455.295
