Iteration,Cost,Cost reduction,time (ms)
0,4319.23,0.00149725,178.372
1,4280.59,0.01043,334.349
2,4230.75,0.0219521,502.912
3,3575.98,0.173318,693.902
4,1445.93,0.665736,909.591
5,1445.93,0.665736,1106.93
