Iteration,Cost,Cost reduction,time (ms)
0,134.947,0.0320589,151.219
1,57.5327,0.587333,261.938
2,47.4627,0.659562,388.504
3,43.7327,0.686316,521.234
4,27.9066,0.799833,662.998
5,18.6404,0.866297,930.963
