Iteration,Cost,Cost reduction,time (ms)
0,5873.15,0.00110175,134.688
1,5834.52,0.00767234,231.863
2,5784.46,0.016186,336.771
3,5635.28,0.0415595,451.662
4,3192.11,0.45709,564.61
5,2889.68,0.508527,683.248
