Iteration,Cost,Cost reduction,time (ms)
0,32.4104,0.295549,100.012
1,25.1521,0.45331,176.943
2,13.7436,0.701278,253.688
3,9.57018,0.791989,330.931
4,5.89682,0.871831,406.663
5,5.89682,0.871831,474.022
