Iteration,Cost,Cost reduction,time (ms)
0,20.9686,0.532453,488.182
1,20.9686,0.532453,902.945
2,20.9686,0.532453,963.361
3,20.9686,0.532453,1024.36
4,20.9686,0.532453,1085.45
5,20.9686,0.532453,1136.72
6,20.9686,0.532453,1190.6
