Iteration,Cost,Cost reduction,time (ms)
0,4312.5,0.00149979,139.517
1,4273.86,0.010445,239.001
2,4223.97,0.0219963,345.71
3,3627.92,0.160005,466.821
4,2505.71,0.419837,591.288
5,1391.87,0.677731,730.911
