Iteration,Cost,Cost reduction,time (ms)
0,32.4138,0.298111,124.423
1,20.2877,0.56069,235.794
2,12.7077,0.724827,348.365
3,12.7077,0.724827,460.938
4,12.7077,0.724827,515.631
