Iteration,Cost,Cost reduction,time (ms)
0,25.4978,0,396.333
1,25.4978,0,777.245
2,24.7306,0.0300888,1161.36
3,21.7755,0.145987,1210.33
4,21.7755,0.145987,1270.5
5,21.7755,0.145987,1317.38
6,20.9483,0.178428,1366.01
7,20.3135,0.203323,1422.97
8,20.3135,0.203323,1511.79
