Iteration,Cost,Cost reduction,time (ms)
0,5343.13,0.00121101,161.232
1,5304.49,0.00843291,261.162
2,5254.6,0.0177599,366.601
3,4905.04,0.0831029,490.195
4,3094.83,0.421485,620.608
5,1890.19,0.646667,757.559
