Iteration,Cost,Cost reduction,time (ms)
0,5819.92,0.00112531,133.289
1,5782.06,0.00762329,230.144
2,5732.73,0.0160907,331.159
3,4733.21,0.187639,439.91
4,4191.75,0.280569,549.514
5,3337.66,0.427157,662.551
