Iteration,Cost,Cost reduction,time (ms)
0,42.6102,0.400254,146.913
1,37.9824,0.465391,257.124
2,16.8478,0.762864,371.164
3,11.5958,0.836787,494.636
4,6.92897,0.902474,624.792
5,5.34217,0.924808,756.766
