Iteration,Cost,Cost reduction,time (ms)
0,27.4632,0.464076,144.216
1,22.2924,0.564979,253.537
2,15.0777,0.705769,365.083
3,6.7229,0.868807,478.289
4,3.02697,0.940931,586.693
5,3.02697,0.940931,694.997
