Iteration,Cost,Cost reduction,time (ms)
0,4218.31,0.00153281,153.555
1,4179.68,0.0106779,252.23
2,4129.79,0.0224855,356.481
3,3523.58,0.165975,478.165
4,3116.57,0.262314,603.853
5,2260.49,0.464947,799.186
