Iteration,Cost,Cost reduction,time (ms)
0,0.0688249,0.914524,6.651
1,0.0319221,0.960355,10.994
2,0.0304215,0.962219,15.587
3,0.0302845,0.962389,19.555
4,0.0301484,0.962558,23.544
