Iteration,Cost,Cost reduction,time (ms)
0,59.5401,0.358266,583.891
1,33.2398,0.641736,1115.13
2,12.8328,0.861686,1666.09
3,12.8328,0.861686,2184.38
4,5.56214,0.94005,2269.56
5,5.56214,0.94005,2764.63
