Iteration,Cost,Cost reduction,time (ms)
0,99.7677,0.363967,228.06
1,45.3216,0.711068,470.931
2,30.3019,0.806821,688.851
3,26.6927,0.82983,909.389
4,25.6964,0.836182,1126.77
5,14.3015,0.908826,1345.69
