Iteration,Cost,Cost reduction,time (ms)
0,19.6059,0.728154,547.287
1,2.21307,0.969315,1021.4
2,2.21307,0.969315,1834.82
3,2.21307,0.969315,2137.83
4,2.21307,0.969315,2440.3
5,2.21307,0.969315,2742.71
6,2.21307,0.969315,3043.8
