Iteration,Cost,Cost reduction,time (ms)
0,62.8876,0.295461,155.147
1,26.7696,0.700097,266.231
2,10.6725,0.880435,376.137
3,8.91407,0.900134,489.641
4,8.60953,0.903546,603.884
5,8.60953,0.903546,715.836
