Iteration,Cost,Cost reduction,time (ms)
0,13.7908,0.677135,105.025
1,11.8893,0.721652,178.602
2,11.6766,0.726631,259.64
3,10.3035,0.758778,341.863
4,10.3035,0.758778,442.241
5,9.37127,0.780603,495.767
