Iteration,Cost,Cost reduction,time (ms)
0,27.7339,0.307153,108.58
1,24.4015,0.390401,184.03
2,19.0142,0.524988,258.983
3,13.9374,0.651815,334.545
4,12.8691,0.678504,411.265
5,12.8691,0.678504,488.333
