Iteration,Cost,Cost reduction,time (ms)
0,37.2849,0.143232,573.583
1,30.3779,0.301948,1091.48
2,24.3389,0.440717,1635.76
3,22.8963,0.473867,2162.88
4,19.0527,0.562189,2671
5,19.0527,0.562189,3175.48
