Iteration,Cost,Cost reduction,time (ms)
0,26.2271,0.289406,267.954
1,14.4727,0.607878,493.889
2,12.2914,0.666977,704.261
3,12.2914,0.666977,926.88
4,12.2914,0.666977,1059.23
