Iteration,Cost,Cost reduction,time (ms)
0,44.5882,0.530972,149.119
1,44.5882,0.530972,251.727
2,44.5882,0.530972,329.447
3,44.5882,0.530972,409.343
4,44.5882,0.530972,489.947
5,44.5882,0.530972,573.911
