Iteration,Cost,Cost reduction,time (ms)
0,32.4934,0.302694,110.633
1,22.9888,0.506662,189.088
2,22.866,0.509297,275.291
3,12.7704,0.725948,364.589
4,12.0497,0.741414,470.019
5,9.35419,0.79926,575.874
