Iteration,Cost,Cost reduction,time (ms)
0,70.4737,0.405026,144.925
1,65.0213,0.451058,251.578
2,31.612,0.733116,360.663
3,29.2781,0.75282,479.223
4,23.4006,0.80244,595.27
5,16.6451,0.859474,712.697
