Iteration,Cost,Cost reduction,time (ms)
0,4677.04,0.0013832,135.933
1,4638.41,0.00963181,234.644
2,4588.52,0.0202843,339.523
3,4573.37,0.0235181,462.35
4,2977.38,0.364286,604.064
5,2456.4,0.475523,818.129
