Iteration,Cost,Cost reduction,time (ms)
0,24.6242,0.378253,190.571
1,22.4581,0.432947,366.433
2,19.5192,0.507152,533.75
3,13.4938,0.659288,693.931
4,13.4938,0.659288,854.248
5,13.4938,0.659288,914.817
