Iteration,Cost,Cost reduction,time (ms)
0,25.0677,0.424768,109.122
1,19.8162,0.545274,183.237
2,17.2974,0.603074,261.732
3,17.1024,0.607549,346.457
4,11.6784,0.732013,431.197
5,9.737,0.776564,516.118
