Iteration,Cost,Cost reduction,time (ms)
0,38.9992,0.2701,148.859
1,23.5789,0.558703,257.179
2,6.5805,0.876841,366.923
3,6.49964,0.878354,481.978
4,3.47845,0.934898,592.795
5,3.3208,0.937849,713.084
