Iteration,Cost,Cost reduction,time (ms)
0,150.083,0.140825,158.35
1,88.3229,0.494382,268.107
2,44.4914,0.745302,379.529
3,36.5571,0.790723,500.604
4,6.6385,0.961997,621.948
5,5.24955,0.969948,746.344
