Iteration,Cost,Cost reduction,time (ms)
0,5662.88,0.00114265,147.594
1,5624.25,0.00795692,247.15
2,5574.36,0.0167569,352.785
3,5528.19,0.0249003,476.141
4,3044.07,0.463066,618.973
5,2569.14,0.546838,820.182
