Iteration,Cost,Cost reduction,time (ms)
0,115.313,0.139157,596.596
1,24.7397,0.815311,1198.17
2,16.1574,0.87938,1770.48
3,15.4965,0.884314,2340.01
4,9.73203,0.927348,2919.54
5,7.44359,0.944431,3474.89
