Iteration,Cost,Cost reduction,time (ms)
0,37.3794,0.358679,592.1
1,32.2707,0.44633,1136.56
2,8.79478,0.849107,1708.54
3,3.15743,0.945828,2278.65
4,3.15743,0.945828,2841.04
5,3.15743,0.945828,2933.02
