Iteration,Cost,Cost reduction,time (ms)
0,31.2341,0.327657,105.583
1,23.0551,0.503718,178.493
2,22.6633,0.512153,252.681
3,20.279,0.563477,328.253
4,18.325,0.605537,406.603
5,18.325,0.605537,482.746
