Iteration,Cost,Cost reduction,time (ms)
0,4608.01,0.00142099,133.644
1,4570.15,0.00962546,230.764
2,4520.81,0.0203178,331.872
3,3638.77,0.21146,440.468
4,3148.58,0.317686,548.566
5,2766.31,0.400525,658.413
