Iteration,Cost,Cost reduction,time (ms)
0,103.233,0.146894,578.758
1,27.5237,0.772547,1140.75
2,21.7317,0.820411,1694.92
3,15.3018,0.873548,2236.72
4,10.3385,0.914563,2778.2
5,10.3385,0.914563,3337.49
