Iteration,Cost,Cost reduction,time (ms)
0,44.0336,0.359424,791.959
1,38.2202,0.443994,1567.63
2,20.2938,0.704778,2373.58
3,20.2938,0.704778,3278.38
4,20.2938,0.704778,3806.47
