Iteration,Cost,Cost reduction,time (ms)
0,50.9342,0.0595253,99.328
1,45.1137,0.166998,177.158
2,45.1137,0.166998,245.114
3,45.1137,0.166998,290.783
4,45.1137,0.166998,340.174
5,45.1137,0.166998,390.908
