Iteration,Cost,Cost reduction,time (ms)
0,5041.41,0.00128308,156.805
1,5002.78,0.00893681,256.877
2,4952.72,0.0188531,360.931
3,4223.45,0.163324,478.046
4,3257.05,0.354769,593.288
5,3178.77,0.370277,750.402
