Iteration,Cost,Cost reduction,time (ms)
0,45.803,0.881605,6.48
1,45.803,0.881605,10.33
2,45.803,0.881605,13.004
3,45.803,0.881605,15.41
4,45.803,0.881605,18.918
