Iteration,Cost,Cost reduction,time (ms)
0,5519.13,0.00118633,130.806
1,5481.27,0.00803814,226.956
2,5431.93,0.0169668,328.221
3,4485.69,0.188211,436.668
4,4114.73,0.255345,547.512
5,3409.31,0.383008,660.458
