Iteration,Cost,Cost reduction,time (ms)
0,77.227,0.186018,213.409
1,35.5024,0.625801,412.148
2,31.9101,0.663664,613.596
3,9.10229,0.904061,815.257
4,6.47503,0.931752,997.172
5,4.33842,0.954273,1179.23
