Iteration,Cost,Cost reduction,time (ms)
0,26.8329,0.40783,183.401
1,11.7804,0.740021,355.142
2,8.57459,0.810769,522.449
3,5.70922,0.874004,672.656
4,5.70922,0.874004,819.366
5,5.48344,0.878987,886.45
