Iteration,Cost,Cost reduction,time (ms)
0,105.017,0.187674,142.744
1,61.3267,0.525628,254.863
2,42.4178,0.671892,380.276
3,37.0312,0.713557,523.948
4,23.9214,0.814964,671.31
5,17.2197,0.866803,821.093
