Iteration,Cost,Cost reduction,time (ms)
0,28.9527,0.337694,105.665
1,12.6135,0.71146,181.532
2,12.4499,0.715203,258.037
3,12.4499,0.715203,336.822
4,12.4272,0.715723,394
5,8.7284,0.800334,476.663
