Iteration,Cost,Cost reduction,time (ms)
0,29.2075,0.379276,112.313
1,23.608,0.498278,185.838
2,23.0853,0.509385,258.058
3,23.0853,0.509385,331.093
4,22.9664,0.511912,382.205
5,22.9664,0.511912,458.856
