Iteration,Cost,Cost reduction,time (ms)
0,97.3084,0.412159,24.936
1,97.3084,0.412159,35.811
2,97.3084,0.412159,45.731
3,97.3084,0.412159,51.832
4,97.3084,0.412159,59.744
5,97.3084,0.412159,65.154
6,97.3084,0.412159,69.963
