Iteration,Cost,Cost reduction,time (ms)
0,4877.7,0.00132586,412.119
1,4839.06,0.0092373,807.795
2,4789.22,0.019441,1205.14
3,4719.97,0.0336197,1705.52
4,2695.09,0.4482,2197.39
5,1935.73,0.603674,2906.03
