Iteration,Cost,Cost reduction,time (ms)
0,30.9182,0.302641,107.686
1,27.331,0.38355,186.5
2,26.2938,0.406945,268.68
3,26.2938,0.406945,353.826
4,26.2938,0.406945,407.194
5,26.2938,0.406945,459.925
