Iteration,Cost,Cost reduction,time (ms)
0,116.743,0.324354,145.31
1,113.692,0.342008,256.305
2,108.449,0.372352,366.412
3,104.967,0.392505,479.592
4,97.4639,0.43593,597.647
5,79.4527,0.54017,715.144
