Iteration,Cost,Cost reduction,time (ms)
0,1046.03,0.172938,10.932
1,863.034,0.317625,20.984
2,516.026,0.591993,38.36
3,444.589,0.648476,51.002
4,444.589,0.648476,58.589
5,152.196,0.879663,65.75
6,152.196,0.879663,98.806
