Iteration,Cost,Cost reduction,time (ms)
0,47.7958,0.364873,157.229
1,39.1326,0.479994,266.502
2,28.8475,0.616666,386.019
3,10.0941,0.865867,521.452
4,10.0941,0.865867,665.479
5,10.0941,0.865867,743.798
