Iteration,Cost,Cost reduction,time (ms)
0,98.1955,0.323166,223.196
1,53.1168,0.633881,436.778
2,26.4836,0.817456,642.746
3,8.06794,0.94439,849.004
4,7.4131,0.948904,1062.29
5,6.96884,0.951966,1272.21
