Iteration,Cost,Cost reduction,time (ms)
0,4593.03,0.00142534,132.93
1,4555.17,0.00965665,229.113
2,4505.84,0.0203821,330.293
3,3645.63,0.2074,438.439
4,3284.94,0.285818,550.884
5,2812.17,0.388604,664.022
