Iteration,Cost,Cost reduction,time (ms)
0,30.0345,0.563857,152.077
1,26.1774,0.619867,254.349
2,9.70721,0.859037,363.644
3,1.95147,0.971662,479.895
4,1.95147,0.971662,593.565
5,1.90635,0.972317,671.322
