Iteration,Cost,Cost reduction,time (ms)
0,5366.51,0.00120557,135.692
1,5327.87,0.00839576,233.937
2,5277.99,0.0176805,340.729
3,5200.4,0.0321205,462.647
4,2841.74,0.471105,583.39
5,2105.28,0.608174,761.778
