Iteration,Cost,Cost reduction,time (ms)
0,4559.12,0.00142115,140.264
1,4520.5,0.0098793,238.015
2,4470.41,0.0208491,342.697
3,4375.08,0.0417301,458.777
4,3180.26,0.30343,570.74
5,2628.36,0.424314,691.369
