Iteration,Cost,Cost reduction,time (ms)
0,29.3019,0.350905,107.243
1,11.732,0.740113,186.288
2,11.1694,0.752576,276.191
3,9.98914,0.778721,366.641
4,9.98914,0.778721,449.902
5,9.12434,0.797878,506.096
