Iteration,Cost,Cost reduction,time (ms)
0,46.5987,0.214105,591.78
1,8.52027,0.856304,1194.95
2,6.64255,0.887972,1774.66
3,6.64255,0.887972,2370.96
4,5.26431,0.911216,2469.61
5,5.26431,0.911216,3010.04
