Iteration,Cost,Cost reduction,time (ms)
0,4447.88,0.00145398,412.07
1,4409.23,0.0101288,810.441
2,4359.39,0.0213179,1204.36
3,3689.74,0.171655,1702.52
4,1450.18,0.674436,2330.51
5,969.906,0.782257,2864.75
