Iteration,Cost,Cost reduction,time (ms)
0,4583.11,0.00141105,140.252
1,4544.48,0.00982923,238.523
2,4494.42,0.0207352,342.12
3,4196.22,0.0857078,459.986
4,3034.96,0.338728,576.416
5,2452.5,0.465638,727.206
