Iteration,Cost,Cost reduction,time (ms)
0,5820.01,0.00111166,156.812
1,5781.38,0.00774277,258.954
2,5731.32,0.0163345,364.747
3,5709.83,0.0200218,480.133
4,4572.42,0.215235,598.461
5,4572.42,0.215235,739.229
