Iteration,Cost,Cost reduction,time (ms)
0,28.9252,0.352369,288.179
1,18.7938,0.579209,536.854
2,16.3076,0.634875,817.159
3,15.092,0.662092,1106.84
4,8.30303,0.814096,1506.71
5,8.30303,0.814096,1882.87
