Iteration,Cost,Cost reduction,time (ms)
0,56.2869,0.205673,537.766
1,25.3028,0.642925,1064.97
2,17.6026,0.751591,1612.84
3,15.3319,0.783635,2159.35
4,12.7711,0.819773,2707.45
5,6.86007,0.90319,3270.89
