Iteration,Cost,Cost reduction,time (ms)
0,4366.48,0.00148133,135.293
1,4327.85,0.0103158,234.148
2,4277.79,0.0217626,337.033
3,4253.17,0.0273934,451.747
4,3625.55,0.170916,564.102
5,2283.08,0.477909,681.501
6,1999.07,0.542856,804.674
7,1823.89,0.582916,940.45
8,1644.92,0.623842,1062.19
9,620.83,0.85803,1181.62
