Iteration,Cost,Cost reduction,time (ms)
0,21.2208,0.457717,107.707
1,14.6531,0.625549,178.451
2,14.1347,0.638798,250.005
3,11.0524,0.717564,333.017
4,4.47099,0.885747,416.095
5,4.47099,0.885747,506.069
