Iteration,Cost,Cost reduction,time (ms)
0,17.332,0.616365,109.873
1,15.6527,0.653536,189.318
2,9.61213,0.787241,269.364
3,8.32612,0.815706,351.555
4,8.31667,0.815915,429.896
5,8.31667,0.815915,498.879
6,8.31667,0.815915,533.726
