Iteration,Cost,Cost reduction,time (ms)
0,30.2242,0.373494,103.929
1,13.8753,0.712385,178.556
2,13.8753,0.712385,255.306
3,13.8753,0.712385,304.155
4,13.8234,0.713459,356.377
5,13.8234,0.713459,437.207
