Iteration,Cost,Cost reduction,time (ms)
0,28.1562,0.324686,102.088
1,15.7695,0.621776,176.114
2,15.7695,0.621776,247.61
3,15.323,0.632484,302.242
4,15.323,0.632484,380.729
5,15.1296,0.637122,436.076
