Iteration,Cost,Cost reduction,time (ms)
0,80.9945,0.328276,231.64
1,43.6856,0.637695,367.834
2,33.3319,0.723563,508.091
3,21.0579,0.825357,647.86
4,18.3286,0.847992,787.448
5,14.2437,0.88187,926.683
6,11.0138,0.908658,1062.81
7,5.90724,0.951009,1203.39
8,5.90724,0.951009,1341.32
