Iteration,Cost,Cost reduction,time (ms)
0,5815.83,0.00111211,152.026
1,5777.19,0.00774806,252.703
2,5727.14,0.0163443,357.112
3,5695.19,0.0218318,471.994
4,3769.77,0.35253,587.894
5,3364.13,0.422199,782.542
