Iteration,Cost,Cost reduction,time (ms)
0,122.956,0.325977,226.769
1,83.1036,0.544442,449.178
2,18.2656,0.899871,677.2
3,10.5523,0.942154,901.669
4,10.5523,0.942154,1097.44
5,10.3865,0.943063,1176.85
