Iteration,Cost,Cost reduction,time (ms)
0,29.0958,0.302442,122.705
1,14.4718,0.653046,203.138
2,13.2594,0.682112,280.359
3,11.8488,0.715931,356.502
4,11.6738,0.720127,433.844
5,10.1824,0.755883,516.52
6,9.91853,0.762208,607.196
7,8.54038,0.795248,695.183
8,7.86501,0.81144,790.831
9,7.86501,0.81144,883.909
