Iteration,Cost,Cost reduction,time (ms)
0,25.9047,0.331006,179.843
1,24.8152,0.359143,360.055
2,24.8152,0.359143,524.798
3,24.8152,0.359143,587.443
4,22.5982,0.416398,638.845
5,21.128,0.454365,798.461
