Iteration,Cost,Cost reduction,time (ms)
0,111.641,0.361305,146.972
1,111.641,0.361305,252.158
2,111.641,0.361305,325.09
3,111.641,0.361305,397.994
4,111.641,0.361305,471.125
5,111.641,0.361305,544.447
