Iteration,Cost,Cost reduction,time (ms)
0,25.1292,0.392299,107.485
1,16.8353,0.592871,179.087
2,16.8353,0.592871,249.479
3,16.7583,0.594732,299.036
4,16.7583,0.594732,372.743
5,16.7583,0.594732,422.395
