Iteration,Cost,Cost reduction,time (ms)
0,32.6209,0.323798,104.885
1,16.0736,0.666809,180.658
2,14.8528,0.692115,255.888
3,14.8528,0.692115,333.71
4,13.3418,0.723436,388.17
5,12.3809,0.743356,468.159
