Iteration,Cost,Cost reduction,time (ms)
0,4794.85,0.00136588,131.989
1,4756.99,0.00925099,228.716
2,4707.65,0.0195271,330.388
3,3799.82,0.208604,438.366
4,1591.02,0.668635,548.755
5,1589.25,0.669004,655.795
