Iteration,Cost,Cost reduction,time (ms)
0,39.5661,0.384474,145.4
1,32.4219,0.495615,251.434
2,32.4219,0.495615,364.994
3,32.4219,0.495615,438.436
4,32.4219,0.495615,511.412
5,32.4219,0.495615,584.556
