Iteration,Cost,Cost reduction,time (ms)
0,76.3021,0.169926,211.727
1,22.7239,0.752792,428.616
2,3.31933,0.96389,645.902
3,2.23484,0.975688,866.453
4,2.23484,0.975688,1087.51
5,2.23484,0.975688,1162.9
