Iteration,Cost,Cost reduction,time (ms)
0,111.153,0.284378,145.427
1,60.8593,0.608179,257.424
2,20.9143,0.86535,376.608
3,14.7149,0.905263,506.398
4,8.20391,0.947182,628.464
5,8.20391,0.947182,746.362
