Iteration,Cost,Cost reduction,time (ms)
0,66.5508,0.381607,215.916
1,44.0015,0.591137,421.69
2,44.0015,0.591137,624.369
3,40.4009,0.624593,705.105
4,38.2943,0.644168,911.728
5,25.5086,0.762973,1123.96
