Iteration,Cost,Cost reduction,time (ms)
0,31.743,0.329003,105.919
1,16.6649,0.64773,181.477
2,8.83893,0.813159,258.925
3,7.35232,0.844584,336.369
4,7.35232,0.844584,413.41
5,7.35232,0.844584,465.976
