Iteration,Cost,Cost reduction,time (ms)
0,119.565,0.922944,7.449
1,32.6785,0.97894,11.677
2,28.1087,0.981885,15.839
3,24.0508,0.9845,20.429
4,20.64,0.986698,24.34
5,12.7929,0.991755,28.541
6,12.7929,0.991755,32.677
