Iteration,Cost,Cost reduction,time (ms)
0,24.8952,0.36956,120.213
1,14.7399,0.62673,194.656
2,14.7399,0.62673,276.938
3,13.4817,0.658593,331.203
4,10.2977,0.739223,418.505
5,10.2977,0.739223,506.843
