Iteration,Cost,Cost reduction,time (ms)
0,4665.24,0.00138595,413.748
1,4626.59,0.00965727,810.8
2,4576.76,0.0203239,1206.48
3,4562.78,0.0233175,1710.18
4,3168.77,0.321711,2190.42
5,2323.84,0.502573,3058.7
