Iteration,Cost,Cost reduction,time (ms)
0,5793.68,0.00111676,411.941
1,5755.04,0.00777872,808.427
2,5705.19,0.0163725,1204.16
3,5541.21,0.0446436,1705.47
4,4567.08,0.212592,2251.48
5,1923.27,0.66841,2777.52
