Iteration,Cost,Cost reduction,time (ms)
0,4336.01,0.00149118,409.437
1,4297.37,0.0103895,802.629
2,4247.54,0.0218656,1193.94
3,4222.92,0.0275337,1692.42
4,3451.6,0.205157,2226.32
5,2125.79,0.510468,3030.89
6,1873.43,0.568582,3729.55
7,1873.43,0.568582,4353.76
