Iteration,Cost,Cost reduction,time (ms)
0,39.3756,0.13398,177.843
1,15.1872,0.665975,352.849
2,10.0788,0.778328,526.408
3,8.11524,0.821515,702.192
4,6.79352,0.850584,875.096
5,5.59862,0.876865,1046.6
