Iteration,Cost,Cost reduction,time (ms)
0,30.3358,0.429124,220.881
1,20.221,0.619471,428.726
2,17.6671,0.66753,635.815
3,12.4706,0.765322,849.075
4,7.20162,0.864476,1063.87
5,7.20162,0.864476,1270.07
