Iteration,Cost,Cost reduction,time (ms)
0,4535.14,0.00142601,414.483
1,4496.5,0.00993413,811.564
2,4446.66,0.0209082,1208.79
3,3785.59,0.166467,1713.61
4,2019.53,0.555328,2340.46
5,1415.06,0.688425,2883.32
