Iteration,Cost,Cost reduction,time (ms)
0,5621.88,0.00115049,145.586
1,5583.25,0.00801483,244.565
2,5533.2,0.0169071,347.209
3,5310.27,0.0565155,462.799
4,4415.41,0.215507,579.168
5,4415.41,0.215507,760.313
