Iteration,Cost,Cost reduction,time (ms)
0,100.963,0.0258628,215.726
1,34.8966,0.663303,410.207
2,13.094,0.873663,624.545
3,7.75179,0.925207,839.335
4,3.98605,0.961541,1048.62
5,3.98605,0.961541,1239.72
