Iteration,Cost,Cost reduction,time (ms)
0,26.2824,0.39318,108.784
1,16.8978,0.609856,181.835
2,16.7492,0.613288,259.518
3,16.7492,0.613288,336.557
4,16.7492,0.613288,389.228
5,16.7492,0.613288,440.683
