Iteration,Cost,Cost reduction,time (ms)
0,31.4751,0.301578,176.942
1,30.7995,0.316569,361.295
2,27.1709,0.397085,538.186
3,24.6494,0.453037,723.265
4,22.433,0.502218,894.989
5,22.433,0.502218,1066.69
