Iteration,Cost,Cost reduction,time (ms)
0,5665.94,0.00115563,130.354
1,5628.07,0.00783011,227.721
2,5578.74,0.0165277,328.958
3,4615.83,0.186278,437.169
4,4253.78,0.250104,548.443
5,3508.31,0.381522,660.793
