Iteration,Cost,Cost reduction,time (ms)
0,40.8851,0.099053,12.801
1,16.3406,0.639918,23.398
2,16.3406,0.639918,32.657
3,13.4349,0.703946,37.208
4,13.4349,0.703946,47.064
