Iteration,Cost,Cost reduction,time (ms)
0,21.1853,0.813259,145.58
1,21.1853,0.813259,257.436
2,21.1853,0.813259,339.083
3,21.1853,0.813259,420.614
4,8.281,0.927006,525.635
5,4.9198,0.956634,642.282
6,4.9198,0.956634,758.84
