Iteration,Cost,Cost reduction,time (ms)
0,53.6361,0.399135,219.78
1,40.9594,0.541148,426.687
2,25.5721,0.713526,637.151
3,22.4914,0.748037,850.558
4,21.1943,0.762568,1051.45
5,21.1943,0.762568,1250.89
