Iteration,Cost,Cost reduction,time (ms)
0,85.1643,0.338168,148.365
1,53.6079,0.5834,256.597
2,10.2651,0.920227,374.252
3,10.2473,0.920366,511.761
4,10.2473,0.920366,646.17
5,5.67208,0.955921,722.329
