Iteration,Cost,Cost reduction,time (ms)
0,5519.22,0.00117222,134.552
1,5480.58,0.0081637,231.95
2,5430.53,0.0172221,334.69
3,5334.54,0.0345941,452.053
4,4235.99,0.233401,563.149
5,2151.43,0.610649,677.319
