Iteration,Cost,Cost reduction,time (ms)
0,136.746,0.197003,520.353
1,32.0513,0.811789,1036.88
2,10.5226,0.938209,1572.58
3,6.80144,0.960061,2105.84
4,4.31844,0.974641,2641.8
5,4.31844,0.974641,3183.99
