Iteration,Cost,Cost reduction,time (ms)
0,27.6127,0.507271,103.482
1,27.6127,0.507271,174.175
2,27.6127,0.507271,220.812
3,26.823,0.521363,269.699
4,22.7175,0.594623,348.968
5,11.6209,0.792633,432.981
