Iteration,Cost,Cost reduction,time (ms)
0,25.986,0.362956,563.217
1,11.0288,0.729631,1164.7
2,8.58984,0.789421,1829.03
3,5.42544,0.866996,2498.46
4,4.21458,0.89668,3164.63
5,3.2298,0.920822,3815.17
