Iteration,Cost,Cost reduction,time (ms)
0,31.5138,0.337757,185.751
1,20.1662,0.576221,365.817
2,10.1557,0.786584,552.914
3,8.44411,0.822552,737.874
4,8.19349,0.827819,920.816
5,8.05537,0.830721,1105.17
