Iteration,Cost,Cost reduction,time (ms)
0,26.0558,0.331822,102.405
1,17.3886,0.554085,176.828
2,17.3886,0.554085,247.331
3,15.908,0.592052,299.608
4,14.7776,0.62104,378.863
5,14.7776,0.62104,453.699
