Iteration,Cost,Cost reduction,time (ms)
0,27.19,0.314499,105.246
1,17.7433,0.552665,179.598
2,15.9935,0.59678,260.221
3,15.4652,0.610098,347.116
4,14.9507,0.62307,432.506
5,14.9507,0.62307,516.61
