Iteration,Cost,Cost reduction,time (ms)
0,41.0239,0.320615,546.351
1,24.4213,0.595565,1096.19
2,13.2293,0.780914,1630.17
3,5.23247,0.913347,2169.74
4,4.36152,0.92777,2706.52
5,4.36152,0.92777,3245.32
