Iteration,Cost,Cost reduction,time (ms)
0,4942.79,0.00130839,177.681
1,4904.14,0.0091158,335.619
2,4854.31,0.0191852,505.053
3,4681.24,0.0541532,692.98
4,3844.26,0.223266,887.123
5,1906.67,0.614756,1080.24
