Iteration,Cost,Cost reduction,time (ms)
0,103.628,0.359007,585.147
1,66.9816,0.585685,1106.77
2,41.6679,0.742263,1625.76
3,36.8519,0.772052,2172.44
4,28.4539,0.823999,2705.24
5,28.4539,0.823999,3229.42
