Iteration,Cost,Cost reduction,time (ms)
0,58.4025,0.384223,148.67
1,56.1331,0.408151,259.288
2,3.14165,0.966876,376.936
3,2.87428,0.969695,501.494
4,2.78615,0.970624,627.634
5,2.72599,0.971258,755.887
