Iteration,Cost,Cost reduction,time (ms)
0,5873.15,0.00110118,176.758
1,5834.5,0.00767325,333.808
2,5784.67,0.0161484,502.065
3,5385.14,0.0841,690.888
4,4888.4,0.168586,894.311
5,2363.81,0.597965,1097.38
