Iteration,Cost,Cost reduction,time (ms)
0,4535.14,0.00142597,414.875
1,4496.5,0.00993411,809.117
2,4446.66,0.020908,1205.86
3,4353.18,0.0414927,1710.07
4,2545.83,0.439445,2213.43
5,2031.46,0.5527,2959.9
