Iteration,Cost,Cost reduction,time (ms)
0,60.2463,0.240016,148.446
1,11.5816,0.853903,260.785
2,7.9047,0.900285,387.37
3,4.1115,0.948135,516.379
4,3.73052,0.952941,629.311
5,3.59454,0.954656,742.484
