Iteration,Cost,Cost reduction,time (ms)
0,4639.48,0.00141113,131.195
1,4601.62,0.00956013,228.174
2,4552.28,0.0201789,329.698
3,3674.5,0.209111,438.108
4,3316.17,0.286236,548.625
5,2762.12,0.40549,662.353
