Iteration,Cost,Cost reduction,time (ms)
0,5343.11,0.00121064,163.771
1,5304.47,0.00843269,263.965
2,5254.59,0.0177578,369.392
3,4583.15,0.14327,491.814
4,3784.42,0.292576,615.489
5,1712.27,0.679925,750.126
