Iteration,Cost,Cost reduction,time (ms)
0,4199.73,0.00155845,133.928
1,4161.87,0.0105595,231.869
2,4112.53,0.0222889,335.893
3,3301.47,0.215111,446.508
4,3021.31,0.281715,556.624
5,2487.3,0.408671,667.769
