Iteration,Cost,Cost reduction,time (ms)
0,4794.91,0.00134861,415.028
1,4756.27,0.0093965,812.793
2,4706.44,0.0197755,1208.06
3,4690.9,0.0230119,1710.66
4,3238.77,0.325452,2202.12
5,2415.02,0.497016,3085.99
