Iteration,Cost,Cost reduction,time (ms)
0,5.0894186368464345,0.0,30.550003051757812
1,4.747074400922405,0.06726588248125664,172.08266258239746
2,4.154779265648081,0.18364364142335243,690.9010410308838
3,4.121668880424634,0.19014937176035662,1108.3292961120605
4,3.849766359982116,0.24357443655537958,1337.44478225708
5,3.3370679876372167,0.3443125382774622,1537.9374027252197
6,2.622982851902427,0.4846203389690673,1913.2747650146484
7,2.5570431776374463,0.49757656815162854,2441.2264823913574
8,2.557043029500842,0.49757659725841163,3992.025136947632
