Iteration,Cost,Cost reduction,time (ms)
0,14.6258,0.606648,135.191
1,12.0033,0.677177,243.246
2,12.0033,0.677177,346.994
3,12.0033,0.677177,389.734
4,12.0033,0.677177,431.888
5,12.0033,0.677177,473.698
6,12.0033,0.677177,515.515
