Iteration,Cost,Cost reduction,time (ms)
0,100.652,0.316209,568.633
1,77.0174,0.476774,1150.81
2,40.3548,0.725845,1683.77
3,38.0787,0.741309,2229.29
4,38.0787,0.741309,2776.19
5,38.0787,0.741309,2867.47
