Iteration,Cost,Cost reduction,time (ms)
0,25.4836,0.416745,594.04
1,12.5684,0.712342,1116.83
2,7.99463,0.817023,1664.03
3,6.15199,0.859197,2209.16
4,6.1359,0.859565,2762.43
5,4.94024,0.886931,3313.98
