Iteration,Cost,Cost reduction,time (ms)
0,35.187,0.428663,165.874
1,34.0837,0.446577,278.453
2,13.0703,0.787775,392.976
3,13.0703,0.787775,511.294
4,13.0703,0.787775,584.436
5,11.9825,0.805438,658.921
