Iteration,Cost,Cost reduction,time (ms)
0,52.4188,0.13711,147.77
1,15.8559,0.738989,265.293
2,13.7851,0.773077,397.511
3,2.84215,0.953214,532.007
4,1.79718,0.970416,682.823
5,1.41876,0.976645,848.725
