Iteration,Cost,Cost reduction,time (ms)
0,5562.8,0.00117749,138.65
1,5524.94,0.00797537,234.866
2,5475.59,0.0168347,335.799
3,4488.51,0.194069,443.602
4,2787.18,0.49955,552.285
5,2736.17,0.50871,658.112
