Iteration,Cost,Cost reduction,time (ms)
0,24.9031,0.402033,104.987
1,15.3845,0.630592,178.806
2,15.3845,0.630592,251.167
3,11.6168,0.721061,304.697
4,11.6168,0.721061,383.323
5,11.6168,0.721061,436.677
