Iteration,Cost,Cost reduction,time (ms)
0,5554.8,0.00116497,139.488
1,5516.16,0.00811164,240.365
2,5466.27,0.0170832,345.26
3,5413.65,0.0265459,469.239
4,4299.19,0.226942,593.538
5,4299.19,0.226942,725.204
