Iteration,Cost,Cost reduction,time (ms)
0,4583.1,0.00141135,141.46
1,4544.47,0.00982884,237.584
2,4494.42,0.0207351,340.613
3,4482.76,0.0232742,457.808
4,3672.55,0.199806,568.17
5,3672.55,0.199806,753.965
