Iteration,Cost,Cost reduction,time (ms)
0,5033.13,0.00128521,155.056
1,4994.5,0.00895138,255.041
2,4944.44,0.0188838,359.345
3,4632.52,0.0807787,477.96
4,3568.64,0.291883,593.064
5,3568.64,0.291883,748.801
