Iteration,Cost,Cost reduction,time (ms)
0,31.813,0.221638,579.355
1,13.802,0.66231,1119.1
2,10.3791,0.746055,1641.45
3,10.3791,0.746055,2153.97
4,10.1476,0.751721,2248.86
5,9.87624,0.75836,2744.39
