Iteration,Cost,Cost reduction,time (ms)
0,4929.02,0.00131192,412.614
1,4890.38,0.00914116,811.866
2,4840.54,0.0192382,1207.95
3,4195.17,0.15,1713.44
4,1675.75,0.660469,2347.55
5,971.396,0.803182,2894.55
