Iteration,Cost,Cost reduction,time (ms)
0,181.076,0.286592,16.386
1,32.7875,0.870823,29.879
2,32.7875,0.870823,68.095
3,32.7875,0.870823,80.193
4,32.7875,0.870823,86.837
5,22.3104,0.912101,103.774
6,22.3104,0.912101,110.419
