Iteration,Cost,Cost reduction,time (ms)
0,61.4801,0.339803,155.508
1,51.8713,0.442986,266.403
2,49.9482,0.463636,392.631
3,26.8391,0.711791,516.193
4,25.2154,0.729227,650.461
5,21.995,0.763809,792.378
6,21.2007,0.772339,940.42
7,19.1332,0.79454,1089.83
8,19.1332,0.79454,1243.67
