Iteration,Cost,Cost reduction,time (ms)
0,83.2199,0.31082,577.125
1,55.0476,0.544127,1120.62
2,49.9296,0.586511,1681.9
3,37.5769,0.68881,2250.07
4,37.5769,0.68881,2804.78
5,37.5769,0.68881,2898.69
