Iteration,Cost,Cost reduction,time (ms)
0,8.00584,0.956768,24.625
1,8.00584,0.956768,36.878
2,7.87216,0.95749,45.122
3,7.87216,0.95749,58.713
4,0.727423,0.996072,63.251
5,0.727423,0.996072,72.053
6,0.727423,0.996072,78.263
