Iteration,Cost,Cost reduction,time (ms)
0,93.7722,0.215444,149.759
1,63.0757,0.47227,261.076
2,30.0848,0.748292,378.183
3,21.719,0.818286,519.113
4,21.1,0.823464,662.861
5,21.1,0.823464,809.301
