Iteration,Cost,Cost reduction,time (ms)
0,4942.77,0.0013081,412.935
1,4904.13,0.00911563,809.531
2,4854.3,0.0191835,1206.66
3,4550.74,0.0805184,1715.54
4,3560.51,0.280594,2281.49
5,2659.1,0.462727,2837.34
