Iteration,Cost,Cost reduction,time (ms)
0,30.2804,0.223103,179.324
1,14.0014,0.64077,359.762
2,6.74783,0.826873,547.251
3,6.74783,0.826873,721.329
4,6.15554,0.842069,789.778
5,5.85625,0.849748,985.416
6,5.85625,0.849748,1176.86
