Iteration,Cost,Cost reduction,time (ms)
0,5793.66,0.00111645,162.319
1,5755.02,0.00777778,256.734
2,5704.97,0.0164072,352.642
3,5678.62,0.0209492,457.209
4,3995.79,0.311086,562.209
5,3408.97,0.412259,706.54
6,2688.55,0.536467,868.331
7,2688.55,0.536467,1036.15
