Iteration,Cost,Cost reduction,time (ms)
0,60.7411,0.59816,140.567
1,37.1069,0.754515,265.331
2,29.32,0.80603,378.128
3,29.32,0.80603,494.792
4,29.32,0.80603,561.476
