Iteration,Cost,Cost reduction,time (ms)
0,5676.12,0.00113944,177.819
1,5637.48,0.00793935,336.243
2,5587.65,0.0167089,504.453
3,4827.7,0.150442,695.233
4,2053.98,0.638549,913.733
5,2053.98,0.638549,1103.87
