Iteration,Cost,Cost reduction,time (ms)
0,29.4386,0.302132,548.739
1,28.8415,0.316285,1135.36
2,23.6245,0.43996,1711.93
3,15.4744,0.633164,2294.18
4,9.49342,0.77495,2887.29
5,6.17656,0.853579,3479.37
