Iteration,Cost,Cost reduction,time (ms)
0,5424.03,0.00119278,412.947
1,5385.39,0.00830821,810.277
2,5335.54,0.0174869,1205.76
3,5175.57,0.0469452,1705.99
4,4222.97,0.222361,2252.84
5,1541.43,0.716154,2764.85
