Iteration,Cost,Cost reduction,time (ms)
0,135.425,0.0286298,149.292
1,56.9377,0.591601,257.749
2,48.166,0.654518,379.745
3,48.166,0.654518,500.133
4,48.166,0.654518,583.164
5,48.166,0.654518,663.784
