Iteration,Cost,Cost reduction,time (ms)
0,60.6897,0.346269,149.997
1,52.2622,0.437048,257.364
2,8.89622,0.904173,369.002
3,7.61309,0.917994,494.08
4,7.61309,0.917994,617.677
5,7.61309,0.917994,697.225
