Iteration,Cost,Cost reduction,time (ms)
0,5387.24,0.00120075,179.432
1,5348.6,0.00836476,337.197
2,5298.76,0.0176052,506.187
3,4548.71,0.156664,694.607
4,2740.46,0.491917,909.768
5,1283.89,0.761966,1108.56
