Iteration,Cost,Cost reduction,time (ms)
0,75.3524,0.362136,223.372
1,57.3796,0.514277,430.066
2,19.5247,0.834722,633.191
3,8.95814,0.924169,842.028
4,4.54998,0.961484,1061.85
5,4.38853,0.962851,1281.81
