Iteration,Cost,Cost reduction,time (ms)
0,104.782,0.301491,234.195
1,101.027,0.326523,351.264
2,54.4022,0.637339,465.561
3,54.4022,0.637339,602.85
4,53.1191,0.645893,679.355
5,53.1191,0.645893,805.596
