Iteration,Cost,Cost reduction,time (ms)
0,28.2305,0.355493,187.418
1,19.023,0.565703,374.187
2,8.55217,0.804753,560.939
3,7.68542,0.824541,733.087
4,5.9756,0.863576,910.637
5,4.73248,0.891957,1088.11
