Iteration,Cost,Cost reduction,time (ms)
0,30.54,0.335575,120.773
1,26.9125,0.414495,200.373
2,26.9125,0.414495,282.41
3,25.067,0.454646,338.641
4,23.4493,0.48984,428.995
5,23.4493,0.48984,516.817
