Iteration,Cost,Cost reduction,time (ms)
0,51.9029,0.42384,160.609
1,42.9651,0.523056,275.578
2,14.3167,0.841074,402.461
3,11.5978,0.871256,547.991
4,11.5978,0.871256,697.096
5,10.8999,0.879003,782.525
