Iteration,Cost,Cost reduction,time (ms)
0,31.1171,0.356002,107.317
1,16.5209,0.658085,181.263
2,5.76,0.880791,258.573
3,4.81296,0.900391,341.997
4,4.71396,0.90244,424.829
5,4.66228,0.90351,509.401
