Iteration,Cost,Cost reduction,time (ms)
0,4312.49,0.00149974,137.011
1,4273.85,0.0104447,235.125
2,4223.97,0.0219951,340.719
3,4075.48,0.056375,462.249
4,3604.36,0.165457,586.091
5,2930.52,0.321475,721.666
