Iteration,Cost,Cost reduction,time (ms)
0,61.6867,0.382952,218.404
1,43.8022,0.561849,415.425
2,32.341,0.676495,617.095
3,12.8307,0.871656,820.219
4,12.8307,0.871656,1022.83
5,12.8307,0.871656,1103.12
