Iteration,Cost,Cost reduction,time (ms)
0,30.3994,0.359275,104.865
1,18.4952,0.610178,175.09
2,7.203,0.848183,245.611
3,6.79527,0.856777,318.633
4,6.70113,0.858761,393.759
5,6.70113,0.858761,468.087
