Iteration,Cost,Cost reduction,time (ms)
0,25.8421,0.346465,109.978
1,16.0348,0.594488,188.558
2,15.1718,0.616312,273.308
3,12.4619,0.684845,355.636
4,11.108,0.719085,438.022
5,8.73499,0.779096,515.065
6,8.73499,0.779096,596.806
