Iteration,Cost,Cost reduction,time (ms)
0,31.0545,0.821477,13.325
1,14.3453,0.917533,23.853
2,10.4556,0.939894,33.229
3,8.59391,0.950596,42.684
4,5.25237,0.969806,52.522
5,4.60727,0.973514,62.018
6,4.60727,0.973514,71.39
