Iteration,Cost,Cost reduction,time (ms)
0,28.5458,0.473849,147.319
1,28.0679,0.482656,255.505
2,25.1671,0.536123,365.702
3,14.3006,0.736414,474.879
4,4.62595,0.914735,585.921
5,4.45098,0.91796,696.331
