Iteration,Cost,Cost reduction,time (ms)
0,129.002,0,223.018
1,117.043,0.0927033,304.716
2,110.234,0.145482,503.762
3,95.2652,0.261521,709.014
4,48.4196,0.624659,904.32
5,48.4196,0.624659,1100.86
