Iteration,Cost,Cost reduction,time (ms)
0,98.4704,0.236674,154.327
1,50.9529,0.605022,264.751
2,14.1214,0.890533,370.363
3,5.17476,0.959886,483.678
4,2.80438,0.978261,598.286
5,2.80438,0.978261,711.086
