Iteration,Cost,Cost reduction,time (ms)
0,51.6584,0.0339383,13.092
1,30.4741,0.430105,23.242
2,11.4572,0.78574,33.603
3,7.75272,0.855017,42.747
4,6.48628,0.8787,51.857
5,6.48628,0.8787,61.462
