Iteration,Cost,Cost reduction,time (ms)
0,5733.78,0.00114242,133.734
1,5695.92,0.00773781,229.962
2,5646.58,0.0163333,330.979
3,4641.34,0.191451,438.6
4,2742.56,0.522229,547.014
5,2742.56,0.522229,651.6
