Iteration,Cost,Cost reduction,time (ms)
0,89.8953,0.327237,221.028
1,63.9864,0.521136,425.589
2,47.343,0.645692,621.119
3,13.3435,0.900139,828.48
4,4.99893,0.962589,1028.38
5,4.99789,0.962597,1235.91
