Iteration,Cost,Cost reduction,time (ms)
0,4312.49,0.00149915,177.008
1,4273.84,0.010446,334.307
2,4224.01,0.0219842,502.308
3,3992.25,0.0756458,692.903
4,3369.93,0.219736,904.551
5,1511.72,0.64998,1109.42
