Iteration,Cost,Cost reduction,time (ms)
0,5872.03,0.00110187,413.366
1,5833.39,0.00767504,808.655
2,5783.54,0.0161542,1203.94
3,5619.38,0.044081,1703.97
4,3595.52,0.388362,2248.83
5,2349.58,0.600311,2772.28
