Iteration,Cost,Cost reduction,time (ms)
0,4754.97,0.00135996,417.099
1,4716.33,0.00947535,814.062
2,4666.5,0.0199416,1211.43
3,4616.95,0.0303461,1714.59
4,2944.76,0.38154,2300.91
5,2944.76,0.38154,2981.25
