Iteration,Cost,Cost reduction,time (ms)
0,25.1934,0.475599,177.136
1,7.7111,0.839493,340.24
2,7.7111,0.839493,498.352
3,7.7111,0.839493,560.923
4,7.7111,0.839493,610.184
5,7.7111,0.839493,658.13
