Iteration,Cost,Cost reduction,time (ms)
0,5807.65,0.001114,416.017
1,5769.01,0.00775997,813.468
2,5719.17,0.0163326,1207.81
3,5699.81,0.0196627,1705.05
4,4270.66,0.265468,2200.11
5,2659.12,0.542644,3163.28
