Iteration,Cost,Cost reduction,time (ms)
0,28.8207,0.35855,108.423
1,19.7495,0.560443,184.155
2,19.7495,0.560443,258.392
3,19.7289,0.560903,309.67
4,19.2378,0.571832,389.713
5,6.07812,0.864722,473.537
