Iteration,Cost,Cost reduction,time (ms)
0,4168.88,0.00157061,132.32
1,4131.02,0.0106379,252.546
2,4081.68,0.0224547,351.784
3,3244,0.223076,457.557
4,2428.35,0.418419,566.18
5,2050.93,0.50881,673.598
