Iteration,Cost,Cost reduction,time (ms)
0,5872,0.00110144,414.242
1,5833.36,0.00767477,811.685
2,5783.53,0.0161517,1207.94
3,5768.11,0.0187745,1712.58
4,4009.15,0.317995,2207.73
5,2796.65,0.524255,3102.2
