Iteration,Cost,Cost reduction,time (ms)
0,108.604,0.162485,588.957
1,49.791,0.61603,1167.51
2,37.731,0.709032,1798.67
3,15.4257,0.881042,2354.23
4,9.34052,0.927969,2899.95
5,7.99664,0.938333,3443.24
