Iteration,Cost,Cost reduction,time (ms)
0,128.138,0.15473,570.577
1,12.2975,0.918879,1148.78
2,12.2975,0.918879,1659.95
3,12.2975,0.918879,1743.64
4,12.2975,0.918879,1812.81
5,12.2975,0.918879,1883.69
