Iteration,Cost,Cost reduction,time (ms)
0,27.8222,0.521527,173.027
1,21.8024,0.625053,343.418
2,18.1646,0.687613,507.452
3,12.8007,0.779859,670.821
4,12.8007,0.779859,821.84
5,12.8007,0.779859,887.731
