Iteration,Cost,Cost reduction,time (ms)
0,124.02,0.229088,146.898
1,82.8712,0.484872,254.574
2,38.6394,0.759817,372.145
3,38.6394,0.759817,492.996
4,38.4552,0.760962,569.01
5,25.7851,0.83972,685.365
