Iteration,Cost,Cost reduction,time (ms)
0,5807.64,0.0011142,141.084
1,5769,0.00775881,238.951
2,5719.11,0.0163397,343.472
3,5671.98,0.0244466,466.817
4,3183.16,0.452512,609.538
5,2264.42,0.610531,817.053
