Iteration,Cost,Cost reduction,time (ms)
0,33.1598,0.296457,190.11
1,22.6129,0.520227,377.867
2,17.2325,0.634382,567.143
3,14.1483,0.699819,758.163
4,11.2619,0.761059,950.71
5,9.25178,0.803707,1137.16
