Iteration,Cost,Cost reduction,time (ms)
0,4373.14,0.00147839,413.078
1,4334.5,0.0103013,809.912
2,4284.67,0.0216794,1205.39
3,4269.45,0.0251531,1708.82
4,2927.94,0.331463,2202.57
5,1797.09,0.58967,3083.4
