Iteration,Cost,Cost reduction,time (ms)
0,31.9607,0.24845,105.761
1,20.8147,0.510547,184.069
2,17.2668,0.593975,273.704
3,17.2668,0.593975,369.457
4,14.2028,0.666024,424.92
5,14.2028,0.666024,519.445
