Iteration,Cost,Cost reduction,time (ms)
0,40.0722,0.119681,184.874
1,13.2632,0.70863,361.323
2,6.12127,0.865526,543.727
3,6.12127,0.865526,716.826
4,6.12127,0.865526,787.833
