Iteration,Cost,Cost reduction,time (ms)
0,74.2229,0.397435,145.65
1,66.3306,0.461508,253.102
2,19.5472,0.84131,365.109
3,9.7613,0.920755,479.078
4,7.77413,0.936887,593.649
5,6.34627,0.948479,709.361
