Iteration,Cost,Cost reduction,time (ms)
0,26.7453,0.387258,103.723
1,26.7453,0.387258,174.23
2,24.3779,0.441496,223.064
3,23.7885,0.455001,295.36
4,22.8775,0.475872,372.051
5,22.2763,0.489644,450.619
