Iteration,Cost,Cost reduction,time (ms)
0,5305.8,0.0012193,180.37
1,5267.16,0.0084931,339.113
2,5217.31,0.0178758,505.801
3,4543.95,0.144632,696.317
4,1688.73,0.682108,907.632
5,1593.29,0.700074,1104.36
