Iteration,Cost,Cost reduction,time (ms)
0,101.308,0.329785,143.418
1,94.7828,0.372953,248.978
2,11.8293,0.921742,358.823
3,4.39345,0.970935,456.78
4,4.31715,0.971439,553.969
5,4.31715,0.971439,648.187
