Iteration,Cost,Cost reduction,time (ms)
0,31.6651,0.425994,147.773
1,25.8123,0.532091,260.953
2,9.68544,0.824428,381.114
3,4.95126,0.910247,535.426
4,4.7743,0.913454,681.578
5,2.90392,0.947359,831.538
