Iteration,Cost,Cost reduction,time (ms)
0,4583.11,0.00141095,154.152
1,4544.47,0.00982926,253.779
2,4494.42,0.0207349,358.922
3,4354.51,0.0512191,475.596
4,2638.19,0.42518,586.95
5,2553.56,0.443618,699.71
