Iteration,Cost,Cost reduction,time (ms)
0,72.9822,0.205949,150.341
1,72.9822,0.205949,261.576
2,72.9822,0.205949,334.078
3,72.9822,0.205949,410.438
4,72.9822,0.205949,487.19
5,38.5542,0.580527,562.384
