Iteration,Cost,Cost reduction,time (ms)
0,8.60411,0.977415,7.188
1,0.849868,0.997769,11.943
2,0.572936,0.998496,16.769
3,0.362511,0.999048,20.908
4,0.362511,0.999048,25.152
