Iteration,Cost,Cost reduction,time (ms)
0,31.1222,0.279441,117.581
1,12.9942,0.699149,191.908
2,8.66275,0.799435,269.35
3,8.45717,0.804194,346.804
4,8.12248,0.811943,425.175
5,7.8423,0.81843,503.439
