Iteration,Cost,Cost reduction,time (ms)
0,69.9068,0.383796,210.016
1,46.2375,0.592433,416.659
2,42.204,0.627987,625.012
3,27.9622,0.753523,841.802
4,26.8309,0.763495,1054.1
5,20.0031,0.82368,1269.87
6,9.29614,0.918058,1484.77
7,7.31572,0.935515,1685.9
8,7.31572,0.935515,1887.78
