Iteration,Cost,Cost reduction,time (ms)
0,25.0068,0.426125,103.702
1,20.2316,0.535709,174.942
2,20.2316,0.535709,246.21
3,20.2316,0.535709,295.862
4,20.1209,0.53825,347.098
5,20.1209,0.53825,422.151
