Iteration,Cost,Cost reduction,time (ms)
0,46.8795,0.115371,100.665
1,30.5605,0.423315,170.863
2,12.0793,0.77206,246.335
3,11.6759,0.779673,329.295
4,11.6759,0.779673,414.716
5,7.23496,0.863474,465.473
