Iteration,Cost,Cost reduction,time (ms)
0,29.4072,0.263791,549.772
1,12.9719,0.675248,1136.36
2,3.96916,0.900632,1774.65
3,3.2833,0.917803,2377.75
4,2.66209,0.933355,2985.64
5,2.23492,0.944049,3616.98
