Iteration,Cost,Cost reduction,time (ms)
0,30.6731,0.72001,20.278
1,9.67253,0.911707,31.81
2,9.67253,0.911707,42.98
3,9.67253,0.911707,48.042
4,9.67253,0.911707,53.339
