Iteration,Cost,Cost reduction,time (ms)
0,29.6893,0.421599,158.464
1,17.6719,0.655719,277.309
2,10.2762,0.7998,396.536
3,6.0985,0.88119,518.812
4,4.58946,0.910589,639.712
5,4.07991,0.920516,767.169
6,2.60843,0.949183,889.076
7,2.60843,0.949183,1012.5
