Iteration,Cost,Cost reduction,time (ms)
0,25.4005,0.361384,178.584
1,8.15651,0.794931,357.994
2,8.15651,0.794931,535.482
3,7.02366,0.823412,604.679
4,6.76633,0.829882,775.615
5,3.50048,0.911992,954.434
