Iteration,Cost,Cost reduction,time (ms)
0,31.8189,0.291694,104.872
1,27.7711,0.3818,179.011
2,11.1159,0.752554,253.749
3,11.1159,0.752554,329.42
4,11.1159,0.752554,381.454
5,11.1159,0.752554,433.086
