Iteration,Cost,Cost reduction,time (ms)
0,54.6225,0.1693,190.74
1,6.35845,0.9033,321.839
2,2.57884,0.960781,456.682
3,1.70393,0.974087,594.722
4,1.22575,0.981359,733.681
5,1.10585,0.983182,875.511
6,1.01493,0.984565,1014.68
7,1.01493,0.984565,1152.89
