Iteration,Cost,Cost reduction,time (ms)
0,30.7946,0.293125,103.159
1,30.4021,0.302134,176.73
2,29.1465,0.330958,252.978
3,29.1465,0.330958,326.199
4,24.7609,0.431626,380.341
5,16.6779,0.617168,459.579
