Iteration,Cost,Cost reduction,time (ms)
0,142.05,0.000501972,715.446
1,138.949,0.0223222,1388.87
2,138.949,0.0223222,2061.57
3,138.949,0.0223222,2351.9
4,138.949,0.0223222,2641.15
5,138.949,0.0223222,2930.33
6,138.949,0.0223222,3219.39
