Iteration,Cost,Cost reduction,time (ms)
0,32.9091,0.480291,152.269
1,22.6155,0.64285,260.834
2,17.1673,0.72889,368.986
3,4.68292,0.926046,479.015
4,4.68292,0.926046,601.63
5,4.68292,0.926046,684.734
