Iteration,Cost,Cost reduction,time (ms)
0,30.9909,0.304999,177.016
1,27.6022,0.380994,365.787
2,23.8127,0.465977,544
3,19.2326,0.568691,720.495
4,18.1783,0.592333,890.341
5,14.0941,0.683927,1053.81
