Iteration,Cost,Cost reduction,time (ms)
0,31.3409,0.327821,105.751
1,18.0538,0.612794,179.028
2,17.5952,0.622629,257.589
3,15.0205,0.677851,342.71
4,15.0205,0.677851,422.145
5,15.0205,0.677851,473.047
