Iteration,Cost,Cost reduction,time (ms)
0,5196.72,0.00124662,149.446
1,5158.1,0.00866872,248.095
2,5108.19,0.0182605,352.432
3,5042.96,0.0307976,473.851
4,3509.12,0.325586,593.914
5,1954.13,0.624437,719.442
