Iteration,Cost,Cost reduction,time (ms)
0,5807.64,0.00111383,179.36
1,5769,0.00775986,338.332
2,5719.16,0.0163317,506.449
3,4992.42,0.141329,698.008
4,2815.37,0.515769,913.194
5,2131.38,0.633413,1110.38
