Iteration,Cost,Cost reduction,time (ms)
0,53.382,0.407159,228.337
1,12.7807,0.858062,441.235
2,5.75705,0.936064,647.701
3,5.75705,0.936064,858.684
4,5.32291,0.940886,946.757
5,5.32291,0.940886,1162
