Iteration,Cost,Cost reduction,time (ms)
0,5666.02,0.00114147,413.229
1,5627.38,0.00795348,809.972
2,5577.55,0.0167387,1205.95
3,4829.46,0.148619,1713.23
4,2162.25,0.618819,2347.33
5,890.989,0.842928,2889.33
