Iteration,Cost,Cost reduction,time (ms)
0,28.0886,0.43602,108.793
1,28.0886,0.43602,180.282
2,28.0886,0.43602,226.962
3,28.0886,0.43602,273.963
4,28.0886,0.43602,320.874
5,28.0886,0.43602,371.591
6,25.0382,0.497268,420.934
7,24.8537,0.500973,484.622
