Iteration,Cost,Cost reduction,time (ms)
0,4218.23,0.00155163,130.113
1,4180.36,0.0105133,226.619
2,4131.03,0.0221913,327.915
3,3319.81,0.214205,436.068
4,3004.2,0.28891,546.836
5,2486.92,0.411349,661.261
