Iteration,Cost,Cost reduction,time (ms)
0,37.9706,0.30011,547.87
1,29.1934,0.461896,1105.8
2,23.033,0.575447,1649.26
3,8.90357,0.835886,2177.23
4,7.11262,0.868897,2742.83
5,7.11262,0.868897,3300.8
