Iteration,Cost,Cost reduction,time (ms)
0,11.1335,0.955907,10.821
1,11.1335,0.955907,31.856
2,11.1335,0.955907,44.289
3,11.1335,0.955907,50.535
4,11.1335,0.955907,56.248
5,11.1335,0.955907,63
6,7.65711,0.969675,75.515
7,4.75061,0.981186,81.935
8,4.75061,0.981186,91.716
