Iteration,Cost,Cost reduction,time (ms)
0,26.5125,0.38626,102.915
1,18.6247,0.568856,174.062
2,18.6247,0.568856,243.422
3,18.6247,0.568856,292.979
4,18.6247,0.568856,341.38
5,18.6247,0.568856,392.157
