Iteration,Cost,Cost reduction,time (ms)
0,108.971,0.314465,146.686
1,77.6399,0.511569,255.439
2,59.4518,0.625991,375.229
3,36.4464,0.770717,508.245
4,33.0241,0.792247,677.554
5,32.4234,0.796025,847.497
