Iteration,Cost,Cost reduction,time (ms)
0,34.7724,0.451508,144.096
1,28.5704,0.549336,250.132
2,15.3188,0.758365,361.013
3,4.93246,0.922196,470.894
4,4.9231,0.922344,585.351
5,4.91412,0.922486,698.372
