Iteration,Cost,Cost reduction,time (ms)
0,31.9629,0.32832,105.53
1,15.8232,0.667486,181.621
2,10.5853,0.777556,259.619
3,9.3324,0.803885,338.113
4,5.48404,0.884756,418.742
5,5.34678,0.887641,500.941
