Iteration,Cost,Cost reduction,time (ms)
0,4624.79,0.00139843,179.87
1,4586.15,0.00974185,337.575
2,4536.31,0.0205036,504.407
3,3851.06,0.168466,693.583
4,2379.32,0.486248,909.544
5,1245.85,0.730992,1108.56
