Iteration,Cost,Cost reduction,time (ms)
0,22.0051,0.472438,104.246
1,19.6184,0.529657,174.535
2,19.6184,0.529657,259.137
3,19.6184,0.529657,311.829
4,19.6184,0.529657,363.21
5,19.6184,0.529657,414.209
6,19.6184,0.529657,467.39
