Iteration,Cost,Cost reduction,time (ms)
0,30.5833,0.35731,109.748
1,16.3515,0.656383,187.387
2,8.27633,0.826078,272.575
3,4.34648,0.908662,361.551
4,3.62649,0.923792,458.716
5,3.41767,0.92818,555.469
