Iteration,Cost,Cost reduction,time (ms)
0,157.43,0.038732,145.932
1,80.5115,0.508398,257.563
2,19.7381,0.879479,382.401
3,18.084,0.889579,503.558
4,17.6909,0.89198,636.073
5,11.2415,0.93136,768.289
