Iteration,Cost,Cost reduction,time (ms)
0,4179.67,0.00154661,177.18
1,4141.02,0.0107774,335.168
2,4091.19,0.0226812,503.149
3,4047.69,0.0330727,689.751
4,2659.71,0.364639,886.317
5,2216.51,0.470512,1101.17
