Iteration,Cost,Cost reduction,time (ms)
0,5519.24,0.00117222,178.463
1,5480.6,0.00816504,335.613
2,5430.76,0.0171856,504.148
3,4703.84,0.148737,692.276
4,2909.22,0.473512,906.18
5,1781.3,0.677635,1106.75
