Iteration,Cost,Cost reduction,time (ms)
0,123.106,0.24624,526.217
1,89.2531,0.453518,1110.51
2,68.6961,0.579386,1648.6
3,31.4558,0.807402,2181.65
4,31.4558,0.807402,2704.01
5,31.4558,0.807402,2794.74
