Iteration,Cost,Cost reduction,time (ms)
0,4611.48,0.00141969,130.923
1,4573.62,0.0096181,227.723
2,4524.28,0.0203012,330.673
3,3651.38,0.209321,439.391
4,3284.89,0.288682,549.595
5,2721.79,0.410618,664.686
