Iteration,Cost,Cost reduction,time (ms)
0,24.2909,0.398933,110.985
1,24.2909,0.398933,179.928
2,24.1483,0.402463,228.264
3,23.8202,0.410582,303.513
4,23.8202,0.410582,379.112
5,23.8202,0.410582,429.226
