Iteration,Cost,Cost reduction,time (ms)
0,112.5,0.300406,156.723
1,104.383,0.350882,268.458
2,29.451,0.816856,395.449
3,27.157,0.831122,552.381
4,23.0995,0.856354,705.628
5,23.0995,0.856354,856.659
