Iteration,Cost,Cost reduction,time (ms)
0,4877.71,0.00132661,135.986
1,4839.08,0.00923624,234.233
2,4789.01,0.0194866,337.582
3,3965.01,0.188195,459.328
4,3297.13,0.324939,571.985
5,2479.56,0.49233,712.425
