Iteration,Cost,Cost reduction,time (ms)
0,5775.5,0.00113369,129.123
1,5737.64,0.00768171,224.635
2,5688.3,0.0162144,325.673
3,4728.84,0.182152,435.59
4,4416.41,0.236187,547.142
5,3640.83,0.370323,658.034
