Iteration,Cost,Cost reduction,time (ms)
0,102.402,0.300714,218.328
1,74.5861,0.490666,426.749
2,72.4154,0.50549,630.698
3,70.7585,0.516804,831.75
4,22.1552,0.848707,1027.74
5,15.9849,0.890842,1236.28
