Iteration,Cost,Cost reduction,time (ms)
0,29.7182,0.320591,278.354
1,29.7182,0.320591,504.127
2,29.0969,0.334794,656.561
3,16.9436,0.612639,884.249
4,15.4495,0.646797,1123.47
5,8.26615,0.811021,1361.77
6,8.26615,0.811021,1595.67
