Iteration,Cost,Cost reduction,time (ms)
0,105.526,0.267063,151.464
1,104.009,0.277598,263.142
2,65.3839,0.545872,377.45
3,9.05371,0.937117,489.653
4,6.44943,0.955205,612.5
5,4.63602,0.9678,732.971
6,3.89426,0.972952,845.524
7,3.89426,0.972952,958.116
