Iteration,Cost,Cost reduction,time (ms)
0,63.7341,0.402669,142.746
1,37.7666,0.646043,254.768
2,8.04533,0.924597,383.063
3,5.77278,0.945896,513.245
4,5.52621,0.948207,643.665
5,2.76829,0.974055,762.814
