Iteration,Cost,Cost reduction,time (ms)
0,4454.91,0.00145224,149.142
1,4416.28,0.0101115,249.535
2,4366.38,0.0212951,355.365
3,4303.71,0.0353425,475.58
4,3170.08,0.289441,596.285
5,3170.08,0.289441,713.267
