Iteration,Cost,Cost reduction,time (ms)
0,4942.77,0.00130819,177.136
1,4904.13,0.00911568,335.454
2,4854.3,0.019184,503.229
3,4492.78,0.0922302,692.213
4,4032.46,0.185237,895.082
5,1619.09,0.672862,1098.25
