Iteration,Cost,Cost reduction,time (ms)
0,39.3193,0.0896995,176.804
1,25.8417,0.401725,350.336
2,16.4641,0.618831,523.85
3,13.696,0.682917,695.879
4,10.2583,0.762505,868.228
5,8.09569,0.812573,1041.55
