Iteration,Cost,Cost reduction,time (ms)
0,50.6603,0.306604,172.53
1,41.2351,0.435609,285.358
2,27.6506,0.621542,409.373
3,27.1519,0.628368,549.965
4,14.6984,0.79882,696.3
5,2.45265,0.96643,846.633
