Iteration,Cost,Cost reduction,time (ms)
0,30.7352,0.242865,579.265
1,14.2081,0.649996,1183.52
2,5.64484,0.860944,1769.42
3,3.82025,0.905891,2365.5
4,2.89151,0.92877,3002.86
5,2.64513,0.934839,3643.26
