Iteration,Cost,Cost reduction,time (ms)
0,5355.33,0.00120781,412.788
1,5316.69,0.00841448,810.955
2,5266.85,0.0177095,1207.45
3,4913.65,0.0835831,1708.81
4,2786.64,0.48028,2353.12
5,2503.67,0.533055,2964.99
