Iteration,Cost,Cost reduction,time (ms)
0,4960.58,0.00130404,412.955
1,4921.94,0.00908338,810.182
2,4872.1,0.0191182,1206.54
3,4857.47,0.0220622,1710.49
4,3019.48,0.392099,2210.8
5,1538.35,0.69029,3032.96
