Iteration,Cost,Cost reduction,time (ms)
0,64.9564,0.376975,155.864
1,38.8488,0.627384,266.144
2,10.0835,0.903285,395.772
3,8.76691,0.915913,548.174
4,6.72672,0.935481,702.379
5,5.35481,0.94864,870.341
