Iteration,Cost,Cost reduction,time (ms)
0,28.1648,0.400756,177.665
1,20.9561,0.55413,344.693
2,20.9561,0.55413,506.639
3,20.9561,0.55413,566.5
4,20.9561,0.55413,613.374
5,20.9561,0.55413,660.606
