Iteration,Cost,Cost reduction,time (ms)
0,26.487,0.322936,177.863
1,12.6383,0.676939,369.87
2,11.1986,0.71374,565.261
3,9.55506,0.755753,755.258
4,8.40975,0.785029,943.545
5,7.7946,0.800754,1135.8
