Iteration,Cost,Cost reduction,time (ms)
0,5366.53,0.00120565,150.462
1,5327.89,0.00839617,250.068
2,5278,0.017682,354.431
3,5244.57,0.0239042,477.797
4,2622.52,0.511908,606.049
5,2397.83,0.553727,759.88
