Iteration,Cost,Cost reduction,time (ms)
0,58.3961,0.372509,33.624
1,35.1109,0.622718,56.09
2,26.089,0.719663,79.25
3,26.089,0.719663,102.887
4,26.089,0.719663,108.189
