Iteration,Cost,Cost reduction,time (ms)
0,5768.49,0.00113557,133.398
1,5730.63,0.00769132,230.161
2,5681.29,0.016235,330.855
3,4675.12,0.190463,439.009
4,3363.43,0.417594,548.36
5,2813.51,0.512816,652.475
