Iteration,Cost,Cost reduction,time (ms)
0,27.8948,0.289207,99.712
1,25.3116,0.355031,169.055
2,10.3621,0.735962,241.034
3,10.3621,0.735962,323.917
4,10.3621,0.735962,384.308
5,10.3621,0.735962,444.763
