Iteration,Cost,Cost reduction,time (ms)
0,89.1655,0.166146,147.766
1,53.9988,0.495016,260.365
2,47.6149,0.554717,374.798
3,47.6149,0.554717,498.182
4,47.2931,0.557726,578.572
5,44.7645,0.581373,699.818
