Iteration,Cost,Cost reduction,time (ms)
0,4742.61,0.00136426,142.03
1,4703.98,0.00949894,241.27
2,4654.08,0.020005,346.232
3,4590.05,0.0334882,466.782
4,3364.14,0.291623,585.565
5,2355.12,0.504091,707.715
