Iteration,Cost,Cost reduction,time (ms)
0,4336.02,0.00149136,413.724
1,4297.38,0.0103896,811.493
2,4247.54,0.0218667,1207.28
3,4156.79,0.0427661,1704.66
4,2403.28,0.446567,2208.78
5,1816.23,0.581753,2950.33
