Iteration,Cost,Cost reduction,time (ms)
0,5343.13,0.00121076,178.637
1,5304.48,0.00843381,336.614
2,5254.64,0.0177509,506.225
3,4581.45,0.143591,696.156
4,2127.55,0.602297,907.07
5,1177,0.779983,1109.74
