Iteration,Cost,Cost reduction,time (ms)
0,103.438,0.316629,571.212
1,85.4101,0.435734,1148.04
2,78.225,0.483203,1673.38
3,73.7367,0.512855,2244.37
4,70.0616,0.537135,2806.26
5,70.0616,0.537135,3370.42
