Iteration,Cost,Cost reduction,time (ms)
0,9.38072,0.921987,158.224
1,9.38072,0.921987,314.689
2,9.38072,0.921987,404.175
3,9.38072,0.921987,491.101
4,9.38072,0.921987,579.062
5,9.38072,0.921987,666.529
