Iteration,Cost,Cost reduction,time (ms)
0,25.5451,0.360538,180.407
1,19.4632,0.512784,361.66
2,10.4997,0.737164,533.776
3,9.75108,0.755905,703.622
4,8.15176,0.79594,879.413
5,8.15176,0.79594,1052.61
