Iteration,Cost,Cost reduction,time (ms)
0,5164.03,0.00126789,130.813
1,5126.17,0.00859022,227.759
2,5076.84,0.0181314,329.723
3,4152.83,0.196835,438.864
4,3823.74,0.260483,550.536
5,3048.89,0.41034,664.852
