Iteration,Cost,Cost reduction,time (ms)
0,49.3423,0.128623,202.776
1,15.7515,0.721832,395.801
2,3.27414,0.942179,589.813
3,3.17318,0.943962,780.828
4,2.87178,0.949285,972.096
5,2.87178,0.949285,1164.97
