Iteration,Cost,Cost reduction,time (ms)
0,4702.8,0.00137527,419.925
1,4664.16,0.00958048,817.502
2,4614.32,0.0201639,1213.62
3,3926.47,0.166227,1713.25
4,1541.35,0.6727,2343.49
5,1092.15,0.768086,2873.84
