Iteration,Cost,Cost reduction,time (ms)
0,31.1997,0.327772,530.363
1,26.9235,0.419907,1100.15
2,16.0886,0.653356,1626.56
3,16.0762,0.653622,2147.29
4,15.3336,0.669624,2669.14
5,12.8286,0.723596,3198.35
