Iteration,Cost,Cost reduction,time (ms)
0,26.5316,0.346,574.101
1,11.4291,0.718273,1188.17
2,8.37392,0.793584,1850.81
3,5.67811,0.860035,2501.28
4,2.98884,0.926325,3098.63
5,2.98884,0.926325,3716.56
