Iteration,Cost,Cost reduction,time (ms)
0,109.553,0.310802,146.542
1,76.4107,0.519303,254.826
2,39.5635,0.751107,361.924
3,13.4485,0.915396,477.407
4,13.4485,0.915396,597.138
5,13.4485,0.915396,670.89
