Iteration,Cost,Cost reduction,time (ms)
0,32.4463,0.220449,282.55
1,23.166,0.443416,539.075
2,23.166,0.443416,813.123
3,23.166,0.443416,966.704
4,23.166,0.443416,1123.59
