Iteration,Cost,Cost reduction,time (ms)
0,4665.26,0.00138649,137.545
1,4626.62,0.00965666,235.241
2,4576.56,0.0203723,338.03
3,4535.59,0.0291434,453.582
4,3485.1,0.254003,570.233
5,2937.33,0.371256,709.08
