Iteration,Cost,Cost reduction,time (ms)
0,90.8096,0.175712,597.359
1,29.6874,0.730525,1202.98
2,5.68227,0.948421,1768.26
3,5.23535,0.952478,2298.52
4,5.23535,0.952478,2823.86
5,5.23535,0.952478,2908.64
