Iteration,Cost,Cost reduction,time (ms)
0,122.93,0.294132,142.907
1,112.174,0.355894,250.988
2,52.7854,0.696903,367.778
3,52.7854,0.696903,486.203
4,52.2394,0.700039,570.97
5,52.2394,0.700039,689.994
