Iteration,Cost,Cost reduction,time (ms)
0,112.124,0.346496,209.343
1,77.3041,0.54944,416.23
2,46.0429,0.731643,627.248
3,43.6708,0.745468,836.717
4,41.9566,0.75546,1049.96
5,38.5735,0.775177,1264.54
