Iteration,Cost,Cost reduction,time (ms)
0,53.3121,0.186117,146.534
1,9.61127,0.853271,255.742
2,6.97639,0.893496,374.86
3,6.76759,0.896683,501.237
4,6.76759,0.896683,626.755
5,6.48795,0.900952,706.198
