Iteration,Cost,Cost reduction,time (ms)
0,26.5801,0.506474,143.39
1,22.8915,0.574963,252.384
2,17.7406,0.670602,366.022
3,12.0415,0.77642,480.6
4,10.5715,0.803713,597.408
5,10.1539,0.811468,713.419
