Iteration,Cost,Cost reduction,time (ms)
0,42.8416,0.172766,596.122
1,7.7331,0.850681,1194.7
2,5.1286,0.900971,1790.35
3,4.15335,0.919802,2376.62
4,4.15335,0.919802,2961.11
5,3.9213,0.924283,3052.71
