Iteration,Cost,Cost reduction,time (ms)
0,4179.68,0.00154702,178.406
1,4141.04,0.0107776,336.254
2,4091.2,0.0226831,505.831
3,3429.59,0.180731,696.908
4,1265.78,0.697628,915.39
5,1197.04,0.714047,1118.19
