Iteration,Cost,Cost reduction,time (ms)
0,110.756,0.333196,161.971
1,47.8723,0.711786,288.943
2,31.5327,0.810158,441.466
3,31.5327,0.810158,620.006
4,31.5327,0.810158,697.618
5,29.2508,0.823896,774.58
