Iteration,Cost,Cost reduction,time (ms)
0,5107.95,0.00126637,137.666
1,5069.32,0.00882073,235.267
2,5019.26,0.0186084,338.675
3,4731.43,0.0748857,458.011
4,4228.09,0.173301,574.417
5,2549.05,0.501596,697.883
