Iteration,Cost,Cost reduction,time (ms)
0,21.5359,0.822024,166.278
1,21.5359,0.822024,505.748
2,21.5359,0.822024,587.576
3,21.5359,0.822024,669.383
4,21.5359,0.822024,753.481
5,21.5359,0.822024,850.01
