Iteration,Cost,Cost reduction,time (ms)
0,100.373,0.172085,591.798
1,33.6439,0.722493,1154.92
2,33.6439,0.722493,1712.42
3,33.6439,0.722493,1802.25
4,30.1349,0.751437,1881.48
5,30.1349,0.751437,2434.32
