Iteration,Cost,Cost reduction,time (ms)
0,29.4001,0.307767,178.595
1,17.9347,0.577723,365.953
2,10.6044,0.750317,546.457
3,5.35087,0.874012,725.553
4,4.90362,0.884543,908.78
5,4.90362,0.884543,1092.92
