Iteration,Cost,Cost reduction,time (ms)
0,4179.69,0.00154921,134.398
1,4141.06,0.0107753,231.465
2,4091.16,0.0226974,334.696
3,4046.45,0.0333774,454.909
4,2950.59,0.295159,582.16
5,2709.21,0.352819,729.866
