Iteration,Cost,Cost reduction,time (ms)
0,81.8984,0.38289,532.82
1,27.2888,0.794377,1067.61
2,10.9235,0.917691,1563.21
3,10.9235,0.917691,2073.1
4,10.9235,0.917691,2165.12
5,10.9235,0.917691,2244.15
