Iteration,Cost,Cost reduction,time (ms)
0,31.9887,0.448541,149.309
1,31.2868,0.460641,261.551
2,20.0904,0.653657,376.062
3,8.98743,0.845064,493.582
4,7.11239,0.877388,616.394
5,7.11239,0.877388,737.284
