Iteration,Cost,Cost reduction,time (ms)
0,5342.51,0.00121065,178.171
1,5303.87,0.00843461,335.866
2,5254.04,0.0177517,503.975
3,5192.07,0.0293365,694.468
4,3447.99,0.355395,897.49
5,2125.8,0.602579,1123.6
