Iteration,Cost,Cost reduction,time (ms)
0,53.9512,0.206658,525.354
1,28.7091,0.577838,1059.58
2,4.77403,0.929799,1594.52
3,3.95461,0.941848,2148.54
4,3.19043,0.953085,2706.15
5,3.19043,0.953085,3258.92
