Iteration,Cost,Cost reduction,time (ms)
0,49.2363,0.182444,145.94
1,39.1243,0.35035,254.288
2,17.6695,0.706603,370.491
3,14.7623,0.754875,493.488
4,13.6805,0.772838,620.426
5,11.8729,0.802854,748.658
