Iteration,Cost,Cost reduction,time (ms)
0,69.5105,0.326186,555.643
1,50.7079,0.508453,1124.7
2,43.6334,0.577031,1697.54
3,37.1082,0.640284,2252.15
4,37.1082,0.640284,2795.89
5,26.7875,0.74033,2888.85
