Iteration,Cost,Cost reduction,time (ms)
0,75.9101,0.381337,148.158
1,67.5701,0.449308,260.092
2,43.216,0.647792,381.86
3,35.6229,0.709675,513.938
4,35.6229,0.709675,645.73
5,34.6389,0.717695,728.072
