Iteration,Cost,Cost reduction,time (ms)
0,49.8771,0.189661,519.748
1,21.968,0.643092,1048.97
2,17.8073,0.71069,1588.89
3,17.8073,0.71069,2135.1
4,17.3528,0.718074,2230.37
5,17.3528,0.718074,2770.42
