Iteration,Cost,Cost reduction,time (ms)
0,119.254,0.262191,522.872
1,65.8094,0.592846,1068.05
2,65.8094,0.592846,1603.83
3,57.4551,0.644533,1691.08
4,57.4551,0.644533,2219.21
5,57.4551,0.644533,2305.16
