Iteration,Cost,Cost reduction,time (ms)
0,48.2876,0.516897,114.342
1,23.2729,0.767162,302.386
2,22.6949,0.772945,403.404
3,22.6949,0.772945,468.525
4,15.0701,0.849229,508.824
5,15.0701,0.849229,557.123
6,15.0701,0.849229,595.271
