Iteration,Cost,Cost reduction,time (ms)
0,5733.86,0.00112837,413.277
1,5695.22,0.00785976,811.278
2,5645.38,0.0165428,1208.89
3,5630.77,0.0190883,1710.5
4,3393.16,0.408891,2212.46
5,2845.96,0.504218,3007.35
