Iteration,Cost,Cost reduction,time (ms)
0,80.5414,0.350699,151.595
1,68.7071,0.446103,257.199
2,46.8691,0.622155,366.595
3,42.6676,0.656026,486.607
4,38.2492,0.691646,603.799
5,29.5506,0.761772,723.62
