Iteration,Cost,Cost reduction,time (ms)
0,30.4592,0.288618,103.593
1,15.1114,0.64707,177.297
2,15.1114,0.64707,248.643
3,15.1114,0.64707,299.364
4,15.1114,0.64707,350.851
5,15.1114,0.64707,402.754
