Iteration,Cost,Cost reduction,time (ms)
0,31.4702,0.321445,107.049
1,20.9227,0.548868,182.723
2,7.02999,0.84842,263.218
3,5.29808,0.885764,365.249
4,4.86436,0.895115,485.118
5,4.39,0.905343,604.203
