Iteration,Cost,Cost reduction,time (ms)
0,4611.58,0.00140256,411.323
1,4572.94,0.00976982,806.62
2,4523.09,0.0205628,1202.13
3,4425.83,0.0416239,1707.14
4,2505.64,0.457425,2281.83
5,1831.97,0.603302,2819.96
