Iteration,Cost,Cost reduction,time (ms)
0,96.6152,0.423984,149.912
1,72.9904,0.564834,260.087
2,66.6448,0.602666,375.362
3,66.6448,0.602666,493.354
4,66.6448,0.602666,577.354
5,66.6448,0.602666,661.179
