Iteration,Cost,Cost reduction,time (ms)
0,4373.15,0.00147864,411.561
1,4334.51,0.0103015,810.49
2,4284.67,0.021681,1206.14
3,4245.64,0.0305944,1708.55
4,3030.67,0.308008,2251.9
5,2593.73,0.407773,2908.51
