Iteration,Cost,Cost reduction,time (ms)
0,4842.92,0.00133508,177.3
1,4804.28,0.00930335,336.719
2,4754.45,0.0195791,504.324
3,4706.44,0.0294804,692.231
4,3227.19,0.334517,887.644
5,2192.41,0.5479,1100.05
