Iteration,Cost,Cost reduction,time (ms)
0,5392.28,0.00121473,131.389
1,5354.42,0.00822729,228.106
2,5305.08,0.0173663,330.167
3,4334.03,0.197228,438.098
4,1786.09,0.669171,546.532
5,1757.16,0.674531,652.452
