Iteration,Cost,Cost reduction,time (ms)
0,69.1131,0.380777,147.879
1,53.0274,0.524898,258.924
2,26.2852,0.764496,373.498
3,15.3735,0.86226,506.073
4,8.05959,0.92779,655.755
5,4.82486,0.956771,815.529
