Iteration,Cost,Cost reduction,time (ms)
0,102.747,0.313253,147.246
1,98.6687,0.340514,255.322
2,74.9181,0.499259,367.114
3,74.9181,0.499259,479.454
4,74.9181,0.499259,559.53
5,74.9181,0.499259,641.944
