Iteration,Cost,Cost reduction,time (ms)
0,5468.91,0.00118273,409.614
1,5430.27,0.00823992,809.845
2,5380.43,0.0173421,1205.17
3,5337.91,0.0251089,1708.68
4,3253.58,0.405781,2251.92
5,2681.93,0.510184,2974.82
