Iteration,Cost,Cost reduction,time (ms)
0,87.8428,0.653915,13.53
1,4.09706,0.983858,22.945
2,4.09706,0.983858,38.254
3,3.09372,0.987811,49.263
4,3.09372,0.987811,61.844
5,1.60917,0.99366,69.767
6,1.17355,0.995376,79.75
7,1.17355,0.995376,86.05
