Iteration,Cost,Cost reduction,time (ms)
0,26.8176,0.499361,143.113
1,26.8176,0.499361,251.493
2,26.8176,0.499361,336.825
3,26.8176,0.499361,421.394
4,26.8176,0.499361,509.064
5,26.8176,0.499361,594.621
