Iteration,Cost,Cost reduction,time (ms)
0,60.312,0.348015,144.045
1,54.1827,0.414274,252.574
2,54.1827,0.414274,363.357
3,54.1827,0.414274,438.596
4,54.1827,0.414274,516.449
5,54.1827,0.414274,594.017
