Iteration,Cost,Cost reduction,time (ms)
0,34.4974,0.203294,2148.9
1,19.7935,0.542877,4336.61
2,19.7935,0.542877,6601.54
3,19.7935,0.542877,6761.16
4,19.7935,0.542877,6899.75
