Iteration,Cost,Cost reduction,time (ms)
0,4624.79,0.00139846,180.862
1,4586.15,0.00974187,340.491
2,4536.31,0.0205038,508.33
3,3845.39,0.169689,695.743
4,1514.41,0.673004,912.752
5,1250.09,0.730076,1121.74
