Iteration,Cost,Cost reduction,time (ms)
0,17.0767,0.838256,159.697
1,17.0203,0.83879,263.365
2,15.4499,0.853665,364.454
3,12.4331,0.882239,471.299
4,6.93059,0.934356,594.969
5,6.93059,0.934356,706.598
6,6.93059,0.934356,776.528
