Iteration,Cost,Cost reduction,time (ms)
0,43.4586,0.411522,203.558
1,29.7119,0.597667,322.995
2,29.4819,0.600781,446.152
3,24.5398,0.667703,731.376
4,24.5398,0.667703,1021.01
5,24.5398,0.667703,1106.21
