Iteration,Cost,Cost reduction,time (ms)
0,30.022,0.315235,107.042
1,30.022,0.315235,182.081
2,30.022,0.315235,230.183
3,30.022,0.315235,274.014
4,30.022,0.315235,320.316
5,30.022,0.315235,368.469
