Iteration,Cost,Cost reduction,time (ms)
0,23.8935,0.499368,104.347
1,16.8206,0.647563,175.241
2,7.88048,0.834883,250.406
3,7.88048,0.834883,327.832
4,7.88048,0.834883,377.024
5,7.88048,0.834883,427.289
