Iteration,Cost,Cost reduction,time (ms)
0,117.667,0.226921,222.687
1,42.9261,0.717972,444.363
2,8.7111,0.942768,667.452
3,7.16083,0.952953,882.15
4,5.75257,0.962205,1094.01
5,5.75257,0.962205,1306.23
