Iteration,Cost,Cost reduction,time (ms)
0,26.4512,0.400507,107.8
1,12.8601,0.708537,181.953
2,4.59922,0.895763,258.48
3,4.32627,0.901949,346.575
4,3.82206,0.913376,437.657
5,3.82206,0.913376,536.368
