Iteration,Cost,Cost reduction,time (ms)
0,107.078,0.337305,210.786
1,89.8477,0.443943,416.35
2,26.57,0.835561,627.462
3,22.1473,0.862933,837.452
4,22.1473,0.862933,1050.93
5,17.2262,0.893389,1138.38
