Iteration,Cost,Cost reduction,time (ms)
0,35.6983,0.226512,107.825
1,35.3091,0.234945,184.534
2,33.2145,0.280331,266.999
3,32.5937,0.293782,356.471
4,31.3073,0.321654,447.905
5,30.2175,0.345266,544.689
