Iteration,Cost,Cost reduction,time (ms)
0,68.3179,0.388546,144.18
1,22.2189,0.801138,247.284
2,3.71678,0.966734,355.213
3,3.71678,0.966734,462.781
4,3.71678,0.966734,538.129
5,3.65326,0.967303,614.656
