Iteration,Cost,Cost reduction,time (ms)
0,126.114,0.286348,141.778
1,98.1484,0.444601,253.545
2,74.0218,0.581128,369.892
3,60.1688,0.659519,484.166
4,60.1688,0.659519,603.182
5,55.5851,0.685457,689.287
