Iteration,Cost,Cost reduction,time (ms)
0,5666.02,0.0011415,179.604
1,5627.38,0.0079535,338.7
2,5577.55,0.0167386,509.731
3,5518.92,0.0270742,702.457
4,3792.35,0.331449,894.092
5,2887.51,0.490963,1105.49
