Iteration,Cost,Cost reduction,time (ms)
0,5387.24,0.00120116,138.255
1,5348.61,0.00836363,236.197
2,5298.71,0.0176138,339.927
3,5247.82,0.0270499,463.497
4,4074.2,0.24464,589.202
5,3794.15,0.296561,723.469
