Iteration,Cost,Cost reduction,time (ms)
0,27.8935,0.294877,109.879
1,19.6008,0.504508,185.852
2,10.2107,0.741882,264.818
3,7.87695,0.800878,352.043
4,7.87695,0.800878,437.193
5,7.29752,0.815525,490.188
