Iteration,Cost,Cost reduction,time (ms)
0,33.7249,0.160005,105.25
1,31.7448,0.209324,180.94
2,22.1303,0.448795,263.921
3,22.1303,0.448795,356.473
4,22.1303,0.448795,405.768
5,22.1303,0.448795,458.332
