Iteration,Cost,Cost reduction,time (ms)
0,67.4282,0.398423,144.331
1,19.522,0.82583,247.01
2,17.9557,0.839804,357.999
3,5.02093,0.955204,468.363
4,4.89297,0.956346,579.718
5,4.89297,0.956346,693.8
