Iteration,Cost,Cost reduction,time (ms)
0,4196.59,0.00155978,131.013
1,4158.73,0.0105675,229.321
2,4109.4,0.0223046,331.514
3,3285.41,0.218345,439.652
4,2960.53,0.295639,551.874
5,2495.1,0.406372,665.704
