Iteration,Cost,Cost reduction,time (ms)
0,87.699,0.333168,221.224
1,70.4843,0.464062,434.768
2,37.6409,0.713792,638.783
3,15.1675,0.884672,844.587
4,12.5323,0.904709,1058.57
5,12.5323,0.904709,1257.76
