Iteration,Cost,Cost reduction,time (ms)
0,5305.78,0.00121899,179.063
1,5267.14,0.00849291,336.567
2,5217.3,0.0178742,506.593
3,5038.17,0.0515945,695.064
4,4171.46,0.214747,887.15
5,2450.98,0.538618,1082.68
