Iteration,Cost,Cost reduction,time (ms)
0,4980.48,0.0012986,177.809
1,4941.84,0.00904697,338.384
2,4892,0.0190407,507.065
3,4179.31,0.161952,698.176
4,1911.28,0.616744,917.254
5,1705.62,0.657984,1115.12
