Iteration,Cost,Cost reduction,time (ms)
0,35.1548,0.233027,638.264
1,30.136,0.342524,1292.75
2,11.9766,0.738706,1945.56
3,11.9766,0.738706,2635.54
4,11.9766,0.738706,2774.8
