Iteration,Cost,Cost reduction,time (ms)
0,48.3315,0,92.453
1,48.3315,0,136.014
2,48.3315,0,179.501
3,48.3315,0,222.876
4,25.6783,0.468704,271.61
5,25.6783,0.468704,349.861
6,25.6783,0.468704,395.751
