Iteration,Cost,Cost reduction,time (ms)
0,24.2784,0.373414,102.537
1,16.942,0.562753,173.642
2,16.942,0.562753,243.362
3,16.942,0.562753,291.788
4,16.942,0.562753,339.946
5,16.942,0.562753,388.805
