Iteration,Cost,Cost reduction,time (ms)
0,69.8872,0.333088,210.243
1,45.8819,0.562164,418.468
2,33.5143,0.680184,618.386
3,16.4249,0.843263,817.191
4,16.4249,0.843263,1006.94
5,16.284,0.844607,1099.97
