Iteration,Cost,Cost reduction,time (ms)
0,115.45,0.317954,145.164
1,16.3186,0.903594,246.205
2,15.6015,0.90783,354.992
3,14.9722,0.911548,466.908
4,11.4985,0.93207,580.757
5,11.4985,0.93207,704.162
