Iteration,Cost,Cost reduction,time (ms)
0,96.7725,0.32141,145.15
1,52.0818,0.634791,250.841
2,26.5207,0.814031,363.335
3,20.1584,0.858645,476.116
4,19.6142,0.862461,587.938
5,19.4921,0.863317,699.349
