Iteration,Cost,Cost reduction,time (ms)
0,5815.84,0.00111227,138.356
1,5777.2,0.00774812,236.829
2,5727.32,0.0163161,341.863
3,4988.52,0.143206,466.012
4,4438.38,0.237695,593.189
5,4286.86,0.263718,735.422
