Iteration,Cost,Cost reduction,time (ms)
0,4552.17,0.00143797,131.779
1,4514.31,0.00974312,229.82
2,4464.98,0.0205657,330.713
3,3616.62,0.20666,438.697
4,3294.02,0.277427,550.297
5,3205.89,0.296757,662.303
