Iteration,Cost,Cost reduction,time (ms)
0,109.764,0.308835,149.767
1,74.2975,0.532161,258.938
2,48.5878,0.694051,376.756
3,46.9071,0.704634,515.356
4,38.0011,0.760713,654.853
5,12.5821,0.920773,793.832
