Iteration,Cost,Cost reduction,time (ms)
0,34.7535,0.170443,544.609
1,14.819,0.646274,1139.06
2,6.03603,0.855921,1722.79
3,4.2932,0.897522,2298.73
4,4.2932,0.897522,2866.79
5,4.2932,0.897522,2958.73
