Iteration,Cost,Cost reduction,time (ms)
0,5768.56,0.00112144,182.166
1,5729.92,0.00781242,340.729
2,5680.08,0.0164426,508.588
3,4936.66,0.145174,699.659
4,2429.66,0.579282,916.432
5,2041.35,0.646521,1113.41
