Iteration,Cost,Cost reduction,time (ms)
0,30.5998,0.330195,104.516
1,27.5551,0.396843,176.286
2,27.5551,0.396843,246.574
3,24.2898,0.468316,297.296
4,24.2898,0.468316,372.556
5,23.9215,0.476378,425.527
