Iteration,Cost,Cost reduction,time (ms)
0,99.1049,0.319142,216.012
1,56.6657,0.610702,417.862
2,22.685,0.844152,622.138
3,10.261,0.929506,815.911
4,10.261,0.929506,1009.65
5,10.261,0.929506,1087.45
