Iteration,Cost,Cost reduction,time (ms)
0,103.855,0.322311,146.549
1,103.178,0.326729,254.151
2,36.6883,0.760596,371.135
3,28.6584,0.812994,513.55
4,28.27,0.815529,656.595
5,16.5795,0.891813,801.146
