Iteration,Cost,Cost reduction,time (ms)
0,934.379,0.15416,13.426
1,342.329,0.690109,30.915
2,342.329,0.690109,49.774
3,285.879,0.74121,58.453
4,217.162,0.803416,70.33
5,217.162,0.803416,79.053
6,207.345,0.812302,84.607
7,139.613,0.873616,106.332
8,139.613,0.873616,114.153
