Iteration,Cost,Cost reduction,time (ms)
0,30.8133,0.310287,105.041
1,13.0477,0.707946,180.705
2,10.5589,0.763654,257.459
3,10.5589,0.763654,330.293
4,10.0086,0.77597,386.056
5,9.17446,0.794642,468.829
