Iteration,Cost,Cost reduction,time (ms)
0,4920.61,0.00133062,131.226
1,4882.75,0.00901466,227.643
2,4833.41,0.0190276,329.37
3,3926.04,0.203184,437.413
4,3544.52,0.280617,548.827
5,2954.11,0.400444,662.75
