Iteration,Cost,Cost reduction,time (ms)
0,47.9668,0.320284,41.595
1,29.9342,0.575816,67.186
2,17.3012,0.754833,94.419
3,17.3012,0.754833,120.099
4,14.4581,0.795121,130.013
5,14.4581,0.795121,157.245
