Iteration,Cost,Cost reduction,time (ms)
0,26.338,0.3903,106.018
1,9.17824,0.787532,180.271
2,7.88237,0.817531,261.686
3,7.42978,0.828008,349.185
4,7.42978,0.828008,438.397
5,7.17049,0.83401,492.838
