Iteration,Cost,Cost reduction,time (ms)
0,5768.56,0.00112139,410.587
1,5729.92,0.00781239,806.602
2,5680.08,0.0164424,1204.06
3,5315.32,0.0796035,1707.94
4,3019.41,0.477162,2349.5
5,2446.34,0.576393,2962.31
