Iteration,Cost,Cost reduction,time (ms)
0,62.1988,0.158644,585.821
1,16.2997,0.779516,1142.76
2,10.395,0.859387,1715.39
3,9.47628,0.871815,2263.25
4,6.775,0.908355,2825.85
5,6.1067,0.917395,3385.31
