Iteration,Cost,Cost reduction,time (ms)
0,48.007,0.319715,119.284
1,48.007,0.319715,255.529
2,48.007,0.319715,319.798
3,46.7016,0.338213,362.034
4,41.4677,0.41238,436.235
5,39.3661,0.442162,565.199
6,38.3291,0.456856,647.06
7,38.3291,0.456856,726.784
