Iteration,Cost,Cost reduction,time (ms)
0,79.4976,0.356729,150.077
1,67.8427,0.451036,260.119
2,12.6169,0.897908,385.252
3,8.91787,0.927839,538.354
4,8.91787,0.927839,685.88
5,7.89032,0.936154,772.304
