Iteration,Cost,Cost reduction,time (ms)
0,27.0512,0.334266,108.555
1,23.9158,0.411428,186.309
2,23.768,0.415066,264.515
3,23.768,0.415066,344.552
4,23.7583,0.415304,399.29
5,23.7583,0.415304,479.068
