Iteration,Cost,Cost reduction,time (ms)
0,4920.69,0.00131424,145.182
1,4882.05,0.00915664,256.817
2,4832.21,0.019271,375.444
3,4683.77,0.0493991,514.111
4,3729.69,0.243034,660.88
5,3729.69,0.243034,791.36
