Iteration,Cost,Cost reduction,time (ms)
0,41.4654,0,682.858
1,41.4654,0,877.217
2,9.09657,0.780623,1074.99
3,9.07316,0.781187,1565.01
4,8.38598,0.79776,2114.64
5,8.31834,0.799391,2665.89
6,8.17951,0.802739,3215.38
7,8.15764,0.803266,3764.59
