Iteration,Cost,Cost reduction,time (ms)
0,4447.88,0.001454,155.123
1,4409.24,0.0101278,256.796
2,4359.18,0.0213657,361.57
3,4118.61,0.0753735,480.95
4,2997.44,0.327077,598.121
5,2067.19,0.535917,804.8
