Iteration,Cost,Cost reduction,time (ms)
0,5775.52,0.00113395,131.306
1,5737.66,0.00768184,228.992
2,5688.32,0.0162142,329.581
3,4696.75,0.187705,437.395
4,4152.91,0.281762,546.322
5,3363.31,0.418321,657.804
