Iteration,Cost,Cost reduction,time (ms)
0,26.74,0.3615,116.265
1,11.8526,0.716983,198.679
2,10.0106,0.760967,290.651
3,9.0706,0.783412,387.769
4,8.75458,0.790957,487.837
5,8.52019,0.796554,582.636
