Iteration,Cost,Cost reduction,time (ms)
0,22.601,0.4175,189.96
1,17.3896,0.551815,366.159
2,15.4527,0.601734,544.189
3,9.97449,0.742926,692.025
4,7.24959,0.813155,837.686
5,7.24959,0.813155,984.946
