Iteration,Cost,Cost reduction,time (ms)
0,40.5538,0.305621,143.055
1,16.6335,0.715194,246.018
2,12.0667,0.793389,350.357
3,8.30365,0.857822,463.569
4,7.82369,0.86604,578.588
5,1.50855,0.97417,692.993
