Iteration,Cost,Cost reduction,time (ms)
0,28.2875,0.339838,112.898
1,18.8252,0.560664,192.921
2,7.52116,0.824474,282.902
3,4.92517,0.885058,385.177
4,4.54835,0.893852,488.933
5,4.30752,0.899473,591.727
