Iteration,Cost,Cost reduction,time (ms)
0,4608.02,0.00142121,133.106
1,4570.16,0.00962557,230.388
2,4520.82,0.0203178,330.861
3,3629.75,0.213416,438.915
4,1509.95,0.672787,548.939
5,1478.02,0.679707,654.291
