Iteration,Cost,Cost reduction,time (ms)
0,26.7475,0.359993,591.232
1,18.4112,0.559464,1186.68
2,15.1935,0.636455,1736.59
3,14.6902,0.648497,2285.45
4,13.2113,0.683885,2835.52
5,13.2113,0.683885,3389.75
