Iteration,Cost,Cost reduction,time (ms)
0,5387.22,0.00120035,176.829
1,5348.58,0.00836452,336.105
2,5298.75,0.0176033,503.011
3,5250.44,0.0265604,690.92
4,3512.37,0.3488,885.231
5,3199.98,0.406717,1102.65
