Iteration,Cost,Cost reduction,time (ms)
0,35.2163,0.105536,579.849
1,22.3946,0.431197,1173.69
2,18.0005,0.542802,1743.97
3,9.26209,0.764751,2355.38
4,9.26209,0.764751,2936.63
5,9.26209,0.764751,3029.57
