Iteration,Cost,Cost reduction,time (ms)
0,5164.13,0.00125257,413.143
1,5125.49,0.0087257,810
2,5075.65,0.0183649,1205.27
3,4362.5,0.156289,1703.31
4,1819.4,0.648126,2350.69
5,1102.03,0.786866,2894.63
