Iteration,Cost,Cost reduction,time (ms)
0,5872,0.00110152,156.617
1,5833.37,0.00767399,255.824
2,5783.48,0.0161594,359.982
3,5729.24,0.0253871,480.819
4,3745.19,0.362898,607.594
5,2452.99,0.582718,791.084
