Iteration,Cost,Cost reduction,time (ms)
0,481.521,0,10.492
1,169.668,0.64764,21.563
2,169.668,0.64764,34.429
3,169.668,0.64764,40.49
4,169.668,0.64764,45.888
5,169.668,0.64764,51.916
6,169.668,0.64764,58.02
