Iteration,Cost,Cost reduction,time (ms)
0,59.6226,0.0292838,156.985
1,23.8303,0.612019,279.893
2,16.3674,0.733522,407.49
3,8.11482,0.867882,538.118
4,4.90632,0.92012,666.225
5,4.90632,0.92012,788.778
