Iteration,Cost,Cost reduction,time (ms)
0,26.1434,0.363165,185.474
1,11.5228,0.719313,376.119
2,8.62827,0.789822,582.546
3,5.11987,0.875284,785.736
4,3.5995,0.912319,984.309
5,2.73593,0.933355,1181.27
