Iteration,Cost,Cost reduction,time (ms)
0,44.795,0.737386,160.414
1,34.4913,0.797792,402.281
2,34.4913,0.797792,658.501
3,34.4913,0.797792,755.501
4,34.4913,0.797792,849.549
5,34.4913,0.797792,942.208
