Iteration,Cost,Cost reduction,time (ms)
0,101.774,0.183989,147.384
1,69.7408,0.440824,251.961
2,63.7001,0.489258,364.199
3,60.6496,0.513717,480.446
4,58.8123,0.528448,595.966
5,56.3205,0.548427,709.945
