Iteration,Cost,Cost reduction,time (ms)
0,79.2756,0.334169,148.945
1,58.151,0.511593,258.309
2,41.3897,0.65237,369.964
3,33.7658,0.716403,487.694
4,32.7203,0.725184,609.163
5,32.7203,0.725184,725.91
