Iteration,Cost,Cost reduction,time (ms)
0,27.4319,0.320958,592.041
1,17.4575,0.567863,1149.7
2,16.9282,0.580964,1673.02
3,16.9282,0.580964,2190.3
4,16.0761,0.602058,2283.1
5,14.9585,0.629721,2784.93
