Iteration,Cost,Cost reduction,time (ms)
0,47.4371,0.415939,143.235
1,39.353,0.515473,248.929
2,33.5846,0.586495,369.027
3,16.2967,0.79935,488.568
4,16.2967,0.79935,612.13
5,16.2487,0.79994,697.762
