Iteration,Cost,Cost reduction,time (ms)
0,25.9365,0.365089,106.799
1,16.9301,0.585559,183.594
2,16.1465,0.604741,273.811
3,13.5217,0.668997,361.815
4,9.41556,0.769512,451.989
5,6.45838,0.841902,553.436
