Iteration,Cost,Cost reduction,time (ms)
0,31.3967,0.32118,109.894
1,23.6981,0.487629,187.203
2,17.7561,0.6161,262.807
3,15.1456,0.672541,341.521
4,15.1456,0.672541,427.817
5,15.1456,0.672541,477.505
