Iteration,Cost,Cost reduction,time (ms)
0,7.693418636846477,0.0,86.10081672668457
1,7.608175224709006,0.011080043367094339,389.06192779541016
