Iteration,Cost,Cost reduction,time (ms)
0,5676.14,0.00113976,179.742
1,5637.5,0.00793954,336.247
2,5587.66,0.0167105,503.154
3,4816.76,0.152369,692.894
4,1905.52,0.664676,908.087
5,1905.52,0.664676,1104.01
