Iteration,Cost,Cost reduction,time (ms)
0,5662.89,0.00114288,136.336
1,5624.26,0.00795706,236.752
2,5574.2,0.0167878,340.435
3,4670.34,0.176216,460.63
4,3994.46,0.295432,572.194
5,2744.18,0.515963,713.541
