Iteration,Cost,Cost reduction,time (ms)
0,23.6455,0.414506,181.664
1,11.6885,0.710576,353.294
2,9.30838,0.769512,524.676
3,9.30838,0.769512,690.574
4,9.30838,0.769512,751.431
5,9.30838,0.769512,800.629
