Iteration,Cost,Cost reduction,time (ms)
0,4929.02,0.00131203,168.835
1,4890.38,0.00914036,270.552
2,4840.33,0.0192815,376.69
3,4814.64,0.0244874,492.814
4,3520.41,0.286716,607.162
5,2568.64,0.479558,771.967
6,1968.41,0.601172,990.233
7,1968.41,0.601172,1195.04
