Iteration,Cost,Cost reduction,time (ms)
0,14.3759,0.957083,13.791
1,14.3759,0.957083,24.919
2,14.3759,0.957083,31.082
3,14.3759,0.957083,37.316
4,8.35604,0.975054,43.024
5,8.35604,0.975054,50.202
6,8.35604,0.975054,55.113
