Iteration,Cost,Cost reduction,time (ms)
0,4794.93,0.001349,178.891
1,4756.29,0.00939673,336.068
2,4706.45,0.0197776,504.366
3,4053.22,0.155828,695.153
4,1881.83,0.608067,905.27
5,1811.21,0.622775,1110.05
