Iteration,Cost,Cost reduction,time (ms)
0,19.9991,0.53839,102.846
1,19.5258,0.549316,221.201
2,19.5258,0.549316,290.778
3,19.5258,0.549316,323.154
4,19.5258,0.549316,355.142
5,19.5258,0.549316,387.647
6,19.5258,0.549316,420.138
