Iteration,Cost,Cost reduction,time (ms)
0,137.775,0.0140626,61.655
1,115.754,0.171649,115.387
2,106.953,0.234628,180.089
3,106.953,0.234628,227.603
4,106.953,0.234628,272.713
5,106.953,0.234628,339.537
6,106.953,0.234628,368.817
