Iteration,Cost,Cost reduction,time (ms)
0,28.0011,0.310737,190.271
1,11.82,0.709044,373.606
2,11.82,0.709044,542.963
3,11.7224,0.711445,609.547
4,11.7224,0.711445,774.042
5,11.7224,0.711445,835.842
