Iteration,Cost,Cost reduction,time (ms)
0,25.0755,0.449847,563.109
1,14.8721,0.673707,1127.66
2,12.8172,0.718791,1640.52
3,11.5921,0.74567,2154.45
4,11.5921,0.74567,2661.64
5,11.5921,0.74567,2752.47
