Iteration,Cost,Cost reduction,time (ms)
0,4366.4,0.00149926,130.866
1,4328.54,0.0101571,227.809
2,4279.2,0.021439,328.534
3,3437.72,0.213869,436.787
4,3082.06,0.2952,547.502
5,2563.96,0.413679,661.639
