Iteration,Cost,Cost reduction,time (ms)
0,5819.93,0.0011255,133.773
1,5782.07,0.00762338,232.633
2,5732.73,0.0160915,333.85
3,4725.62,0.188943,441.505
4,2968.14,0.490579,550.284
5,2968.14,0.490579,653.943
