Iteration,Cost,Cost reduction,time (ms)
0,4593.12,0.00140803,410.668
1,4554.48,0.00980891,810.269
2,4504.64,0.0206446,1206.56
3,3880,0.156449,1709.7
4,2161.17,0.53014,2338.24
5,2068.3,0.55033,2887.3
