Iteration,Cost,Cost reduction,time (ms)
0,27.4986,0.300765,104.629
1,6.7219,0.829075,175.646
2,6.7219,0.829075,245.795
3,6.41845,0.836792,296.451
4,5.96004,0.848448,372.161
5,5.96004,0.848448,447.803
