Iteration,Cost,Cost reduction,time (ms)
0,4552.28,0.0014208,413.841
1,4513.64,0.0098969,809.693
2,4463.8,0.0208303,1207.31
3,4287.4,0.0595246,1710.41
4,3702.76,0.187769,2251.04
5,2073.04,0.545261,2823.17
