Iteration,Cost,Cost reduction,time (ms)
0,4742.58,0.00136373,136.582
1,4703.95,0.00949862,235.166
2,4654.07,0.0200024,339.82
3,4590.78,0.0333275,458.542
4,2438.64,0.486501,579.098
5,1126.11,0.762878,721.34
