Iteration,Cost,Cost reduction,time (ms)
0,4284.82,0.00152776,131.279
1,4246.96,0.0103502,228.018
2,4197.62,0.0218466,328.969
3,3362.08,0.216549,437.148
4,3014.65,0.297508,547.719
5,2514.2,0.414127,662.031
