Iteration,Cost,Cost reduction,time (ms)
0,29.6633,0.314469,106.584
1,26.2924,0.392371,187.317
2,25.2243,0.417056,268.91
3,25.2243,0.417056,348.323
4,24.7651,0.427667,403.767
5,21.7631,0.497044,485.728
