Iteration,Cost,Cost reduction,time (ms)
0,7.873317836846477,0.0,85.98446846008301
1,7.78941106702934,0.010657104356242342,388.9930248260498
