Iteration,Cost,Cost reduction,time (ms)
0,25.7798,0.344566,109.194
1,23.1936,0.410318,187.873
2,22.3835,0.430914,270.919
3,19.8465,0.495416,358.4
4,19.8465,0.495416,447.321
5,18.8021,0.521969,504.871
