Iteration,Cost,Cost reduction,time (ms)
0,26.4779,0.348922,112.883
1,17.6752,0.565375,190.413
2,16.3661,0.597565,272.415
3,14.7631,0.636982,356.377
4,14.5331,0.642638,462.303
5,7.80719,0.808025,572.233
