Iteration,Cost,Cost reduction,time (ms)
0,4929.01,0.00131197,153.404
1,4890.38,0.00914021,252.408
2,4840.33,0.0192811,355.617
3,4809.28,0.0255708,468.157
4,3563.93,0.277898,583.931
5,3110.59,0.369751,762.882
