Iteration,Cost,Cost reduction,time (ms)
0,21.8287,0.504845,107.137
1,10.7399,0.756379,178.456
2,9.84919,0.776584,260.004
3,9.63996,0.78133,348.685
4,9.63996,0.78133,446.222
5,8.45057,0.80831,499.021
