Iteration,Cost,Cost reduction,time (ms)
0,29.1699,0.463628,145.901
1,16.2578,0.701054,254.417
2,3.56738,0.934404,377.369
3,1.52133,0.972026,505.889
4,1.35953,0.975001,635.822
5,1.17667,0.978364,761.93
