Iteration,Cost,Cost reduction,time (ms)
0,28.7159,0.290092,176.696
1,25.4838,0.369996,349.806
2,25.4838,0.369996,520.2
3,25.4838,0.369996,590.136
4,25.4838,0.369996,641.656
5,25.4838,0.369996,689.861
