Iteration,Cost,Cost reduction,time (ms)
0,4540.34,0.00142505,134.247
1,4501.71,0.00992156,231.486
2,4451.65,0.0209325,334.543
3,3626.78,0.202349,454.58
4,2978.15,0.345004,567.23
5,2392.69,0.473767,708.437
