Iteration,Cost,Cost reduction,time (ms)
0,106.106,0.307076,144.088
1,102.547,0.330316,252.347
2,90.0102,0.41219,370.525
3,3.54646,0.97684,503.479
4,3.32965,0.978256,617.237
5,3.32965,0.978256,731.897
