Iteration,Cost,Cost reduction,time (ms)
0,26.8819,0.339221,105.652
1,26.0407,0.359897,178.18
2,26.0407,0.359897,249.072
3,24.0354,0.409189,303.137
4,12.7911,0.685585,385.643
5,11.8752,0.708098,464.787
