Iteration,Cost,Cost reduction,time (ms)
0,48.8192,0.385812,157.409
1,18.8526,0.762817,263.971
2,10.3009,0.870406,388.581
3,5.39415,0.932137,521.841
4,5.39415,0.932137,663.8
5,5.39415,0.932137,754.591
