Iteration,Cost,Cost reduction,time (ms)
0,12.0716,0.740712,590.553
1,11.3557,0.756088,1098.32
2,10.7315,0.769495,1608.62
3,10.7315,0.769495,2314.67
4,10.7315,0.769495,2513.21
5,10.7315,0.769495,2712.48
6,10.7315,0.769495,2909.47
