Iteration,Cost,Cost reduction,time (ms)
0,43.2196,0.42661,213.62
1,39.1114,0.481114,423.503
2,32.7741,0.56519,628.822
3,29.9665,0.602438,835.16
4,19.5273,0.740934,1046.36
5,8.88276,0.882153,1263.21
