Iteration,Cost,Cost reduction,time (ms)
0,27.9549,0.335508,175.936
1,20.843,0.50456,348.165
2,6.9339,0.83518,525.044
3,6.9339,0.83518,689.96
4,6.9339,0.83518,763.289
5,6.9339,0.83518,814.794
