Iteration,Cost,Cost reduction,time (ms)
0,378.156,0.732462,6.957
1,347.052,0.754468,11.391
2,347.052,0.754468,15.091
3,347.052,0.754468,17.974
4,347.052,0.754468,20.858
