Iteration,Cost,Cost reduction,time (ms)
0,23.654,0.408833,103.376
1,23.654,0.408833,172.047
2,21.4686,0.463449,221.234
3,17.4472,0.563955,294.471
4,16.2572,0.593694,371.142
5,15.7321,0.606818,449.419
