Iteration,Cost,Cost reduction,time (ms)
0,44.3489,0.0636834,98.088
1,17.1512,0.637895,166.978
2,17.1512,0.637895,236.558
3,17.1512,0.637895,283.113
4,17.1512,0.637895,329.724
5,17.1512,0.637895,380.26
