Iteration,Cost,Cost reduction,time (ms)
0,35.273,0.960752,6.545
1,34.785,0.961295,11.423
2,34.785,0.961295,15.771
3,34.785,0.961295,18.629
4,34.785,0.961295,22.009
