Iteration,Cost,Cost reduction,time (ms)
0,103.05,0.391246,145.779
1,32.1436,0.810115,245.885
2,32.1436,0.810115,355.045
3,31.1351,0.816072,431.064
4,23.1723,0.863112,543.196
5,22.6806,0.866017,663.586
