Iteration,Cost,Cost reduction,time (ms)
0,18.5962,0.52926,102.756
1,18.5962,0.52926,170.279
2,18.5962,0.52926,212.071
3,18.5962,0.52926,254.07
4,18.5962,0.52926,296.17
5,18.5962,0.52926,338.229
6,18.5962,0.52926,382.648
