Iteration,Cost,Cost reduction,time (ms)
0,98.2776,0.376335,152.605
1,85.4092,0.457998,258.061
2,59.0833,0.625061,374.397
3,43.8486,0.721739,500.222
4,43.8486,0.721739,625.848
5,43.8486,0.721739,702.745
