Iteration,Cost,Cost reduction,time (ms)
0,1.40609,0.916355,6.609
1,0.580945,0.965441,10.658
2,0.185223,0.988982,14.67
3,0.155151,0.99077,19.333
4,0.154929,0.990784,24.09
