Iteration,Cost,Cost reduction,time (ms)
0,29.4999,0.570502,217.35
1,21.9159,0.68092,420.862
2,13.8138,0.79888,625.613
3,7.38698,0.892451,832.242
4,4.93872,0.928096,1047.69
5,3.18974,0.95356,1263.5
