Iteration,Cost,Cost reduction,time (ms)
0,29.6417,0.372628,191.869
1,29.6417,0.372628,367.987
2,9.53821,0.798122,432.443
3,9.53821,0.798122,578.948
4,9.53821,0.798122,637.484
5,9.53821,0.798122,687.136
