Iteration,Cost,Cost reduction,time (ms)
0,5164.11,0.00125219,176.087
1,5125.47,0.00872547,334.624
2,5075.64,0.0183628,503.085
3,4702.35,0.0905568,694.363
4,4242.97,0.179403,899.158
5,2566.93,0.503551,1099.67
