Iteration,Cost,Cost reduction,time (ms)
0,89.7245,0.201809,182.805
1,31.2744,0.721783,300.57
2,31.2744,0.721783,412.09
3,31.2347,0.722136,485.82
4,21.9355,0.804861,602.638
5,21.2243,0.811188,724.685
