Iteration,Cost,Cost reduction,time (ms)
0,27.3226,0.296085,521.554
1,24.3532,0.372586,1082.93
2,24.3532,0.372586,1608.38
3,19.7515,0.49114,1699.46
4,16.8856,0.564975,2233.14
5,14.892,0.616335,2769.78
