Iteration,Cost,Cost reduction,time (ms)
0,5768.56,0.00112182,135.983
1,5729.93,0.00781137,234.31
2,5679.87,0.0164798,337.711
3,5474.33,0.052071,454.879
4,3323.23,0.424552,569.124
5,1012.63,0.824655,686.599
