Iteration,Cost,Cost reduction,time (ms)
0,104.991,0.341698,51.371
1,63.9099,0.59928,147.587
2,63.9099,0.59928,531.186
3,24.9663,0.84346,903.465
4,19.7782,0.875989,1031.7
5,19.7782,0.875989,1142.64
6,16.9628,0.893642,1198.78
7,16.9628,0.893642,1264.98
