Iteration,Cost,Cost reduction,time (ms)
0,29.2086,0.350073,184.643
1,12.3635,0.724896,373.067
2,10.8021,0.759641,574.88
3,9.35584,0.791821,770.548
4,8.62958,0.807981,967.314
5,4.43177,0.901387,1155.19
