Iteration,Cost,Cost reduction,time (ms)
0,98.4552,0.204668,527.388
1,42.3622,0.657793,1098.93
2,33.9421,0.725812,1652.32
3,33.8734,0.726367,2239.33
4,23.1851,0.812708,2823.63
5,23.1851,0.812708,3363.04
