Iteration,Cost,Cost reduction,time (ms)
0,72.282,0.20641,156.023
1,12.048,0.867724,282.448
2,2.07319,0.977238,418.443
3,2.0244,0.977774,558.105
4,1.77895,0.980469,698.583
5,1.66844,0.981682,841.613
