Iteration,Cost,Cost reduction,time (ms)
0,5066.46,0.00127671,412.81
1,5027.81,0.00889373,810.57
2,4977.97,0.0187187,1205.22
3,4287.66,0.154797,1703.97
4,1782.12,0.648699,2335.25
5,975.507,0.807703,2876.86
