Iteration,Cost,Cost reduction,time (ms)
0,4454.91,0.00145191,137.475
1,4416.28,0.0101118,235.859
2,4366.38,0.0212946,340.139
3,4352.49,0.0244088,462.567
4,3313.44,0.257307,589.328
5,2031.96,0.544546,741.287
