Iteration,Cost,Cost reduction,time (ms)
0,5355.33,0.00120779,177.664
1,5316.69,0.00841446,335.015
2,5266.85,0.0177094,502.808
3,4542.61,0.152784,692.821
4,2753.91,0.486385,909.001
5,1409.39,0.737143,1111.19
