Iteration,Cost,Cost reduction,time (ms)
0,5107.95,0.00126769,134.465
1,5069.32,0.00881967,232.769
2,5019.42,0.018577,337.837
3,5001.39,0.0221011,458.834
4,3445.86,0.326247,596.126
5,3445.86,0.326247,791.712
