Iteration,Cost,Cost reduction,time (ms)
0,4455.48,0.00145136,179.962
1,4416.84,0.0101114,340.343
2,4367,0.0212809,508.523
3,3693.48,0.172229,700.176
4,1620.19,0.636888,916.626
5,1062.98,0.761768,1111.9
