Iteration,Cost,Cost reduction,time (ms)
0,21.2778,0.438598,109.947
1,16.8466,0.555514,184.451
2,16.8466,0.555514,255.967
3,16.8466,0.555514,305.828
4,16.8466,0.555514,356.118
5,16.8466,0.555514,406.856
