Iteration,Cost,Cost reduction,time (ms)
0,118.314,0.0259669,155.288
1,75.1954,0.380943,275.647
2,53.9513,0.555838,387.262
3,44.1741,0.636331,510.607
4,40.4778,0.666761,630.835
5,39.7358,0.67287,756.785
