Iteration,Cost,Cost reduction,time (ms)
0,76.4947,0.417293,214.644
1,57.2149,0.564159,414.634
2,31.0218,0.763688,624.286
3,31.0218,0.763688,828.951
4,30.6412,0.766587,915.918
5,19.8714,0.848628,1127.43
