Iteration,Cost,Cost reduction,time (ms)
0,4447.85,0.00145402,136.841
1,4409.22,0.0101272,236.24
2,4359.33,0.0213262,340.148
3,4342.5,0.0251055,460.832
4,3491.36,0.216187,593.871
5,2467.04,0.446147,749.659
