Iteration,Cost,Cost reduction,time (ms)
0,46.9027,0.259301,152.313
1,6.77873,0.892948,265.424
2,4.65513,0.926485,387.811
3,3.66908,0.942057,510.277
4,1.69327,0.973259,633.233
5,1.69327,0.973259,755.748
