Iteration,Cost,Cost reduction,time (ms)
0,21.4968,0.441204,556.779
1,8.40571,0.781499,1078.57
2,6.68457,0.826239,1573.39
3,6.0536,0.842641,2067.57
4,6.0536,0.842641,2548.23
5,6.0536,0.842641,2636.04
