Iteration,Cost,Cost reduction,time (ms)
0,5143.64,0.0012577,145.289
1,5105,0.00875969,244.139
2,5054.94,0.01848,347.192
3,5012.34,0.026753,463.892
4,3733.67,0.275032,579.132
5,2935.87,0.429942,714.707
