Iteration,Cost,Cost reduction,time (ms)
0,23.9107,0.406717,186.901
1,13.6372,0.661626,357.816
2,5.4197,0.865524,524.988
3,5.35738,0.86707,690.952
4,5.35738,0.86707,854.336
5,4.15838,0.89682,924.921
