Iteration,Cost,Cost reduction,time (ms)
0,47.0623,0.700558,80.544
1,33.3181,0.788008,182.889
2,33.3181,0.788008,395.119
3,22.4474,0.857175,470.131
4,22.4474,0.857175,604.699
5,22.4474,0.857175,651.486
6,22.4474,0.857175,676.632
