Iteration,Cost,Cost reduction,time (ms)
0,451.833,0.680337,17.564
1,451.833,0.680337,25.807
2,424.085,0.699969,36.188
3,424.085,0.699969,43.835
4,424.085,0.699969,50.921
5,424.085,0.699969,60.296
6,424.085,0.699969,69.257
