Iteration,Cost,Cost reduction,time (ms)
0,5666.03,0.00114159,141.742
1,5627.39,0.0079528,240.053
2,5577.34,0.0167765,343.928
3,5423.88,0.0438288,460.849
4,3251.39,0.426816,571.321
5,1452.22,0.74399,682.618
