Iteration,Cost,Cost reduction,time (ms)
0,79.0988,0.351323,154.015
1,60.4574,0.504198,262.392
2,22.3332,0.816849,380.639
3,20.1244,0.834963,503.504
4,3.67185,0.969888,632.826
5,3.50516,0.971255,760.762
6,3.23598,0.973462,890.836
7,2.61946,0.978518,1023.74
8,2.51077,0.97941,1161.47
9,2.5073,0.979438,1298.05
