Iteration,Cost,Cost reduction,time (ms)
0,29.9514,0.316335,103.676
1,29.4446,0.327902,176.219
2,29.4446,0.327902,245.874
3,24.6039,0.438397,298.086
4,13.7653,0.685795,374.769
5,12.1775,0.722039,452.596
