Iteration,Cost,Cost reduction,time (ms)
0,4179.48,0.0015472,156.577
1,4140.84,0.0107768,255.784
2,4090.96,0.0226943,360.698
3,3474.61,0.169937,482.012
4,2932.59,0.299422,605.02
5,1928.25,0.539353,768.593
