Iteration,Cost,Cost reduction,time (ms)
0,4218.31,0.00153274,137.405
1,4179.68,0.0106779,234.351
2,4129.79,0.0224851,339.974
3,4069.16,0.0368368,461.45
4,2349.05,0.443983,583.636
5,2349.05,0.443983,825.211
