Iteration,Cost,Cost reduction,time (ms)
0,27.0766,0.333492,113.986
1,20.3647,0.498709,189.637
2,18.1082,0.554256,266.958
3,10.5789,0.739594,353.426
4,9.66625,0.762059,454.115
5,9.66625,0.762059,553.212
