Iteration,Cost,Cost reduction,time (ms)
0,39.4839,0.00346139,259.73
1,19.7165,0.502372,335.119
2,19.7165,0.502372,420.102
3,19.7165,0.502372,466.353
4,19.7165,0.502372,512.755
5,10.7066,0.729774,582.899
6,10.7066,0.729774,670.337
