Iteration,Cost,Cost reduction,time (ms)
0,4510.02,0.00143413,414.761
1,4471.38,0.00998953,812.113
2,4421.53,0.0210254,1208.98
3,4406.91,0.0242638,1710.64
4,2526.28,0.440654,2208.87
5,1345.66,0.702057,2951.11
