Iteration,Cost,Cost reduction,time (ms)
0,30.2974,0.316654,108.694
1,30.2974,0.316654,183.38
2,30.2974,0.316654,229.936
3,30.2974,0.316654,278.008
4,30.2974,0.316654,321.869
5,30.2974,0.316654,383.323
