Iteration,Cost,Cost reduction,time (ms)
0,90.9805,0.405853,211.224
1,72.9851,0.523372,418.279
2,18.1699,0.881342,627.114
3,12.558,0.91799,835.037
4,9.95681,0.934977,1043.04
5,9.95681,0.934977,1246.99
