Iteration,Cost,Cost reduction,time (ms)
0,5335.53,0.00121213,414.451
1,5296.89,0.00844556,810.462
2,5247.06,0.0177742,1207.42
3,5107.38,0.0439216,1714.83
4,3177.98,0.405095,2276.84
5,2829.02,0.470421,2784.46
