Iteration,Cost,Cost reduction,time (ms)
0,32.5422,0.327795,105.593
1,16.5647,0.657832,182.671
2,8.30499,0.828449,262.129
3,5.73979,0.881437,341.833
4,5.50698,0.886246,423.731
5,5.00782,0.896556,506.709
