Iteration,Cost,Cost reduction,time (ms)
0,33.8132,0.273766,100.871
1,13.2301,0.715846,174.992
2,13.2301,0.715846,246.954
3,13.2301,0.715846,297.524
4,13.2301,0.715846,348.632
5,13.2301,0.715846,400.747
