Iteration,Cost,Cost reduction,time (ms)
0,30.5493,0.314896,109.719
1,17.5565,0.606275,188.669
2,15.9992,0.641198,268.349
3,8.40169,0.811582,353.857
4,8.40169,0.811582,453.945
5,8.30952,0.813649,508.339
