Iteration,Cost,Cost reduction,time (ms)
0,113.099,0.292279,146.205
1,63.6853,0.601487,256.283
2,44.8714,0.719215,373.485
3,34.8583,0.781873,488.13
4,31.0785,0.805525,604.695
5,31.0785,0.805525,717.605
