Iteration,Cost,Cost reduction,time (ms)
0,23.5655,0.488559,106.099
1,21.5321,0.53269,176.461
2,19.8224,0.569795,250.113
3,11.3352,0.753993,326.762
4,11.3352,0.753993,401.718
5,11.3352,0.753993,447.114
