Iteration,Cost,Cost reduction,time (ms)
0,32.4898,0.292529,173.879
1,32.4898,0.292529,349.833
2,25.3172,0.448711,417.415
3,25.3172,0.448711,585.905
4,24.5946,0.464447,654.877
5,22.797,0.503591,821.607
