Iteration,Cost,Cost reduction,time (ms)
0,21.3086,0.451091,557.646
1,9.14198,0.764503,1078.12
2,9.14198,0.764503,1590.92
3,9.14198,0.764503,1682.98
4,8.93774,0.769764,1745.67
5,8.93774,0.769764,2243.01
