Iteration,Cost,Cost reduction,time (ms)
0,48.1023,0.136098,204.451
1,24.4219,0.561391,403.905
2,15.3595,0.724149,613.413
3,9.39266,0.831311,822.96
4,7.77456,0.860371,1008.41
5,5.66504,0.898258,1194.5
