Iteration,Cost,Cost reduction,time (ms)
0,5871.93,0.0011153,130.235
1,5834.07,0.00755582,227.744
2,5784.73,0.0159485,329.221
3,4780.24,0.186824,437.107
4,4348.48,0.260272,547.203
5,3589.88,0.389319,659.857
6,2874.7,0.51098,770.971
7,2193.83,0.626803,881.816
8,2188.04,0.627788,991.88
