Iteration,Cost,Cost reduction,time (ms)
0,4920.71,0.00131462,134.887
1,4882.07,0.00915602,232.558
2,4832.01,0.0193161,337.093
3,4790.87,0.0276663,451.32
4,3440.21,0.301789,566.643
5,3440.21,0.301789,697.587
