Iteration,Cost,Cost reduction,time (ms)
0,4608.09,0.00140346,412.266
1,4569.45,0.0097771,812.537
2,4519.61,0.0205777,1209.4
3,3843,0.167202,1713.65
4,2107.41,0.543313,2341.99
5,1250.23,0.729069,2893.95
