Iteration,Cost,Cost reduction,time (ms)
0,26.5166,0.419354,105.907
1,15.2642,0.665752,180.936
2,12.7352,0.721132,259.38
3,12.4872,0.726562,342.313
4,12.4872,0.726562,424.214
5,10.8982,0.761357,475.957
