Iteration,Cost,Cost reduction,time (ms)
0,84.2991,0.368256,147.167
1,74.6871,0.440289,253.65
2,10.8289,0.918847,362.477
3,8.74405,0.934471,473.247
4,8.33051,0.93757,583.723
5,7.88274,0.940926,693.723
