Iteration,Cost,Cost reduction,time (ms)
0,95.5657,0.278586,537.357
1,54.5743,0.588025,1082.34
2,35.1523,0.734639,1611.39
3,24.0128,0.818731,2147.91
4,24.0128,0.818731,2684.25
