Iteration,Cost,Cost reduction,time (ms)
0,5807.65,0.00111393,412.434
1,5769.01,0.00775992,810.171
2,5719.17,0.0163322,1204.7
3,4994.15,0.141031,1704.21
4,1994.08,0.657028,2327.79
5,1624.45,0.720603,2866.34
