Iteration,Cost,Cost reduction,time (ms)
0,5872,0.0011019,135.858
1,5833.37,0.00767379,232.106
2,5783.48,0.0161601,334.899
3,5615.39,0.0447555,458.613
4,3962,0.326016,596.585
5,2929.6,0.50164,753.499
