Iteration,Cost,Cost reduction,time (ms)
0,4312.49,0.00149933,413.266
1,4273.85,0.0104461,811.404
2,4224.02,0.021985,1208.48
3,4185.29,0.0309527,1710.25
4,2842.43,0.341872,2246.59
5,2360.96,0.453351,3041.35
