Iteration,Cost,Cost reduction,time (ms)
0,115.202,0.0281879,207.449
1,66.1374,0.442082,399.553
2,47.279,0.601166,599.443
3,38.7199,0.673369,799.283
4,18.1389,0.846985,1002.18
5,15.5779,0.868589,1201.2
