Iteration,Cost,Cost reduction,time (ms)
0,33.2892,0.296266,105.086
1,22.7229,0.519639,178.336
2,16.1824,0.657903,252.826
3,16.1824,0.657903,327.241
4,16.0925,0.659805,378.925
5,15.7115,0.667859,456.698
