Iteration,Cost,Cost reduction,time (ms)
0,33.3908,0.285543,106.66
1,29.2501,0.374141,184.051
2,24.832,0.468675,272.164
3,24.2228,0.481709,365.68
4,23.5329,0.49647,455.733
5,22.4043,0.520618,547.472
