Iteration,Cost,Cost reduction,time (ms)
0,98.7292,0.205832,148.489
1,62.4526,0.497637,254.772
2,20.6473,0.833915,372.02
3,11.6704,0.906125,492.15
4,9.38259,0.924527,610.468
5,8.74887,0.929625,730.33
