Iteration,Cost,Cost reduction,time (ms)
0,5768.56,0.00112139,179.04
1,5729.92,0.00781239,336.526
2,5680.08,0.0164424,505.295
3,4932.45,0.145901,696.491
4,1917.09,0.668039,905.472
5,1917.09,0.668039,1107.82
