Iteration,Cost,Cost reduction,time (ms)
0,4447.8,0.0014723,133.161
1,4409.94,0.00997176,229.804
2,4360.6,0.0210485,332.317
3,3489.62,0.216584,440.033
4,1447.31,0.675079,550.501
5,1423.86,0.680345,657.103
