Iteration,Cost,Cost reduction,time (ms)
0,34.3595,0.217547,2203.29
1,17.7253,0.59635,4448.68
2,17.7253,0.59635,6885.37
3,16.9403,0.614226,7049.09
4,16.6494,0.620852,9469.56
5,16.6494,0.620852,11848.7
