Iteration,Cost,Cost reduction,time (ms)
0,4284.88,0.00150864,176.476
1,4246.24,0.0105131,336.307
2,4196.41,0.0221244,505.301
3,3579.04,0.165988,702.102
4,1785.49,0.583933,919.613
5,859.89,0.799623,1118.24
