Iteration,Cost,Cost reduction,time (ms)
0,26.5493,0.35073,598.694
1,13.623,0.666845,1195.59
2,11.2271,0.725439,1804.03
3,10.5714,0.741473,2376.13
4,7.02642,0.828167,2950.64
5,5.20343,0.872749,3531.13
