Iteration,Cost,Cost reduction,time (ms)
0,115.658,0.311079,570.608
1,95.4245,0.431602,1133.31
2,58.8085,0.649706,1691.46
3,55.2082,0.671151,2233.18
4,55.2082,0.671151,2769.44
5,47.073,0.719609,2863.15
