Iteration,Cost,Cost reduction,time (ms)
0,4929.01,0.00131179,176.811
1,4890.37,0.00914108,335.12
2,4840.54,0.0192376,503.094
3,4791.61,0.0291503,689.239
4,3309.64,0.329419,885.97
5,2203.43,0.553553,1096.42
