Iteration,Cost,Cost reduction,time (ms)
0,41.1219,0.74657,241.039
1,41.1219,0.74657,414.736
2,41.1219,0.74657,489.355
3,41.1219,0.74657,563.491
4,41.1219,0.74657,639.205
5,41.1219,0.74657,711.783
