Iteration,Cost,Cost reduction,time (ms)
0,5697.88,0.00113551,179.226
1,5659.24,0.00790934,335.728
2,5609.4,0.0166474,503.519
3,4858.61,0.148264,694.263
4,2995.51,0.474874,907.458
5,1500.25,0.737,1104.75
