Iteration,Cost,Cost reduction,time (ms)
0,79.6495,0.389251,581.379
1,63.5078,0.513026,1119.56
2,47.9308,0.632469,1636.25
3,37.1391,0.715219,2167.3
4,37.1391,0.715219,2710.96
5,37.1391,0.715219,2801.31
