Iteration,Cost,Cost reduction,time (ms)
0,58.8504,0.330013,225.455
1,36.5851,0.583494,432.864
2,25.8951,0.705196,638.793
3,13.0809,0.85108,845.623
4,12.4699,0.858036,1061.96
5,9.69916,0.889579,1274.99
