Iteration,Cost,Cost reduction,time (ms)
0,7.753087436846476,0.0,81.44021034240723
1,7.668289572149117,0.01093730276977889,368.8828945159912
2,4.418186953310105,0.4301383817351636,884.9263191223145
3,4.158478473047024,0.46363580871229515,1684.5073699951172
4,3.4612518921001643,0.5535647030561532,2727.54168510437
5,3.210623331342842,0.5858909940723247,3666.0614013671875
6,3.122165248203089,0.5973003950187602,4569.551229476929
7,3.071524754432455,0.6038320502055656,5604.104042053223
8,3.070671965596188,0.6039420436556864,6611.49787902832
