Iteration,Cost,Cost reduction,time (ms)
0,87.8462,0.344445,150.784
1,46.3105,0.654406,258.09
2,46.0194,0.656579,377.048
3,46.0194,0.656579,498.185
4,44.6688,0.666658,578.818
5,42.2982,0.684348,706.104
