Iteration,Cost,Cost reduction,time (ms)
0,661.448,0.559072,20.851
1,661.448,0.559072,28.313
2,659.592,0.560309,34.481
3,659.592,0.560309,41.581
4,659.592,0.560309,49.338
5,659.592,0.560309,55.898
6,659.592,0.560309,69.538
