Iteration,Cost,Cost reduction,time (ms)
0,26.2663,0.367524,591.775
1,16.0087,0.614521,1164.15
2,12.1608,0.707176,1744.28
3,11.2717,0.728586,2365.55
4,5.12563,0.876578,2980.06
5,4.06465,0.902126,3627.88
