Iteration,Cost,Cost reduction,time (ms)
0,28.1754,0.334338,107.091
1,14.6265,0.65444,185.629
2,10.0783,0.761894,266.515
3,9.73898,0.76991,355.548
4,5.00653,0.881718,443.161
5,4.90007,0.884233,528.176
