Iteration,Cost,Cost reduction,time (ms)
0,60.8062,0.426723,147.992
1,29.0557,0.726065,251.799
2,21.2015,0.800113,369.136
3,21.2015,0.800113,484.76
4,20.1637,0.809898,565.568
5,20.1637,0.809898,677.403
