Iteration,Cost,Cost reduction,time (ms)
0,25.4726,0.385856,106.624
1,15.6948,0.621599,179.638
2,12.1696,0.70659,255.879
3,11.7874,0.715805,337.179
4,11.7874,0.715805,420.473
5,11.05,0.733584,473.595
