Iteration,Cost,Cost reduction,time (ms)
0,4463.4,0.00144911,143.776
1,4424.76,0.0100928,243.151
2,4374.7,0.0212924,348.413
3,4334.92,0.0301927,462.759
4,3192.77,0.285714,577.777
5,2639.73,0.40944,711.949
