Iteration,Cost,Cost reduction,time (ms)
0,25.318,0.371978,188.371
1,15.8665,0.606427,365.699
2,15.414,0.617651,544.124
3,12.0809,0.700329,720.957
4,12.0809,0.700329,899.829
5,8.06062,0.800054,970.341
