Iteration,Cost,Cost reduction,time (ms)
0,84.5285,0.368435,145.915
1,75.066,0.439135,253.067
2,23.0721,0.827614,366.993
3,23.0721,0.827614,486.29
4,23.0721,0.827614,573.914
5,23.0721,0.827614,664.579
