Iteration,Cost,Cost reduction,time (ms)
0,4642.67,0.00139322,160.052
1,4604.03,0.00970323,260.411
2,4553.98,0.0204702,365.826
3,3855.33,0.170744,483.208
4,3038.39,0.346462,600.455
5,2623.66,0.435668,747.516
