Iteration,Cost,Cost reduction,time (ms)
0,24.4199,0.35537,105.561
1,15.4966,0.590926,180.923
2,10.8266,0.714202,263.444
3,10.8266,0.714202,354.366
4,9.34712,0.753257,407.37
5,9.34712,0.753257,500.857
