Iteration,Cost,Cost reduction,time (ms)
0,23.2578,0.414163,113.265
1,17.6421,0.555615,192.698
2,15.8428,0.600937,280.279
3,13.1392,0.669038,361.571
4,13.1392,0.669038,462.049
5,13.1392,0.669038,526.475
6,13.1392,0.669038,590.639
