Iteration,Cost,Cost reduction,time (ms)
0,85.4748,0.303991,220.891
1,25.8469,0.789533,419.424
2,20.1924,0.835576,625.076
3,6.82567,0.94442,821.32
4,5.23604,0.957364,1020.88
5,5.23604,0.957364,1211.33
