Iteration,Cost,Cost reduction,time (ms)
0,90.7272,0.319511,203.755
1,76.9595,0.422775,317.293
2,33.7154,0.747121,443.345
3,33.7154,0.747121,603.439
4,31.1509,0.766357,702.556
5,28.0787,0.789399,1065.06
