Iteration,Cost,Cost reduction,time (ms)
0,90.2978,0.268235,155.622
1,60.5485,0.509321,275.455
2,42.1124,0.658725,393.742
3,20.5743,0.833268,534.049
4,20.5743,0.833268,682.784
5,20.5743,0.833268,763.634
