Iteration,Cost,Cost reduction,time (ms)
0,4711.46,0.00137268,180.227
1,4672.82,0.00956285,338.436
2,4622.98,0.0201266,506.146
3,3936.65,0.1656,693.591
4,1928.36,0.59127,908.708
5,1230.37,0.739215,1110.95
