Iteration,Cost,Cost reduction,time (ms)
0,158.846,0.060365,155.822
1,89.6173,0.469878,269.788
2,21.6124,0.872154,404.775
3,16.8764,0.900169,574.472
4,10.6643,0.936917,788.226
5,10.2491,0.939372,1008.34
