Iteration,Cost,Cost reduction,time (ms)
0,38.5965,0.12057,552.007
1,13.689,0.688093,1106.32
2,12.7732,0.70896,1637.2
3,9.89826,0.774466,2165.49
4,9.89826,0.774466,2724.8
