Iteration,Cost,Cost reduction,time (ms)
0,4711.44,0.00137259,137.963
1,4672.8,0.00956144,236.223
2,4622.75,0.0201699,339.049
3,4415.76,0.0640448,454.029
4,3482.88,0.261776,571.996
5,2686.27,0.430623,769.559
