Iteration,Cost,Cost reduction,time (ms)
0,28.4201,0.333964,101.712
1,25.8067,0.39521,174.817
2,21.2559,0.501861,248.575
3,21.2559,0.501861,321.519
4,16.9437,0.602917,374.197
5,16.7184,0.608197,451.741
