Iteration,Cost,Cost reduction,time (ms)
0,26.0002,0.375853,109.151
1,16.9692,0.592647,184.538
2,16.9692,0.592647,260.367
3,16.9692,0.592647,310.197
4,16.9692,0.592647,361.039
5,16.964,0.592771,413.237
