Iteration,Cost,Cost reduction,time (ms)
0,41.9091,0.347411,758.18
1,32.913,0.487495,1485
2,24.6886,0.61556,2226.27
3,24.6886,0.61556,2983.55
4,24.6886,0.61556,3459.81
