Iteration,Cost,Cost reduction,time (ms)
0,131.686,0.154795,586.522
1,72.2565,0.536233,1150.75
2,15.9398,0.897693,1784.78
3,15.4051,0.901125,2373.06
4,9.23272,0.940741,2968.36
5,8.79009,0.943582,3518.48
