Iteration,Cost,Cost reduction,time (ms)
0,21.1303,0.432494,108.722
1,14.2414,0.617511,179.688
2,5.87173,0.8423,254.846
3,5.87173,0.8423,340.136
4,5.79651,0.84432,393.164
5,5.79651,0.84432,481.37
