Iteration,Cost,Cost reduction,time (ms)
0,127.092,0.169906,90.654
1,127.092,0.169906,183.595
2,127.092,0.169906,238.369
3,127.092,0.169906,271.576
4,108.175,0.29346,307.627
5,102.177,0.332639,347.217
6,101.195,0.339048,404.828
