Iteration,Cost,Cost reduction,time (ms)
0,95.8944,0.410818,160.38
1,91.383,0.438536,273.555
2,91.383,0.438536,401.938
3,79.1745,0.513546,481.679
4,79.1745,0.513546,615.697
5,79.1745,0.513546,694.23
