Iteration,Cost,Cost reduction,time (ms)
0,113.07,0.330029,211.548
1,67.9479,0.597388,417.62
2,64.269,0.619187,621.184
3,49.7084,0.705463,828.162
4,42.2316,0.749765,1027.15
5,19.5946,0.883896,1228.86
