Iteration,Cost,Cost reduction,time (ms)
0,4615.77,0.00140154,149.883
1,4577.13,0.00975949,247.423
2,4527.24,0.0205532,351.048
3,4512.1,0.0238292,472.524
4,2934.18,0.365205,614.971
5,2315.27,0.499102,827.492
