Iteration,Cost,Cost reduction,time (ms)
0,4776.83,0.00137069,131.996
1,4738.97,0.00928566,228.821
2,4689.64,0.0195995,329.611
3,3798.35,0.20593,437.302
4,3351.28,0.299393,545.901
5,2779.13,0.419003,658.548
