Iteration,Cost,Cost reduction,time (ms)
0,23.171,0.00340393,58.485
1,23.171,0.00340393,78.914
2,11.7563,0.494356,87.58
3,11.7563,0.494356,97.255
4,6.7214,0.71091,103.454
5,3.87827,0.833194,109.355
6,3.87827,0.833194,121.313
