Iteration,Cost,Cost reduction,time (ms)
0,32.4704,0.29258,111.308
1,29.88,0.349016,189.441
2,29.88,0.349016,270.564
3,26.9763,0.412278,325.715
4,26.08,0.431806,413.056
5,25.2676,0.449505,501.576
