Iteration,Cost,Cost reduction,time (ms)
0,27.999,0.382779,106.816
1,18.5355,0.591396,180.584
2,18.5165,0.591815,256.411
3,16.8226,0.629155,344.277
4,16.6405,0.63317,432.489
5,16.6405,0.63317,521.696
