Iteration,Cost,Cost reduction,time (ms)
0,4711.46,0.00137271,416.098
1,4672.82,0.00956287,812.682
2,4622.98,0.0201268,1208.39
3,3947.44,0.163313,1709.73
4,2295.67,0.513417,2336.19
5,1275.41,0.729668,2878.92
