Iteration,Cost,Cost reduction,time (ms)
0,4606.13,0.00140422,179.859
1,4567.49,0.00978135,336.522
2,4517.65,0.0205871,504.133
3,3890.75,0.156497,695.933
4,1738.72,0.62305,921.048
5,1083.51,0.765099,1121.99
