Iteration,Cost,Cost reduction,time (ms)
0,38.5549,0.107575,947.698
1,38.5549,0.107575,1725.62
2,38.5549,0.107575,1783.69
3,38.5549,0.107575,1874.55
4,38.5549,0.107575,1928.47
5,38.5549,0.107575,1979.51
6,38.5549,0.107575,2029.83
