Iteration,Cost,Cost reduction,time (ms)
0,5343.04,0.00122577,131.897
1,5305.18,0.00830294,229.07
2,5255.84,0.0175262,329.984
3,4300.05,0.196192,437.281
4,3453.21,0.354491,545.148
5,3453.21,0.354491,649.444
