Iteration,Cost,Cost reduction,time (ms)
0,30.3512,0.310183,552.047
1,13.1379,0.701405,1083.35
2,9.65439,0.780576,1596.23
3,9.51366,0.783775,2112.53
4,6.25926,0.85774,2619.26
5,6.25926,0.85774,3118.45
