Iteration,Cost,Cost reduction,time (ms)
0,71.0845,0.403483,221.759
1,46.2442,0.611934,427.746
2,12.3498,0.896364,635.16
3,12.3498,0.896364,842.913
4,12.3498,0.896364,925.624
5,12.3498,0.896364,1003.91
