Iteration,Cost,Cost reduction,time (ms)
0,27.012,0.327433,112.818
1,21.7107,0.45943,190.222
2,16.2479,0.595446,268.455
3,13.9421,0.652858,350.677
4,13.7703,0.657136,437.421
5,13.7703,0.657136,525.802
