Iteration,Cost,Cost reduction,time (ms)
0,68.1594,0.377156,578.871
1,48.668,0.555269,1131.14
2,36.9504,0.662345,1674.92
3,36.9504,0.662345,2210.43
4,36.9504,0.662345,2300.59
5,36.7591,0.664094,2377.7
