Iteration,Cost,Cost reduction,time (ms)
0,42.4734,0.15113,14.009
1,42.4734,0.15113,26.536
2,39.5149,0.210259,31.388
3,39.5149,0.210259,42.492
4,33.3273,0.333923,47.305
5,25.2672,0.495012,57.232
6,14.333,0.713543,68.52
7,10.5314,0.78952,79.028
8,10.5314,0.78952,88.899
