Iteration,Cost,Cost reduction,time (ms)
0,5366.51,0.00120514,155.026
1,5327.87,0.00839604,256.034
2,5277.82,0.0177111,360.015
3,5250.35,0.0228232,477.621
4,3467.08,0.354719,593.421
5,2789.28,0.480868,788.491
