Iteration,Cost,Cost reduction,time (ms)
0,69.739,0.0307602,151.596
1,60.3037,0.161893,259.811
2,31.5137,0.562019,371.451
3,9.03337,0.874453,493.239
4,4.74166,0.9341,610.23
5,2.07229,0.971199,723.874
6,2.02221,0.971895,836.81
7,1.61729,0.977523,949.581
8,0.836437,0.988375,1074.03
9,0.836437,0.988375,1203.12
