Iteration,Cost,Cost reduction,time (ms)
0,26.5244,0.357014,108.346
1,15.1641,0.632402,184.693
2,13.1613,0.680952,261.812
3,12.2666,0.702641,348.256
4,8.18743,0.801526,446.874
5,8.18743,0.801526,558.943
