Iteration,Cost,Cost reduction,time (ms)
0,58.6734,0.394661,142.221
1,26.7756,0.723753,255.605
2,23.997,0.752421,374.074
3,12.3709,0.872368,502.748
4,3.0419,0.968616,634.033
5,3.0419,0.968616,765.623
