Iteration,Cost,Cost reduction,time (ms)
0,111.566,0.149096,147.63
1,105.689,0.193917,259.493
2,79.4843,0.393779,384.739
3,38.4524,0.706726,537.055
4,11.3222,0.913646,710.195
5,10.9527,0.916465,903.817
