Iteration,Cost,Cost reduction,time (ms)
0,48.2617,0.209673,145.308
1,9.62795,0.842334,264.775
2,7.94879,0.869832,391.961
3,2.31028,0.962167,521.658
4,1.81621,0.970258,648.968
5,0.913946,0.985033,776.864
