Iteration,Cost,Cost reduction,time (ms)
0,4540.32,0.00142393,410.55
1,4501.68,0.00992252,809.388
2,4451.85,0.0208821,1206.64
3,4307.86,0.0525504,1709.08
4,3241.5,0.287079,2252.69
5,2477.72,0.455061,2800.19
