Iteration,Cost,Cost reduction,time (ms)
0,25.101,0.329292,183.924
1,16.1247,0.569142,356.183
2,6.8546,0.816842,522.105
3,5.69663,0.847784,692.918
4,5.69663,0.847784,858.917
5,4.50217,0.8797,927.57
