Iteration,Cost,Cost reduction,time (ms)
0,5164.12,0.00125231,179.947
1,5125.48,0.00872554,337.593
2,5075.64,0.0183634,505.985
3,5018.6,0.0293946,696.605
4,3373.49,0.347562,898.774
5,2439.51,0.528196,1109.36
