Iteration,Cost,Cost reduction,time (ms)
0,31.1758,0.310795,104.108
1,17.5733,0.611505,176.554
2,17.5733,0.611505,247.67
3,16.9585,0.625097,297.741
4,16.9213,0.625919,373.904
5,15.089,0.666427,453.08
