Iteration,Cost,Cost reduction,time (ms)
0,27.0595,0.327506,105.646
1,12.0549,0.700407,183.742
2,10.7758,0.732195,273.185
3,6.14712,0.847229,367.981
4,5.37827,0.866337,458.425
5,3.301,0.917962,566.355
