Iteration,Cost,Cost reduction,time (ms)
0,4454.82,0.00146956,128.954
1,4416.96,0.00995585,222.869
2,4367.62,0.0210144,315.848
3,3518.61,0.211316,412.836
4,3152.88,0.293293,510.93
5,2615.26,0.413799,612.343
6,1549.6,0.652663,713.854
7,1519.51,0.659408,814.141
8,1502.76,0.663161,915.304
9,1496.42,0.664583,1016.63
