Iteration,Cost,Cost reduction,time (ms)
0,63.3605,0.129121,208.276
1,49.4534,0.320271,328.822
2,35.7168,0.509079,461.105
3,25.9509,0.64331,602.563
4,22.3665,0.692577,756.594
5,17.9608,0.753132,904.004
