Iteration,Cost,Cost reduction,time (ms)
0,106.221,0.331604,581.969
1,80.3981,0.494097,1143.17
2,69.3966,0.563323,1669.37
3,24.9806,0.84281,2193.9
4,18.7632,0.881933,2717.41
5,14.5755,0.908284,3241.99
