Iteration,Cost,Cost reduction,time (ms)
0,26.6935,0.351131,111.244
1,17.4912,0.574822,190.566
2,13.2653,0.677545,275.243
3,12.3988,0.698608,360.303
4,11.7089,0.715379,450.284
5,11.4507,0.721653,537.517
