Iteration,Cost,Cost reduction,time (ms)
0,42.246,0.0139284,171.62
1,17.0342,0.602402,340.942
2,16.4125,0.616912,511.845
3,7.62982,0.821911,682.838
4,7.29854,0.829644,843.426
5,6.28301,0.853347,1001.56
