Iteration,Cost,Cost reduction,time (ms)
0,34.9214,0.187024,542.104
1,10.8475,0.747468,1133.08
2,6.04207,0.85934,1696.88
3,4.61769,0.8925,2231.28
4,4.06104,0.905458,2786.29
5,4.06104,0.905458,3318.99
