Iteration,Cost,Cost reduction,time (ms)
0,26.4497,0.356437,568.671
1,11.2896,0.725308,1170.53
2,5.58436,0.864124,1825.78
3,4.05709,0.901285,2472.46
4,3.30787,0.919514,3132.58
5,2.97017,0.927731,3772.19
