Iteration,Cost,Cost reduction,time (ms)
0,25.0389,0.361827,585.483
1,15.217,0.612161,1139.64
2,6.09133,0.844749,1700.46
3,4.60113,0.88273,2239.75
4,3.73424,0.904824,2799.32
5,3.73424,0.904824,3358.51
