Iteration,Cost,Cost reduction,time (ms)
0,101.276,0.217308,223.962
1,74.261,0.426088,454.713
2,5.50394,0.957464,663.502
3,2.69093,0.979204,884.795
4,2.21475,0.982884,1095.96
5,2.21475,0.982884,1303.92
