Iteration,Cost,Cost reduction,time (ms)
0,23.9554,0.585788,582.017
1,23.8383,0.587813,1144.16
2,18.8095,0.674764,1715.69
3,14.5116,0.74908,2231.46
4,10.4586,0.81916,2776.41
5,5.56809,0.903722,3361.72
