Iteration,Cost,Cost reduction,time (ms)
0,4540.35,0.00142453,181.975
1,4501.71,0.00992288,337.497
2,4451.86,0.020885,504.503
3,3789.56,0.166547,692.707
4,2002.02,0.559688,904.172
5,863.363,0.810117,1110.6
