Iteration,Cost,Cost reduction,time (ms)
0,78.6669,0.513775,147.839
1,68.1856,0.578558,257.868
2,68.1856,0.578558,370.794
3,63.4939,0.607557,451.046
4,63.4939,0.607557,567.195
5,62.4018,0.614307,651.713
