Iteration,Cost,Cost reduction,time (ms)
0,32.8071,0.800998,185.537
1,4.98444,0.969765,311.919
2,4.98444,0.969765,655.887
3,4.98444,0.969765,919.716
4,4.98444,0.969765,1181.82
5,4.98444,0.969765,1442.36
6,4.98444,0.969765,1706
