Iteration,Cost,Cost reduction,time (ms)
0,46.1438,0.329926,587.406
1,24.0074,0.651378,1128.95
2,7.46599,0.891583,1662.03
3,3.78561,0.945027,2244.14
4,2.24999,0.967327,2814.94
5,2.24999,0.967327,3402.02
