Iteration,Cost,Cost reduction,time (ms)
0,76.3291,0.385157,140.336
1,66.9784,0.460478,248.739
2,52.3637,0.578202,363.664
3,39.3138,0.683321,481.659
4,30.9866,0.750398,595.139
5,19.8284,0.840279,704.845
