Iteration,Cost,Cost reduction,time (ms)
0,33.5012,0.203744,112.564
1,20.2845,0.517879,184.611
2,20.2845,0.517879,257.481
3,15.6576,0.627852,309.841
4,14.0178,0.666825,389.198
5,13.2953,0.683998,470.809
