Iteration,Cost,Cost reduction,time (ms)
0,4842.94,0.00133546,178.976
1,4804.3,0.00930358,336.597
2,4754.46,0.0195809,504.828
3,4085.58,0.157511,694.756
4,1705.19,0.648372,909.196
5,1232.67,0.74581,1112.62
