Iteration,Cost,Cost reduction,time (ms)
0,4454.89,0.00145172,151.797
1,4416.25,0.0101113,252.571
2,4366.37,0.0212924,357.071
3,4343.88,0.0263342,477.609
4,2684.58,0.39826,607.841
5,2684.58,0.39826,824.694
