Iteration,Cost,Cost reduction,time (ms)
0,33.1758,0.181081,108.894
1,14.6254,0.638982,185.59
2,14.4984,0.642117,263.882
3,11.3264,0.720416,341.661
4,9.24172,0.771875,422.692
5,8.73263,0.784442,504.767
