Iteration,Cost,Cost reduction,time (ms)
0,69.6832,0.378406,222.781
1,63.5061,0.433508,434.525
2,35.1608,0.686356,644.126
3,16.9997,0.848358,851.903
4,13.445,0.880067,1052.88
5,10.0747,0.910131,1258.01
