Iteration,Cost,Cost reduction,time (ms)
0,32.9194,0.270009,177.837
1,32.9194,0.270009,358.663
2,29.0021,0.356876,427.925
3,29.0021,0.356876,603.69
4,28.5059,0.367879,670.575
5,26.7497,0.406823,851.594
