Iteration,Cost,Cost reduction,time (ms)
0,42.847,0.275163,578.133
1,18.6715,0.684137,1156.26
2,4.91589,0.916838,1704.27
3,4.91589,0.916838,2262.29
4,4.91589,0.916838,2351.87
5,4.91589,0.916838,2432.16
