Iteration,Cost,Cost reduction,time (ms)
0,115.385,0.171112,597.263
1,19.7723,0.857962,1232.27
2,8.52522,0.938758,1784.87
3,6.22702,0.955267,2294.49
4,6.22702,0.955267,2783.51
5,6.22702,0.955267,2869.42
