Iteration,Cost,Cost reduction,time (ms)
0,5820.02,0.00111171,148.89
1,5781.38,0.0077428,249.783
2,5731.32,0.0163347,354.276
3,5686.93,0.0239536,469.15
4,3922.51,0.32678,584.661
5,3922.51,0.32678,720.136
