Iteration,Cost,Cost reduction,time (ms)
0,4336.01,0.00149113,147.07
1,4297.37,0.0103884,245.958
2,4247.32,0.0219137,349.325
3,4212.79,0.0298658,464.36
4,2477.99,0.429361,579.883
5,2246.14,0.482752,751.849
