Iteration,Cost,Cost reduction,time (ms)
0,5.80706,0.852078,590.646
1,4.20536,0.892877,1165.09
2,4.20536,0.892877,1830.38
3,4.20536,0.892877,1963.4
4,4.20536,0.892877,2070.55
5,4.20536,0.892877,2153.31
6,4.20536,0.892877,2227.01
