Iteration,Cost,Cost reduction,time (ms)
0,28.1894,0.334799,104.966
1,12.353,0.708499,179.63
2,12.353,0.708499,252.223
3,11.8567,0.720211,307.393
4,9.512,0.77554,388.345
5,9.28086,0.780994,470.641
