Iteration,Cost,Cost reduction,time (ms)
0,31.1909,0.311859,182.62
1,31.1909,0.311859,364.915
2,24.6875,0.455339,430.39
3,24.6875,0.455339,597.942
4,23.7428,0.476181,660.266
5,23.7428,0.476181,819.252
