Iteration,Cost,Cost reduction,time (ms)
0,38.8485,0,81.67
1,38.8485,0,134.078
2,38.8485,0,178.208
3,38.8485,0,214.709
4,38.7002,0.00381853,254.005
5,38.7002,0.00381853,283.823
6,38.7002,0.00381853,304.333
