Iteration,Cost,Cost reduction,time (ms)
0,4970.57,0.00130162,138.734
1,4931.94,0.00906376,237.768
2,4882.05,0.019088,342.949
3,4866.94,0.0221237,465.461
4,3277.06,0.341566,607.069
5,2351.47,0.527538,821.397
