Iteration,Cost,Cost reduction,time (ms)
0,48.352,0.261809,155.11
1,22.4299,0.657562,308.286
2,14.2176,0.782941,471.083
3,8.04148,0.877231,637.792
4,4.66153,0.928832,832.876
5,4.66153,0.928832,1027.56
