Iteration,Cost,Cost reduction,time (ms)
0,5164.04,0.00126797,130.874
1,5126.18,0.00859026,227.808
2,5076.84,0.0181317,329.181
3,4144.37,0.198473,436.825
4,3748.43,0.275049,547.755
5,3126.25,0.395378,660.855
