Iteration,Cost,Cost reduction,time (ms)
0,5793.66,0.00111656,415.062
1,5755.02,0.0077786,811.613
2,5705.18,0.0163713,1206.89
3,5600.55,0.0344118,1708
4,3382.2,0.416876,2208.17
5,2958.22,0.489975,2956.04
