Iteration,Cost,Cost reduction,time (ms)
0,127.312,0.279579,144.176
1,80.4606,0.544696,257.223
2,80.4606,0.544696,375.737
3,80.4606,0.544696,461.54
4,80.3865,0.545115,553.196
5,80.3865,0.545115,675.498
