Iteration,Cost,Cost reduction,time (ms)
0,22.1161,0.436462,184.349
1,9.41975,0.759976,362.49
2,8.77173,0.776488,533.963
3,6.83126,0.825933,700.567
4,4.95229,0.873811,870.23
5,4.66042,0.881248,1039.77
