Iteration,Cost,Cost reduction,time (ms)
0,32.0967,0.315712,109.92
1,14.8814,0.682734,187.851
2,12.5528,0.732378,273.83
3,10.0711,0.785289,362.769
4,10.0711,0.785289,456.004
5,8.97988,0.808553,512.302
