Iteration,Cost,Cost reduction,time (ms)
0,5871.92,0.00111518,131.785
1,5834.06,0.00755576,227.743
2,5784.73,0.0159479,329.324
3,4795.79,0.184179,437.58
4,4449.01,0.24317,549.772
5,3568.19,0.393008,662.426
