Iteration,Cost,Cost reduction,time (ms)
0,4711.43,0.00137329,139.219
1,4672.81,0.0095609,239.051
2,4622.92,0.0201351,342.71
3,3970.78,0.158362,462.899
4,1838.62,0.61029,587.907
5,1559.32,0.669489,776.031
