Iteration,Cost,Cost reduction,time (ms)
0,4447.79,0.00147213,133.521
1,4409.93,0.00997168,230.077
2,4360.59,0.0210487,331.633
3,3494.86,0.215405,439.944
4,2772.07,0.377672,548.148
5,2750.84,0.382437,654.572
