Iteration,Cost,Cost reduction,time (ms)
0,32.1458,0.300842,179.533
1,27.5086,0.4017,368.318
2,20.7401,0.548912,551.945
3,11.4151,0.751725,718.605
4,7.28815,0.841486,884.849
5,6.78799,0.852364,1052.5
