Iteration,Cost,Cost reduction,time (ms)
0,29.0418,0.25834,582.768
1,24.2126,0.381666,1122.25
2,22.8673,0.416021,1688.44
3,18.9209,0.516805,2269.93
4,16.7989,0.570994,2873.71
5,16.5919,0.576282,3471.85
