Iteration,Cost,Cost reduction,time (ms)
0,934.379,0.15416,12.831
1,342.329,0.690109,29.928
2,342.329,0.690109,48.389
3,285.879,0.74121,56.987
4,217.162,0.803416,66.741
5,217.162,0.803416,75.216
6,207.345,0.812302,80.774
7,139.613,0.873616,102.327
8,139.613,0.873616,110.06
