Iteration,Cost,Cost reduction,time (ms)
0,20.1701,0.344755,101.277
1,20.1701,0.344755,221.882
2,20.1701,0.344755,287.783
3,20.1701,0.344755,332.432
4,14.4012,0.532162,363.078
5,14.4012,0.532162,411.098
6,13.4496,0.563077,442.208
7,13.4496,0.563077,479.997
