Iteration,Cost,Cost reduction,time (ms)
0,0.11248,0.838462,6.296
1,0.0912362,0.868971,10.301
2,0.0790165,0.886521,14.555
3,0.067548,0.902991,18.694
4,0.067548,0.902991,22.811
