Iteration,Cost,Cost reduction,time (ms)
0,27.3511,0.278386,571.494
1,17.5212,0.537732,1133.48
2,12.8923,0.659857,1633.39
3,11.7847,0.689081,2158.31
4,11.3488,0.70058,2676.48
5,10.1294,0.732753,3188.56
