Iteration,Cost,Cost reduction,time (ms)
0,117.161,0.303662,146.007
1,105.192,0.374796,256.115
2,85.1915,0.493669,369.03
3,83.0859,0.506183,484.686
4,47.9379,0.715084,606.441
5,12.829,0.923751,731.91
