Iteration,Cost,Cost reduction,time (ms)
0,4980.48,0.00129854,411.213
1,4941.84,0.00904693,807.072
2,4892,0.0190404,1203.53
3,4822.89,0.032898,1703.7
4,2792.57,0.440025,2194.93
5,2170.16,0.564832,2987.62
