Iteration,Cost,Cost reduction,time (ms)
0,40.9501,0.320706,151.011
1,23.82,0.604866,259.881
2,13.6251,0.773982,373.346
3,6.85582,0.886273,489.141
4,6.46013,0.892837,611.812
5,4.0736,0.932426,737.689
