Iteration,Cost,Cost reduction,time (ms)
0,54.6658,0.158106,202.664
1,26.5439,0.591205,397
2,8.80972,0.864324,598.154
3,3.38514,0.947866,806.19
4,3.38514,0.947866,1007.42
5,3.38514,0.947866,1087.23
