Iteration,Cost,Cost reduction,time (ms)
0,26.6407,0.355041,110.298
1,25.3555,0.386156,185.969
2,25.3555,0.386156,263.356
3,21.446,0.480801,317.523
4,11.3321,0.725655,409.902
5,9.21037,0.777021,507.98
