Iteration,Cost,Cost reduction,time (ms)
0,5392.34,0.00119929,180.239
1,5353.7,0.00835664,337.938
2,5303.86,0.017587,505.43
3,5041.18,0.066243,697.723
4,4463.36,0.17327,908.841
5,2900.16,0.462815,1115.22
