Iteration,Cost,Cost reduction,time (ms)
0,33.0379,0.449144,158.741
1,24.0528,0.598956,267.973
2,8.05933,0.865623,379.545
3,8.05933,0.865623,495.889
4,8.05933,0.865623,574.016
5,8.05933,0.865623,649.721
