Iteration,Cost,Cost reduction,time (ms)
0,5601.77,0.00115518,132.76
1,5563.14,0.00804368,231.609
2,5513.08,0.0169699,334.391
3,5395.75,0.0378907,450.521
4,2454.07,0.562419,561.236
5,1312.6,0.765952,676.262
