Iteration,Cost,Cost reduction,time (ms)
0,33.3681,0.476384,148.733
1,31.1644,0.510965,256.923
2,11.3494,0.821903,379.302
3,10.5005,0.835225,514.889
4,10.5005,0.835225,666.405
5,10.5005,0.835225,747.147
