Iteration,Cost,Cost reduction,time (ms)
0,33.901,0.250366,590.392
1,14.6893,0.675184,1159.45
2,13.0666,0.711065,1741.72
3,10.5862,0.765913,2282.91
4,8.3324,0.81575,2802.72
5,7.071,0.843643,3338.94
6,5.0179,0.889042,3857.57
7,4.73519,0.895293,4381.67
8,4.73519,0.895293,4896.08
