Iteration,Cost,Cost reduction,time (ms)
0,29.6573,0.311727,106.816
1,29.6573,0.311727,178.739
2,29.6573,0.311727,221.767
3,29.6573,0.311727,264.442
4,29.6573,0.311727,312.436
5,29.6573,0.311727,361.044
