Iteration,Cost,Cost reduction,time (ms)
0,115.632,0.236265,578.404
1,93.9076,0.37975,1117.58
2,45.2814,0.700921,1692.42
3,34.2502,0.773781,2225.83
4,34.2502,0.773781,2790.67
5,33.6929,0.777462,2885.36
