Iteration,Cost,Cost reduction,time (ms)
0,5355.33,0.00120779,412.862
1,5316.69,0.00841446,809.144
2,5266.85,0.0177094,1205.6
3,5225.01,0.0255136,1706.77
4,3074.53,0.426588,2252.27
5,2786.77,0.480256,2902
