Iteration,Cost,Cost reduction,time (ms)
0,5107.94,0.0012661,179.484
1,5069.3,0.00882141,337.558
2,5019.47,0.0185654,506.791
3,4304.32,0.158394,697.972
4,2356.46,0.539251,913.477
5,1576.96,0.691664,1110.43
