Iteration,Cost,Cost reduction,time (ms)
0,27.3603,0.272014,105.309
1,16.8195,0.552478,181.412
2,16.4404,0.562562,255.267
3,16.4404,0.562562,329.81
4,14.4712,0.61496,381.696
5,11.9772,0.681318,463.443
