Iteration,Cost,Cost reduction,time (ms)
0,27.197,0.324225,585.852
1,22.6936,0.436122,1200.56
2,20.1072,0.500388,1736.23
3,17.9166,0.554819,2265.44
4,16.9194,0.579597,2794.43
5,16.7277,0.584361,3316.04
