Iteration,Cost,Cost reduction,time (ms)
0,31.7306,0.453991,220.045
1,15.7166,0.729554,430.763
2,6.1439,0.894278,632.029
3,2.13538,0.963255,838.301
4,2.13538,0.963255,1042.04
5,1.98345,0.965869,1122.9
