Iteration,Cost,Cost reduction,time (ms)
0,5011.7,0.00129073,411.829
1,4973.06,0.00899083,809.457
2,4923.21,0.0189233,1206.39
3,4821.71,0.0391508,1708.33
4,2845.31,0.432999,2284.56
5,1516.61,0.697777,2822.35
