Iteration,Cost,Cost reduction,time (ms)
0,5733.84,0.00112798,179.211
1,5695.2,0.00785952,336.386
2,5645.36,0.0165409,504.997
3,4887.27,0.148605,695.685
4,2060.68,0.641015,913.454
5,1567.87,0.726867,1110.85
