Iteration,Cost,Cost reduction,time (ms)
0,221.157,0.124123,17.603
1,45.1365,0.82124,24.628
2,45.1365,0.82124,41.916
3,45.1365,0.82124,50.604
4,45.1365,0.82124,56.189
5,45.1365,0.82124,60.481
6,45.1365,0.82124,65.942
