Iteration,Cost,Cost reduction,time (ms)
0,4.784229836846442,0.0,329.6551704406738
1,4.44098171313652,0.07174574287095203,1366.7917251586914
