Iteration,Cost,Cost reduction,time (ms)
0,60.244,0.333684,208.448
1,36.216,0.59944,410.252
2,34.356,0.620013,611.641
3,15.3055,0.830716,812.611
4,12.2414,0.864607,1021.31
5,10.2456,0.88668,1232.11
