Iteration,Cost,Cost reduction,time (ms)
0,44.0455,0.35396,218.413
1,22.0624,0.676399,426.774
2,11.9443,0.824806,635.768
3,11.9443,0.824806,845.547
4,11.9443,0.824806,932.214
5,11.9443,0.824806,1015.69
