Iteration,Cost,Cost reduction,time (ms)
0,81.3137,0.377364,145.888
1,74.1541,0.432187,253.375
2,48.0162,0.63233,366.599
3,44.146,0.661965,491.052
4,35.2135,0.730363,613.599
5,20.0046,0.84682,733.984
