Iteration,Cost,Cost reduction,time (ms)
0,35.3176,0.12139,108.581
1,27.5697,0.314137,186.237
2,25.3865,0.368451,266.439
3,25.2367,0.372176,348.557
4,19.7739,0.508078,432.454
5,19.2101,0.522102,532.254
