Iteration,Cost,Cost reduction,time (ms)
0,162.931,0.0564031,151.662
1,107.404,0.37798,265.308
2,96.2871,0.442363,379.417
3,34.6808,0.79915,504.046
4,30.4938,0.823398,637.377
5,7.58375,0.956079,775.632
