Iteration,Cost,Cost reduction,time (ms)
0,1857.38,0.000403899,104.178
1,1844.15,0.0075231,185.018
2,1839.07,0.0102567,270.762
3,1838.72,0.0104451,354.956
4,1838.18,0.0107396,446.178
5,1838.18,0.0107396,538.248
