Iteration,Cost,Cost reduction,time (ms)
0,61.8867,0.543593,148.174
1,50.1067,0.630469,313.282
2,43.9589,0.675808,495.687
3,43.9589,0.675808,684.863
4,43.9589,0.675808,766.897
5,43.9589,0.675808,847.251
