Iteration,Cost,Cost reduction,time (ms)
0,98.7598,0.306529,574.619
1,83.1598,0.416068,1137.67
2,71.2565,0.499651,1705.38
3,29.0367,0.79611,2258.67
4,25.4999,0.820945,2775.42
5,24.6513,0.826903,3313.38
