Iteration,Cost,Cost reduction,time (ms)
0,64.0142,0.482059,149.58
1,49.4119,0.600207,257.307
2,30.7135,0.751496,372.179
3,30.7135,0.751496,502.909
4,30.7135,0.751496,576.292
5,26.5238,0.785395,651.116
