Iteration,Cost,Cost reduction,time (ms)
0,26.5588,0.339524,104.328
1,17.5341,0.563953,177.962
2,6.3747,0.841471,252.17
3,6.3747,0.841471,325.387
4,6.3747,0.841471,375.516
5,6.3747,0.841471,425.666
