Iteration,Cost,Cost reduction,time (ms)
0,27.2867,0.327064,115.578
1,24.4427,0.397202,196.915
2,23.4288,0.422206,281.349
3,17.711,0.563217,367.706
4,14.5998,0.639944,464.429
5,14.5998,0.639944,551.597
