Iteration,Cost,Cost reduction,time (ms)
0,105.518,0.334512,213.863
1,64.6506,0.592257,422.793
2,59.9851,0.621682,632.385
3,59.9851,0.621682,839.431
4,40.4166,0.745098,928.391
5,40.4166,0.745098,1143.26
