Iteration,Cost,Cost reduction,time (ms)
0,27.3245,0.32697,110.529
1,17.0668,0.579627,191.095
2,11.777,0.709921,286.569
3,11.777,0.709921,383.408
4,11.777,0.709921,437.586
5,11.777,0.709921,494.06
