Iteration,Cost,Cost reduction,time (ms)
0,29.227,0.356527,110.622
1,13.2189,0.708968,190.739
2,11.8293,0.739561,283.563
3,4.28596,0.905639,372.094
4,3.12674,0.93116,474.072
5,3.1057,0.931624,578.452
