Iteration,Cost,Cost reduction,time (ms)
0,30.4261,0.314167,585.025
1,22.9573,0.482521,1172.07
2,13.6498,0.692321,1762.72
3,10.2556,0.768829,2379.69
4,8.45293,0.809463,3009.01
5,5.81588,0.868905,3644.42
