Iteration,Cost,Cost reduction,time (ms)
0,5041.42,0.00128351,134.953
1,5002.79,0.00893664,233.339
2,4952.72,0.0188542,336.098
3,4584.19,0.0918613,454.469
4,2618.04,0.481361,565.291
5,1874.48,0.628661,678.882
