Iteration,Cost,Cost reduction,time (ms)
0,19.9326,0.856992,162.437
1,19.8908,0.857291,445.236
2,19.8908,0.857291,744.014
3,19.8908,0.857291,835.231
4,19.8908,0.857291,925.633
5,17.945,0.871252,1008.03
