Iteration,Cost,Cost reduction,time (ms)
0,116.882,0.143226,193.74
1,44.9095,0.670802,308.679
2,21.2587,0.844168,420.824
3,9.16127,0.932846,535.225
4,9.16127,0.932846,656.207
5,8.84871,0.935137,737.086
