Iteration,Cost,Cost reduction,time (ms)
0,4980.49,0.00129876,143.778
1,4941.85,0.00904621,242.25
2,4891.79,0.0190842,345.704
3,4743.39,0.048843,465.405
4,2140.73,0.570736,575.194
5,1292.59,0.740806,693.56
