Iteration,Cost,Cost reduction,time (ms)
0,32.2493,0.292256,105.015
1,28.6778,0.370638,181.296
2,27.4346,0.39792,257.035
3,26.2157,0.42467,334.744
4,16.5214,0.637422,415.392
5,16.5214,0.637422,494.973
