Iteration,Cost,Cost reduction,time (ms)
0,28.8775,0,123.868
1,28.8775,0,197.415
2,28.261,0.0213489,262.487
3,25.4643,0.118195,306.595
4,22.2064,0.231013,341.484
5,18.3448,0.364738,387.004
6,18.3448,0.364738,452.014
