Iteration,Cost,Cost reduction,time (ms)
0,4702.72,0.00139234,132.357
1,4664.86,0.00943184,228.814
2,4615.52,0.0199085,329.966
3,3724.1,0.209199,437.919
4,3231.12,0.313882,547.365
5,934.69,0.801521,656.293
