Iteration,Cost,Cost reduction,time (ms)
0,23.1556,0.402227,545.566
1,7.89962,0.796067,1065.92
2,6.76103,0.825461,1575.23
3,6.76103,0.825461,2085.56
4,6.76103,0.825461,2176.84
5,6.76103,0.825461,2237.6
