Iteration,Cost,Cost reduction,time (ms)
0,99.3291,0.359613,146.962
1,99.3291,0.359613,260.277
2,97.9904,0.368244,340.94
3,97.9904,0.368244,462.18
4,97.9904,0.368244,542.337
5,96.3383,0.378895,622.53
