Iteration,Cost,Cost reduction,time (ms)
0,107.833,0.315351,150.002
1,104.645,0.335589,257.002
2,45.0353,0.714063,369.067
3,24.2909,0.845773,492.143
4,17.5267,0.88872,621.109
5,7.4321,0.952812,754.206
