Iteration,Cost,Cost reduction,time (ms)
0,43.8544,0.747894,25.031
1,26.8351,0.845733,40.93
2,17.1302,0.901523,59.496
3,14.5973,0.916084,76.892
4,13.6886,0.921308,96.459
5,8.88008,0.948951,114.724
6,8.88008,0.948951,131.479
