Iteration,Cost,Cost reduction,time (ms)
0,38.2484,0.164331,98.76
1,38.2484,0.164331,167.32
2,38.2484,0.164331,215.149
3,38.2484,0.164331,260.514
4,38.2484,0.164331,307.471
