Iteration,Cost,Cost reduction,time (ms)
0,30.5485,0.291018,101.222
1,12.106,0.719039,172.697
2,11.6673,0.729219,244.586
3,11.4809,0.733548,319.941
4,11.4809,0.733548,395.669
5,11.4809,0.733548,448.221
