Iteration,Cost,Cost reduction,time (ms)
0,131.753,0.0885535,135.6
1,48.0771,0.66741,234.898
2,29.7231,0.79438,349.38
3,27.5226,0.809603,466.063
4,22.5325,0.844124,583.411
5,12.2847,0.915017,705.593
