Iteration,Cost,Cost reduction,time (ms)
0,5793.67,0.00111661,178.003
1,5755.03,0.00777863,335.628
2,5705.19,0.0163716,503.732
3,4939.92,0.148311,693.28
4,2129.68,0.632822,909.699
5,2014.77,0.652634,1108.46
