Iteration,Cost,Cost reduction,time (ms)
0,4615.78,0.00140134,150.837
1,4577.15,0.00976003,251.137
2,4527.08,0.0205904,357.349
3,4486,0.0294785,472.665
4,3492.29,0.244462,588.974
5,2864.82,0.380212,725.345
