Iteration,Cost,Cost reduction,time (ms)
0,48.8314,0.42807,152.219
1,42.0351,0.50767,264.336
2,35.2147,0.587554,395.154
3,31.5719,0.630219,529.752
4,21.627,0.746697,657.361
5,21.627,0.746697,783.541
