Iteration,Cost,Cost reduction,time (ms)
0,39.0249,0.145764,118.949
1,18.3455,0.598427,203.127
2,18.3455,0.598427,289.436
3,18.3455,0.598427,340.611
4,18.3455,0.598427,390.568
5,18.3455,0.598427,440.758
