Iteration,Cost,Cost reduction,time (ms)
0,26.9522,0.321825,108.814
1,23.7392,0.402669,187.683
2,23.7392,0.402669,259.913
3,23.7392,0.402669,307.662
4,23.7392,0.402669,352.822
5,23.7392,0.402669,397.439
