Iteration,Cost,Cost reduction,time (ms)
0,4540.25,0.00144205,133.421
1,4502.39,0.00976884,230.726
2,4453.06,0.0206197,343.413
3,3580.77,0.212465,452.209
4,3131.63,0.311247,561.658
5,2330.88,0.487358,670.173
