Iteration,Cost,Cost reduction,time (ms)
0,34.3881,0.443405,223.89
1,10.4752,0.830451,433.861
2,3.66729,0.940642,635.744
3,2.39625,0.961215,839.954
4,2.39625,0.961215,1045.34
5,2.36639,0.961698,1125.89
