Iteration,Cost,Cost reduction,time (ms)
0,27.8752,0.343747,527.688
1,17.4116,0.590086,1114.04
2,9.02392,0.787554,1721.94
3,9.02392,0.787554,2273.75
4,9.02392,0.787554,2366.87
5,9.02392,0.787554,2431.79
