Iteration,Cost,Cost reduction,time (ms)
0,28.5645,0.297442,196.598
1,19.9058,0.510406,376.61
2,16.4812,0.594636,550.916
3,6.48511,0.840496,731.951
4,5.95987,0.853414,906.98
5,5.95987,0.853414,1080.71
