Iteration,Cost,Cost reduction,time (ms)
0,5355.35,0.00120805,142.594
1,5316.71,0.00841382,241.112
2,5266.65,0.0177503,344.689
3,5224.04,0.0256976,460.068
4,3585.57,0.331277,575.862
5,2722.71,0.492205,720.331
