Iteration,Cost,Cost reduction,time (ms)
0,4333.08,0.0014925,148.031
1,4294.45,0.0103954,245.733
2,4244.56,0.0218912,351.096
3,3654.08,0.15796,478.056
4,2506.26,0.422462,605.351
5,2385.49,0.450291,760.854
