Iteration,Cost,Cost reduction,time (ms)
0,5854.17,0.00110523,179.131
1,5815.53,0.00769843,337.123
2,5765.68,0.0162035,504.875
3,5018.65,0.14367,694.404
4,3104.61,0.470261,909.588
5,2204.47,0.623852,1106.06
