Iteration,Cost,Cost reduction,time (ms)
0,89.0133,0.209108,146.581
1,60.4472,0.462921,253.83
2,48.4105,0.569868,367.738
3,33.7343,0.700268,485.442
4,5.07487,0.954909,599.224
5,4.64536,0.958726,724.165
