Iteration,Cost,Cost reduction,time (ms)
0,48.1021,0.343122,166.366
1,42.8983,0.414186,276.455
2,32.5535,0.555454,395.937
3,13.5413,0.815082,524.294
4,7.74803,0.894194,648.876
5,6.93628,0.905279,773.597
