Iteration,Cost,Cost reduction,time (ms)
0,89.39,0.316795,151.393
1,87.2981,0.332783,260.467
2,79.5729,0.391827,373.266
3,60.5019,0.537586,488.939
4,55.1575,0.578433,606.888
5,49.4437,0.622104,733.109
