Iteration,Cost,Cost reduction,time (ms)
0,28.4835,0.467095,143.717
1,21.7292,0.593463,252.089
2,14.7333,0.724351,363.666
3,4.78004,0.910569,478.554
4,3.87816,0.927443,595.256
5,2.64996,0.950421,705.804
