Iteration,Cost,Cost reduction,time (ms)
0,76.6242,0.307662,152.654
1,54.3397,0.509013,259.609
2,33.324,0.698901,367.057
3,33.324,0.698901,468.015
4,33.324,0.698901,539.186
