Iteration,Cost,Cost reduction,time (ms)
0,96.924,0.0131203,148.456
1,83.7681,0.147074,259.33
2,79.2854,0.192717,377.557
3,79.2854,0.192717,509.336
4,79.2854,0.192717,609.054
5,73.3812,0.252833,697.646
