Iteration,Cost,Cost reduction,time (ms)
0,51.5353,0.372746,144.588
1,24.1689,0.705832,247.375
2,5.86195,0.928652,358.564
3,3.5266,0.957077,474.654
4,3.42502,0.958313,592.036
5,3.42502,0.958313,706.23
