Iteration,Cost,Cost reduction,time (ms)
0,80.3958,0.387048,207.708
1,62.4191,0.524106,418.913
2,55.0502,0.580288,630.902
3,32.7156,0.75057,841.901
4,8.33397,0.93646,1053.69
5,8.33397,0.93646,1262.85
