Iteration,Cost,Cost reduction,time (ms)
0,124.692,0.269528,150.895
1,117.525,0.311511,262.873
2,112.733,0.339584,378.91
3,109.993,0.355634,500.323
4,102.683,0.39846,624.951
5,91.0467,0.466628,758.628
