Iteration,Cost,Cost reduction,time (ms)
0,79.9472,0.305278,59.044
1,79.9472,0.305278,173.373
2,77.4311,0.327142,223.616
3,58.5822,0.490935,260.039
4,45.1999,0.607224,298.054
5,29.1632,0.746578,333.779
6,26.1972,0.772352,400.289
7,21.9509,0.809252,453.892
8,21.9509,0.809252,516.327
