Iteration,Cost,Cost reduction,time (ms)
0,27.2677,0.38112,188.436
1,13.5381,0.692733,365.344
2,12.0297,0.726969,534.341
3,12.0297,0.726969,701.242
4,11.4045,0.741159,770.854
5,10.422,0.763458,932.228
