Iteration,Cost,Cost reduction,time (ms)
0,80.9523,0.344829,144.29
1,30.3758,0.75416,250.003
2,25.1293,0.796621,371.633
3,22.1527,0.820712,480.47
4,17.7197,0.856589,590.402
5,17.7197,0.856589,712.419
