Iteration,Cost,Cost reduction,time (ms)
0,31.4239,0.301892,102.465
1,16.4432,0.634702,174.479
2,8.82532,0.803938,247.689
3,7.14845,0.841191,325.048
4,4.96184,0.889769,403.052
5,4.96184,0.889769,480.712
