Iteration,Cost,Cost reduction,time (ms)
0,5113.79,0.00126466,179.265
1,5075.15,0.00881133,336.86
2,5025.32,0.0185441,507.153
3,4347.01,0.151019,697.29
4,1720.9,0.663903,915.298
5,1084.01,0.788291,1111.99
