Iteration,Cost,Cost reduction,time (ms)
0,147.955,0.135061,148.287
1,55.2145,0.677219,252.668
2,35.8003,0.790713,379.402
3,21.9749,0.871536,512.3
4,21.9749,0.871536,651.136
5,18.0768,0.894324,739.209
