Iteration,Cost,Cost reduction,time (ms)
0,4540.27,0.00144236,138.043
1,4502.41,0.00976898,234.349
2,4453.07,0.0206205,335.943
3,3572.07,0.214382,443.48
4,1482.51,0.673946,553.835
5,1431.96,0.685065,660.487
