Iteration,Cost,Cost reduction,time (ms)
0,83.3559,0.386512,208.539
1,69.4639,0.488755,417.164
2,48.9632,0.639637,626.158
3,40.9141,0.698878,833.683
4,39.882,0.706474,1043.09
5,39.882,0.706474,1251.43
