Iteration,Cost,Cost reduction,time (ms)
0,24.9185,0.543391,87.172
1,24.9185,0.543391,198.543
2,24.9185,0.543391,263.275
3,24.9185,0.543391,310.424
4,19.9575,0.634297,343.78
5,19.9575,0.634297,379.101
6,19.9575,0.634297,407.14
