Iteration,Cost,Cost reduction,time (ms)
0,32.167,0.290323,101.787
1,13.9768,0.69164,172.83
2,6.16051,0.864085,245.125
3,6.16051,0.864085,317.811
4,6.14181,0.864498,369.673
5,6.14181,0.864498,444.7
