Iteration,Cost,Cost reduction,time (ms)
0,4999.06,0.00130994,130.992
1,4961.2,0.00887347,227.794
2,4911.86,0.0187306,329.371
3,3988.92,0.203111,437.608
4,3461.79,0.30842,545.858
5,1306.75,0.738943,654.843
