Iteration,Cost,Cost reduction,time (ms)
0,4333.01,0.00151114,131.167
1,4295.15,0.0102355,228.212
2,4245.81,0.0216051,330.315
3,3400.43,0.216414,437.474
4,2344.04,0.459844,546.624
5,2344.04,0.459844,650.993
