Iteration,Cost,Cost reduction,time (ms)
0,23.2387,0.489299,105.269
1,12.3761,0.728018,196.588
2,12.3761,0.728018,263.935
3,12.3761,0.728018,304.267
4,12.3761,0.728018,344.519
5,12.3761,0.728018,384.389
6,12.3761,0.728018,424.465
