Iteration,Cost,Cost reduction,time (ms)
0,24.8223,0.384417,590.52
1,17.4122,0.568184,1129.64
2,8.26291,0.795083,1648.89
3,8.05934,0.800132,2156.01
4,6.90569,0.828741,2663.83
5,6.90569,0.828741,3173.22
