Iteration,Cost,Cost reduction,time (ms)
0,36.0039,0.117081,180.698
1,32.3639,0.206343,348.948
2,24.928,0.388694,505.882
3,24.928,0.388694,653.595
4,24.928,0.388694,716.825
5,23.7881,0.416648,764.848
