Iteration,Cost,Cost reduction,time (ms)
0,93.8347,0.276846,224.928
1,65.8758,0.492317,440.098
2,12.6182,0.902755,679.863
3,9.46025,0.927093,875.193
4,7.85528,0.939462,1078.13
5,7.83401,0.939626,1276.57
