Iteration,Cost,Cost reduction,time (ms)
0,32.413,0.291822,103.701
1,28.9833,0.366756,178.6
2,26.2713,0.426009,254.107
3,7.99517,0.825317,331.358
4,7.99517,0.825317,408.954
5,7.4294,0.837678,463.548
