Iteration,Cost,Cost reduction,time (ms)
0,54.0721,0.39976,153.049
1,47.9926,0.467247,262.68
2,36.4275,0.595628,372.918
3,16.9238,0.812134,484.889
4,16.9238,0.812134,603.835
5,16.9238,0.812134,683.1
