Iteration,Cost,Cost reduction,time (ms)
0,23.4943,0.374878,104.344
1,16.882,0.550814,177.861
2,16.5097,0.560721,253.719
3,16.5097,0.560721,333.863
4,10.9743,0.708003,385.567
5,8.95972,0.761605,470.246
