Iteration,Cost,Cost reduction,time (ms)
0,349.1,0.661889,6.472
1,147.37,0.857269,11.078
2,147.37,0.857269,15.115
3,147.37,0.857269,18.105
4,146.33,0.858276,21.239
