Iteration,Cost,Cost reduction,time (ms)
0,32.2695,0.254727,108.382
1,18.1374,0.581111,183.332
2,17.2489,0.60163,261.125
3,16.1884,0.626124,344.829
4,15.2716,0.647297,431.044
5,11.1204,0.743171,532.156
