Iteration,Cost,Cost reduction,time (ms)
0,24.0318,0.414652,105.493
1,24.0318,0.414652,182.789
2,24.0318,0.414652,227.806
3,24.0318,0.414652,274.265
4,24.0318,0.414652,320.438
5,24.0318,0.414652,366.396
