Iteration,Cost,Cost reduction,time (ms)
0,39.2513,0.144928,103.943
1,22.2117,0.516127,180.241
2,19.0105,0.585864,262.52
3,19.0105,0.585864,354.052
4,19.0105,0.585864,407.114
5,19.0105,0.585864,459.942
