Iteration,Cost,Cost reduction,time (ms)
0,4257.11,0.00151957,134.642
1,4218.48,0.0105806,231.144
2,4168.41,0.0223225,333.447
3,4142.22,0.0284672,451.205
4,3070.33,0.279871,562.74
5,3070.33,0.279871,690.485
