Iteration,Cost,Cost reduction,time (ms)
0,110.309,0.314036,142.513
1,97.9635,0.390805,249.698
2,93.5664,0.418149,360.847
3,64.6226,0.598139,482.221
4,13.6282,0.915252,609.84
5,13.4037,0.916648,742.149
