Iteration,Cost,Cost reduction,time (ms)
0,4608.09,0.00140418,135.674
1,4569.46,0.00977593,234.976
2,4519.4,0.0206255,338.219
3,4497.45,0.0253804,453.776
4,3035.69,0.342152,567.963
5,2186.76,0.526118,703.684
