Iteration,Cost,Cost reduction,time (ms)
0,116.1,0.32332,154.36
1,42.5506,0.751998,265.977
2,33.2216,0.806371,382.126
3,27.674,0.838704,508.199
4,24.048,0.859838,632.86
5,15.9588,0.906986,757.606
