Iteration,Cost,Cost reduction,time (ms)
0,32.1199,0.329609,106.035
1,13.7989,0.711996,181.523
2,12.0809,0.747854,257.688
3,5.87366,0.877408,335.104
4,5.87366,0.877408,414.282
5,5.77278,0.879513,468.718
