Iteration,Cost,Cost reduction,time (ms)
0,5107.87,0.00128211,132.188
1,5070.01,0.00868471,229.45
2,5020.67,0.018332,331.592
3,4084.42,0.201393,440.195
4,3546.09,0.30665,549.463
5,2283.03,0.55361,658.466
