Iteration,Cost,Cost reduction,time (ms)
0,34.963,0.258199,109.014
1,23.4538,0.502387,188.043
2,21.6265,0.541156,271.992
3,18.8484,0.600099,360.108
4,17.244,0.634139,461.922
5,15.1805,0.67792,562.507
