Iteration,Cost,Cost reduction,time (ms)
0,28.3916,0.315295,103.717
1,25.025,0.396484,178.44
2,25.025,0.396484,247.877
3,22.7894,0.4504,300.053
4,19.2979,0.534602,373.002
5,19.2979,0.534602,444.254
