Iteration,Cost,Cost reduction,time (ms)
0,31.945,0.30608,111.938
1,24.8684,0.459801,189.023
2,24.8684,0.459801,279.866
3,24.8684,0.459801,327.912
4,24.8684,0.459801,374.993
5,24.8684,0.459801,422.615
