Iteration,Cost,Cost reduction,time (ms)
0,32.7395,0.298843,124.592
1,25.6779,0.450076,204.416
2,25.6779,0.450076,285.21
3,25.6779,0.450076,326.828
4,25.6779,0.450076,373.781
