Iteration,Cost,Cost reduction,time (ms)
0,4336.02,0.00149132,179.345
1,4297.38,0.0103896,338.157
2,4247.54,0.0218665,506.397
3,3571.62,0.177519,698.624
4,1350.7,0.688959,916.29
5,1066.31,0.754447,1116.89
