Iteration,Cost,Cost reduction,time (ms)
0,50.3086,0.56283,60.899
1,50.3086,0.56283,140.946
2,50.3086,0.56283,184.794
3,37.8206,0.671348,213.904
4,37.8206,0.671348,250.308
5,36.3745,0.683914,283.705
6,26.5294,0.769466,315.199
7,26.5294,0.769466,358.6
