Iteration,Cost,Cost reduction,time (ms)
0,5.70154,0.921671,6.712
1,0.958958,0.986826,11.086
2,0.586452,0.991943,15.266
3,0.380141,0.994778,19.765
4,0.343303,0.995284,24.241
5,0.336658,0.995375,28.588
6,0.336076,0.995383,33.049
