Iteration,Cost,Cost reduction,time (ms)
0,5335.53,0.00121267,135.129
1,5296.9,0.0084445,231.669
2,5246.84,0.0178151,334.207
3,5187.04,0.0290108,448.594
4,4026.97,0.246169,563.041
5,2477.41,0.53624,680.927
