Iteration,Cost,Cost reduction,time (ms)
0,34.1965,0.693245,222.344
1,34.1965,0.693245,432.231
2,34.1965,0.693245,528.14
3,13.2157,0.88145,629.991
4,13.2157,0.88145,865.261
5,13.2157,0.88145,958.77
