Iteration,Cost,Cost reduction,time (ms)
0,149.505,0.0859541,137.963
1,60.6184,0.62939,237.404
2,34.6819,0.787961,354.342
3,30.3801,0.814262,474.312
4,26.0168,0.840938,594.812
5,15.3479,0.906166,712.963
