Iteration,Cost,Cost reduction,time (ms)
0,80.4427,0.34675,146.78
1,63.5896,0.483609,253.378
2,25.4573,0.793269,363.961
3,23.2816,0.810937,476.063
4,22.5571,0.816821,591.151
5,22.5571,0.816821,703.578
