Iteration,Cost,Cost reduction,time (ms)
0,129.281,0.284096,514.603
1,75.6604,0.581024,1040.36
2,40.3194,0.776728,1566.94
3,17.4295,0.903483,2151.9
4,7.83989,0.956586,2731.79
5,4.74231,0.973739,3317.06
