Iteration,Cost,Cost reduction,time (ms)
0,27.1424,0.383488,180.209
1,14.0352,0.681205,344.742
2,12.7595,0.71018,503.32
3,11.7242,0.733697,662.215
4,9.89949,0.775143,819.648
5,9.89949,0.775143,974.757
