Iteration,Cost,Cost reduction,time (ms)
0,41.3831,0.64039,14.474
1,20.3605,0.823072,23.937
2,14.6654,0.872561,33.948
3,14.6654,0.872561,43.219
4,14.6654,0.872561,47.672
