Iteration,Cost,Cost reduction,time (ms)
0,31.0095,0.319555,547.518
1,13.8734,0.695574,1200.67
2,12.1037,0.734407,1878.91
3,8.91893,0.804291,2539.44
4,7.76925,0.829519,3175.64
5,6.99273,0.846558,3799.69
