Iteration,Cost,Cost reduction,time (ms)
0,4624.8,0.00139856,178.016
1,4586.16,0.00974193,335.464
2,4536.32,0.0205041,503.077
3,3873.78,0.163561,694.434
4,1699.99,0.632932,904.153
5,1139.48,0.75396,1109.04
