Iteration,Cost,Cost reduction,time (ms)
0,94.7507,0.390643,225.986
1,69.6058,0.552354,447.157
2,10.215,0.934306,691.626
3,6.10568,0.960733,904.67
4,6.10568,0.960733,1110.44
5,5.17936,0.966691,1196.79
