Iteration,Cost,Cost reduction,time (ms)
0,21.1437,0.455339,175.738
1,8.97692,0.768755,337.242
2,8.97692,0.768755,506.371
3,8.97692,0.768755,570.006
4,8.97692,0.768755,613.496
5,8.97692,0.768755,662.091
