Iteration,Cost,Cost reduction,time (ms)
0,24.978,0.368577,575.215
1,13.2276,0.665617,1157.76
2,7.77233,0.803522,1692.15
3,6.3529,0.839404,2241.75
4,3.64102,0.907958,2789.18
5,3.64102,0.907958,3335.1
