Iteration,Cost,Cost reduction,time (ms)
0,31.0193,0.299718,546.695
1,15.5474,0.649006,1163.12
2,11.0839,0.749774,1700.43
3,10.9563,0.752653,2233.53
4,9.04716,0.795754,2852.1
5,9.04716,0.795754,3456.23
