Iteration,Cost,Cost reduction,time (ms)
0,32.079,0.181893,102.928
1,11.0782,0.717474,177.595
2,9.69855,0.752659,252.432
3,9.69855,0.752659,326.179
4,9.69855,0.752659,375.304
5,9.69855,0.752659,425.196
