Iteration,Cost,Cost reduction,time (ms)
0,1039.498260726371,0.0,3199.186325073242
1,804.2200584967168,0.22633823558805055,8397.436618804932
