Iteration,Cost,Cost reduction,time (ms)
0,30.7392,0.286591,105.405
1,27.2072,0.368563,182.755
2,25.77,0.40192,263.464
3,25.1009,0.417448,348.589
4,25.1009,0.417448,429.911
5,23.7974,0.447701,485.82
