Iteration,Cost,Cost reduction,time (ms)
0,4439.61,0.00145668,411.382
1,4400.96,0.0101476,806.335
2,4351.12,0.0213576,1202.59
3,3710.53,0.165439,1702.08
4,1396.67,0.685865,2330.26
5,1149.5,0.741459,2872.3
