Iteration,Cost,Cost reduction,time (ms)
0,26.1126,0.36116,107.106
1,18.0125,0.559328,184.176
2,9.65723,0.763738,275.439
3,9.19646,0.77501,367.417
4,6.57311,0.83919,463.372
5,6.4,0.843425,556.814
