Iteration,Cost,Cost reduction,time (ms)
0,4611.5,0.00142011,131.723
1,4573.64,0.0096183,228.723
2,4524.3,0.0203024,330.714
3,3636.45,0.212558,439.749
4,1513.36,0.672294,549.858
5,1495.06,0.676258,656.179
