Iteration,Cost,Cost reduction,time (ms)
0,28.4385,0.3609,186.881
1,19.0165,0.572641,373.916
2,7.64502,0.828193,550.072
3,7.64502,0.828193,720.281
4,7.64502,0.828193,785.609
5,7.64502,0.828193,837.863
