Iteration,Cost,Cost reduction,time (ms)
0,32.2071,0.557531,11.495
1,32.2071,0.557531,35.484
2,11.6249,0.840294,42.563
3,11.6249,0.840294,59.913
4,11.6249,0.840294,66.093
5,9.64807,0.867452,73.095
6,9.19747,0.873643,81.225
7,8.07758,0.889028,91.703
8,6.6321,0.908887,100.58
9,6.3595,0.912632,114.195
