Iteration,Cost,Cost reduction,time (ms)
0,30.3522,0.326376,598.137
1,14.7296,0.673097,1183.1
2,8.87677,0.802993,1789.4
3,8.0053,0.822334,2382.24
4,7.30746,0.837821,2969.43
5,6.513,0.855453,3560.59
