Iteration,Cost,Cost reduction,time (ms)
0,4608.07,0.00140377,134.534
1,4569.44,0.00977569,232.509
2,4519.55,0.0205868,336.35
3,4437.03,0.0384698,457.194
4,3147.54,0.31791,590.664
5,3147.54,0.31791,740.007
