Iteration,Cost,Cost reduction,time (ms)
0,5164.04,0.00126801,130.269
1,5126.18,0.00859027,227.322
2,5076.84,0.0181322,329.309
3,4140.63,0.199197,438.122
4,3729.33,0.278742,547.497
5,3153.82,0.390047,660.25
