Iteration,Cost,Cost reduction,time (ms)
0,166.783,0.0206203,141.566
1,35.5596,0.791187,239.041
2,27.809,0.8367,339.505
3,27.4133,0.839024,439.549
4,6.53234,0.961641,539.597
5,6.53234,0.961641,636.051
