Iteration,Cost,Cost reduction,time (ms)
0,129.835,0.165694,596.653
1,67.1979,0.568194,1169.61
2,16.6742,0.892854,1726.55
3,8.76097,0.943703,2364.68
4,8.76097,0.943703,2993.81
5,6.65295,0.957249,3095.68
