Iteration,Cost,Cost reduction,time (ms)
0,91.6339,0.324211,144.692
1,69.2974,0.488939,255.161
2,31.4382,0.768147,370.519
3,23.9681,0.823238,486.285
4,18.3238,0.864864,605.654
5,14.1843,0.895393,722.578
