Iteration,Cost,Cost reduction,time (ms)
0,64.6038,0.00770422,154.976
1,25.2516,0.612143,264.305
2,10.8497,0.833352,384.176
3,8.15818,0.874693,513.899
4,6.87572,0.894391,657.007
5,3.81216,0.941446,800.495
