Iteration,Cost,Cost reduction,time (ms)
0,169.889,0.408367,6.28
1,169.889,0.408367,10.141
2,169.889,0.408367,13.714
3,169.889,0.408367,16.538
4,169.889,0.408367,19.72
