Iteration,Cost,Cost reduction,time (ms)
0,37.2997,0.457414,149.826
1,34.9769,0.491202,261.725
2,33.7627,0.508865,380.96
3,33.7627,0.508865,493.175
4,33.7627,0.508865,570.695
5,33.7627,0.508865,647.138
