Iteration,Cost,Cost reduction,time (ms)
0,89.3721,0.151154,587.02
1,27.497,0.738836,1169.86
2,12.6214,0.880124,1781.2
3,5.07863,0.951764,2366.57
4,3.68123,0.965036,2946.21
5,3.68123,0.965036,3517.66
