Iteration,Cost,Cost reduction,time (ms)
0,5733.76,0.00114206,130.667
1,5695.9,0.00773764,226.79
2,5646.56,0.0163318,328.445
3,4665.26,0.187281,436.395
4,4339.99,0.243945,549.346
5,3527.15,0.385547,660.857
