Iteration,Cost,Cost reduction,time (ms)
0,27.4637,0.360343,104.283
1,26.6054,0.380334,176.328
2,19.5127,0.545531,250.36
3,6.37919,0.851423,328.245
4,6.37919,0.851423,406.85
5,6.22927,0.854914,461.314
