Iteration,Cost,Cost reduction,time (ms)
0,5519.15,0.00118673,134.968
1,5481.29,0.00803833,231.059
2,5431.96,0.0169673,332.674
3,4452.8,0.194166,440.015
4,2834.41,0.487051,548.504
5,2834.41,0.487051,658.047
