Iteration,Cost,Cost reduction,time (ms)
0,4378.55,0.00147699,136.241
1,4339.92,0.0102879,233.934
2,4289.86,0.0217035,337.255
3,4056.86,0.0748385,457.151
4,2887.25,0.341567,575.358
5,2045.77,0.533464,777.105
