Iteration,Cost,Cost reduction,time (ms)
0,48.3108,0.238775,149.818
1,9.78455,0.845826,263.963
2,1.9782,0.96883,381.596
3,1.76849,0.972134,498.558
4,1.18052,0.981399,614
5,0.966069,0.984778,731.899
