Iteration,Cost,Cost reduction,time (ms)
0,22.5426,0.395508,101.661
1,22.5426,0.395508,172.774
2,20.7337,0.444013,221.253
3,15.3572,0.588187,295.442
4,11.4725,0.692357,371.028
5,11.4725,0.692357,446.648
