Iteration,Cost,Cost reduction,time (ms)
0,100.827,0.355066,155.037
1,48.9076,0.687164,258.769
2,14.6205,0.90648,370.174
3,14.6205,0.90648,498.39
4,14.5711,0.906796,575.971
5,14.5086,0.907196,702.082
