Iteration,Cost,Cost reduction,time (ms)
0,5107.95,0.0012663,178.191
1,5069.31,0.00882153,336.388
2,5019.47,0.0185665,505.536
3,4300.15,0.159211,696.055
4,1721.49,0.663406,912.715
5,1721.49,0.663406,1107.53
