Iteration,Cost,Cost reduction,time (ms)
0,108.832,0.315,143.52
1,104.572,0.341813,251.666
2,78.5412,0.505653,362.621
3,19.5706,0.87682,478.215
4,14.1881,0.910698,594.839
5,14.1881,0.910698,706.621
