Iteration,Cost,Cost reduction,time (ms)
0,5815.82,0.00111243,137.01
1,5777.19,0.00774776,234.394
2,5727.31,0.0163155,338.386
3,5695.93,0.0217051,458.263
4,3503.03,0.398343,590.491
5,3360.51,0.422821,750.472
