Iteration,Cost,Cost reduction,time (ms)
0,4608.09,0.00140362,179.271
1,4569.45,0.00977719,334.999
2,4519.61,0.0205784,502.521
3,3852.76,0.165089,692.738
4,1849.15,0.59928,905.438
5,1016.78,0.779659,1106.83
