Iteration,Cost,Cost reduction,time (ms)
0,4615.77,0.00140167,134.963
1,4577.14,0.00975957,233.266
2,4527.25,0.0205538,338.202
3,3910.04,0.154084,458.606
4,1824.55,0.605267,582.011
5,1408.25,0.695333,728.875
