Iteration,Cost,Cost reduction,time (ms)
0,28.3222,0.364042,571.848
1,22.8946,0.485916,1113.6
2,8.94439,0.799159,1613.37
3,8.94439,0.799159,2035.32
4,8.94439,0.799159,2123.13
5,6.43832,0.855431,2183.21
