Iteration,Cost,Cost reduction,time (ms)
0,30.0141,0.349072,104.399
1,17.1637,0.627763,182.517
2,14.4661,0.686268,265.245
3,14.1495,0.693134,356.495
4,12.0266,0.739174,451.542
5,10.7241,0.767423,540.435
