Iteration,Cost,Cost reduction,time (ms)
0,85.3811,0.361458,149.963
1,16.9802,0.87301,268.173
2,14.692,0.890122,625.973
3,10.6722,0.920186,1009.76
4,10.6722,0.920186,1385.92
5,10.6722,0.920186,1493.46
