Iteration,Cost,Cost reduction,time (ms)
0,31.8708,0.157559,104.295
1,31.4578,0.168476,181.863
2,19.1833,0.492927,266.975
3,16.6939,0.558731,350.084
4,16.0625,0.575421,441.55
5,14.9565,0.604655,538.798
