Iteration,Cost,Cost reduction,time (ms)
0,29.3403,0.0971151,15.023
1,27.1252,0.165279,27.448
2,26.5002,0.184514,40.654
3,26.0534,0.198264,53.261
4,25.556,0.213568,65.238
5,25.556,0.213568,79.233
