Iteration,Cost,Cost reduction,time (ms)
0,17.4871,0.89931,28.586
1,14.2771,0.917793,46.745
2,10.1521,0.941544,62.527
3,4.81343,0.972284,78.499
4,4.38367,0.974759,95.226
5,4.11645,0.976298,114.182
6,3.627,0.979116,137.518
7,3.56438,0.979476,158.435
8,3.56438,0.979476,177.108
