Iteration,Cost,Cost reduction,time (ms)
0,38.9068,0.143088,104.317
1,22.1055,0.513133,178.453
2,20.6582,0.545009,257.328
3,17.1079,0.623203,340.329
4,10.7326,0.763617,425.743
5,10.4942,0.768869,519.606
