Iteration,Cost,Cost reduction,time (ms)
0,692.525,0.520506,18.193
1,692.525,0.520506,26.919
2,692.525,0.520506,32.809
3,684.77,0.525876,39.002
4,681.291,0.528285,50.05
5,681.291,0.528285,64.289
6,681.136,0.528392,75.713
