Iteration,Cost,Cost reduction,time (ms)
0,5041.41,0.0012833,163.984
1,5002.77,0.00893648,264.335
2,4952.88,0.0188196,370.8
3,4921.01,0.0251341,494.14
4,2806.43,0.444039,633.574
5,1710.2,0.661204,801.423
6,1647.49,0.673628,1059.22
7,1498.86,0.703072,1317.8
8,1045.54,0.792875,1606.15
9,807.079,0.840115,1921.18
