Iteration,Cost,Cost reduction,time (ms)
0,31.5849,0.404186,151.717
1,23.6113,0.554599,259.973
2,21.6088,0.592374,376.695
3,15.4269,0.708988,493.468
4,13.5205,0.744949,612.341
5,13.5205,0.744949,735.083
