Iteration,Cost,Cost reduction,time (ms)
0,25.7026,0.368209,114.443
1,13.6561,0.664323,192.19
2,13.6561,0.664323,278.269
3,13.6561,0.664323,332.768
4,13.6561,0.664323,387.21
5,13.6233,0.665128,442.85
