Iteration,Cost,Cost reduction,time (ms)
0,5548.13,0.0011657,412.442
1,5509.49,0.00812229,810.609
2,5459.65,0.017094,1207.82
3,4734.67,0.147614,1715.66
4,2042.8,0.632232,2349.83
5,1346.66,0.757559,2893.78
