Iteration,Cost,Cost reduction,time (ms)
0,96.3352,0.254729,225.039
1,26.1742,0.797511,453.311
2,5.89698,0.95438,697.308
3,5.89698,0.95438,922.807
4,3.80236,0.970584,1013.2
5,2.84313,0.978005,1244.16
