Iteration,Cost,Cost reduction,time (ms)
0,4498.32,0.001438,135.839
1,4459.69,0.0100139,234.411
2,4409.63,0.0211258,337.443
3,4023.51,0.106838,453.547
4,1912.6,0.575431,563.874
5,821.384,0.817665,674.421
