Iteration,Cost,Cost reduction,time (ms)
0,26.2405,0.343071,181.461
1,12.2608,0.693052,363.606
2,9.00797,0.774486,557.284
3,8.11876,0.796747,745.463
4,4.92043,0.876817,935.868
5,4.08904,0.897631,1119.67
