Iteration,Cost,Cost reduction,time (ms)
0,1039.252348490242,0.0,9078.039407730103
1,602.2742530297273,0.4204735222348335,14696.937322616577
