Iteration,Cost,Cost reduction,time (ms)
0,72.3976,0.356237,142.234
1,49.5068,0.559783,246.692
2,46.7974,0.583875,373.203
3,40.8729,0.636556,496.426
4,15.2239,0.864628,624.951
5,6.14969,0.945317,754.139
