Iteration,Cost,Cost reduction,time (ms)
0,80.3132,0.387901,144.058
1,71.8607,0.452321,251.929
2,15.4498,0.882251,373.295
3,15.4498,0.882251,496.814
4,13.5357,0.896839,588.738
5,6.77238,0.948385,717.722
