Iteration,Cost,Cost reduction,time (ms)
0,4552.27,0.00142062,414.734
1,4513.63,0.00989679,810.064
2,4463.79,0.0208294,1207.8
3,4369.41,0.0415328,1709.82
4,2582.06,0.433603,2210.13
5,2049.09,0.550515,2959.64
