Iteration,Cost,Cost reduction,time (ms)
0,25.081,0.34451,556.58
1,16.9102,0.558053,1058.9
2,12.9641,0.661183,1553.09
3,12.9641,0.661183,2038.35
4,10.4475,0.726956,2131.09
5,9.92232,0.74068,2598.68
