Iteration,Cost,Cost reduction,time (ms)
0,4980.49,0.00129875,414.123
1,4941.85,0.00904706,810.173
2,4892.01,0.0190415,1206.02
3,4870.18,0.0234184,1706.96
4,3921.29,0.213692,2207.37
5,2057.15,0.587495,3066.95
