Iteration,Cost,Cost reduction,time (ms)
0,14.4648,0.634292,105.841
1,14.4648,0.634292,343.579
2,14.4648,0.634292,549.524
3,14.4648,0.634292,751.477
4,14.4648,0.634292,955.033
5,14.4648,0.634292,1157.55
6,14.4648,0.634292,1360.88
