Iteration,Cost,Cost reduction,time (ms)
0,5662.88,0.0011422,141.586
1,5624.24,0.00795718,240.384
2,5574.19,0.0167856,343.457
3,5487.8,0.0320235,461.116
4,4292.39,0.242878,574.863
5,2010.87,0.645309,697.094
