Iteration,Cost,Cost reduction,time (ms)
0,24.7727,0.372949,193.097
1,22.3155,0.435146,375.713
2,22.3155,0.435146,549.316
3,22.3155,0.435146,621.537
4,22.3155,0.435146,674.897
5,22.3155,0.435146,722.478
