Iteration,Cost,Cost reduction,time (ms)
0,115.024,0.0280815,145.807
1,47.9931,0.594471,258.168
2,14.6611,0.876118,380.479
3,7.61936,0.935619,521.017
4,6.84237,0.942184,672.923
5,6.84237,0.942184,842.399
