Iteration,Cost,Cost reduction,time (ms)
0,1039.8123470215326,0.0,6304.673433303833
1,198.05617697864255,0.8095270001881011,12003.98325920105
