Iteration,Cost,Cost reduction,time (ms)
0,27.2627,0.647485,86.952
1,27.2627,0.647485,252.053
2,27.2627,0.647485,322.744
3,17.2702,0.776691,361.421
4,17.2702,0.776691,421.551
5,15.0793,0.80502,459.571
6,15.0793,0.80502,503.744
