Iteration,Cost,Cost reduction,time (ms)
0,22.7693,0.460968,103.905
1,18.5151,0.56168,175.843
2,16.9598,0.598499,254.301
3,16.9598,0.598499,336.271
4,8.69219,0.794224,388.456
5,5.64042,0.866471,470.798
