Iteration,Cost,Cost reduction,time (ms)
0,80.6722,0.485704,201.531
1,59.409,0.62126,304.562
2,13.3264,0.915042,412.904
3,13.3264,0.915042,527.7
4,13.3264,0.915042,599.476
5,13.3264,0.915042,670.095
