Iteration,Cost,Cost reduction,time (ms)
0,74.6248,0.369234,151.267
1,65.9282,0.442742,261.228
2,53.2613,0.549809,371.243
3,3.66386,0.969031,484.472
4,3.66386,0.969031,597.967
5,3.66386,0.969031,676.729
