Iteration,Cost,Cost reduction,time (ms)
0,21.4872,0.426293,103.917
1,13.1253,0.649556,177.438
2,13.1253,0.649556,253.056
3,13.0289,0.652129,303.882
4,13.0289,0.652129,385.19
5,13.0289,0.652129,435.01
