Iteration,Cost,Cost reduction,time (ms)
0,104.666,0.358998,224.754
1,83.3459,0.489569,410.965
2,26.5258,0.837549,602.76
3,26.5258,0.837549,794.474
4,22.1928,0.864085,875.309
5,22.1928,0.864085,1067.61
