Iteration,Cost,Cost reduction,time (ms)
0,10.2882,0.775219,109.789
1,10.2882,0.775219,170.22
2,10.2882,0.775219,207.159
3,10.2882,0.775219,243.67
4,10.2882,0.775219,279.609
5,10.2882,0.775219,315.592
6,10.2882,0.775219,351.669
