Iteration,Cost,Cost reduction,time (ms)
0,6.22125,0.938706,167.332
1,6.22125,0.938706,270.841
2,6.22125,0.938706,338.631
3,6.22125,0.938706,405.941
4,6.22125,0.938706,473.574
5,6.22125,0.938706,549.757
6,6.22125,0.938706,635.429
