Iteration,Cost,Cost reduction,time (ms)
0,78.7946,0.250194,166.691
1,28.7576,0.726344,294.919
2,5.07892,0.951669,436.843
3,3.03382,0.97113,580.803
4,3.03382,0.97113,723.21
5,2.39148,0.977243,813.786
