Iteration,Cost,Cost reduction,time (ms)
0,4179.42,0.00156666,133.651
1,4141.56,0.0106111,230.407
2,4092.22,0.0223981,331.434
3,3252.96,0.22289,438.817
4,2387.79,0.429575,547.886
5,2062.47,0.50729,652.313
