Iteration,Cost,Cost reduction,time (ms)
0,48.7813,0.854847,20.839
1,48.7813,0.854847,44.947
2,48.7813,0.854847,59.287
3,48.7813,0.854847,67.395
4,48.7813,0.854847,72.34
5,48.3896,0.856012,80.047
6,47.9948,0.857187,87.656
