Iteration,Cost,Cost reduction,time (ms)
0,48.6544,0.87824,26.608
1,48.6544,0.87824,69.222
2,29.2689,0.926753,88.184
3,29.2689,0.926753,100.378
4,29.2689,0.926753,107.57
5,29.2689,0.926753,112.989
6,21.1066,0.94718,120.69
7,21.1066,0.94718,127.471
