Iteration,Cost,Cost reduction,time (ms)
0,216.66,0.806466,6.264
1,175.547,0.843191,11.227
2,175.547,0.843191,14.926
3,175.547,0.843191,18.12
4,175.547,0.843191,21.357
