Iteration,Cost,Cost reduction,time (ms)
0,4319.23,0.00149711,413.137
1,4280.59,0.0104299,808.636
2,4230.75,0.0219514,1202.63
3,3914.05,0.0951642,1706.01
4,2188.19,0.494143,2350.66
5,1897.57,0.561327,2949.58
