Iteration,Cost,Cost reduction,time (ms)
0,40.9593,0.0781644,175.151
1,29.7074,0.331402,340.154
2,13.5075,0.695998,507.906
3,13.5075,0.695998,669.917
4,13.5075,0.695998,742.378
5,13.5075,0.695998,794.87
