Iteration,Cost,Cost reduction,time (ms)
0,23.6268,0.497428,177.631
1,21.5615,0.541359,343.207
2,21.5615,0.541359,505.916
3,19.9852,0.57489,582.533
4,13.83,0.705818,738.757
5,13.83,0.705818,897.99
