Iteration,Cost,Cost reduction,time (ms)
0,39.0217,0.298234,27.815
1,32.6831,0.412227,50.612
2,17.0595,0.693202,71.261
3,16.7386,0.698974,91.044
4,14.5416,0.738483,111.495
5,11.1325,0.799793,132.019
6,11.1325,0.799793,152.16
