Iteration,Cost,Cost reduction,time (ms)
0,5066.43,0.0012763,177.241
1,5027.79,0.00889348,335.589
2,4977.96,0.0187164,503.462
3,4610.75,0.0911026,692.354
4,4163.82,0.179205,900.013
5,2487.59,0.509633,1098.63
