Iteration,Cost,Cost reduction,time (ms)
0,91.2498,0.396584,585.792
1,53.8227,0.644082,1122.47
2,45.5482,0.698799,1628.88
3,39.218,0.74066,2169.58
4,29.9383,0.802024,2702.77
5,29.9383,0.802024,3232.98
