Iteration,Cost,Cost reduction,time (ms)
0,104.673,0.340195,146.366
1,79.452,0.499177,255.958
2,49.6149,0.687254,377.273
3,18.3835,0.88412,508.983
4,18.3835,0.88412,624.375
5,18.3835,0.88412,698.71
