Iteration,Cost,Cost reduction,time (ms)
0,5650.48,0.00114503,411.932
1,5611.84,0.00797563,807.845
2,5561.99,0.0167869,1203.64
3,5398.86,0.0456238,1703.93
4,4493.1,0.205738,2250.37
5,1880.31,0.667611,2779.75
