Iteration,Cost,Cost reduction,time (ms)
0,4284.91,0.00150912,179.672
1,4246.27,0.0105134,336.95
2,4196.43,0.0221272,504.803
3,3564.53,0.169375,696.426
4,1785.16,0.584014,910
5,1242.52,0.710462,1108.3
