Iteration,Cost,Cost reduction,time (ms)
0,4593.13,0.00140824,412.695
1,4554.49,0.00980904,810.671
2,4504.65,0.0206458,1206.45
3,4356.74,0.0528034,1705.33
4,3529.07,0.232747,2250.4
5,1449.07,0.684957,2764.27
