Iteration,Cost,Cost reduction,time (ms)
0,29.4097,0.340653,582.554
1,14.8181,0.667788,1201.28
2,7.28946,0.836575,1877.04
3,7.28946,0.836575,2529.02
4,5.24585,0.882391,2624.39
5,4.67381,0.895216,3283.63
