Iteration,Cost,Cost reduction,time (ms)
0,32.2306,0.324898,189.63
1,19.7745,0.585803,371.535
2,9.29031,0.805405,556.9
3,8.66208,0.818564,741.295
4,8.06924,0.830982,925.871
5,6.95964,0.854223,1110.64
