Iteration,Cost,Cost reduction,time (ms)
0,4312.42,0.0015182,134.136
1,4274.56,0.0102842,232.698
2,4225.22,0.0217084,334.89
3,3386.44,0.215917,443.757
4,2904.52,0.327499,552.745
5,1585.54,0.632891,663.593
