Iteration,Cost,Cost reduction,time (ms)
0,5793.57,0.00113035,131.672
1,5755.71,0.00765788,227.849
2,5706.38,0.0161638,329.262
3,4710.55,0.187854,437.371
4,4284.83,0.261253,548.135
5,3504.86,0.395727,661.68
