Iteration,Cost,Cost reduction,time (ms)
0,4336.03,0.00149156,411.576
1,4297.39,0.0103897,805.585
2,4247.55,0.0218676,1203.24
3,4154.2,0.0433636,1707.2
4,2314.87,0.466928,2285.4
5,1777.15,0.590755,2825.04
