Iteration,Cost,Cost reduction,time (ms)
0,26.5061,0.31643,180.514
1,26.5061,0.31643,363.459
2,24.803,0.360352,436.904
3,24.803,0.360352,612.566
4,24.5278,0.367447,683.898
5,24.5278,0.367447,856.302
