Iteration,Cost,Cost reduction,time (ms)
0,4606.12,0.00140406,179.285
1,4567.48,0.00978126,338.361
2,4517.64,0.0205864,507.194
3,3865.1,0.162056,698.771
4,1617.11,0.649415,915.665
5,1525.17,0.669347,1109.06
