Iteration,Cost,Cost reduction,time (ms)
0,4456.81,0.00145085,413.612
1,4418.17,0.0101084,810.651
2,4368.33,0.0212741,1207.8
3,4329.18,0.0300468,1712.27
4,2954.88,0.337958,2251.91
5,2372.93,0.468345,3045.91
