Iteration,Cost,Cost reduction,time (ms)
0,4403.26,0.00146877,155.205
1,4364.62,0.0102302,254.685
2,4314.73,0.0215437,359.406
3,4122.45,0.0651468,484.374
4,3572.36,0.189891,609.94
5,2331.52,0.471279,738.972
