Iteration,Cost,Cost reduction,time (ms)
0,67.5924,0.400155,146.245
1,62.9788,0.441098,253.747
2,46.495,0.587383,367.632
3,34.7488,0.691623,479.396
4,33.6518,0.701359,604.967
5,9.57937,0.914988,733.669
