Iteration,Cost,Cost reduction,time (ms)
0,117.426,0.306272,154.185
1,114.21,0.32527,262.697
2,65.9317,0.610488,374.393
3,52.5322,0.68965,499.776
4,39.4613,0.76687,618.611
5,38.5371,0.77233,748.969
