Iteration,Cost,Cost reduction,time (ms)
0,4842.94,0.00133591,137.617
1,4804.31,0.00930232,238.601
2,4754.42,0.0195905,342.629
3,4100.33,0.15447,463.38
4,2652.93,0.452938,587.328
5,1196.74,0.753221,746.306
