Iteration,Cost,Cost reduction,time (ms)
0,43.6086,0.360368,144.011
1,22.5698,0.668956,251.599
2,22.5698,0.668956,367.534
3,21.9346,0.678273,452.457
4,21.9346,0.678273,572.369
5,21.9346,0.678273,653.819
