Iteration,Cost,Cost reduction,time (ms)
0,27.6784,0.335081,176.447
1,13.1406,0.684323,352.464
2,11.2072,0.73077,550.593
3,9.77292,0.765225,745.822
4,6.04943,0.854675,934.287
5,6.04943,0.854675,1117.8
