Iteration,Cost,Cost reduction,time (ms)
0,97.4105,0.388023,212.591
1,85.8952,0.460367,422.585
2,61.131,0.615947,629.133
3,52.5354,0.669948,835.678
4,40.3014,0.746808,1040.65
5,16.1035,0.89883,1250.97
