Iteration,Cost,Cost reduction,time (ms)
0,38.0421,0.240998,110.891
1,38.0421,0.240998,189.278
2,38.0421,0.240998,236.069
3,38.0421,0.240998,283.55
4,38.0421,0.240998,331.399
5,38.0421,0.240998,380.231
