Iteration,Cost,Cost reduction,time (ms)
0,56.482,0.388726,147.444
1,53.0483,0.425887,256.806
2,15.5697,0.831497,382.456
3,14.6284,0.841685,534.159
4,14.6284,0.841685,680.282
5,14.6284,0.841685,766.953
