Iteration,Cost,Cost reduction,time (ms)
0,5.362615436846427,0.0,30.715227127075195
1,5.021045905308702,0.06369457880399332,169.94404792785645
2,4.4181868316899955,0.17611343126849655,584.3794345855713
3,3.981440589537179,0.25755619875690183,2870.786428451538
4,3.733615141579523,0.3037697396822593,3331.4337730407715
5,3.7335653679986254,0.30377902126910505,4616.667985916138
