Iteration,Cost,Cost reduction,time (ms)
0,37.4592,0.420759,153.648
1,37.4592,0.420759,259.697
2,37.4592,0.420759,335.83
3,37.4592,0.420759,411.098
4,37.4592,0.420759,487.47
5,37.4592,0.420759,564.826
