Iteration,Cost,Cost reduction,time (ms)
0,5519.22,0.00117227,132.74
1,5480.59,0.0081638,229.894
2,5430.53,0.0172227,332.871
3,5349.66,0.0318576,448.363
4,4089.7,0.259877,560.745
5,914.266,0.834543,680.736
