Iteration,Cost,Cost reduction,time (ms)
0,31.912,0.449863,574.412
1,15.1823,0.738269,1166.07
2,13.7148,0.763568,1719.34
3,13.7148,0.763568,2257.86
4,13.7148,0.763568,2344.64
5,13.7148,0.763568,2419.89
