Iteration,Cost,Cost reduction,time (ms)
0,398.886,0.609527,6.564
1,342.653,0.664574,11.405
2,314.909,0.691732,15.72
3,314.361,0.692269,20.194
4,314.361,0.692269,24.524
