Iteration,Cost,Cost reduction,time (ms)
0,4482.8,0.00144243,142.506
1,4444.16,0.0100498,254.1
2,4394.32,0.0211508,372.443
3,4252.83,0.0526694,510.776
4,3530.99,0.213461,658.868
5,1557.05,0.653163,795.901
6,1071.09,0.76141,935.452
7,738.367,0.835526,1085.66
8,709.41,0.841977,1222.3
9,709.41,0.841977,1353.73
