Iteration,Cost,Cost reduction,time (ms)
0,5733.84,0.00112849,131.532
1,5695.21,0.00785853,229.589
2,5645.15,0.0165788,332.25
3,5615.88,0.0216787,449.162
4,3984.29,0.305911,564.354
5,2938.43,0.488107,733.153
