Iteration,Cost,Cost reduction,time (ms)
0,4920.69,0.00131433,178.492
1,4882.05,0.00915673,336.592
2,4832.21,0.0192716,505.765
3,4133.65,0.16105,696.493
4,2338.06,0.525476,911.9
5,1818.57,0.63091,1111.61
