Iteration,Cost,Cost reduction,time (ms)
0,106.995,0.338901,144.243
1,15.0412,0.907064,247.607
2,14.5692,0.90998,362.447
3,12.4859,0.922852,478.571
4,12.4859,0.922852,592.54
5,12.0409,0.925602,670.627
