Iteration,Cost,Cost reduction,time (ms)
0,100.209,0.337964,147.958
1,47.3,0.687511,252.787
2,10.6644,0.929545,362.596
3,10.5985,0.92998,477.381
4,10.417,0.93118,588.437
5,10.4045,0.931262,704.333
