Iteration,Cost,Cost reduction,time (ms)
0,4842.87,0.00135223,132.038
1,4805.01,0.00915933,229.255
2,4755.67,0.0193335,330.742
3,3849.09,0.206279,439.272
4,2574.55,0.469102,547.527
5,2574.55,0.469102,651.714
