Iteration,Cost,Cost reduction,time (ms)
0,4509.92,0.00145163,125.934
1,4472.06,0.00983439,217.822
2,4422.72,0.0207581,308.574
3,3567.14,0.210193,403.774
4,3197.74,0.291982,500.827
5,2653.26,0.412538,605.185
6,1548.25,0.6572,704.89
7,1531.5,0.660907,804.137
8,1531.5,0.660907,902.894
