Iteration,Cost,Cost reduction,time (ms)
0,4559.1,0.00141881,134.125
1,4520.47,0.00988053,232.231
2,4470.58,0.0208076,336.67
3,4409.72,0.0341389,458.398
4,2528.4,0.446204,585.295
5,1926.4,0.578061,842.072
