Iteration,Cost,Cost reduction,time (ms)
0,30.9833,0.3218,110.333
1,29.8299,0.347049,189.152
2,22.4513,0.508561,275.83
3,22.4513,0.508561,369.54
4,22.4513,0.508561,423.262
5,22.4513,0.508561,473.832
