Iteration,Cost,Cost reduction,time (ms)
0,29.3499,0.434796,210.499
1,14.9463,0.712173,324.877
2,14.4187,0.722332,441.133
3,6.6018,0.872866,557.968
4,3.78905,0.927033,669.406
5,3.78905,0.927033,790.402
