Iteration,Cost,Cost reduction,time (ms)
0,0.328102,0.857255,7.042
1,0.149722,0.934862,11.941
2,0.121844,0.94699,16.253
3,0.116292,0.949406,20.748
4,0.112614,0.951006,25.048
5,0.111522,0.951481,29.574
