Iteration,Cost,Cost reduction,time (ms)
0,28.3608,0.350095,109.864
1,20.5409,0.529292,189.343
2,19.6411,0.549913,281.526
3,17.4258,0.600678,377.01
4,16.6185,0.619176,479.857
5,16.6185,0.619176,590.57
