Iteration,Cost,Cost reduction,time (ms)
0,5066.45,0.00127665,179.8
1,5027.81,0.00889369,337.239
2,4977.97,0.0187184,504.972
3,4284.99,0.155322,697.397
4,2080.89,0.589804,912.908
5,1853.37,0.634654,1116.21
