Iteration,Cost,Cost reduction,time (ms)
0,4168.93,0.00155125,135.073
1,4130.3,0.0108037,231.207
2,4080.25,0.0227916,333.717
3,4059.21,0.0278306,445.941
4,2554.86,0.388118,561.601
5,2219.43,0.468453,722.909
