Iteration,Cost,Cost reduction,time (ms)
0,115.027,0.323076,151.496
1,104.621,0.384316,262.382
2,76.8919,0.547497,380.801
3,5.42532,0.968072,513.613
4,4.54951,0.973227,653.811
5,3.28451,0.980671,792.585
