Iteration,Cost,Cost reduction,time (ms)
0,100.12,0.350244,156.599
1,46.4796,0.698358,268.335
2,10.5354,0.931627,409.158
3,9.3998,0.938997,584.263
4,9.3998,0.938997,775.152
5,9.3998,0.938997,854.873
