Iteration,Cost,Cost reduction,time (ms)
0,5335.55,0.00121274,136.702
1,5296.92,0.00844478,234.551
2,5246.85,0.0178163,339.075
3,4308.57,0.193457,458.999
4,3159.47,0.408564,572.065
5,2054.6,0.61539,728.738
