Iteration,Cost,Cost reduction,time (ms)
0,82.5261,0.227638,145.484
1,82.5261,0.227638,253.763
2,60.5869,0.432967,333.347
3,60.5869,0.432967,447.393
4,59.9554,0.438877,528.414
5,59.9554,0.438877,648.195
