Iteration,Cost,Cost reduction,time (ms)
0,4960.57,0.00130428,135.896
1,4921.93,0.00908203,233.627
2,4872.04,0.0191266,337.648
3,4203.19,0.153784,458.682
4,2687,0.459035,582.296
5,1755.49,0.646573,735.004
