Iteration,Cost,Cost reduction,time (ms)
0,4447.87,0.00145391,417.194
1,4409.23,0.0101287,813.031
2,4359.39,0.0213176,1208.95
3,4267,0.0420596,1709.44
4,2469.84,0.445521,2211.08
5,2412.74,0.458341,2956.84
