Iteration,Cost,Cost reduction,time (ms)
0,5519.22,0.0011719,180.179
1,5480.58,0.00816485,338.17
2,5430.75,0.0171838,506.559
3,5365.1,0.0290647,698.589
4,4060.02,0.265247,902.197
5,2811.88,0.491127,1108.34
