Iteration,Cost,Cost reduction,time (ms)
0,32.8224,0.306187,113.947
1,22.7101,0.519945,192.047
2,13.9484,0.705154,275.9
3,10.2955,0.782369,360.184
4,8.09372,0.828912,447.294
5,5.62977,0.880996,534.196
