Iteration,Cost,Cost reduction,time (ms)
0,140.575,0.217903,146.803
1,88.5539,0.507324,251.429
2,45.6961,0.745766,361.565
3,42.5242,0.763413,476.435
4,17.797,0.900985,591.318
5,15.8502,0.911816,703.05
