Iteration,Cost,Cost reduction,time (ms)
0,48.5018,0.413618,167.512
1,47.1532,0.429922,283.555
2,36.8937,0.553959,422.106
3,32.7298,0.6043,568.056
4,19.0436,0.769765,723.969
5,4.89233,0.940852,903.967
