Iteration,Cost,Cost reduction,time (ms)
0,26.8959,0.392563,592.662
1,17.8607,0.596622,1116.15
2,12.5475,0.716618,1632.16
3,12.5475,0.716618,2141.53
4,12.5475,0.716618,2232.92
5,12.5475,0.716618,2297.24
