Iteration,Cost,Cost reduction,time (ms)
0,4611.56,0.00140259,144.694
1,4572.93,0.0097685,244.052
2,4522.87,0.0206078,348.432
3,4220.57,0.0860691,467.573
4,3221.71,0.302363,584.399
5,2783.26,0.397306,739.682
