Iteration,Cost,Cost reduction,time (ms)
0,5815.83,0.00111203,177.011
1,5777.19,0.00774879,334.201
2,5727.36,0.0163074,503.203
3,5329.09,0.0847102,693.336
4,4823.51,0.171546,897.652
5,3558.25,0.388859,1098.77
