Iteration,Cost,Cost reduction,time (ms)
0,113.959,0.297686,148.806
1,90.722,0.44089,259.473
2,36.527,0.774888,374.454
3,30.1524,0.814174,505.126
4,21.2881,0.868804,639.558
5,14.7971,0.908807,795.006
