Iteration,Cost,Cost reduction,time (ms)
0,31.1376,0.273358,565.266
1,28.292,0.339764,1158.77
2,17.1696,0.599321,1741.91
3,10.0077,0.766456,2251.62
4,7.89108,0.81585,2749.14
5,7.89108,0.81585,3245.28
