Iteration,Cost,Cost reduction,time (ms)
0,35.9128,0.445728,149.181
1,32.8067,0.493667,258.238
2,25.9181,0.599985,370.187
3,17.7488,0.726069,486.904
4,4.68995,0.927616,604.433
5,4.06077,0.937327,715.771
