Iteration,Cost,Cost reduction,time (ms)
0,86.2675,0.338832,575.593
1,66.7706,0.488259,1130.25
2,25.5284,0.804346,1691.15
3,25.5284,0.804346,2236.77
4,25.5284,0.804346,2327.18
5,25.5284,0.804346,2402.7
