Iteration,Cost,Cost reduction,time (ms)
0,166.104,0.0174286,142.503
1,71.7004,0.575864,245.419
2,55.1202,0.673942,355.164
3,55.1202,0.673942,462.385
4,54.4016,0.678193,537.498
5,54.4016,0.678193,645.764
