Iteration,Cost,Cost reduction,time (ms)
0,32.3416,0.202013,191.338
1,28.5286,0.296095,374.726
2,13.095,0.676897,553.953
3,13.095,0.676897,715.832
4,12.6744,0.687276,782.77
5,12.6744,0.687276,941.96
