Iteration,Cost,Cost reduction,time (ms)
0,43.553,0.24918,145.443
1,15.6607,0.730021,246.377
2,10.3876,0.820925,350.173
3,2.80308,0.951677,465.007
4,1.34587,0.976798,572.722
5,0.995568,0.982837,681.693
