Iteration,Cost,Cost reduction,time (ms)
0,5232.45,0.00123653,136.722
1,5193.82,0.00861066,233.548
2,5143.93,0.0181336,338.958
3,5099.76,0.0265632,460.55
4,2807.89,0.464033,601.74
5,2685.89,0.487321,791.312
