Iteration,Cost,Cost reduction,time (ms)
0,47.5233,0,396.005
1,47.5233,0,780.6
2,47.5233,0,1035.75
3,45.9394,0.033328,1417.12
4,40.2928,0.152146,1457.45
5,37.5175,0.210545,1508.73
6,36.1597,0.239115,1549.99
7,30.5807,0.356511,1605.33
8,28.5927,0.398343,1833.89
9,28.5927,0.398343,1873.06
