Iteration,Cost,Cost reduction,time (ms)
0,106.501,0.314636,148.242
1,43.889,0.717562,252.673
2,4.26688,0.972541,365.445
3,3.56549,0.977055,478.736
4,3.37647,0.978271,593.883
5,3.37647,0.978271,713.88
