Iteration,Cost,Cost reduction,time (ms)
0,42.956,0.747754,445.986
1,28.9606,0.829938,630.176
2,16.1795,0.904991,1045.13
3,16.1795,0.904991,1452
4,16.1795,0.904991,1751.74
5,16.1795,0.904991,2049.31
6,16.1795,0.904991,2357.6
