Iteration,Cost,Cost reduction,time (ms)
0,23.0276,0.41323,544.049
1,19.2819,0.508676,1081.91
2,13.643,0.652361,1592.2
3,13.643,0.652361,2088
4,11.6739,0.702535,2180.12
5,6.58641,0.832171,2659.98
