Iteration,Cost,Cost reduction,time (ms)
0,40.4543,0.404474,5222.52
1,33.183,0.511514,10722.1
2,33.183,0.511514,16320.2
3,31.7066,0.533249,16807.5
4,27.9875,0.587997,22334.1
5,26.4311,0.610909,27894.4
6,24.0981,0.645253,33470.7
7,21.4648,0.684018,39010.5
8,21.2302,0.687471,44622.8
9,19.4745,0.713317,50196.6
