Iteration,Cost,Cost reduction,time (ms)
0,4168.95,0.00155118,149.603
1,4130.31,0.0108042,248.243
2,4080.26,0.0227925,351.872
3,3421.08,0.180663,469.842
4,2619.77,0.372575,584.74
5,2257.92,0.459235,744.597
