Iteration,Cost,Cost reduction,time (ms)
0,26.5989,0.332455,188.137
1,13.538,0.66024,368.667
2,11.398,0.713948,555.315
3,5.77826,0.854985,734.369
4,4.93988,0.876025,917.842
5,4.56375,0.885465,1095.24
