Iteration,Cost,Cost reduction,time (ms)
0,15.5882,0.609746,542.478
1,9.08182,0.772635,1103.85
2,9.08182,0.772635,1795.92
3,9.08182,0.772635,1992.35
4,9.08182,0.772635,2189.42
5,9.08182,0.772635,2385.23
6,9.08182,0.772635,2580.42
