Iteration,Cost,Cost reduction,time (ms)
0,34.7265,0.206452,583.626
1,15.7317,0.640508,1173.21
2,12.7977,0.707554,1692.84
3,9.25566,0.788495,2207.21
4,9.15323,0.790836,2718.11
5,9.15323,0.790836,3224.12
