Iteration,Cost,Cost reduction,time (ms)
0,4333.09,0.00149287,138.953
1,4294.45,0.0103953,236.98
2,4244.56,0.0218922,341.384
3,3647.12,0.159565,462.424
4,2552.83,0.411732,586.934
5,1125.02,0.740753,745.179
