Iteration,Cost,Cost reduction,time (ms)
0,12.2457,0.958328,21.838
1,8.37967,0.971484,61.505
2,8.37967,0.971484,79.105
3,8.37967,0.971484,92.793
4,6.51168,0.977841,101.918
5,6.51168,0.977841,115.631
6,6.51168,0.977841,124.513
