Iteration,Cost,Cost reduction,time (ms)
0,4642.58,0.00141023,132.285
1,4604.72,0.00955377,229.598
2,4555.39,0.020166,331.117
3,3675.55,0.209412,439.243
4,3297.01,0.290834,548.197
5,2767.07,0.40482,662.367
