Iteration,Cost,Cost reduction,time (ms)
0,90.2173,0.423353,529.459
1,83.9813,0.463212,1074.45
2,28.8371,0.815681,1645.09
3,27.8379,0.822067,2208.9
4,26.9222,0.82792,2775.14
5,26.9222,0.82792,3337.82
