Iteration,Cost,Cost reduction,time (ms)
0,4702.79,0.00137504,176.216
1,4664.15,0.00958035,333.592
2,4614.32,0.0201627,500.842
3,4555.83,0.0325824,689.89
4,2821.47,0.400868,890.709
5,1858.21,0.605413,1090.45
6,1032.26,0.780803,1291.97
7,738.091,0.843268,1494.93
8,732.744,0.844404,1696.94
