Iteration,Cost,Cost reduction,time (ms)
0,27.1902,0.386367,572.703
1,18.5519,0.581319,1136
2,11.5803,0.738655,1667.43
3,8.83972,0.800504,2217.7
4,7.4968,0.830811,2792.51
5,7.4968,0.830811,3347.62
