Iteration,Cost,Cost reduction,time (ms)
0,27.0466,0.319966,181.678
1,17.2785,0.565565,362.866
2,10.1328,0.745231,561.358
3,7.75858,0.804926,742.432
4,6.28649,0.841939,922.541
5,6.04515,0.848007,1103.25
