Iteration,Cost,Cost reduction,time (ms)
0,24.2947,0.390604,110.518
1,14.4309,0.638023,185.429
2,13.4032,0.663801,261.611
3,8.79347,0.779429,341.218
4,6.76426,0.830329,432.101
5,6.76426,0.830329,526.294
