Iteration,Cost,Cost reduction,time (ms)
0,39.6703,0.140743,182.264
1,21.1064,0.542836,362.203
2,17.6028,0.618724,537.618
3,10.5601,0.771267,706.95
4,9.07941,0.80334,881.28
5,7.3695,0.840377,1052.62
