Iteration,Cost,Cost reduction,time (ms)
0,42.5894,0.0301391,181.12
1,14.9204,0.660227,357.682
2,7.30734,0.833595,534.22
3,6.18701,0.859107,707.807
4,5.22313,0.881057,872.28
5,5.00841,0.885947,1037.79
