Iteration,Cost,Cost reduction,time (ms)
0,9.80855,0.79563,529.267
1,9.80855,0.79563,1062.32
2,9.80855,0.79563,1152.82
3,6.54494,0.86363,1218.27
4,6.54494,0.86363,1730.31
5,6.54494,0.86363,1819.24
