Iteration,Cost,Cost reduction,time (ms)
0,29.5225,0.431882,223.532
1,14.3937,0.723014,337.315
2,11.4207,0.780224,456.203
3,6.90407,0.867141,574.071
4,2.17087,0.958225,690.997
5,1.86953,0.964023,810.021
