Iteration,Cost,Cost reduction,time (ms)
0,15.4997,0.862009,212.368
1,15.4997,0.862009,412.653
2,15.4997,0.862009,491.786
3,15.4997,0.862009,571.791
4,15.4997,0.862009,648.007
5,14.5568,0.870404,724.411
