Iteration,Cost,Cost reduction,time (ms)
0,26.9712,0.332353,106.052
1,12.1149,0.700107,181.62
2,9.3828,0.767738,258.719
3,9.31856,0.769328,338.854
4,9.31856,0.769328,415.601
5,8.4774,0.79015,471.168
