Iteration,Cost,Cost reduction,time (ms)
0,99.5985,0.31135,219.493
1,57.9844,0.599081,428.968
2,36.0053,0.75105,638.008
3,35.3707,0.755438,845.37
4,27.2368,0.811678,1052.75
5,13.261,0.90831,1263.62
