Iteration,Cost,Cost reduction,time (ms)
0,4872.87,0.0013436,132.237
1,4835.01,0.00910284,228.951
2,4785.67,0.0192132,330.396
3,3886.49,0.203493,438.811
4,3558.54,0.270706,551.093
5,2751.67,0.436067,664.219
