Iteration,Cost,Cost reduction,time (ms)
0,100.85,0.311313,147.007
1,76.512,0.477515,256.032
2,73.5003,0.498082,371.195
3,36.0141,0.754067,487.205
4,27.2397,0.813986,612.164
5,27.2397,0.813986,743.752
