Iteration,Cost,Cost reduction,time (ms)
0,44.1711,0.281061,134.928
1,5.32364,0.913351,234.91
2,3.04584,0.950425,343.744
3,2.65355,0.95681,451.982
4,2.06105,0.966454,560.383
5,2.03973,0.966801,668.599
