Iteration,Cost,Cost reduction,time (ms)
0,26.6955,0.326589,110.292
1,22.9218,0.421783,186.661
2,19.1466,0.517013,262.246
3,17.734,0.552649,342.774
4,17.734,0.552649,420.845
5,17.734,0.552649,471.606
