Iteration,Cost,Cost reduction,time (ms)
0,32.1093,0.296587,187.752
1,31.3761,0.312648,372.643
2,31.3761,0.312648,550.569
3,30.144,0.339638,623.904
4,26.0038,0.430337,800.325
5,26.0038,0.430337,979.3
