Iteration,Cost,Cost reduction,time (ms)
0,4606.13,0.00140418,151.362
1,4567.49,0.0097804,251.929
2,4517.43,0.0206331,356.974
3,4473.73,0.030107,475.241
4,3204.8,0.305208,592.243
5,2592.62,0.437927,765.785
