Iteration,Cost,Cost reduction,time (ms)
0,4583.11,0.00141141,129.976
1,4544.47,0.00982887,229.651
2,4494.42,0.0207354,332.511
3,4365.83,0.0487524,445.963
4,2956.16,0.355898,556.541
5,850.344,0.814723,666.607
6,850.344,0.814723,777.516
