Iteration,Cost,Cost reduction,time (ms)
0,35.0266,0.442919,147.306
1,30.9115,0.508368,256.836
2,22.4435,0.643047,376.119
3,6.05205,0.903745,510.151
4,5.21559,0.917049,650.75
5,4.79614,0.92372,795.797
