Iteration,Cost,Cost reduction,time (ms)
0,25.5629,0.339912,109.615
1,19.6883,0.491608,182.746
2,19.2756,0.502264,253.842
3,19.0104,0.509112,327.648
4,19.0104,0.509112,401.421
5,17.9341,0.536903,451.926
