Iteration,Cost,Cost reduction,time (ms)
0,102.75,0.350965,590.255
1,49.2557,0.688871,1119.34
2,49.2557,0.688871,1655.78
3,49.2557,0.688871,1743.95
4,49.2557,0.688871,1819.79
5,45.1165,0.715017,1898.41
