Iteration,Cost,Cost reduction,time (ms)
0,100.324,0.366406,146.537
1,93.753,0.407907,253.584
2,60.2596,0.619433,363.36
3,60.2596,0.619433,476.305
4,54.6305,0.654984,556.951
5,54.6305,0.654984,671.782
