Iteration,Cost,Cost reduction,time (ms)
0,31.3359,0.514882,88.341
1,31.3359,0.514882,228.212
2,29.7553,0.539352,293.757
3,29.7553,0.539352,692.59
4,19.0129,0.705658,1081.66
5,13.8789,0.785137,1479.34
6,13.8789,0.785137,1535.87
