Iteration,Cost,Cost reduction,time (ms)
0,56.5586,0.0534378,140.936
1,47.9807,0.196997,248.993
2,5.34745,0.910505,361.306
3,5.07942,0.914991,474.886
4,5.07942,0.914991,598.041
5,5.02851,0.915843,674.374
