Iteration,Cost,Cost reduction,time (ms)
0,119.949,0.258432,146.582
1,86.8228,0.46323,255.51
2,82.7014,0.48871,377.952
3,37.9244,0.765538,506.107
4,23.2114,0.856499,649.462
5,23.2114,0.856499,830.564
