Iteration,Cost,Cost reduction,time (ms)
0,57.378,0.394541,148.476
1,57.378,0.394541,259.058
2,57.378,0.394541,341.436
3,57.378,0.394541,419.66
4,57.378,0.394541,499.015
5,57.378,0.394541,578.999
