Iteration,Cost,Cost reduction,time (ms)
0,50.7647,0.316278,218.275
1,38.0675,0.48729,417.923
2,12.2395,0.835152,614.44
3,9.11383,0.877251,806.518
4,5.063,0.931809,1003.99
5,4.49224,0.939496,1202.09
