Iteration,Cost,Cost reduction,time (ms)
0,5355.33,0.00120775,412.479
1,5316.69,0.00841445,807.26
2,5266.85,0.0177092,1203.27
3,5195.28,0.031057,1702.65
4,2901.13,0.458927,2193.52
5,2176.22,0.594126,2912.45
