Iteration,Cost,Cost reduction,time (ms)
0,142.8,0.0246083,140.842
1,52.7362,0.639786,245.935
2,46.2134,0.68434,358.639
3,45.7599,0.687438,467.466
4,45.7599,0.687438,572.334
5,45.7599,0.687438,643.324
