Iteration,Cost,Cost reduction,time (ms)
0,36.4507,0.169522,184.115
1,23.3699,0.467551,356.56
2,16.0288,0.634807,534.01
3,13.5412,0.691482,709.063
4,6.43327,0.853427,882.709
5,6.43327,0.853427,1050.83
