Iteration,Cost,Cost reduction,time (ms)
0,26.6557,0.34049,113.057
1,23.3368,0.422605,191.912
2,10.8186,0.732328,270.563
3,10.7783,0.733326,355.493
4,10.6616,0.736213,442.411
5,10.6616,0.736213,529.739
