Iteration,Cost,Cost reduction,time (ms)
0,26.9123,0.335929,117.448
1,24.2592,0.401394,198.215
2,23.2313,0.426759,282.718
3,22.3998,0.447276,369.506
4,22.3998,0.447276,457.714
5,20.4244,0.496021,514.144
