Iteration,Cost,Cost reduction,time (ms)
0,4606.12,0.00140454,152.084
1,4567.49,0.00977995,251.849
2,4517.59,0.0205965,357.079
3,4449.8,0.0352932,478.044
4,2453.99,0.467981,600.452
5,1657.97,0.640557,809.595
