Iteration,Cost,Cost reduction,time (ms)
0,31.522,0.306038,112.441
1,15.0358,0.668984,192.673
2,11.855,0.739009,279.761
3,11.5622,0.745456,369.365
4,8.21504,0.819145,464.952
5,7.81444,0.827964,561.842
