Iteration,Cost,Cost reduction,time (ms)
0,104.236,0.299247,555.724
1,69.9457,0.529772,1083.59
2,33.1272,0.777294,1603.34
3,22.483,0.848852,2179.6
4,10.913,0.926634,2764.3
5,10.913,0.926634,3319.52
