Iteration,Cost,Cost reduction,time (ms)
0,21.2861,0.483039,12.924
1,18.7065,0.545687,22.247
2,11.9264,0.71035,31.512
3,11.9264,0.71035,40.641
4,9.56331,0.767742,45.643
5,8.02175,0.805181,55.538
6,7.39193,0.820477,65.319
7,5.91377,0.856376,75.138
8,5.66156,0.862501,84.69
9,5.66156,0.862501,94.364
