Iteration,Cost,Cost reduction,time (ms)
0,5815.85,0.00111236,419.693
1,5777.21,0.007749,816.408
2,5727.37,0.0163092,1212.9
3,4954.13,0.149115,1710.03
4,2069.36,0.644581,2338.41
5,1808.76,0.68934,2880.69
