Iteration,Cost,Cost reduction,time (ms)
0,5733.86,0.0011284,180.473
1,5695.22,0.00785977,336.541
2,5645.38,0.0165431,505.711
3,4884.04,0.149172,695.864
4,3048.72,0.468896,909.459
5,2040.66,0.644505,1108.92
