Iteration,Cost,Cost reduction,time (ms)
0,44.3088,0.24283,145.908
1,20.7465,0.645474,255.895
2,12.9157,0.779291,371.595
3,12.9157,0.779291,494.879
4,11.2248,0.808185,579.748
5,11.2248,0.808185,701.712
