Iteration,Cost,Cost reduction,time (ms)
0,19.2914,0.600536,537.268
1,11.0638,0.770903,1042.05
2,9.46319,0.804047,1485.98
3,9.46319,0.804047,1942.4
4,7.90359,0.836342,2031.47
5,7.90359,0.836342,2471.71
