Iteration,Cost,Cost reduction,time (ms)
0,32.1679,0.288979,105.776
1,17.5737,0.611561,182.98
2,11.652,0.742452,258.734
3,8.75044,0.806585,336.455
4,7.78205,0.82799,416.468
5,5.33714,0.882031,498.242
