Iteration,Cost,Cost reduction,time (ms)
0,22.6597,0.39311,575.355
1,21.6453,0.420278,1106.5
2,7.69013,0.794037,1635.1
3,6.44575,0.827365,2077.75
4,6.44575,0.827365,2542.05
5,5.96219,0.840316,2630.61
