Iteration,Cost,Cost reduction,time (ms)
0,51.9025,0.154882,140.786
1,43.7224,0.288077,247.927
2,6.42518,0.89538,359.12
3,5.76345,0.906155,473.939
4,1.56025,0.974595,600.592
5,1.06545,0.982652,722.183
