Iteration,Cost,Cost reduction,time (ms)
0,83.0617,0.197487,149.053
1,40.4454,0.609231,257.504
2,33.6285,0.675093,371.684
3,19.5123,0.811479,488.542
4,10.2762,0.900715,608.97
5,10.2762,0.900715,740.664
