Iteration,Cost,Cost reduction,time (ms)
0,30.1984,0.0456989,13.126
1,27.9168,0.117802,23.165
2,23.8414,0.246589,33.52
3,22.8,0.279497,43.639
4,19.4811,0.384376,53.98
5,12.7881,0.595885,63.474
6,11.4311,0.638766,73.422
7,11.4311,0.638766,82.668
