Iteration,Cost,Cost reduction,time (ms)
0,4257.11,0.00151904,150.447
1,4218.47,0.0105809,250.489
2,4168.41,0.0223215,354.09
3,4129.03,0.0315587,470.663
4,3463.1,0.187748,586.5
5,3108.03,0.271029,728.401
