Iteration,Cost,Cost reduction,time (ms)
0,82.1663,0.371819,210.87
1,69.222,0.47078,418.124
2,52.8028,0.59631,623.912
3,35.1114,0.731565,830.288
4,33.5785,0.743284,1033.84
5,33.5785,0.743284,1234.62
