Iteration,Cost,Cost reduction,time (ms)
0,34.8544,0.270266,107.298
1,24.3637,0.489906,188.16
2,17.78,0.627746,273.363
3,11.4456,0.760368,361.093
4,11.4456,0.760368,444.256
5,11.3233,0.762929,497.808
