Iteration,Cost,Cost reduction,time (ms)
0,47.2036,0.55761,21.176
1,25.8201,0.758015,34.293
2,25.5777,0.760286,47.842
3,22.576,0.788419,61.692
4,22.576,0.788419,76.169
