Iteration,Cost,Cost reduction,time (ms)
0,4639.56,0.00139374,413.215
1,4600.92,0.00971073,809.474
2,4551.08,0.020437,1205.05
3,4502.23,0.0309528,1709.74
4,2925.75,0.370268,2299.64
5,2350.67,0.494049,2970.32
