Iteration,Cost,Cost reduction,time (ms)
0,4312.48,0.001499,178.198
1,4273.84,0.0104459,337.988
2,4224.01,0.0219831,505.208
3,3629.07,0.159735,696.79
4,1783.34,0.587089,913.412
5,1014.66,0.765068,1113.52
