Iteration,Cost,Cost reduction,time (ms)
0,7.85584,0.893792,178.307
1,7.43546,0.899476,424.513
2,6.85467,0.907328,674.206
3,6.85467,0.907328,924.955
4,6.85467,0.907328,1025.94
