Iteration,Cost,Cost reduction,time (ms)
0,31.2943,0.335975,103.036
1,20.3973,0.567196,177.563
2,20.3973,0.567196,248.339
3,20.3973,0.567196,302.037
4,20.3973,0.567196,355.94
5,20.3973,0.567196,411.314
