Iteration,Cost,Cost reduction,time (ms)
0,33.0892,0.221938,102.173
1,33.0892,0.221938,175.492
2,33.0892,0.221938,227.033
3,33.0892,0.221938,280.57
4,33.0892,0.221938,335.338
5,33.0892,0.221938,391.349
