Iteration,Cost,Cost reduction,time (ms)
0,30.0121,0.269432,591.166
1,24.4417,0.405029,1161.34
2,23.1664,0.436073,1714.81
3,11.1601,0.728336,2268.21
4,7.55052,0.816202,2826.7
5,4.17596,0.898347,3367.09
