Iteration,Cost,Cost reduction,time (ms)
0,45.4402,0.296531,102.843
1,45.4402,0.296531,266.13
2,45.4402,0.296531,344.946
3,45.4402,0.296531,397.085
4,43.0625,0.333341,474.811
5,40.9643,0.365823,511.426
6,40.9643,0.365823,557.462
