Iteration,Cost,Cost reduction,time (ms)
0,28.4291,0.312519,108.776
1,15.9284,0.614814,188.587
2,11.8341,0.713824,273.896
3,11.3484,0.725569,367.661
4,10.0032,0.7581,466.797
5,9.04533,0.781263,562.306
