Iteration,Cost,Cost reduction,time (ms)
0,5066.46,0.00127696,144.397
1,5027.82,0.00889282,243.769
2,4977.76,0.0187612,347.058
3,4124.08,0.187043,466.715
4,3459,0.318146,579.086
5,2909.87,0.426393,750.5
