Iteration,Cost,Cost reduction,time (ms)
0,86.4496,0.331079,223.528
1,61.2325,0.526201,433.704
2,26.5047,0.794915,621.35
3,9.72793,0.924728,807.087
4,4.76992,0.963092,1003.52
5,4.76992,0.963092,1199.9
