Iteration,Cost,Cost reduction,time (ms)
0,4593.13,0.00140827,150.175
1,4554.5,0.0098081,250.22
2,4504.44,0.020692,354.055
3,4150.42,0.0976578,472.606
4,3601.99,0.216893,588.187
5,2318.97,0.495834,697.832
