Iteration,Cost,Cost reduction,time (ms)
0,45.4696,0.33339,770.802
1,36.7319,0.461489,1550.7
2,36.7319,0.461489,2352.72
3,36.7319,0.461489,2846.28
4,36.7319,0.461489,3326.11
