Iteration,Cost,Cost reduction,time (ms)
0,70.4003,0.372524,225.843
1,54.5074,0.514177,435.18
2,40.8179,0.636191,628.023
3,24.6797,0.780031,834.562
4,14.6919,0.869052,1040.23
5,11.0256,0.901729,1250.58
