Iteration,Cost,Cost reduction,time (ms)
0,32.8108,0.19756,605.313
1,22.5448,0.448631,1199.03
2,15.0368,0.632252,1819.04
3,7.60702,0.813958,2416.8
4,5.66809,0.861378,3013.2
5,4.35347,0.893529,3593.92
