Iteration,Cost,Cost reduction,time (ms)
0,27.6949,0.2907,180.523
1,8.68922,0.777459,361.267
2,5.61245,0.856258,527.117
3,5.46049,0.86015,672.64
4,5.46049,0.86015,818.179
5,4.59863,0.882223,871.235
