Iteration,Cost,Cost reduction,time (ms)
0,5366.52,0.00120714,143.352
1,5327.9,0.00839504,242.367
2,5277.99,0.0176839,347.036
3,5139.19,0.0435166,470.444
4,4160.05,0.225749,597.4
5,3579.3,0.333837,741.826
