Iteration,Cost,Cost reduction,time (ms)
0,28.0187,0.292981,552.169
1,23.4877,0.407317,1143.32
2,15.4752,0.609503,1670.49
3,11.2894,0.715125,2205.7
4,11.2894,0.715125,2738.5
5,9.03991,0.771889,2830.74
