Iteration,Cost,Cost reduction,time (ms)
0,103.341,0.149206,591.758
1,44.8523,0.630738,1146.52
2,24.8273,0.7956,1694.39
3,20.4818,0.831376,2275.06
4,17.3148,0.857449,2809.32
5,17.3148,0.857449,3347.52
