Iteration,Cost,Cost reduction,time (ms)
0,24.8907,0.405552,103.289
1,17.143,0.590585,173.923
2,6.78798,0.837887,247.06
3,5.78054,0.861947,322.349
4,5.78054,0.861947,398.82
5,4.39448,0.895049,450.854
