Iteration,Cost,Cost reduction,time (ms)
0,91.4205,0.0246069,208.94
1,46.9234,0.49936,402.344
2,12.258,0.869216,603.452
3,8.41061,0.910265,803.352
4,7.20778,0.923098,998.748
5,7.20778,0.923098,1193.94
