Iteration,Cost,Cost reduction,time (ms)
0,5488.62,0.00117875,149.985
1,5449.99,0.00820975,249.95
2,5399.92,0.0173198,354.829
3,4464.77,0.1875,472.431
4,3828.16,0.303349,587.485
5,2419.24,0.559745,736.321
