Iteration,Cost,Cost reduction,time (ms)
0,23.9325,0.556091,157.586
1,20.1902,0.625506,325.573
2,5.50317,0.897925,516.613
3,4.96806,0.907851,712.477
4,4.10495,0.92386,894.407
5,3.25393,0.939645,1084.18
