Iteration,Cost,Cost reduction,time (ms)
0,5601.77,0.00115458,179.62
1,5563.12,0.00804463,337.531
2,5513.29,0.0169304,507.169
3,5454.55,0.0274041,698.498
4,3740.31,0.333068,899.594
5,3001.66,0.464777,1104.81
