Iteration,Cost,Cost reduction,time (ms)
0,55.8546,0.662689,213.719
1,55.8546,0.662689,438.444
2,55.8546,0.662689,523.862
3,55.8546,0.662689,607.556
4,55.8546,0.662689,690.05
5,55.8546,0.662689,773.14
