Iteration,Cost,Cost reduction,time (ms)
0,27.5666,0.301224,190.861
1,13.1942,0.665546,384.267
2,10.4866,0.73418,576.623
3,7.36009,0.813432,765.798
4,7.36009,0.813432,933.885
5,7.31435,0.814591,1002.93
