Iteration,Cost,Cost reduction,time (ms)
0,4624.78,0.00139825,161.417
1,4586.14,0.0097407,260.008
2,4536.26,0.0205117,364.607
3,4469.96,0.0348284,485.691
4,2827.73,0.389425,608.377
5,2181.59,0.528942,870.742
