Iteration,Cost,Cost reduction,time (ms)
0,69.2381,0.135049,572.803
1,25.6997,0.678949,1134.87
2,8.83228,0.889663,1776.64
3,2.61918,0.96728,2407.56
4,2.50941,0.968651,3054.22
5,2.50941,0.968651,3700.15
