Iteration,Cost,Cost reduction,time (ms)
0,95.4419,0.322004,146.504
1,91.9271,0.346973,256.54
2,67.8959,0.517684,367.878
3,67.8959,0.517684,479.708
4,66.9955,0.52408,561.293
5,66.9955,0.52408,676.306
