Iteration,Cost,Cost reduction,time (ms)
0,29.8385,0.362046,104.301
1,19.6465,0.579953,177.449
2,7.94796,0.830071,250.02
3,7.94796,0.830071,322.368
4,7.94796,0.830071,371.571
5,7.4908,0.839845,421.729
