Iteration,Cost,Cost reduction,time (ms)
0,5113.81,0.00126521,165.267
1,5075.18,0.00881061,266.32
2,5025.28,0.0185553,371.746
3,4684.49,0.0851131,492.623
4,3072.03,0.400028,623.028
5,2460.43,0.519474,764.934
