Iteration,Cost,Cost reduction,time (ms)
0,100.961,0.031404,140.936
1,19.3263,0.814588,240.953
2,19.1524,0.816256,346.134
3,18.5722,0.821822,455.658
4,12.8607,0.876617,565.654
5,12.8607,0.876617,676.087
