Iteration,Cost,Cost reduction,time (ms)
0,5676.14,0.00113973,415.223
1,5637.5,0.00793953,809.309
2,5587.66,0.0167104,1207.85
3,4820.61,0.151692,1707.2
4,2139.6,0.623483,2339.77
5,1242.74,0.781309,2872.86
