Iteration,Cost,Cost reduction,time (ms)
0,4463.37,0.00144877,143.859
1,4424.73,0.0100922,241.024
2,4374.68,0.0212895,343.626
3,4165.22,0.0681504,458.688
4,3281.84,0.265781,576.487
5,3281.84,0.265781,750.442
