Iteration,Cost,Cost reduction,time (ms)
0,4439.5,0.0014743,131.648
1,4401.64,0.00998998,226.642
2,4352.3,0.0210863,327.977
3,3527.59,0.20658,435.136
4,3217.26,0.276379,546.707
5,2597.04,0.415878,655.889
