Iteration,Cost,Cost reduction,time (ms)
0,33.8332,0.256682,108.238
1,14.0728,0.69082,183.532
2,14.0728,0.69082,256.671
3,12.8373,0.717964,311.248
4,12.8373,0.717964,390.077
5,11.1356,0.75535,446.05
