Iteration,Cost,Cost reduction,time (ms)
0,4642.68,0.00139321,180.585
1,4604.04,0.00970447,338.031
2,4554.2,0.0204254,506.225
3,3910.21,0.158942,697.367
4,1369.42,0.705447,908.217
5,1369.42,0.705447,1104.44
