Iteration,Cost,Cost reduction,time (ms)
0,49.4787,0.23071,203.614
1,13.7357,0.786439,399.482
2,5.58282,0.913199,597.917
3,4.90168,0.923789,790.968
4,4.14419,0.935567,985.95
5,2.16398,0.966355,1180.52
