Iteration,Cost,Cost reduction,time (ms)
0,131.027,0.155232,144.193
1,74.4386,0.520073,255.009
2,32.8914,0.78794,369.006
3,27.4482,0.823034,493.326
4,27.445,0.823054,618.816
5,23.9144,0.845817,748.668
