Iteration,Cost,Cost reduction,time (ms)
0,60.5647,0.408561,87.822
1,60.5647,0.408561,212.848
2,60.5647,0.408561,276.576
3,50.4655,0.507184,314.651
4,42.1827,0.588069,378.89
5,42.1827,0.588069,427.339
6,37.7008,0.631836,457.99
7,34.1453,0.666557,509.184
8,34.1453,0.666557,569.01
