Iteration,Cost,Cost reduction,time (ms)
0,47.5707,0,72.377
1,47.5707,0,109.344
2,47.5707,0,141.464
3,47.5707,0,168.898
4,47.5707,0,198.877
5,47.238,0.00699377,232.862
6,47.238,0.00699377,267.59
