Iteration,Cost,Cost reduction,time (ms)
0,5342.51,0.00121054,414.694
1,5303.87,0.00843455,812.831
2,5254.03,0.017751,1211.32
3,5238.56,0.0206438,1714.77
4,3684.46,0.311184,2208.78
5,2091.8,0.608935,3135.76
