Iteration,Cost,Cost reduction,time (ms)
0,57.8992,0.0707573,205.96
1,22.634,0.636739,404.48
2,17.601,0.717516,612.044
3,9.85479,0.841837,824.82
4,7.30324,0.882788,1051.68
5,5.09899,0.918165,1257.87
