Iteration,Cost,Cost reduction,time (ms)
0,66.6747,0.402624,144.29
1,60.8565,0.454752,250.881
2,16.3121,0.853851,361.376
3,14.0817,0.873834,476.726
4,10.435,0.906507,591.139
5,5.11994,0.954128,707.394
