Iteration,Cost,Cost reduction,time (ms)
0,29.076,0.327956,175.769
1,12.3666,0.714167,362.321
2,10.3961,0.759711,555.079
3,5.52606,0.872274,743.439
4,5.12976,0.881434,927.242
5,4.89042,0.886966,1114.42
