Iteration,Cost,Cost reduction,time (ms)
0,4642.66,0.00139293,168.617
1,4604.03,0.0097032,268.773
2,4554.14,0.0204329,374.49
3,4530.88,0.0254369,496.066
4,3835.02,0.175112,619.146
5,2933.25,0.369076,763.04
