Iteration,Cost,Cost reduction,time (ms)
0,4665.23,0.00138641,145.626
1,4626.6,0.00965602,244.55
2,4576.72,0.020334,350.028
3,4559.84,0.0239462,468.844
4,3651.78,0.218321,597.924
5,2955.7,0.36732,771.767
