Iteration,Cost,Cost reduction,time (ms)
0,24.7718,0.790846,154.159
1,15.6839,0.867577,270.868
2,12.4842,0.894593,394.408
3,11.9449,0.899146,519.196
4,10.8059,0.908763,643.36
5,8.89438,0.924903,768.697
