Iteration,Cost,Cost reduction,time (ms)
0,49.5079,0.194109,147.832
1,19.6041,0.680884,252.577
2,7.89159,0.87154,367.648
3,1.42501,0.976804,487.034
4,1.19459,0.980554,613.042
5,1.0853,0.982333,744.403
