Iteration,Cost,Cost reduction,time (ms)
0,4615.78,0.00140125,153.794
1,4577.14,0.00975997,253.89
2,4527.08,0.02059,358.204
3,4483,0.0301273,476.273
4,3219.07,0.303572,593.409
5,2660.2,0.424481,772.598
