Iteration,Cost,Cost reduction,time (ms)
0,51.9366,0.167958,140.979
1,37.2984,0.402466,248.551
2,1.52622,0.975549,370.838
3,1.34102,0.978516,498.051
4,1.31075,0.979001,625.666
5,1.28836,0.97936,752.167
