Iteration,Cost,Cost reduction,time (ms)
0,4794.91,0.00134865,179.04
1,4756.27,0.00939652,337.466
2,4706.44,0.0197757,505.025
3,4029.56,0.160751,696.764
4,2412.26,0.497592,914.789
5,1366.25,0.715448,1119.91
