Iteration,Cost,Cost reduction,time (ms)
0,97.9312,0.32359,143.895
1,76.6318,0.470704,250.947
2,32.2428,0.777299,381.717
3,32.2428,0.777299,506.373
4,25.3453,0.82494,598.292
5,20.419,0.858966,724.359
