Iteration,Cost,Cost reduction,time (ms)
0,68.8501,0.373383,148.628
1,55.4405,0.495425,257.182
2,33.8914,0.691548,373.687
3,15.6495,0.857571,494.428
4,10.7557,0.90211,613.99
5,10.7557,0.90211,730.743
