Iteration,Cost,Cost reduction,time (ms)
0,108.085,0.0586988,147.181
1,24.006,0.790933,262.415
2,10.2442,0.910784,391.401
3,3.88576,0.966159,516.832
4,3.88576,0.966159,643.628
5,3.51032,0.969429,729.582
