Iteration,Cost,Cost reduction,time (ms)
0,32.9089,0.292337,101.986
1,10.3744,0.776913,174.089
2,6.90278,0.851565,250.005
3,6.6319,0.85739,324.838
4,5.45905,0.882611,405.297
5,5.45905,0.882611,493.213
