Iteration,Cost,Cost reduction,time (ms)
0,29.4477,0.312794,111.914
1,24.6504,0.424745,190.257
2,24.6504,0.424745,263.792
3,24.6504,0.424745,313.908
4,24.6504,0.424745,364.584
5,24.2548,0.433978,416.472
