Iteration,Cost,Cost reduction,time (ms)
0,5676.14,0.00113981,413.494
1,5637.5,0.00793957,811.619
2,5587.66,0.0167107,1207.6
3,5481.77,0.0353452,1710.86
4,3333.92,0.413313,2285.63
5,1918.93,0.662317,2811.56
