Iteration,Cost,Cost reduction,time (ms)
0,112.53,0.33478,145.716
1,12.7167,0.924825,246.718
2,9.58925,0.943313,354.584
3,9.58925,0.943313,466.048
4,9.43995,0.944196,546.003
5,9.43995,0.944196,655.385
