Iteration,Cost,Cost reduction,time (ms)
0,5424.01,0.00119242,407.966
1,5385.37,0.00830799,800.142
2,5335.53,0.0174849,1193.67
3,5307.86,0.0225808,1690.5
4,3998.61,0.263673,2230.47
5,3040.24,0.440152,2991.93
6,1811.8,0.666365,3724.26
7,1087.53,0.799736,4294.84
8,1031.7,0.810017,4841.58
9,1031.7,0.810017,5383.78
