Iteration,Cost,Cost reduction,time (ms)
0,93.5704,0.149277,582.216
1,36.4649,0.668468,1141.5
2,8.21221,0.925336,1772.12
3,5.10395,0.953596,2364.02
4,4.91231,0.955338,2951.39
5,4.48869,0.95919,3555.58
