Iteration,Cost,Cost reduction,time (ms)
0,113.888,0.299148,151.375
1,89.6681,0.448193,260.161
2,84.5311,0.479805,374.742
3,26.0387,0.839761,491.62
4,21.7839,0.865944,605.459
5,21.7839,0.865944,716.923
