Iteration,Cost,Cost reduction,time (ms)
0,40.4302,0.221539,581.685
1,12.4846,0.759616,1110.43
2,8.37467,0.83875,1714.37
3,4.61175,0.911203,2299.54
4,4.61175,0.911203,2846.68
5,4.61175,0.911203,2938.68
