Iteration,Cost,Cost reduction,time (ms)
0,4593.02,0.0014252,130.156
1,4555.16,0.00965658,226.64
2,4505.83,0.020383,329.16
3,3660.17,0.204239,437.449
4,3303.48,0.281786,548.155
5,3243.37,0.294855,662.29
