Iteration,Cost,Cost reduction,time (ms)
0,49.6442,0.169157,205.025
1,17.0368,0.714873,401.945
2,1.77131,0.970355,619.277
3,1.30997,0.978076,831.195
4,1.1926,0.980041,1045.75
5,1.16585,0.980488,1261.27
