Iteration,Cost,Cost reduction,time (ms)
0,31.2958,0.229565,110.677
1,14.1486,0.651692,191.247
2,14.1486,0.651692,272.999
3,13.371,0.670835,327.365
4,12.2193,0.699186,413.346
5,11.0625,0.727664,508.464
