Iteration,Cost,Cost reduction,time (ms)
0,26.6219,0.317151,109.477
1,22.6472,0.419104,186.933
2,17.8531,0.542071,264.093
3,16.9069,0.56634,346.611
4,16.9069,0.56634,426.925
5,13.4645,0.654638,479.38
