Iteration,Cost,Cost reduction,time (ms)
0,101.432,0.308266,219.127
1,68.4703,0.533054,426.151
2,40.3642,0.724729,632.47
3,18.8343,0.871556,851.61
4,13.0192,0.911213,1079.39
5,7.23484,0.950661,1302.77
