Iteration,Cost,Cost reduction,time (ms)
0,28.8716,0.300975,598.176
1,18.8327,0.544031,1192.32
2,11.8347,0.713464,1716.92
3,11.8347,0.713464,2236.72
4,7.88384,0.80912,2313.57
5,6.26945,0.848207,2842.61
