Iteration,Cost,Cost reduction,time (ms)
0,5650.47,0.00114488,179.906
1,5611.83,0.00797553,337.049
2,5561.99,0.016786,506.224
3,4833.56,0.145554,694.924
4,1948.31,0.65559,909.351
5,1378.95,0.756237,1109.61
