Iteration,Cost,Cost reduction,time (ms)
0,5143.62,0.00125782,136.157
1,5104.99,0.00875916,234.006
2,5054.93,0.0184788,337.468
3,4905.9,0.047417,452.855
4,3293.51,0.360496,566.408
5,2295.35,0.554309,688.511
