Iteration,Cost,Cost reduction,time (ms)
0,29.6638,0.341909,189.148
1,28.5508,0.366602,365.472
2,25.5331,0.433549,538.833
3,10.5133,0.766763,710.877
4,10.5133,0.766763,879.903
5,10.5133,0.766763,951.99
