Iteration,Cost,Cost reduction,time (ms)
0,36.8896,0.305894,576.689
1,18.4053,0.653691,1125.71
2,12.6793,0.761429,1698.3
3,11.6426,0.780935,2279.9
4,4.92208,0.907387,2859.97
5,4.04807,0.923833,3473.9
