Iteration,Cost,Cost reduction,time (ms)
0,4333.09,0.00149247,178.665
1,4294.45,0.0103967,337.073
2,4244.61,0.021882,503.241
3,3626.28,0.16437,693.993
4,2455.86,0.434077,908.782
5,1564.89,0.63939,1116.18
