Iteration,Cost,Cost reduction,time (ms)
0,34.8901,0.156493,2209.35
1,16.3039,0.605834,4442.31
2,10.5001,0.746148,6731
3,10.5001,0.746148,9094.98
4,10.5001,0.746148,9260.8
