Iteration,Cost,Cost reduction,time (ms)
0,33.7477,0.281644,187.589
1,25.231,0.462932,371.386
2,11.2393,0.760759,567.443
3,5.54231,0.882026,757.424
4,5.04433,0.892626,949.191
5,5.04433,0.892626,1128.67
