Iteration,Cost,Cost reduction,time (ms)
0,28.7941,0.339474,104.037
1,14.9624,0.656768,183.268
2,11.8484,0.728203,267.596
3,9.6359,0.778956,366.877
4,8.96422,0.794364,459.498
5,8.73438,0.799637,568.574
