Iteration,Cost,Cost reduction,time (ms)
0,404.444,0.716828,12.549
1,87.5656,0.938691,22.489
2,87.5656,0.938691,29.792
3,38.6123,0.972966,35.869
4,31.8344,0.977711,45.052
5,31.8344,0.977711,52.266
6,31.8344,0.977711,57.829
