Iteration,Cost,Cost reduction,time (ms)
0,106.374,0.200358,159.161
1,29.2684,0.779982,275.135
2,11.1137,0.916455,392.692
3,6.63551,0.950119,525.158
4,6.11643,0.954021,666.678
5,5.01097,0.962331,812.1
