Iteration,Cost,Cost reduction,time (ms)
0,90.4591,0.447885,59.948
1,90.4591,0.447885,147.65
2,90.4591,0.447885,191.037
3,40.9223,0.750231,214.726
4,37.527,0.770955,270.219
5,29.4089,0.820503,385.223
6,29.0103,0.822936,434.334
7,29.0103,0.822936,485.637
