Iteration,Cost,Cost reduction,time (ms)
0,17.8639,0.588067,113.371
1,17.8639,0.588067,181.178
2,17.8639,0.588067,225.545
3,17.8639,0.588067,269.99
4,17.8639,0.588067,314.472
5,17.8639,0.588067,358.723
6,6.41907,0.85198,407.711
7,6.41907,0.85198,487.39
