Iteration,Cost,Cost reduction,time (ms)
0,77.8919,0.355727,154.574
1,60.5906,0.498832,264.551
2,43.2827,0.641993,376.699
3,39.8418,0.670453,499.352
4,39.4524,0.673675,625.018
5,39.4524,0.673675,749.603
