Iteration,Cost,Cost reduction,time (ms)
0,114.509,0.331288,145.991
1,95.7807,0.440657,256.226
2,40.3555,0.764331,364.837
3,15.3223,0.91052,487.475
4,15.1091,0.911765,607.011
5,15.1091,0.911765,728.568
