Iteration,Cost,Cost reduction,time (ms)
0,4403.24,0.0014682,176.801
1,4364.59,0.010231,334.771
2,4314.76,0.0215313,502.339
3,4267.95,0.0321464,689.228
4,2927.14,0.336205,884.175
5,2180.72,0.505474,1096.65
