Iteration,Cost,Cost reduction,time (ms)
0,37.0575,0.0745103,588.756
1,15.6635,0.608813,1158.8
2,8.1439,0.796611,1774.34
3,4.88031,0.878117,2385.92
4,3.99697,0.900178,2978.8
5,2.69515,0.93269,3571.08
