Iteration,Cost,Cost reduction,time (ms)
0,102.107,0.160495,154.062
1,17.766,0.853932,268.84
2,15.4437,0.873026,393.475
3,10.7036,0.911998,518.058
4,10.7036,0.911998,639.017
5,10.462,0.913983,719.501
