Iteration,Cost,Cost reduction,time (ms)
0,7.36448,0.838984,581.626
1,7.36448,0.838984,1132.85
2,7.36448,0.838984,1224.48
3,7.36448,0.838984,1302.8
4,7.36448,0.838984,1374.91
5,7.36448,0.838984,1432.88
6,7.36448,0.838984,1483.03
