Iteration,Cost,Cost reduction,time (ms)
0,107.322,0.0574127,141.553
1,23.2723,0.795604,243.545
2,12.3362,0.891654,350.359
3,12.152,0.893272,458.628
4,12.152,0.893272,566.444
5,12.152,0.893272,638.252
