Iteration,Cost,Cost reduction,time (ms)
0,25.7446,0.432689,16.993
1,19.8027,0.563626,27.193
2,19.8027,0.563626,38.705
3,19.8027,0.563626,43.347
4,19.8027,0.563626,48.318
