Iteration,Cost,Cost reduction,time (ms)
0,32.6284,0.293683,109.918
1,17.174,0.62823,192.138
2,13.6722,0.704033,276.074
3,13.4859,0.708067,360.552
4,12.6307,0.72658,446.961
5,9.71275,0.789745,544.911
