Iteration,Cost,Cost reduction,time (ms)
0,4196.66,0.00154041,410.846
1,4158.02,0.0107338,807.924
2,4108.19,0.0225894,1209.12
3,4087.47,0.0275203,1715.78
4,2537.19,0.396358,2251.49
5,1778.25,0.576923,3143.78
