Iteration,Cost,Cost reduction,time (ms)
0,123.816,0.0724476,210.019
1,48.6992,0.635176,417.701
2,18.4156,0.862041,609.117
3,12.4333,0.906857,815.001
4,6.04264,0.954732,1026.81
5,4.36866,0.967273,1234.56
