Iteration,Cost,Cost reduction,time (ms)
0,5807.65,0.00111395,180.171
1,5769.01,0.00775994,338.257
2,5719.17,0.0163324,506.982
3,4989.09,0.141902,698.555
4,1820.91,0.686813,914.064
5,1574.12,0.72926,1114.42
