Iteration,Cost,Cost reduction,time (ms)
0,32.4456,0.31861,185.959
1,18.1463,0.618909,360.805
2,10.0721,0.788475,545.932
3,9.78485,0.794508,727.119
4,9.5375,0.799703,908.775
5,8.83309,0.814496,1091.5
