Iteration,Cost,Cost reduction,time (ms)
0,131.565,0.194148,238.375
1,55.4125,0.660591,488.126
2,20.4929,0.874478,696.918
3,15.9654,0.90221,882.515
4,8.44116,0.948297,1070.51
5,7.65834,0.953092,1262.96
