Iteration,Cost,Cost reduction,time (ms)
0,48.1982,0.201421,205.163
1,22.5979,0.625584,401.135
2,17.3718,0.712172,598.014
3,4.13831,0.931434,794.45
4,2.96769,0.950829,989.221
5,2.6056,0.956829,1181.98
