Iteration,Cost,Cost reduction,time (ms)
0,4336.02,0.00149143,412.945
1,4297.38,0.0103897,810.27
2,4247.54,0.021867,1204.43
3,3579.57,0.175689,1702.42
4,1212.82,0.720708,2334.59
5,865.003,0.800805,2886.97
