Iteration,Cost,Cost reduction,time (ms)
0,24.3146,0.352176,103.716
1,19.6686,0.475963,177.443
2,19.484,0.48088,254.4
3,18.7703,0.499895,339.789
4,18.7703,0.499895,424.898
5,18.6371,0.503445,481.084
