Iteration,Cost,Cost reduction,time (ms)
0,83.9762,0.396972,163.915
1,55.1985,0.603623,275.19
2,11.5365,0.917157,393.001
3,11.5365,0.917157,519.449
4,11.5365,0.917157,598.628
5,10.5179,0.924471,676.907
