Iteration,Cost,Cost reduction,time (ms)
0,82.4646,0.393188,214.045
1,48.8,0.640907,422.331
2,8.13131,0.940166,629.304
3,5.49405,0.959572,817.416
4,4.92059,0.963792,1007.21
5,4.92059,0.963792,1196.65
