Iteration,Cost,Cost reduction,time (ms)
0,264.403,0.493386,6.54
1,210.899,0.595904,10.495
2,210.899,0.595904,14.51
3,210.899,0.595904,17.45
4,210.899,0.595904,20.133
