Iteration,Cost,Cost reduction,time (ms)
0,34.272,0.154704,595.245
1,11.4782,0.716897,1226.41
2,5.69851,0.85945,1790.79
3,5.69851,0.85945,2347.99
4,5.27266,0.869953,2441.18
5,5.27266,0.869953,2983.79
