Iteration,Cost,Cost reduction,time (ms)
0,18.1048,0.264892,16.382
1,14.9807,0.391738,26.897
2,7.87548,0.680232,36.958
3,5.32504,0.783787,48.349
4,4.20839,0.829127,59.344
5,4.20839,0.829127,70.075
