Iteration,Cost,Cost reduction,time (ms)
0,16.8964,0.851064,167.351
1,16.8964,0.851064,296.992
2,16.8964,0.851064,393.259
3,16.8964,0.851064,489.047
4,16.8964,0.851064,585.593
5,16.8964,0.851064,721.786
6,16.8964,0.851064,864.996
