Iteration,Cost,Cost reduction,time (ms)
0,85.0529,0.350275,143.139
1,29.4092,0.775341,246.114
2,17.6562,0.865123,356.976
3,11.6707,0.910847,470.765
4,11.0744,0.915402,582.197
5,10.7771,0.917673,694.829
