Iteration,Cost,Cost reduction,time (ms)
0,5548.06,0.00118056,132.735
1,5510.2,0.00799649,230.833
2,5460.86,0.016879,331.251
3,4477.76,0.193868,440.077
4,2887.16,0.480224,547.879
5,2852.76,0.486416,653.847
