Iteration,Cost,Cost reduction,time (ms)
0,4702.79,0.00137507,148.58
1,4664.15,0.00957931,248.026
2,4614.1,0.0202074,351.851
3,4549.36,0.0339546,469.893
4,2376.56,0.495343,587.162
5,1286.78,0.726757,737.008
