Iteration,Cost,Cost reduction,time (ms)
0,10.9639,0.967269,13.561
1,10.9639,0.967269,24.46
2,10.9639,0.967269,32.177
3,10.9639,0.967269,37.972
4,10.9639,0.967269,43.694
5,6.49601,0.980607,49.056
6,6.49601,0.980607,58.978
