Iteration,Cost,Cost reduction,time (ms)
0,45.9009,0.495507,395.371
1,45.9009,0.495507,651.041
2,45.9009,0.495507,870.001
3,45.9009,0.495507,1109.7
4,18.7096,0.794365,1320.82
5,18.7096,0.794365,1456.64
6,18.7096,0.794365,1544.95
