Iteration,Cost,Cost reduction,time (ms)
0,4711.36,0.0013894,128.523
1,4673.5,0.00941435,225.303
2,4624.16,0.0198718,326.69
3,3761.3,0.202762,434.994
4,3484.07,0.261524,545.636
5,2836.2,0.398844,655.213
