Iteration,Cost,Cost reduction,time (ms)
0,150.628,0.160508,149.535
1,60.2684,0.664108,263.098
2,57.5165,0.679445,391.303
3,16.3727,0.90875,522.017
4,15.1466,0.915584,703.647
5,15.1466,0.915584,895.54
