Iteration,Cost,Cost reduction,time (ms)
0,29.68,0.367109,107.627
1,19.6619,0.580732,184.402
2,10.5964,0.774043,261.298
3,10.5217,0.775637,347.443
4,8.99673,0.808155,434.922
5,8.99673,0.808155,526.173
