Iteration,Cost,Cost reduction,time (ms)
0,27.6354,0.325829,103.962
1,12.9142,0.684954,177.602
2,12.9142,0.684954,247.585
3,12.9142,0.684954,296.994
4,12.9142,0.684954,347.455
5,12.9142,0.684954,400.174
