Iteration,Cost,Cost reduction,time (ms)
0,5650.46,0.00114477,178.421
1,5611.82,0.00797547,336.903
2,5561.98,0.0167855,504.393
3,4833.42,0.145576,694.755
4,2707.24,0.52143,913.823
5,1230,0.782567,1112.2
