Iteration,Cost,Cost reduction,time (ms)
0,5627.5,0.0011497,150.875
1,5588.86,0.00800738,250.853
2,5538.8,0.0168929,355.138
3,4615.31,0.180807,472.778
4,3797.19,0.32602,586.596
5,2617.12,0.535476,777.359
