Iteration,Cost,Cost reduction,time (ms)
0,39,0.448047,148.592
1,38.6468,0.453047,258.315
2,36.4136,0.484652,372.58
3,34.3882,0.513317,488.439
4,32.7691,0.536231,604.532
5,32.7691,0.536231,723.755
