Iteration,Cost,Cost reduction,time (ms)
0,60.5141,0.17879,583.099
1,26.1966,0.644498,1147.57
2,19.7166,0.732435,1697.02
3,11.6154,0.842372,2240.42
4,11.6154,0.842372,2797.15
5,9.39682,0.87248,2887.08
