Iteration,Cost,Cost reduction,time (ms)
0,30.2583,0.654797,69.722
1,23.5787,0.731001,172.63
2,23.5787,0.731001,553.734
3,23.5787,0.731001,927.281
4,23.5787,0.731001,1301.88
5,23.5787,0.731001,1678.48
6,22.8645,0.739149,1737.16
7,22.8645,0.739149,1826.14
