Iteration,Cost,Cost reduction,time (ms)
0,36.3619,0.236983,597.133
1,26.9167,0.435181,1175.45
2,26.7382,0.438926,1723.94
3,26.7382,0.438926,2238.61
4,24.519,0.485494,2332.63
5,20.9836,0.559682,2841.25
