Iteration,Cost,Cost reduction,time (ms)
0,33.4864,0.159261,544.993
1,22.6437,0.431486,1099.77
2,13.9736,0.649166,1688.44
3,8.83861,0.77809,2250.44
4,4.28454,0.892428,2814.22
5,4.28454,0.892428,3362.04
