Iteration,Cost,Cost reduction,time (ms)
0,118.957,0.318203,148.658
1,68.406,0.607934,254.382
2,58.1867,0.666505,390.861
3,58.1867,0.666505,772.701
4,43.5587,0.750345,879.876
5,43.5587,0.750345,1281.42
