Iteration,Cost,Cost reduction,time (ms)
0,25.9537,0.347522,582.929
1,22.9572,0.422854,1110.47
2,20.5968,0.482197,1628.65
3,18.0349,0.546603,2150.44
4,17.5807,0.558019,2665.87
5,16.9652,0.573495,3185.21
