Iteration,Cost,Cost reduction,time (ms)
0,4179.69,0.00154779,134.149
1,4141.06,0.0107763,232.622
2,4091.16,0.0226957,336.871
3,4071.99,0.0272762,457.084
4,2400.44,0.426579,587.392
5,2053.92,0.509357,721.71
