Iteration,Cost,Cost reduction,time (ms)
0,28.4069,0.305596,108.486
1,14.297,0.650511,184.371
2,8.60342,0.78969,261.061
3,8.60342,0.78969,340.177
4,8.14811,0.80082,394.994
5,8.09752,0.802057,476.735
