Iteration,Cost,Cost reduction,time (ms)
0,31.0857,0.496028,223.605
1,18.2796,0.703645,430.45
2,11.256,0.817515,641.18
3,4.90812,0.920428,857.133
4,3.80165,0.938366,1072.3
5,1.85456,0.969933,1290.51
