Iteration,Cost,Cost reduction,time (ms)
0,30.4501,0.333949,105.536
1,26.6736,0.416554,186.884
2,25.9378,0.432651,268.996
3,25.4795,0.442675,357.533
4,25.0672,0.451692,445.82
5,23.2878,0.490615,534.245
