Iteration,Cost,Cost reduction,time (ms)
0,4199.83,0.00153961,179.332
1,4161.19,0.010726,336.657
2,4111.35,0.0225745,504.658
3,3447.77,0.180332,697.704
4,1277.23,0.696354,916.212
5,1160.38,0.724133,1116.98
