Iteration,Cost,Cost reduction,time (ms)
0,40.6978,0.315745,220.455
1,15.8926,0.732797,419.279
2,8.76336,0.852661,628.163
3,3.30382,0.944453,829.33
4,3.24694,0.945409,1023.47
5,3.24694,0.945409,1221.23
