Iteration,Cost,Cost reduction,time (ms)
0,123.551,0.177871,522.037
1,57.1021,0.620033,1077.99
2,35.8263,0.761606,1603.73
3,35.8263,0.761606,2180.87
4,35.8263,0.761606,2275.65
5,35.6193,0.762983,2362.52
