Iteration,Cost,Cost reduction,time (ms)
0,99.4688,0.301299,576.894
1,81.6026,0.426797,1134.51
2,33.2366,0.766536,1696.08
3,24.2457,0.82969,2234.98
4,24.2457,0.82969,2782.32
5,20.8113,0.853815,2876.01
