Iteration,Cost,Cost reduction,time (ms)
0,131.532,0.0470399,140.714
1,27.0586,0.803958,243.048
2,21.547,0.84389,350.941
3,16.1838,0.882747,463.557
4,15.92,0.884658,584.821
5,15.92,0.884658,701.589
