Iteration,Cost,Cost reduction,time (ms)
0,40.6857,0,651.838
1,40.6857,0,856.21
2,7.45434,0.816782,1062.29
3,7.45434,0.816782,1653.61
4,7.45434,0.816782,1859.38
5,7.45434,0.816782,2064.42
6,7.45434,0.816782,2271.36
