Iteration,Cost,Cost reduction,time (ms)
0,36.2354,0.216842,570.742
1,16.8542,0.635729,1141.33
2,6.10314,0.868092,1697.25
3,5.84307,0.873713,2232.28
4,5.84307,0.873713,2761.05
5,5.84307,0.873713,2855.59
