Iteration,Cost,Cost reduction,time (ms)
0,5366.44,0.00122038,131.397
1,5328.58,0.00826676,228.344
2,5279.24,0.0174499,330.877
3,4319.58,0.196057,439.11
4,3760.85,0.300045,547.512
5,1760.98,0.672254,656
