Iteration,Cost,Cost reduction,time (ms)
0,128.811,0.203987,209.661
1,65.4146,0.595758,403.926
2,41.6288,0.742747,611.056
3,38.3839,0.762799,827.568
4,38.3839,0.762799,1051.24
5,38.3839,0.762799,1154.7
