Iteration,Cost,Cost reduction,time (ms)
0,24.9161,0.376221,181.684
1,12.4423,0.688505,333.01
2,10.1877,0.744948,479.654
3,4.40751,0.889657,624.323
4,4.40751,0.889657,769.72
