Iteration,Cost,Cost reduction,time (ms)
0,37.323,0.102289,563.04
1,19.8213,0.523249,1133.89
2,12.0854,0.709315,1675.03
3,8.85398,0.78704,2202.75
4,6.04573,0.854585,2703.21
5,4.91217,0.88185,3212.36
