Iteration,Cost,Cost reduction,time (ms)
0,29.9868,0.319406,104.838
1,29.3391,0.334107,177.256
2,29.3391,0.334107,248.266
3,24.0299,0.454608,299.243
4,21.9998,0.500683,374.574
5,21.9998,0.500683,448.994
