Iteration,Cost,Cost reduction,time (ms)
0,69.7374,0.250642,84.526
1,32.1508,0.654525,169.827
2,32.1508,0.654525,310.351
3,32.1508,0.654525,387.459
4,32.1508,0.654525,429.188
5,25.1614,0.72963,462.004
6,25.1337,0.729928,494.735
