Iteration,Cost,Cost reduction,time (ms)
0,26.7949,0.421354,107.407
1,18.5722,0.598925,182.258
2,16.1814,0.650556,262.029
3,7.68237,0.834096,344.858
4,7.20878,0.844324,437.466
5,7.20878,0.844324,530.794
