Iteration,Cost,Cost reduction,time (ms)
0,5665.96,0.00115605,131.872
1,5628.1,0.00783031,228.431
2,5578.76,0.0165283,342.014
3,4582.29,0.192194,449.679
4,2727.35,0.519199,557.852
5,2727.35,0.519199,661.257
