Iteration,Cost,Cost reduction,time (ms)
0,5387.24,0.0012007,178.046
1,5348.6,0.00836473,343.184
2,5298.76,0.017605,508.206
3,4551.41,0.156164,700.277
4,2358.95,0.562648,916.269
5,1644.59,0.695092,1114.09
