Iteration,Cost,Cost reduction,time (ms)
0,31.7112,0.327677,105.483
1,18.4102,0.609678,178.007
2,10.9971,0.766845,251.821
3,10.9971,0.766845,325.144
4,10.1768,0.784237,376.193
5,10.1564,0.78467,453.809
