Iteration,Cost,Cost reduction,time (ms)
0,5468.89,0.00118241,177.108
1,5430.25,0.00823972,336.284
2,5380.42,0.0173402,504.292
3,4679.18,0.145412,694.195
4,2458.41,0.551005,912.813
5,1120.04,0.79544,1109.4
