Iteration,Cost,Cost reduction,time (ms)
0,29.9218,0.307266,111.984
1,27.0416,0.373946,206.816
2,27.0416,0.373946,304.521
3,25.5879,0.407602,360.901
4,22.0353,0.48985,464.675
5,22.0353,0.48985,574.354
