Iteration,Cost,Cost reduction,time (ms)
0,400.384,0.739552,18.835
1,108.709,0.929285,31.342
2,108.709,0.929285,43.512
3,108.709,0.929285,49.309
4,108.709,0.929285,55.145
