Iteration,Cost,Cost reduction,time (ms)
0,41.008,0.456622,531.696
1,27.2598,0.638793,1082.12
2,27.2598,0.638793,1633.27
3,21.1013,0.720397,1729.32
4,21.1013,0.720397,2279.64
5,21.1013,0.720397,2363.1
