Iteration,Cost,Cost reduction,time (ms)
0,43.6483,0.581836,65.919
1,43.6483,0.581836,209.528
2,43.6483,0.581836,263.778
3,38.3107,0.632971,298.874
4,38.3107,0.632971,358.373
5,38.3107,0.632971,388.505
6,36.7903,0.647538,416.007
7,36.5899,0.649458,458.966
