Iteration,Cost,Cost reduction,time (ms)
0,27.4088,0.46477,224.402
1,16.8462,0.671034,437.891
2,8.242,0.839053,638.838
3,2.3305,0.954491,849.919
4,1.81387,0.964579,1072.96
5,1.70134,0.966777,1289.61
