Iteration,Cost,Cost reduction,time (ms)
0,31.8246,0.309444,189.445
1,14.1655,0.692625,376.19
2,5.35054,0.8839,566.736
3,5.0372,0.890699,755.231
4,4.19693,0.908931,939.508
5,3.46866,0.924734,1111.06
