Iteration,Cost,Cost reduction,time (ms)
0,32.8645,0.439337,159.965
1,32.0557,0.453135,269.662
2,14.8869,0.746031,381.578
3,14.0862,0.759691,494.756
4,7.06724,0.879434,610.151
5,3.50389,0.940224,733.798
