Iteration,Cost,Cost reduction,time (ms)
0,4742.59,0.00136329,411.667
1,4703.95,0.00949991,810.858
2,4654.11,0.0199927,1207.16
3,4505.72,0.0512393,1708.19
4,3777.25,0.204631,2250.29
5,2359.05,0.503259,2795.54
