Iteration,Cost,Cost reduction,time (ms)
0,102.478,0.308154,145.759
1,99.2215,0.33014,252.729
2,80.5782,0.456004,359.654
3,33.2451,0.775557,468.425
4,16.8911,0.885966,592.764
5,16.6564,0.88755,749.136
6,13.1282,0.911369,911.924
7,10.0475,0.932168,1068.62
8,8.166,0.94487,1224.86
9,8.166,0.94487,1384.02
