Iteration,Cost,Cost reduction,time (ms)
0,1039.3747094083064,0.0,4262.049674987793
1,105.04442440176342,0.8989349813393449,14371.38056755066
2,98.51267113511295,0.9052192917112692,20597.23711013794
3,38.926040757033675,0.962548597339651,25057.241678237915
4,36.544770365741265,0.9648396578876299,27666.88895225525
5,36.544770365741265,0.9648396578876299,30654.112815856934
