Iteration,Cost,Cost reduction,time (ms)
0,77.3517,0.181114,149.129
1,19.7598,0.790812,259.757
2,9.91436,0.895041,369.153
3,4.77359,0.949464,499.495
4,4.48652,0.952503,631.732
5,4.48652,0.952503,772.736
