Iteration,Cost,Cost reduction,time (ms)
0,4439.52,0.0014748,130.647
1,4401.66,0.0099902,227.13
2,4352.32,0.0210879,328.924
3,3492.95,0.214375,437.93
4,3004.25,0.324292,546.398
5,1569.37,0.647021,655.52
