Iteration,Cost,Cost reduction,time (ms)
0,34.7122,0.65147,10.914
1,21.9284,0.779827,18.952
2,14.2341,0.857082,26.653
3,9.79273,0.901675,34.029
4,9.79273,0.901675,41.703
