Iteration,Cost,Cost reduction,time (ms)
0,25.8663,0.34497,107.065
1,16.2438,0.588646,182.165
2,14.9618,0.621112,257.546
3,14.4732,0.633486,341.074
4,9.82223,0.751265,427.28
5,5.90002,0.850589,512.842
