Iteration,Cost,Cost reduction,time (ms)
0,105.18,0.15207,167.239
1,16.317,0.868457,285.456
2,16.317,0.868457,402.079
3,13.795,0.888788,483.712
4,13.795,0.888788,606.263
5,13.795,0.888788,684
