Iteration,Cost,Cost reduction,time (ms)
0,108.059,0.323323,151.354
1,88.4518,0.446105,261.96
2,63.6577,0.601368,378.983
3,43.3443,0.728573,498.896
4,32.3142,0.797645,610.961
5,26.0193,0.837064,744.381
