Iteration,Cost,Cost reduction,time (ms)
0,42.6448,0.894207,11.495
1,8.35705,0.979268,20.646
2,8.35705,0.979268,42.97
3,8.35705,0.979268,58.126
4,8.35705,0.979268,69.721
5,8.35705,0.979268,78.379
6,8.35705,0.979268,83.187
