Iteration,Cost,Cost reduction,time (ms)
0,24.2848,0.439891,545.896
1,10.6999,0.753216,1066.86
2,7.01623,0.838177,1597.24
3,7.01623,0.838177,2119.14
4,4.77551,0.889857,2208.36
5,3.81731,0.911957,2722.28
