Iteration,Cost,Cost reduction,time (ms)
0,5011.69,0.00129062,179.309
1,4973.05,0.00899076,339.004
2,4923.21,0.0189228,506.372
3,4256.73,0.151737,696.314
4,1655.82,0.670036,911.757
5,1597.15,0.681727,1114.32
