Iteration,Cost,Cost reduction,time (ms)
0,2.99912,0.921579,6.625
1,2.99912,0.921579,10.346
2,2.99912,0.921579,13.38
3,2.99912,0.921579,17.056
4,2.62589,0.931338,20.72
5,2.53183,0.933798,25.04
6,1.58576,0.958535,29.077
7,1.58576,0.958535,32.896
