Iteration,Cost,Cost reduction,time (ms)
0,30.9825,0.247548,11.062
1,18.3856,0.553481,18.879
2,15.9848,0.611787,27.096
3,15.3318,0.627646,34.805
4,15.3318,0.627646,42.696
