Iteration,Cost,Cost reduction,time (ms)
0,21.6711,0.530071,103.193
1,21.6711,0.530071,172.075
2,21.6711,0.530071,219.467
3,19.2306,0.582992,268.582
4,12.339,0.732435,344.277
5,10.2564,0.777595,429.825
