Iteration,Cost,Cost reduction,time (ms)
0,30.6671,0.238003,122.152
1,16.9092,0.57985,218.458
2,8.64651,0.785157,313.118
3,7.68682,0.809003,411.139
4,5.35073,0.867048,515.848
5,5.35073,0.867048,616.126
