Iteration,Cost,Cost reduction,time (ms)
0,106.832,0.407199,230.36
1,81.2598,0.549097,447.589
2,15.6229,0.91331,676.001
3,7.51914,0.958277,879.526
4,4.40431,0.975561,1087.19
5,4.25421,0.976394,1289.45
