Iteration,Cost,Cost reduction,time (ms)
0,28.1481,0.327879,106.999
1,12.5626,0.700029,183.187
2,12.5626,0.700029,259.466
3,10.581,0.747346,315.671
4,10.5139,0.748948,399.61
5,10.5139,0.748948,481.512
