Iteration,Cost,Cost reduction,time (ms)
0,31.4417,0.325659,103.098
1,21.4815,0.53928,176.032
2,20.0354,0.570295,250.795
3,15.4281,0.669109,328.283
4,5.07962,0.891056,406.698
5,4.92639,0.894342,486.055
