Iteration,Cost,Cost reduction,time (ms)
0,145.12,0.171972,522.743
1,83.0599,0.526077,1045.68
2,76.3377,0.564432,1573.91
3,33.4834,0.80895,2109.21
4,28.9621,0.834748,2722.58
5,28.9621,0.834748,3259.01
