Iteration,Cost,Cost reduction,time (ms)
0,64.5316,0.558794,14.54
1,24.8954,0.829788,24.143
2,24.8954,0.829788,33.724
3,24.8954,0.829788,38.393
4,24.8954,0.829788,43.422
