Iteration,Cost,Cost reduction,time (ms)
0,30.661,0.333678,106.246
1,25.255,0.451161,180.668
2,16.7556,0.635868,256.805
3,16.7556,0.635868,332.9
4,16.7556,0.635868,385.454
5,16.7556,0.635868,437.329
