Iteration,Cost,Cost reduction,time (ms)
0,88.8332,0.336272,220.934
1,62.1972,0.535286,429.437
2,14.6122,0.890823,639.149
3,12.3006,0.908094,856.446
4,12.3006,0.908094,1069.57
5,11.3,0.915571,1156.97
