Iteration,Cost,Cost reduction,time (ms)
0,77.7633,0.314317,541.488
1,48.8804,0.568994,1095.24
2,28.8104,0.745962,1639.05
3,25.948,0.771202,2209.19
4,25.948,0.771202,2793.49
5,25.948,0.771202,2885.62
