Iteration,Cost,Cost reduction,time (ms)
0,25.5569,0.425389,177.933
1,11.0061,0.752543,350.515
2,10.3763,0.766703,509.811
3,10.3763,0.766703,667.229
4,10.3763,0.766703,728.801
5,10.3763,0.766703,772.148
