Iteration,Cost,Cost reduction,time (ms)
0,77.359,0.501951,214.081
1,57.5526,0.629468,411.782
2,47.8487,0.691943,624.67
3,18.2683,0.882386,835.079
4,18.2683,0.882386,1037.42
5,18.2683,0.882386,1120.47
