Iteration,Cost,Cost reduction,time (ms)
0,5468.92,0.00118289,178.804
1,5430.28,0.00824002,336.22
2,5380.44,0.0173429,505.797
3,4656.35,0.149587,693.648
4,1990.31,0.6365,911.103
5,1990.31,0.6365,1105.21
