Iteration,Cost,Cost reduction,time (ms)
0,4482.79,0.00144249,158.942
1,4444.16,0.0100488,258.619
2,4394.28,0.0211604,364.606
3,4295.27,0.0432147,487.58
4,3410.05,0.240399,610.125
5,2145.87,0.522001,736.859
