Iteration,Cost,Cost reduction,time (ms)
0,38.0082,0.368943,153.909
1,29.8707,0.504052,262.342
2,29.1081,0.516713,375.66
3,26.8663,0.553935,494.106
4,6.98725,0.88399,616.907
5,2.73169,0.954645,743.279
