Iteration,Cost,Cost reduction,time (ms)
0,30.7825,0,90.199
1,22.8366,0.258131,146.911
2,22.8366,0.258131,201.858
3,22.8366,0.258131,239.76
4,19.4461,0.368274,268.237
5,19.4461,0.368274,304.261
6,19.2397,0.374981,329.619
7,17.9969,0.415352,360.067
8,17.4989,0.431531,395.956
9,17.0472,0.446207,430.066
