Iteration,Cost,Cost reduction,time (ms)
0,4.699711436846443,0.0,86.11655235290527
1,4.356205079306806,0.07309094657312276,394.6089744567871
