Iteration,Cost,Cost reduction,time (ms)
0,28.1958,0.322094,189.267
1,14.2995,0.656199,376.842
2,12.2001,0.706677,579.291
3,11.696,0.718796,774.826
4,10.9644,0.736385,970.495
5,8.14719,0.804119,1158.99
