Iteration,Cost,Cost reduction,time (ms)
0,31.7572,0.208636,114.249
1,14.7956,0.631305,189.311
2,14.7956,0.631305,267.391
3,13.2598,0.669577,319.428
4,12.4136,0.690663,403.201
5,7.17651,0.821167,492.254
