Iteration,Cost,Cost reduction,time (ms)
0,32.211,0.324045,187.434
1,16.9013,0.645323,373.427
2,8.80829,0.815156,560.175
3,7.99666,0.832188,745.553
4,6.03282,0.8734,930.789
5,4.39542,0.907761,1106.12
