Iteration,Cost,Cost reduction,time (ms)
0,25.4398,0.341167,101.672
1,9.66594,0.749674,172.204
2,9.66594,0.749674,243.03
3,9.66594,0.749674,293.363
4,9.66594,0.749674,340.816
