Iteration,Cost,Cost reduction,time (ms)
0,5650.45,0.00114506,144.351
1,5611.82,0.00797434,240.984
2,5561.76,0.0168228,344.3
3,5550.11,0.0188827,461.068
4,4641.33,0.179532,571.934
5,4143.51,0.267533,762.179
