Iteration,Cost,Cost reduction,time (ms)
0,25.8719,0.399256,548.183
1,20.0774,0.533804,1043.83
2,19.7938,0.54039,1520.62
3,19.7938,0.54039,1968.69
4,19.7099,0.542337,2060.78
5,19.7099,0.542337,2488.47
