Iteration,Cost,Cost reduction,time (ms)
0,148.388,0.154126,142.586
1,69.4035,0.604371,249.167
2,14.8978,0.915076,367.267
3,14.8978,0.915076,480.087
4,14.8978,0.915076,554.789
5,14.8978,0.915076,630.954
