Iteration,Cost,Cost reduction,time (ms)
0,30.3365,0.228776,102.407
1,11.4192,0.709697,173.793
2,11.4192,0.709697,248.337
3,11.4192,0.709697,298.411
4,11.4192,0.709697,348.203
5,11.4192,0.709697,398.732
