Iteration,Cost,Cost reduction,time (ms)
0,25.8337,0.368196,110.1
1,11.5391,0.717793,189.003
2,10.1312,0.752226,277.487
3,8.63377,0.788848,370.23
4,8.14583,0.800781,466.225
5,6.94123,0.830241,564.327
