Iteration,Cost,Cost reduction,time (ms)
0,58.436,0.102441,211.036
1,24.7034,0.620563,403.734
2,11.9973,0.815725,603.919
3,5.28002,0.9189,809.851
4,5.28002,0.9189,1007.89
5,5.28002,0.9189,1087.34
