Iteration,Cost,Cost reduction,time (ms)
0,379.148,0.737484,7.1
1,366.578,0.746187,11.59
2,366.578,0.746187,16.015
3,366.578,0.746187,18.721
4,366.578,0.746187,22.163
