Iteration,Cost,Cost reduction,time (ms)
0,116.736,0.304276,144.109
1,73.7582,0.560416,251.37
2,63.4258,0.621995,360.107
3,23,0.862924,470.732
4,19.5403,0.883544,591.164
5,19.327,0.884815,718.594
