Iteration,Cost,Cost reduction,time (ms)
0,5424.01,0.00119251,410.886
1,5385.37,0.00830805,808.597
2,5335.53,0.0174855,1204.96
3,5292.98,0.0253217,1707.74
4,3264.63,0.398834,2250.89
5,2674.45,0.507512,2939.23
