Iteration,Cost,Cost reduction,time (ms)
0,30.1037,0.31381,102.532
1,5.92736,0.864891,174.29
2,5.92736,0.864891,243.195
3,5.89129,0.865713,292.659
4,5.51419,0.874308,368.126
5,5.51419,0.874308,447.063
