Iteration,Cost,Cost reduction,time (ms)
0,5807.65,0.00111414,145.089
1,5769.01,0.00775907,244.195
2,5718.95,0.0163692,347.784
3,5699.59,0.0196999,465.32
4,4330.16,0.255235,580.47
5,3174.35,0.454027,712.915
