Iteration,Cost,Cost reduction,time (ms)
0,4606.11,0.00140406,134.6
1,4567.48,0.00978007,232.346
2,4517.42,0.0206315,336.322
3,4494.85,0.0255259,453.524
4,2932.06,0.364334,570.909
5,2746.16,0.404638,744.732
