Iteration,Cost,Cost reduction,time (ms)
0,5601.67,0.00116879,127.844
1,5563.81,0.00791979,223.791
2,5514.48,0.0167167,325.24
3,4569.02,0.1853,433.258
4,4217.71,0.247943,544.24
5,3537.39,0.369249,652.608
