Iteration,Cost,Cost reduction,time (ms)
0,1039.5604827854033,0.0,2268.372058868408
1,774.737799564778,0.25474485381654577,3712.1641635894775
2,741.9998470792267,0.2862369632490177,7192.732572555542
3,712.3227061434668,0.3147847403405851,9351.528406143188
4,694.8471897854514,0.3315952257788075,15100.05784034729
5,668.1536368473345,0.35727295533870196,20330.846309661865
6,668.1536368473345,0.35727295533870196,34065.7696723938
