Iteration,Cost,Cost reduction,time (ms)
0,84.8756,0.394688,526.957
1,46.2842,0.669912,1095.98
2,20.3768,0.854678,1650.77
3,15.4886,0.889539,2210.95
4,15.4886,0.889539,2767.19
5,15.4886,0.889539,2865.91
