Iteration,Cost,Cost reduction,time (ms)
0,27.213,0.417966,102.56
1,26.64,0.430221,173.395
2,26.64,0.430221,243.295
3,13.6756,0.707505,291.985
4,13.6756,0.707505,367.108
5,13.6756,0.707505,416.486
