Iteration,Cost,Cost reduction,time (ms)
0,26.1334,0.438347,101.669
1,18.6629,0.598902,173.771
2,18.6629,0.598902,243.284
3,18.6629,0.598902,291.286
4,18.6629,0.598902,340.269
5,18.6629,0.598902,388.575
