Iteration,Cost,Cost reduction,time (ms)
0,4953.18,0.00130572,180.079
1,4914.54,0.00909674,338.323
2,4864.71,0.0191454,506.486
3,4149.27,0.163397,696.322
4,2421.26,0.51181,911.97
5,1414.89,0.71472,1111.68
