Iteration,Cost,Cost reduction,time (ms)
0,4312.49,0.00149929,178.059
1,4273.85,0.0104461,337.422
2,4224.02,0.0219847,504.939
3,3615.77,0.162816,695.895
4,1395.89,0.676799,912.116
5,829.29,0.807989,1109.89
