Iteration,Cost,Cost reduction,time (ms)
0,27.5428,0.3587,106.901
1,25.1671,0.414015,185.32
2,20.5924,0.520533,262.719
3,13.8593,0.677303,349.569
4,9.20215,0.78574,452.416
5,8.41743,0.804011,584.444
