Iteration,Cost,Cost reduction,time (ms)
0,31.711,0.217103,564.239
1,21.8215,0.46126,1132.55
2,9.17258,0.773543,1700.25
3,7.16069,0.823213,2248.68
4,4.76582,0.882339,2792.74
5,4.76582,0.882339,3319.25
