Iteration,Cost,Cost reduction,time (ms)
0,5621.89,0.00115045,177.144
1,5583.25,0.00801586,339.364
2,5533.42,0.0168699,506.825
3,5474.32,0.0273697,698.397
4,3760.47,0.331872,896.968
5,3000.75,0.466852,1105.11
