Iteration,Cost,Cost reduction,time (ms)
0,4498.25,0.00145557,132.978
1,4460.39,0.00985997,229.13
2,4411.05,0.0208129,329.836
3,3546.63,0.212702,438.155
4,3049.47,0.323063,547.048
5,1528.5,0.660696,656.356
