Iteration,Cost,Cost reduction,time (ms)
0,5392.36,0.00119969,411.511
1,5353.72,0.00835689,807.738
2,5303.88,0.017589,1202.99
3,5284.02,0.0212664,1703.71
4,3807.52,0.294751,2203.25
5,2903.32,0.462233,3147.22
