Iteration,Cost,Cost reduction,time (ms)
0,4.42169,0.904654,6.517
1,1.34077,0.971089,11.584
2,0.778045,0.983223,16.004
3,0.705517,0.984787,20.36
4,0.614861,0.986742,24.512
5,0.566782,0.987778,28.625
6,0.565926,0.987797,32.908
