Iteration,Cost,Cost reduction,time (ms)
0,5793.67,0.00111659,413.019
1,5755.03,0.00777861,810.705
2,5705.19,0.0163715,1207.7
3,4955.17,0.145681,1712.1
4,2962.73,0.489196,2338.22
5,2542.74,0.561607,2888.75
