Iteration,Cost,Cost reduction,time (ms)
0,36.6714,0.201437,2301.34
1,19.7068,0.57086,4793.53
2,8.68862,0.810795,7278.29
3,5.46489,0.880995,9688.69
4,4.65069,0.898726,12135.1
5,4.39222,0.904354,14576.2
6,4.39222,0.904354,17030.7
