Iteration,Cost,Cost reduction,time (ms)
0,25.8779,0.33904,106.397
1,22.6563,0.421324,181.803
2,21.9279,0.439929,256.829
3,21.8239,0.442585,336.757
4,20.9759,0.464244,417.546
5,11.4544,0.707438,499.29
