Iteration,Cost,Cost reduction,time (ms)
0,0.328934,0.856894,7.028
1,0.139276,0.939406,11.261
2,0.121503,0.947139,16.761
3,0.121503,0.947139,20.951
4,0.121503,0.947139,23.945
