Iteration,Cost,Cost reduction,time (ms)
0,54.6245,0.34445,578.621
1,32.0073,0.61588,1109.11
2,18.7386,0.775118,1633.87
3,18.7386,0.775118,2173.36
4,18.7386,0.775118,2263.12
5,18.3568,0.7797,2341.67
