Iteration,Cost,Cost reduction,time (ms)
0,5164.13,0.00125287,136.517
1,5125.5,0.0087247,234.864
2,5075.6,0.018374,340.135
3,5057.55,0.0218652,463.927
4,3787.96,0.267406,593.608
5,3206.32,0.379896,728.074
