Iteration,Cost,Cost reduction,time (ms)
0,43.9169,0.288092,222.385
1,17.3047,0.719485,442.409
2,2.74929,0.955433,638.902
3,2.18472,0.964585,835.348
4,1.86375,0.969788,1028.93
5,1.6473,0.973297,1229.38
