Iteration,Cost,Cost reduction,time (ms)
0,23.275,0.454412,105.314
1,14.6326,0.656998,175.724
2,14.6326,0.656998,246.494
3,14.6326,0.656998,294.452
4,14.6326,0.656998,343.781
5,14.6326,0.656998,393.007
