Iteration,Cost,Cost reduction,time (ms)
0,93.4727,0.337595,19.229
1,23.0584,0.836594,30.735
2,21.6534,0.846551,42.555
3,20.482,0.854852,54.184
4,15.0735,0.89318,67.96
5,13.9459,0.901171,83.186
6,13.9459,0.901171,100.441
