Iteration,Cost,Cost reduction,time (ms)
0,5066.45,0.00127656,179.088
1,5027.81,0.00889364,339.663
2,4977.97,0.0187179,507.255
3,4288.37,0.154654,696.875
4,2707.22,0.466339,914.141
5,1365.46,0.730834,1115.37
