Iteration,Cost,Cost reduction,time (ms)
0,90.435,0.332018,581.423
1,62.3073,0.539778,1137.63
2,62.3073,0.539778,1690.68
3,59.4625,0.560791,1780.98
4,59.0004,0.564204,2327.17
5,59.0004,0.564204,2869.63
