Iteration,Cost,Cost reduction,time (ms)
0,8.92831,0.587636,13.371
1,8.92831,0.587636,28.928
2,2.73228,0.873807,38.971
3,2.73228,0.873807,55.743
4,2.73228,0.873807,71.074
5,2.73228,0.873807,85.144
6,1.73031,0.920084,91.982
7,1.19225,0.944935,101.552
8,0.942585,0.956466,111.75
9,0.942585,0.956466,120.974
