Iteration,Cost,Cost reduction,time (ms)
0,5387.24,0.00120182,138.598
1,5348.61,0.0083632,238.763
2,5298.54,0.0176461,341.888
3,5277.06,0.0216293,460.478
4,3984.95,0.261187,577.449
5,2588.14,0.520157,735.53
