Iteration,Cost,Cost reduction,time (ms)
0,4366.49,0.00148157,136.716
1,4327.86,0.0103159,236.769
2,4277.96,0.0217255,341.164
3,3666.28,0.161605,462.048
4,1745.8,0.600774,590.941
5,1436.14,0.671587,737.927
