Iteration,Cost,Cost reduction,time (ms)
0,83.7956,0.359992,151.562
1,42.1783,0.677854,254.713
2,39.2822,0.699973,364.138
3,4.0535,0.96904,487.049
4,3.90857,0.970147,606.611
5,3.52578,0.973071,724.929
6,3.52578,0.973071,837.879
