Iteration,Cost,Cost reduction,time (ms)
0,5196.72,0.00124496,130.832
1,5158.09,0.00866975,224.007
2,5108.03,0.0182901,316.83
3,4971.18,0.0445902,418.695
4,3424.66,0.341817,517.752
5,1162.09,0.776658,619.544
6,960.537,0.815395,721.16
7,833.773,0.839758,824.167
8,833.773,0.839758,931.897
