Iteration,Cost,Cost reduction,time (ms)
0,32.0818,0.39962,585.096
1,18.6671,0.650664,1111.27
2,12.7101,0.762142,1624.98
3,11.47,0.785351,2161.86
4,4.23934,0.920665,2698.44
5,3.99966,0.92515,3225.05
