Iteration,Cost,Cost reduction,time (ms)
0,26.8519,0.325967,187.288
1,11.7667,0.704634,378.483
2,8.03826,0.798225,579.939
3,3.67717,0.907696,764.8
4,2.45903,0.938274,955.321
5,2.45903,0.938274,1149.5
