Iteration,Cost,Cost reduction,time (ms)
0,106.389,0.319988,142.751
1,92.6846,0.407583,249.764
2,54.1739,0.653734,362.932
3,38.7437,0.75236,478.681
4,21.036,0.865543,596.767
5,21.036,0.865543,704.274
