Iteration,Cost,Cost reduction,time (ms)
0,5107.93,0.0012661,154.748
1,5069.29,0.00882026,253.886
2,5019.24,0.0186062,357.694
3,4804.65,0.0605639,472.619
4,3873.33,0.242663,590.159
5,2706.54,0.4708,781.089
