Iteration,Cost,Cost reduction,time (ms)
0,4540.33,0.00142424,414.927
1,4501.69,0.0099227,814.001
2,4451.85,0.0208836,1209.53
3,4385.93,0.0353822,1712.12
4,2266.03,0.501622,2199.15
5,1890.17,0.584286,2916.39
