Iteration,Cost,Cost reduction,time (ms)
0,5768.56,0.0011218,136.428
1,5729.93,0.00781135,235.471
2,5680.03,0.0164506,339.114
3,4957.59,0.141549,460.581
4,3146.13,0.45522,584.558
5,1667.41,0.711272,739.883
