Iteration,Cost,Cost reduction,time (ms)
0,4742.61,0.00136395,149.194
1,4703.98,0.00949922,248.675
2,4653.92,0.0200402,352.409
3,4609.67,0.0293574,471.281
4,3296.68,0.305828,588.686
5,2809.28,0.408458,762.727
