Iteration,Cost,Cost reduction,time (ms)
0,29.3482,0.297787,113.922
1,26.9554,0.355039,193.552
2,26.2444,0.372051,278.382
3,25.3409,0.39367,364.368
4,5.62751,0.865351,449.605
5,5.1246,0.877384,552.791
