Iteration,Cost,Cost reduction,time (ms)
0,154.808,0.0852718,140.718
1,65.2905,0.614211,240.332
2,54.1804,0.679859,351.037
3,30.5246,0.819636,476.004
4,13.8615,0.918095,599.385
5,4.41273,0.973926,721.496
