Iteration,Cost,Cost reduction,time (ms)
0,29.438,0.323589,187.806
1,16.7696,0.614678,371.138
2,14.1714,0.674378,560.773
3,7.57135,0.82603,746.921
4,3.5245,0.919016,938.821
5,3.5245,0.919016,1125.58
