Iteration,Cost,Cost reduction,time (ms)
0,30.3874,0.319897,112.44
1,25.6008,0.427027,192.367
2,23.3315,0.477816,278.857
3,22.7001,0.491945,368.885
4,19.8594,0.555524,462.402
5,19.8594,0.555524,577.368
