Iteration,Cost,Cost reduction,time (ms)
0,30.9354,0.468842,153.453
1,22.8616,0.607469,264.243
2,14.7587,0.746595,382.069
3,6.70271,0.884915,504.932
4,5.0994,0.912444,638.228
5,5.0994,0.912444,766.519
