Iteration,Cost,Cost reduction,time (ms)
0,24.8033,0.44164,107.774
1,22.1786,0.500726,184.538
2,18.1965,0.590369,262.212
3,18.1965,0.590369,342.155
4,18.1965,0.590369,396.477
5,18.1965,0.590369,438.339
6,18.1965,0.590369,479.781
