Iteration,Cost,Cost reduction,time (ms)
0,73.9368,0.00235495,448.487
1,73.9368,0.00235495,851.401
2,73.9368,0.00235495,1148.87
3,73.9368,0.00235495,1444.62
4,73.9368,0.00235495,1740.4
5,73.9368,0.00235495,2035.45
6,73.9368,0.00235495,2330.45
