Iteration,Cost,Cost reduction,time (ms)
0,4842.85,0.00135178,131
1,4804.98,0.00915912,226.815
2,4755.65,0.019333,328.257
3,3879.53,0.199998,436.445
4,3531.85,0.271695,546.592
5,2963.1,0.388976,657.417
