Iteration,Cost,Cost reduction,time (ms)
0,4559.04,0.00143626,133.135
1,4521.18,0.00972873,232.118
2,4471.84,0.0205358,333.708
3,3595.55,0.212469,441.866
4,2925.68,0.35919,550.228
5,2890.16,0.366969,656.588
