Iteration,Cost,Cost reduction,time (ms)
0,5807.66,0.00111409,149.17
1,5769.02,0.00775928,248.79
2,5718.96,0.0163696,352.919
3,5318.33,0.0852755,470.336
4,3388.56,0.417185,585.167
5,1671.97,0.71243,696.087
