Iteration,Cost,Cost reduction,time (ms)
0,5627.49,0.0011495,413.426
1,5588.85,0.00800803,811.273
2,5539.01,0.0168542,1206.57
3,5434.28,0.0354438,1708.74
4,3368.48,0.402111,2210.95
5,2867.56,0.491023,2963.52
