Iteration,Cost,Cost reduction,time (ms)
0,4608.08,0.00140325,413.205
1,4569.44,0.00977698,811.19
2,4519.6,0.0205764,1208.09
3,4471.29,0.0310463,1711.51
4,2773.58,0.39895,2299.84
5,2512.91,0.455438,2979.34
