Iteration,Cost,Cost reduction,time (ms)
0,106.192,0.281303,145.856
1,106.192,0.281303,253.785
2,106.192,0.281303,328.901
3,106.192,0.281303,401.784
4,106.192,0.281303,473.827
5,106.192,0.281303,546.845
