Iteration,Cost,Cost reduction,time (ms)
0,4970.59,0.00130148,143.206
1,4931.95,0.00906426,242.574
2,4881.89,0.0191228,346.371
3,4502.24,0.0954032,463.708
4,4155.02,0.165166,577.864
5,2775.73,0.442295,690.151
