Iteration,Cost,Cost reduction,time (ms)
0,28.2536,0.279697,113.692
1,28.2536,0.279697,186.786
2,28.2536,0.279697,235.098
3,28.2536,0.279697,282.849
4,28.2536,0.279697,330.44
5,28.2536,0.279697,377.841
