Iteration,Cost,Cost reduction,time (ms)
0,35.0253,0.4623,140.384
1,32.3498,0.503374,246.644
2,6.09934,0.906365,359.427
3,2.31749,0.964422,474.041
4,1.39742,0.978547,588.74
5,1.33491,0.979507,706.914
6,0.938377,0.985594,825.803
7,0.887076,0.986382,941.656
8,0.853622,0.986895,1058.8
9,0.80452,0.987649,1179.4
