Iteration,Cost,Cost reduction,time (ms)
0,4999.06,0.00130978,130.177
1,4961.2,0.00887339,224.015
2,4911.86,0.0187296,317.791
3,3996.13,0.201671,415.864
4,3601.79,0.28045,516.182
5,2996.48,0.401376,618.065
6,1865.05,0.627408,720.479
7,1798.86,0.64063,823.044
8,1792.46,0.64191,924.149
