Iteration,Cost,Cost reduction,time (ms)
0,42.8871,0,102.262
1,42.8871,0,147.895
2,42.8871,0,194.486
3,42.8871,0,241.361
4,28.5338,0.334676,350.235
5,28.5338,0.334676,428.261
6,28.5338,0.334676,472.25
