Iteration,Cost,Cost reduction,time (ms)
0,4312.41,0.00151804,130.99
1,4274.55,0.0102841,227.346
2,4225.22,0.0217076,329.143
3,3391.1,0.214836,438.116
4,3031.09,0.298191,548.423
5,2583.85,0.401744,660.706
