Iteration,Cost,Cost reduction,time (ms)
0,26.633,0.356175,104.611
1,21.7862,0.473342,183.418
2,20.6057,0.50188,258.869
3,19.5145,0.528257,334.049
4,19.5145,0.528257,405.798
