Iteration,Cost,Cost reduction,time (ms)
0,93.822,0.240259,584.452
1,50.0152,0.594993,1151.92
2,46.8263,0.620815,1693.04
3,46.8263,0.620815,2219.99
4,46.8263,0.620815,2308.47
5,46.8263,0.620815,2383.29
