Iteration,Cost,Cost reduction,time (ms)
0,30.3072,0.319431,102.648
1,24.2757,0.454871,176.854
2,10.0916,0.773386,252.497
3,8.51503,0.808789,330.467
4,8.51503,0.808789,407.828
5,7.92114,0.822125,461.875
