Iteration,Cost,Cost reduction,time (ms)
0,4403.24,0.00146834,413.284
1,4364.6,0.0102311,807.509
2,4314.77,0.021532,1206.58
3,3711.16,0.158414,1713.29
4,1453.74,0.670332,2346.24
5,938.273,0.787226,2885.17
