Iteration,Cost,Cost reduction,time (ms)
0,4639.48,0.00141109,129.977
1,4601.62,0.00956011,226.162
2,4552.28,0.0201784,327.528
3,3677.97,0.208363,437.028
4,3352.06,0.278512,549.267
5,2775.73,0.40256,661.211
