Iteration,Cost,Cost reduction,time (ms)
0,28.5362,0.373427,555.582
1,17.6902,0.611573,811.094
2,12.433,0.727006,1072.71
3,12.433,0.727006,1365.9
4,12.433,0.727006,1523.61
