Iteration,Cost,Cost reduction,time (ms)
0,77.5564,0.293081,150.135
1,47.5626,0.566471,264.537
2,20.7941,0.810464,398.148
3,20.7941,0.810464,523.289
4,20.7941,0.810464,620.573
5,20.7941,0.810464,703.236
