Iteration,Cost,Cost reduction,time (ms)
0,35.978,0.240845,103.082
1,15.4771,0.673426,175.691
2,12.7374,0.731235,247.907
3,10.14,0.786041,323.132
4,10.14,0.786041,398.03
5,10.14,0.786041,443.314
