Iteration,Cost,Cost reduction,time (ms)
0,52.3686,0.0408553,138.064
1,5.48055,0.899622,236.9
2,3.97964,0.927112,339.736
3,2.76163,0.94942,450.409
4,2.66439,0.951201,559.627
5,2.44638,0.955194,669.7
