Iteration,Cost,Cost reduction,time (ms)
0,729.445,0.348415,21.979
1,729.445,0.348415,30.522
2,535.082,0.522032,43.028
3,535.082,0.522032,55.902
4,535.082,0.522032,66.361
5,518.888,0.536498,77.127
6,515.146,0.53984,104.796
