Iteration,Cost,Cost reduction,time (ms)
0,4980.47,0.00129844,141.324
1,4941.83,0.00904596,239.375
2,4891.95,0.0190484,343.291
3,4869.22,0.0236059,465.349
4,2747.09,0.449143,600.68
5,2124.55,0.573977,759.278
