Iteration,Cost,Cost reduction,time (ms)
0,43.4944,0.280266,212.086
1,35.0136,0.420604,331.119
2,8.14595,0.865203,465.4
3,5.23998,0.91329,594.607
4,5.23998,0.91329,711.987
5,3.01152,0.950166,793.485
