Iteration,Cost,Cost reduction,time (ms)
0,29.0585,0.320373,109.514
1,26.0696,0.390277,188.221
2,25.0853,0.413298,270.883
3,25.0853,0.413298,350.203
4,24.1172,0.435941,405.567
5,19.6621,0.540137,490.053
