Iteration,Cost,Cost reduction,time (ms)
0,79.1174,0.391719,213.273
1,51.2177,0.606221,419.879
2,43.4303,0.666094,630.192
3,35.498,0.72708,834.892
4,35.498,0.72708,1042.6
5,34.6311,0.733745,1126.54
