Iteration,Cost,Cost reduction,time (ms)
0,41.812,0.0421879,571.74
1,15.8428,0.637081,1093.14
2,12.2499,0.719384,1605.31
3,7.90532,0.818908,2103.76
4,4.89938,0.887767,2621.96
5,4.67408,0.892928,3126.13
