Iteration,Cost,Cost reduction,time (ms)
0,4665.18,0.00140373,132.22
1,4627.32,0.00950774,229.867
2,4577.98,0.0200693,331.222
3,3689.39,0.210274,439.148
4,2500.88,0.464679,548.732
5,2438.78,0.47797,655.419
