Iteration,Cost,Cost reduction,time (ms)
0,4794.92,0.00134887,141.95
1,4756.28,0.00939553,239.656
2,4706.39,0.0197855,345.976
3,4060.32,0.154344,470.105
4,3487.58,0.273632,596.197
5,1577.76,0.671395,737.113
