Iteration,Cost,Cost reduction,time (ms)
0,5113.8,0.00126528,155.981
1,5075.17,0.00881033,252.727
2,5025.11,0.0185874,354.607
3,5005.66,0.0223856,470.11
4,3904.22,0.237498,585.651
5,2499.88,0.511768,733.665
