Iteration,Cost,Cost reduction,time (ms)
0,72.9157,0.187919,592.786
1,36.1493,0.597396,1171.05
2,35.8218,0.601043,1681
3,6.42656,0.928426,2230.15
4,6.42656,0.928426,2714.38
5,6.42656,0.928426,2801.58
