Iteration,Cost,Cost reduction,time (ms)
0,395.907,0.72588,6.194
1,352.955,0.755619,10.316
2,319.233,0.778968,14.694
3,319.233,0.778968,18.468
4,319.233,0.778968,21.547
