Iteration,Cost,Cost reduction,time (ms)
0,32.2637,0.294932,109.212
1,25.679,0.438828,189.311
2,23.264,0.491605,274.284
3,23.264,0.491605,361.066
4,19.361,0.576897,416.741
5,16.9341,0.629934,511.008
