Iteration,Cost,Cost reduction,time (ms)
0,57.4491,0.231391,563.833
1,13.4598,0.819922,1129.09
2,5.21842,0.930183,1661.96
3,4.11894,0.944893,2188.36
4,4.11894,0.944893,2726.82
5,4.11894,0.944893,2811.72
