Iteration,Cost,Cost reduction,time (ms)
0,116.499,0.297736,139.619
1,40.0405,0.758632,237.832
2,40.0405,0.758632,338.216
3,40.0405,0.758632,409.406
4,39.8862,0.759563,482.909
5,39.8862,0.759563,587.805
