Iteration,Cost,Cost reduction,time (ms)
0,130.943,0.0371655,177.725
1,130.943,0.0371655,313.435
2,22.1574,0.837075,396.108
3,11.3817,0.91631,571.252
4,9.04848,0.933466,773.882
5,9.04848,0.933466,969.95
