Iteration,Cost,Cost reduction,time (ms)
0,29.9399,0.30985,112.562
1,24.3124,0.43957,191.486
2,24.3124,0.43957,269.997
3,21.9026,0.495119,324.431
4,14.7149,0.660805,404.981
5,10.3535,0.761339,490.807
