Iteration,Cost,Cost reduction,time (ms)
0,105.024,0.00983458,144.26
1,58.9853,0.443887,249.716
2,31.4478,0.70351,361.463
3,23.7628,0.775965,475.975
4,5.92942,0.944098,594.671
5,2.2605,0.978688,715.729
