Iteration,Cost,Cost reduction,time (ms)
0,169.048,0.0407276,153.284
1,79.2432,0.550329,266.627
2,48.1573,0.726728,381.872
3,7.30871,0.958526,505.455
4,7.30871,0.958526,627.46
5,7.30871,0.958526,700.868
