Iteration,Cost,Cost reduction,time (ms)
0,16.5176,0.863295,10.652
1,16.5176,0.863295,18.422
2,16.5176,0.863295,22.894
3,16.5176,0.863295,27.256
4,16.0652,0.867039,31.749
5,15.2523,0.873767,39.591
6,15.2523,0.873767,47.138
