Iteration,Cost,Cost reduction,time (ms)
0,67.9922,0.260373,230.968
1,27.606,0.699699,358.952
2,6.88645,0.925088,523.993
3,3.83507,0.958282,681.882
4,3.83507,0.958282,830.826
5,3.15377,0.965693,926.032
