Iteration,Cost,Cost reduction,time (ms)
0,47.1542,0.217016,209.674
1,11.494,0.809146,406.92
2,11.494,0.809146,597.794
3,8.01226,0.866958,675.473
4,8.01226,0.866958,857.734
5,8.01226,0.866958,935.242
