Iteration,Cost,Cost reduction,time (ms)
0,38.8216,0.653443,159.801
1,32.0471,0.713919,463.756
2,16.7912,0.850107,812.494
3,12.4249,0.889084,1129.51
4,12.1994,0.891097,1463.64
5,12.1994,0.891097,1816.75
