Iteration,Cost,Cost reduction,time (ms)
0,4999.13,0.00129346,179.863
1,4960.49,0.00901306,337.735
2,4910.66,0.0189681,503.727
3,4543.9,0.0922365,691.376
4,4101.51,0.180616,905.611
5,2209.1,0.558675,1167.19
