Iteration,Cost,Cost reduction,time (ms)
0,31.3744,0.290987,112.654
1,15.4608,0.65061,192.336
2,9.97065,0.774679,276.172
3,8.03235,0.818481,388.83
4,6.99287,0.841972,513.937
5,5.11839,0.884332,640.086
