Iteration,Cost,Cost reduction,time (ms)
0,5488.62,0.00117863,180.149
1,5449.98,0.00821046,337.875
2,5400.13,0.0172806,505.842
3,4648.13,0.154131,695.975
4,1730.34,0.685111,909.473
5,1610.74,0.706877,1111.53
