Iteration,Cost,Cost reduction,time (ms)
0,5621.89,0.00115038,177.65
1,5583.25,0.00801582,335
2,5533.42,0.0168697,503.625
3,5264.72,0.0646093,692.876
4,4672.82,0.169772,906.678
5,2751.71,0.5111,1109.77
