Iteration,Cost,Cost reduction,time (ms)
0,4615.69,0.00141863,132.106
1,4577.83,0.00960946,229.698
2,4528.49,0.020284,330.53
3,3654.79,0.209305,437.978
4,3147.07,0.319148,545.902
5,2017.45,0.563535,655.279
