Iteration,Cost,Cost reduction,time (ms)
0,69.6653,0.264929,147.904
1,50.4153,0.468046,267.466
2,25.2398,0.733683,399.176
3,25.2398,0.733683,529.826
4,22.8248,0.759166,620.83
5,19.2521,0.796862,845.845
