Iteration,Cost,Cost reduction,time (ms)
0,59.5756,0.403801,217.157
1,24.686,0.752957,418.385
2,24.686,0.752957,604.936
3,17.0388,0.829485,685.876
4,17.0388,0.829485,884.018
5,17.0388,0.829485,962.939
