Iteration,Cost,Cost reduction,time (ms)
0,44.653,0.472321,159.235
1,41.5106,0.509456,277.948
2,41.3764,0.511042,406.81
3,33.6607,0.602221,553.486
4,22.4663,0.734508,701.51
5,22.4663,0.734508,846.103
