Iteration,Cost,Cost reduction,time (ms)
0,103.997,0.34351,144.59
1,55.0269,0.652637,247.17
2,33.7023,0.787251,358.667
3,27.2721,0.827842,474.122
4,17.111,0.891985,590.099
5,14.5011,0.908461,706.31
