Iteration,Cost,Cost reduction,time (ms)
0,4702.78,0.00137499,153.566
1,4664.15,0.00957931,251.683
2,4614.27,0.0201714,356.116
3,4556.1,0.032522,476.534
4,2705.45,0.425505,599.26
5,1799.56,0.617868,817.306
