Iteration,Cost,Cost reduction,time (ms)
0,117.015,0.332423,538.504
1,78.0321,0.554821,1108.4
2,50.5016,0.711885,1625.92
3,39.4477,0.774948,2142.34
4,25.0914,0.856852,2667.51
5,15.6949,0.91046,3216.72
