Iteration,Cost,Cost reduction,time (ms)
0,20.1359,0.429702,164.493
1,20.1359,0.429702,315.714
2,20.1359,0.429702,372.112
3,20.1359,0.429702,420.178
4,20.1359,0.429702,466.744
5,20.1359,0.429702,514.924
