Iteration,Cost,Cost reduction,time (ms)
0,4319.23,0.00149722,413.415
1,4280.59,0.01043,810.163
2,4230.75,0.0219519,1205.88
3,3582.93,0.171714,1705.02
4,1348.54,0.68825,2334.72
5,916.337,0.788165,2867.04
