Iteration,Cost,Cost reduction,time (ms)
0,42.2008,0.276005,218.387
1,19.913,0.658373,433.164
2,6.28234,0.89222,637.402
3,6.28234,0.89222,836.075
4,6.28234,0.89222,915.214
5,6.28234,0.89222,987.009
