Iteration,Cost,Cost reduction,time (ms)
0,5807.55,0.00112756,132.577
1,5769.69,0.00763944,228.643
2,5720.36,0.0161245,329.882
3,4741.65,0.184457,437.592
4,4371.87,0.248058,549.451
5,3577.59,0.384671,661.396
