Iteration,Cost,Cost reduction,time (ms)
0,49.1414,0.8046,7.001
1,22.4673,0.910664,11
2,7.33917,0.970817,15.183
3,2.34562,0.990673,19.59
4,1.0773,0.995716,23.733
5,0.730938,0.997094,27.98
6,0.529056,0.997896,31.985
7,0.529056,0.997896,36.12
