Iteration,Cost,Cost reduction,time (ms)
0,29.5132,0.359579,107.705
1,13.8887,0.698622,188.253
2,11.6108,0.748053,280.661
3,9.06469,0.803301,375.725
4,8.01477,0.826084,468.891
5,8.01477,0.826084,567.093
