Iteration,Cost,Cost reduction,time (ms)
0,68.0719,0.351022,162.173
1,42.7701,0.592242,287.336
2,8.12988,0.922492,431.671
3,7.39264,0.929521,580.434
4,5.21972,0.950237,736.346
5,5.21972,0.950237,886.301
