Iteration,Cost,Cost reduction,time (ms)
0,26.5066,0.42847,110.126
1,16.3033,0.64847,183.114
2,16.3033,0.64847,252.559
3,15.6134,0.663346,302.095
4,15.6134,0.663346,375.912
5,15.4626,0.666598,426.6
