Iteration,Cost,Cost reduction,time (ms)
0,25.826,0.439976,564.823
1,17.829,0.613386,1133.9
2,14.7794,0.679515,1651.71
3,11.5362,0.749843,2164.71
4,9.65587,0.790617,2682.83
5,8.35088,0.818915,3200.43
