Iteration,Cost,Cost reduction,time (ms)
0,4333.07,0.00149194,178.546
1,4294.43,0.0103964,337.341
2,4244.6,0.0218794,504.952
3,4198.13,0.0325882,692.741
4,2869.48,0.33876,890.767
5,1936.01,0.553868,1104.69
