Iteration,Cost,Cost reduction,time (ms)
0,4665.26,0.00138644,139.26
1,4626.62,0.00965663,236.568
2,4576.56,0.0203721,339.602
3,4556.09,0.024755,454.719
4,3623.25,0.224431,570.349
5,3623.25,0.224431,706.814
