Iteration,Cost,Cost reduction,time (ms)
0,47.1021,0.307373,148.422
1,30.9807,0.544434,256.781
2,22.9452,0.662595,369.062
3,3.06683,0.954903,488.094
4,2.75949,0.959422,610.657
5,2.75949,0.959422,727.243
