Iteration,Cost,Cost reduction,time (ms)
0,5107.96,0.00126643,413.185
1,5069.32,0.00882161,809.522
2,5019.48,0.0185671,1205.1
3,4918.09,0.0383895,1709.13
4,2974.95,0.418322,2283.99
5,1476.16,0.711373,2803.16
