Iteration,Cost,Cost reduction,time (ms)
0,21.3595,0.429076,180.272
1,9.45146,0.747369,352.646
2,9.45146,0.747369,516.065
3,9.45146,0.747369,578.753
4,9.45146,0.747369,625.681
5,9.45146,0.747369,670.008
