Iteration,Cost,Cost reduction,time (ms)
0,4920.7,0.00131445,178.489
1,4882.06,0.0091568,337.104
2,4832.22,0.0192722,505.128
3,4133.52,0.161078,694.212
4,2437.67,0.50526,909.701
5,1271.56,0.74193,1110.44
