Iteration,Cost,Cost reduction,time (ms)
0,28.9373,0.317832,102.954
1,24.6884,0.417995,177.109
2,19.9763,0.529078,251.661
3,19.9763,0.529078,325.718
4,19.9763,0.529078,373.978
5,19.9763,0.529078,422.5
