Iteration,Cost,Cost reduction,time (ms)
0,115.482,0.16808,144.502
1,25.3459,0.817411,258.614
2,14.4052,0.896226,393.171
3,13.2692,0.90441,534.047
4,13.2692,0.90441,675.971
5,12.2693,0.911613,762.25
