Iteration,Cost,Cost reduction,time (ms)
0,45.3717,0.35971,212.963
1,31.0316,0.562078,417.791
2,17.2505,0.756558,623.704
3,15.7572,0.777633,833.395
4,9.51282,0.865754,1043.78
5,7.6245,0.892402,1254.09
