Iteration,Cost,Cost reduction,time (ms)
0,889.888,0.128879,14.268
1,889.888,0.128879,29.26
2,483.962,0.526244,37.253
3,483.962,0.526244,46.254
4,453.932,0.555641,53.117
5,453.932,0.555641,64.089
6,453.932,0.555641,74.208
