Iteration,Cost,Cost reduction,time (ms)
0,3.94505,0.488374,17.452
1,2.30098,0.701591,30.552
2,2.10921,0.72646,43.235
3,2.10921,0.72646,54.942
4,2.10921,0.72646,60.699
