Iteration,Cost,Cost reduction,time (ms)
0,78.951,0.416701,196.219
1,71.4187,0.472351,311.003
2,16.0967,0.881075,426.476
3,14.5569,0.892452,547.31
4,14.5569,0.892452,668.779
