Iteration,Cost,Cost reduction,time (ms)
0,5601.77,0.00115471,410.546
1,5563.13,0.00804471,807.835
2,5513.29,0.0169312,1202.66
3,5471.06,0.0244619,1704.94
4,3988.67,0.288785,2246.95
5,2392.2,0.573449,2852.73
