Iteration,Cost,Cost reduction,time (ms)
0,68.9254,0,174.221
1,34.6285,0.497595,249.683
2,34.6285,0.497595,428.151
3,29.0859,0.578009,511.273
4,22.0713,0.67978,701.757
5,20.8767,0.697111,866.995
