Iteration,Cost,Cost reduction,time (ms)
0,40.1081,0.218622,138.056
1,12.5711,0.755092,244.922
2,6.07784,0.881593,344.196
3,5.1,0.900643,444.194
4,5.1,0.900643,540.729
