Iteration,Cost,Cost reduction,time (ms)
0,23.5482,0.405434,110.343
1,10.9398,0.723781,186.197
2,10.9398,0.723781,260.716
3,10.7871,0.727636,313.328
4,10.6586,0.730883,396.061
5,10.6586,0.730883,477.13
