Iteration,Cost,Cost reduction,time (ms)
0,107.875,0.231018,154.459
1,29.9792,0.786295,270.544
2,21.4524,0.847078,392.672
3,21.4524,0.847078,517.028
4,21.4524,0.847078,605.73
5,21.4152,0.847343,696.723
