Iteration,Cost,Cost reduction,time (ms)
0,30.2705,0.302049,103.879
1,29.3727,0.322749,178.116
2,29.3727,0.322749,249.318
3,24.0078,0.446449,304.46
4,11.8859,0.725945,384.534
5,11.8859,0.725945,463.682
