Iteration,Cost,Cost reduction,time (ms)
0,4482.72,0.00146042,128.624
1,4444.86,0.00989398,225.925
2,4395.52,0.0208838,329.343
3,3534.35,0.212713,436.544
4,3178.14,0.292058,546.167
5,2644.13,0.411012,658.495
6,2448.73,0.454537,771.189
7,2178.02,0.514839,879.409
8,2089.93,0.53446,990.066
9,2083.97,0.53579,1101.57
