Iteration,Cost,Cost reduction,time (ms)
0,29.0873,0.447756,208.238
1,20.773,0.60561,322.979
2,7.61683,0.855389,440.919
3,7.61683,0.855389,563.735
4,6.18741,0.882528,644.231
5,5.88451,0.888278,765.986
