Iteration,Cost,Cost reduction,time (ms)
0,494.331,0.619243,6.38
1,401.116,0.691042,10.634
2,401.116,0.691042,14.622
3,401.116,0.691042,17.522
4,401.116,0.691042,21.289
