Iteration,Cost,Cost reduction,time (ms)
0,4454.92,0.00145184,180.761
1,4416.27,0.0101129,337.046
2,4366.43,0.0212851,505.111
3,3763.22,0.156491,692.185
4,1281.8,0.712691,905.696
5,985.521,0.7791,1103.34
