Iteration,Cost,Cost reduction,time (ms)
0,4942.78,0.00130853,146.376
1,4904.14,0.00911464,243.426
2,4854.26,0.0191936,346.567
3,4784.56,0.0332759,466.042
4,2182.44,0.559037,586.263
5,2182.44,0.559037,792.916
