Iteration,Cost,Cost reduction,time (ms)
0,24.4588,0.395588,103.568
1,22.3671,0.447278,175.917
2,9.84451,0.756728,249.197
3,9.84451,0.756728,323.274
4,9.84451,0.756728,372.421
5,9.84451,0.756728,422.002
