Iteration,Cost,Cost reduction,time (ms)
0,4.913239436846438,0.0,31.826019287109375
1,4.570378731331541,0.06978302399505332,199.7969150543213
