Iteration,Cost,Cost reduction,time (ms)
0,5676.06,0.00115397,131.636
1,5638.2,0.00781638,229.183
2,5588.86,0.0164988,331.319
3,4592.31,0.191866,440.352
4,2803.75,0.506609,548.538
5,2775.99,0.511494,654.308
