Iteration,Cost,Cost reduction,time (ms)
0,70.5891,0.354399,588.858
1,19.8159,0.818766,1136.15
2,13.1017,0.880173,1693.06
3,13.1017,0.880173,2228.4
4,13.1017,0.880173,2319.84
5,13.1017,0.880173,2398.1
