Iteration,Cost,Cost reduction,time (ms)
0,26.7523,0.413057,100.539
1,16.1845,0.644914,170.878
2,16.1845,0.644914,240.802
3,16.1845,0.644914,288.729
4,16.1845,0.644914,337.388
5,16.1845,0.644914,387.364
