Iteration,Cost,Cost reduction,time (ms)
0,31.207,0.346148,194.445
1,13.4522,0.718148,384.585
2,8.22868,0.827592,574.146
3,5.45232,0.885762,761.375
4,5.45232,0.885762,943.429
5,4.98091,0.895639,1020.73
