Iteration,Cost,Cost reduction,time (ms)
0,4794.92,0.00134879,177.514
1,4756.28,0.00939661,335.941
2,4706.44,0.0197766,504.634
3,4021.36,0.16246,695.248
4,1427.48,0.702694,914.596
5,1361.41,0.716456,1119.96
