Iteration,Cost,Cost reduction,time (ms)
0,4333.08,0.00149222,153.316
1,4294.44,0.0103955,252.389
2,4244.39,0.0219294,355.179
3,4221.9,0.0271123,472.255
4,2653.35,0.388567,588.604
5,2653.35,0.388567,737.478
