Iteration,Cost,Cost reduction,time (ms)
0,5107.88,0.00128231,132.186
1,5070.02,0.0086848,229.841
2,5020.68,0.0183321,331.898
3,4075.08,0.203221,441.296
4,1671.79,0.673123,550.192
5,1635.39,0.680241,655.536
