Iteration,Cost,Cost reduction,time (ms)
0,39.721,0.371884,153.539
1,31.5076,0.501763,260.315
2,17.04,0.730543,369.958
3,14.3613,0.772902,488.704
4,12.6456,0.800032,613.445
5,10.1108,0.840115,745.618
