Iteration,Cost,Cost reduction,time (ms)
0,24.093,0.390579,116.728
1,13.846,0.649773,192.433
2,13.846,0.649773,270.307
3,13.73,0.652705,323.241
4,12.0079,0.696265,411.018
5,12.0079,0.696265,496.729
