Iteration,Cost,Cost reduction,time (ms)
0,5733.85,0.00112854,155.682
1,5695.22,0.00785873,255.097
2,5645.16,0.0165796,359.038
3,5625.54,0.0199963,474.658
4,4340.45,0.243867,592.576
5,2814.13,0.509761,745.925
