Iteration,Cost,Cost reduction,time (ms)
0,4403.26,0.00146869,413.004
1,4364.62,0.0102313,810.186
2,4314.78,0.0215336,1208.99
3,3698.61,0.161263,1706.68
4,3169.43,0.281266,2334.74
5,1422.53,0.677411,2916.78
