Iteration,Cost,Cost reduction,time (ms)
0,53.1164,0.238365,566.593
1,18.9031,0.728949,1095.62
2,16.4527,0.764085,1639.57
3,13.2236,0.810386,2185.21
4,13.2236,0.810386,2729.99
5,13.2236,0.810386,2820.06
