Iteration,Cost,Cost reduction,time (ms)
0,69.3714,0,90.629
1,54.7981,0.210076,134.19
2,54.7981,0.210076,196.888
3,52.6157,0.241536,228.201
4,24.1769,0.651485,266.084
5,24.1769,0.651485,315.603
6,19.4904,0.719043,346.755
7,19.4904,0.719043,402.878
