Iteration,Cost,Cost reduction,time (ms)
0,32.4179,0.320636,113.999
1,19.9749,0.581396,192.281
2,14.3553,0.699163,267.69
3,11.6402,0.756062,347.28
4,4.53369,0.90499,428.566
5,4.13765,0.913289,513.856
