Iteration,Cost,Cost reduction,time (ms)
0,154.302,0.0970754,210.562
1,33.0687,0.806493,424.827
2,33.0687,0.806493,625.331
3,31.065,0.818218,705.983
4,31.065,0.818218,905.166
5,28.4543,0.833495,984.131
