Iteration,Cost,Cost reduction,time (ms)
0,5335.53,0.00121219,149.841
1,5296.9,0.0084448,247.087
2,5246.85,0.0178142,349.837
3,5221.03,0.0226476,464.106
4,3662.16,0.31446,577.353
5,2956.91,0.44648,739.001
6,2582.89,0.516494,928.939
7,2299.59,0.569528,1135.91
8,1678.2,0.685849,1327.74
9,1582.16,0.703827,1550.79
