Iteration,Cost,Cost reduction,time (ms)
0,50.8825,0.241616,524.879
1,33.3395,0.503088,1043.91
2,22.6273,0.662749,1636.2
3,12.6407,0.811595,2186.4
4,11.2837,0.831821,2726.49
5,10.7419,0.839897,3269.99
