Iteration,Cost,Cost reduction,time (ms)
0,24.4695,0.439173,109.166
1,20.7899,0.523508,189.696
2,19.9726,0.542239,276.59
3,19.7892,0.546444,366.171
4,15.6413,0.641512,460.816
5,15.6413,0.641512,594.418
