Iteration,Cost,Cost reduction,time (ms)
0,52.8909,0.425714,220.965
1,44.4318,0.517561,429.885
2,32.7013,0.644931,636.402
3,26.9392,0.707496,855.072
4,20.6627,0.775646,1077.09
5,10.8435,0.882262,1308.8
