Iteration,Cost,Cost reduction,time (ms)
0,24.3679,0.394215,106.493
1,16.3226,0.594221,182.25
2,15.7144,0.60934,261.502
3,14.4965,0.639617,343.841
4,6.66622,0.834278,427.981
5,6.00351,0.850753,527.581
