Iteration,Cost,Cost reduction,time (ms)
0,29.8177,0.243553,99.538
1,9.41267,0.761209,168.98
2,9.41267,0.761209,238.208
3,9.41267,0.761209,283.911
4,9.41267,0.761209,331.232
5,9.41267,0.761209,378.805
