Iteration,Cost,Cost reduction,time (ms)
0,4929.02,0.001312,179.081
1,4890.38,0.0091412,337.189
2,4840.54,0.0192384,505.163
3,4183.24,0.152418,694.024
4,1615.3,0.672717,912.824
5,1163.46,0.764267,1111.13
