Iteration,Cost,Cost reduction,time (ms)
0,80.6762,0.383832,145.865
1,34.5053,0.736464,248.036
2,25.2105,0.807454,356.951
3,10.6863,0.918383,468.206
4,10.6863,0.918383,583.878
5,10.1822,0.922233,660.529
