Iteration,Cost,Cost reduction,time (ms)
0,80.6575,0.218131,149.774
1,20.9211,0.797197,260.255
2,18.5699,0.819989,379.273
3,16.2165,0.842802,498.514
4,15.356,0.851144,618.658
5,15.2116,0.852543,740.836
