Iteration,Cost,Cost reduction,time (ms)
0,5807.64,0.00111423,151.958
1,5769.01,0.00775883,249.959
2,5719.12,0.0163398,353.256
3,5703.67,0.0189968,474.794
4,4098.55,0.295068,611.936
5,3981.52,0.315198,764.957
