Iteration,Cost,Cost reduction,time (ms)
0,27.8503,0.338249,629.763
1,25.2341,0.400412,1271.02
2,23.5119,0.441335,1905.77
3,18.4316,0.562046,2561.95
4,11.2034,0.733797,3226.45
5,9.25232,0.780156,3886.64
6,9.25232,0.780156,4549.78
