Iteration,Cost,Cost reduction,time (ms)
0,68.9048,0.248267,524.123
1,39.8258,0.565511,1047.49
2,33.3411,0.636258,1587.72
3,21.9381,0.760661,2114.05
4,19.6897,0.78519,2642.23
5,12.1445,0.867507,3182.03
