Iteration,Cost,Cost reduction,time (ms)
0,42.7195,0.0618522,557.832
1,14.7558,0.675954,1137.37
2,9.13647,0.799357,1752.8
3,8.47831,0.813811,2312.77
4,7.9526,0.825356,2876.66
5,7.9526,0.825356,3428.4
