Iteration,Cost,Cost reduction,time (ms)
0,25.9428,0.339099,124.203
1,25.9428,0.339099,200.79
2,25.9428,0.339099,250.744
3,25.9303,0.339418,300.97
4,25.3697,0.353699,385.946
5,22.0246,0.438917,471.792
