Iteration,Cost,Cost reduction,time (ms)
0,5733.83,0.00112828,138.073
1,5695.2,0.00785841,236.663
2,5645.31,0.0165485,341.283
3,5627.37,0.0196736,462.06
4,4434.98,0.227397,595.161
5,4051.33,0.294231,749.366
