Iteration,Cost,Cost reduction,time (ms)
0,5033.13,0.00128482,179.468
1,4994.49,0.00895231,338.113
2,4944.65,0.0188408,506.239
3,4269.06,0.152897,697.818
4,1777.79,0.647236,914.886
5,1777.79,0.647236,1110.26
