Iteration,Cost,Cost reduction,time (ms)
0,24.6448,0.391117,104.603
1,9.4784,0.765824,180.541
2,9.4784,0.765824,257.505
3,5.99875,0.851793,308.865
4,5.94049,0.853232,385.446
