Iteration,Cost,Cost reduction,time (ms)
0,144.64,0.207733,231.377
1,53.5433,0.706716,448.235
2,19.3676,0.893914,684.905
3,19.3676,0.893914,919.755
4,18.1492,0.900588,1011.85
5,18.1492,0.900588,1248.44
