Iteration,Cost,Cost reduction,time (ms)
0,35.2496,0.0958162,181.596
1,14.1831,0.636192,355.547
2,12.9429,0.668003,540.715
3,6.55028,0.83198,715.269
4,6.55028,0.83198,886.757
5,5.76093,0.852227,956.566
