Iteration,Cost,Cost reduction,time (ms)
0,30.2926,0.498332,143.779
1,27.2336,0.548992,245.354
2,18.4763,0.69402,358.149
3,12.4539,0.793755,472.237
4,10.7624,0.821767,586.301
5,8.61416,0.857343,704.138
