Iteration,Cost,Cost reduction,time (ms)
0,35.6613,0.227866,186.419
1,14.8891,0.677623,352.899
2,14.8891,0.677623,519.508
3,12.4977,0.729402,594.998
4,12.4977,0.729402,754.208
5,12.4977,0.729402,824.572
