Iteration,Cost,Cost reduction,time (ms)
0,5807.64,0.00111385,413.354
1,5769,0.00775988,811.645
2,5719.16,0.0163318,1208.34
3,5356.34,0.0787364,1712.15
4,3463.68,0.404263,2354.02
5,2711.02,0.533718,2961.36
