Iteration,Cost,Cost reduction,time (ms)
0,14.3487,0.68496,768.849
1,14.3487,0.68496,1561.82
2,14.3487,0.68496,1687.53
3,14.3487,0.68496,1806.64
4,14.3487,0.68496,1947.54
5,14.3487,0.68496,2079.25
6,11.112,0.756025,2193.37
7,6.90299,0.848439,3067.01
8,6.90299,0.848439,3917.45
