Iteration,Cost,Cost reduction,time (ms)
0,24.1612,0.416723,566.579
1,12.8672,0.689371,1148.2
2,11.5386,0.721445,1662.28
3,11.5386,0.721445,2174.71
4,9.74056,0.764852,2255.39
5,9.74056,0.764852,2651.03
