Iteration,Cost,Cost reduction,time (ms)
0,17.1233,0.649385,177.751
1,17.1233,0.649385,479.139
2,17.1233,0.649385,676.219
3,17.1233,0.649385,872.908
4,17.1233,0.649385,1069
5,7.23448,0.851867,1270.26
6,7.23448,0.851867,1479.55
