Iteration,Cost,Cost reduction,time (ms)
0,29.2953,0.295634,538.203
1,15.5321,0.626552,1131.45
2,8.48612,0.795962,1664.6
3,7.29429,0.824618,2216.57
4,6.71559,0.838532,2735
5,6.71559,0.838532,3257.28
