Iteration,Cost,Cost reduction,time (ms)
0,164.002,0.0772144,207.668
1,69.4747,0.609088,410.966
2,61.3793,0.654638,596.039
3,56.7459,0.680709,781.757
4,55.4514,0.687993,964.014
5,55.4514,0.687993,1147.04
