Iteration,Cost,Cost reduction,time (ms)
0,106.363,0.205336,581.563
1,60.0909,0.551046,1122.23
2,13.4583,0.89945,1622.94
3,11.9073,0.911038,2090.22
4,8.59283,0.935801,2554.28
5,8.59283,0.935801,3043.88
