Iteration,Cost,Cost reduction,time (ms)
0,45.3219,0.283255,575.096
1,13.5858,0.785146,1148.89
2,9.27445,0.853329,1654.48
3,8.57236,0.864432,2155.52
4,8.57236,0.864432,2637.31
5,6.04138,0.904458,2727.51
