Iteration,Cost,Cost reduction,time (ms)
0,1.57291,0.792071,7.128
1,0.876895,0.88408,11.352
2,0.406404,0.946276,15.686
3,0.36804,0.951348,20.138
4,0.36804,0.951348,24.178
