Iteration,Cost,Cost reduction,time (ms)
0,4373.05,0.00149667,128.868
1,4335.19,0.0101415,226.168
2,4285.86,0.0214063,327.09
3,3466.31,0.208535,435.008
4,3158.96,0.278711,547.329
5,2562.6,0.41488,657.041
