Iteration,Cost,Cost reduction,time (ms)
0,46.4263,0.273494,536.222
1,23.0766,0.638884,1081.38
2,19.8715,0.689039,1586.47
3,19.8715,0.689039,2083.78
4,19.8715,0.689039,2171.95
5,15.4666,0.75797,2245.91
