Iteration,Cost,Cost reduction,time (ms)
0,4624.8,0.00139853,414.049
1,4586.16,0.00974191,807.907
2,4536.31,0.0205041,1204.92
3,4517.44,0.024579,1703.27
4,3201.68,0.308682,2201.91
5,1985.27,0.571335,3145.33
