Iteration,Cost,Cost reduction,time (ms)
0,1038.8924081360483,0.0,8620.306968688965
1,602.1154560664443,0.4204255884911673,14050.331354141235
