Iteration,Cost,Cost reduction,time (ms)
0,30.8212,0.315968,186.836
1,14.2482,0.683781,366.772
2,10.8689,0.75878,558.914
3,9.83765,0.781667,743.132
4,6.29631,0.860262,927.421
5,6.29631,0.860262,1114.09
