Iteration,Cost,Cost reduction,time (ms)
0,96.6671,0.372652,157.425
1,74.7878,0.514643,266.701
2,38.8337,0.747978,385.006
3,38.8337,0.747978,509.544
4,38.7421,0.748572,600.848
5,38.7421,0.748572,728.092
