Iteration,Cost,Cost reduction,time (ms)
0,28.7551,0.35723,182.778
1,16.9238,0.621698,366.88
2,10.9265,0.755757,563.378
3,4.91477,0.890139,753.366
4,3.8613,0.913687,939.496
5,2.84384,0.936431,1119.24
