Iteration,Cost,Cost reduction,time (ms)
0,28.2969,0.350554,172.004
1,27.6439,0.365541,346.859
2,23.6444,0.457335,524.267
3,18.5827,0.573506,687.393
4,11.4677,0.736803,851.324
5,11.172,0.74359,1019.1
