Iteration,Cost,Cost reduction,time (ms)
0,4366.42,0.00149973,132.956
1,4328.56,0.0101574,229.732
2,4279.22,0.0214403,330.798
3,3421.26,0.217637,438.926
4,1443.55,0.669894,547.551
5,1423.26,0.674534,654.282
