Iteration,Cost,Cost reduction,time (ms)
0,32.4472,0.3015,102.429
1,16.3976,0.647004,173.854
2,8.7857,0.810868,245.77
3,8.7857,0.810868,317.009
4,8.7857,0.810868,367.381
5,8.7857,0.810868,417.788
