Iteration,Cost,Cost reduction,time (ms)
0,5872,0.0011019,145.825
1,5833.37,0.00767379,243.28
2,5783.32,0.0161888,347.834
3,5771.66,0.0181712,464.741
4,4835.59,0.177409,575.597
5,4486.39,0.236812,766.486
