Iteration,Cost,Cost reduction,time (ms)
0,26.8587,0.365142,619.112
1,13.9153,0.671084,1243.45
2,5.45427,0.871078,1874.61
3,5.45427,0.871078,2510.56
4,5.05723,0.880463,2607.8
5,4.46202,0.894532,3233.63
