Iteration,Cost,Cost reduction,time (ms)
0,116.439,0.0414005,145.246
1,37.235,0.693458,251.337
2,11.324,0.906773,360.198
3,11.324,0.906773,471.324
4,11.324,0.906773,546.496
5,11.324,0.906773,620.941
