Iteration,Cost,Cost reduction,time (ms)
0,4482.8,0.00144295,133.814
1,4444.16,0.0100485,231.999
2,4394.11,0.0211987,334.858
3,4267.81,0.0493319,448.908
4,2885.73,0.357195,558.914
5,705.975,0.842742,669.973
6,705.975,0.842742,781.869
