Iteration,Cost,Cost reduction,time (ms)
0,50.9106,0.287171,217.654
1,26.8487,0.624076,410.488
2,13.4929,0.811078,608.493
3,5.52341,0.922664,807.219
4,4.81904,0.932526,1007
5,3.41541,0.952179,1203.64
