Iteration,Cost,Cost reduction,time (ms)
0,36.5441,0.239334,101.347
1,36.5441,0.239334,168.627
2,36.5441,0.239334,214.649
3,36.5441,0.239334,260.836
4,36.5441,0.239334,308.023
5,36.5441,0.239334,355.481
