Iteration,Cost,Cost reduction,time (ms)
0,34.2948,0.254235,106.739
1,14.8511,0.677053,180.417
2,8.3654,0.818088,259.004
3,8.3654,0.818088,349.532
4,8.3654,0.818088,398.067
5,8.3654,0.818088,448.223
