Iteration,Cost,Cost reduction,time (ms)
0,747.38,0,9.802
1,253.439,0.660896,19.712
2,253.439,0.660896,30.612
3,253.439,0.660896,43.277
4,253.439,0.660896,56.97
5,253.439,0.660896,72.562
6,248.159,0.667961,110.54
7,248.159,0.667961,128.328
