Iteration,Cost,Cost reduction,time (ms)
0,119.847,0.300737,150.976
1,114.108,0.334222,261.511
2,26.4352,0.845761,371.339
3,23.7246,0.861576,500.357
4,6.21041,0.963765,624.157
5,3.31546,0.980656,748.58
