Iteration,Cost,Cost reduction,time (ms)
0,4842.92,0.00133503,412.436
1,4804.28,0.00930332,810.922
2,4754.45,0.0195785,1208.5
3,4453.43,0.0816519,1717.22
4,3596.62,0.258336,2287.61
5,2562.09,0.471667,2843.26
