Iteration,Cost,Cost reduction,time (ms)
0,32.3641,0.248777,546.169
1,26.0909,0.394387,1109.52
2,19.2524,0.553121,1592.99
3,16.9543,0.606463,2101.87
4,9.07557,0.789341,2606.89
5,5.92097,0.862565,3125.29
