Iteration,Cost,Cost reduction,time (ms)
0,4509.92,0.0014517,133.799
1,4472.06,0.00983442,228.811
2,4422.73,0.0207577,330.204
3,3562.41,0.211242,437.811
4,3132.65,0.306396,547.557
5,2644.33,0.414514,660.303
