Iteration,Cost,Cost reduction,time (ms)
0,4403.24,0.00146825,412.096
1,4364.6,0.010231,808.986
2,4314.77,0.0215312,1206.11
3,4293.16,0.0264299,1711.94
4,2769.04,0.372058,2246.85
5,1854.07,0.579548,3148.22
