Iteration,Cost,Cost reduction,time (ms)
0,38.4362,0.165861,550.787
1,24.5556,0.467096,1080.56
2,17.7882,0.613963,1663.91
3,17.3307,0.623891,2220.05
4,17.3307,0.623891,2762.5
5,15.7349,0.658522,2855.93
