Iteration,Cost,Cost reduction,time (ms)
0,42.802,0,99.905
1,42.802,0,145.398
2,42.802,0,190.663
3,42.802,0,235.881
4,42.802,0,283.977
5,39.8021,0.0700895,366.005
6,37.2744,0.129145,438.611
7,34.6637,0.19014,506.278
8,33.812,0.210037,577.133
9,33.5019,0.217282,648.631
