Iteration,Cost,Cost reduction,time (ms)
0,95.4216,0.317838,156.019
1,88.703,0.365868,267.885
2,53.205,0.619641,383.02
3,36.8743,0.736388,511.212
4,22.6875,0.837808,652.366
5,17.9763,0.871489,791.217
