Iteration,Cost,Cost reduction,time (ms)
0,4257.11,0.00151913,415.91
1,4218.47,0.010582,812.803
2,4168.63,0.0222723,1208.18
3,4150.08,0.0266231,1705.91
4,2926.33,0.313648,2203.4
5,2020.15,0.526186,3121.75
