Iteration,Cost,Cost reduction,time (ms)
0,27.8317,0.348509,108.148
1,12.7585,0.701345,185.356
2,12.2411,0.713457,266.411
3,12.0322,0.718347,350.192
4,6.1949,0.854989,436.046
5,5.64988,0.867746,520.482
