Iteration,Cost,Cost reduction,time (ms)
0,17.6875,0.583124,128.451
1,9.40576,0.778316,217.699
2,8.36611,0.802819,307.408
3,6.62359,0.843889,402.593
4,6.62359,0.843889,499.921
