Iteration,Cost,Cost reduction,time (ms)
0,30.0931,0.573565,19.785
1,11.8487,0.832097,33.748
2,11.094,0.842791,45.827
3,10.5366,0.850691,57.231
4,10.5366,0.850691,70.1
