Iteration,Cost,Cost reduction,time (ms)
0,5164.12,0.00125287,136.97
1,5125.49,0.00872445,233.254
2,5075.6,0.0183733,336.499
3,5021.45,0.0288455,458.236
4,2388.63,0.538035,588.271
5,2338.84,0.547665,759.915
