Iteration,Cost,Cost reduction,time (ms)
0,4540.26,0.00144216,131.54
1,4502.4,0.00976888,228.359
2,4453.06,0.0206205,331.938
3,3578.61,0.212941,439.529
4,3093.61,0.319609,547.539
5,1993.54,0.561552,657.705
