Iteration,Cost,Cost reduction,time (ms)
0,71.1758,0.451377,164.232
1,31.7439,0.755318,273.648
2,31.7439,0.755318,394.374
3,31.7439,0.755318,472.142
4,31.7439,0.755318,549.604
5,31.7439,0.755318,626.745
