Iteration,Cost,Cost reduction,time (ms)
0,122.667,0.2921,144.591
1,108.746,0.372437,251.059
2,92.7094,0.464985,365.812
3,88.5246,0.489135,484.624
4,48.2304,0.721668,605.798
5,35.5115,0.795067,728.647
