Iteration,Cost,Cost reduction,time (ms)
0,32.0056,0.320731,625.836
1,16.9585,0.640082,1266.14
2,13.929,0.704378,1913.34
3,13.929,0.704378,2566.73
4,13.929,0.704378,2724.13
