Iteration,Cost,Cost reduction,time (ms)
0,47.5777,0.326573,143.786
1,27.8796,0.605385,243.786
2,21.2239,0.699592,349.901
3,6.84063,0.903176,463.702
4,6.84063,0.903176,574.558
5,6.84063,0.903176,653.59
