Iteration,Cost,Cost reduction,time (ms)
0,31.951,0.313769,569.921
1,18.6695,0.599023,1161.23
2,12.0592,0.740998,1729.61
3,12.0592,0.740998,2277.92
4,7.03033,0.849005,2371.85
5,4.59789,0.901248,2899.77
