Iteration,Cost,Cost reduction,time (ms)
0,109.201,0.313502,145.758
1,74.785,0.52986,253.698
2,54.6464,0.656462,365.017
3,46.6986,0.706427,487.905
4,39.51,0.751618,609.104
5,37.839,0.762123,732.572
