Iteration,Cost,Cost reduction,time (ms)
0,29.3078,0.350776,106.961
1,11.6881,0.741087,187
2,11.2396,0.751022,281.102
3,7.0237,0.844411,377.324
4,6.84062,0.848467,473.316
5,5.95578,0.868068,571.671
