Iteration,Cost,Cost reduction,time (ms)
0,43.6537,0,106.952
1,43.4792,0.00399702,158.642
2,34.1806,0.217004,233.742
3,28.9765,0.336218,315.288
4,28.9765,0.336218,399.196
5,26.7784,0.386572,455.268
