Iteration,Cost,Cost reduction,time (ms)
0,24.0486,0.653335,14.622
1,14.7281,0.787692,24.999
2,10.862,0.843422,34.802
3,5.92918,0.91453,44.596
4,5.92918,0.91453,54.618
