Iteration,Cost,Cost reduction,time (ms)
0,121.069,0.671461,7.185
1,121.069,0.671461,11.858
2,121.069,0.671461,14.791
3,121.069,0.671461,17.634
4,121.069,0.671461,20.481
