Iteration,Cost,Cost reduction,time (ms)
0,50.9912,0.430972,147.983
1,36.7928,0.589416,256.625
2,14.9095,0.83362,380.87
3,11.8339,0.867942,525.642
4,11.6636,0.869842,674.681
5,10.246,0.885661,819.597
