Iteration,Cost,Cost reduction,time (ms)
0,4942.8,0.00130862,135.556
1,4904.16,0.00911509,234.539
2,4854.1,0.0192293,337.137
3,4577.38,0.0751418,454.962
4,3610.26,0.270547,570.785
5,1340.42,0.729168,692.102
