Iteration,Cost,Cost reduction,time (ms)
0,26.199,0.365682,105.64
1,15.6003,0.622292,181.638
2,12.9727,0.68591,258.787
3,12.2449,0.703531,347.171
4,11.5486,0.72039,438.791
5,10.3007,0.750605,529.535
