Iteration,Cost,Cost reduction,time (ms)
0,94.2841,0.287985,137.093
1,35.853,0.729246,236.128
2,25.776,0.805345,351.566
3,16.8136,0.873027,464.71
4,11.6716,0.911858,576.979
5,8.10664,0.93878,690.449
