Iteration,Cost,Cost reduction,time (ms)
0,75.3724,0.335399,144.998
1,62.9443,0.444984,254.658
2,56.3368,0.503246,367.86
3,50.6471,0.553416,493.23
4,20.3895,0.820214,618.061
5,9.12297,0.919558,734.022
