Iteration,Cost,Cost reduction,time (ms)
0,26.2647,0.332374,106.226
1,20.4273,0.480757,181.97
2,4.65117,0.881771,260.183
3,4.63707,0.88213,341.905
4,3.11117,0.920917,424.514
5,3.11117,0.920917,507.699
