Iteration,Cost,Cost reduction,time (ms)
0,4929.03,0.00131238,143.158
1,4890.4,0.00914037,242.427
2,4840.51,0.0192489,345.905
3,4506.92,0.0868385,466.932
4,3394.15,0.312301,597.439
5,1888.62,0.617341,745.889
