Iteration,Cost,Cost reduction,time (ms)
0,26.9061,0.315437,113.031
1,26.9061,0.315437,187.968
2,26.9061,0.315437,233.272
3,26.9061,0.315437,279.986
4,26.9061,0.315437,327.553
5,26.9061,0.315437,377.15
