Iteration,Cost,Cost reduction,time (ms)
0,42.4289,0.277891,214.211
1,15.3472,0.738803,415.609
2,11.6196,0.802242,618.993
3,11.4194,0.80565,819.419
4,11.4194,0.80565,1019.13
5,11.4194,0.80565,1099.47
