Iteration,Cost,Cost reduction,time (ms)
0,23.0858,0.939403,15.001
1,23.0858,0.939403,32.363
2,5.84999,0.984645,43.305
3,5.84999,0.984645,54.178
4,5.84999,0.984645,61.451
5,5.84999,0.984645,68.814
6,5.84999,0.984645,79.297
