Iteration,Cost,Cost reduction,time (ms)
0,24.5764,0.459419,173.343
1,18.1232,0.601362,329.908
2,17.5376,0.614244,487.521
3,16.7239,0.632142,646.095
4,8.56803,0.811538,805.663
5,8.56803,0.811538,959.518
