Iteration,Cost,Cost reduction,time (ms)
0,49.172,0.24995,547.14
1,19.373,0.704493,1086.41
2,5.70159,0.91303,1621.58
3,5.70159,0.91303,2159.93
4,4.95108,0.924478,2251.98
5,4.95108,0.924478,2777.3
