Iteration,Cost,Cost reduction,time (ms)
0,4929.03,0.00131279,138.259
1,4890.4,0.00914018,237.667
2,4840.51,0.0192499,343.402
3,4820.24,0.0233561,464.61
4,2747.11,0.4434,595.683
5,2747.11,0.4434,744.147
