Iteration,Cost,Cost reduction,time (ms)
0,5662.87,0.0011424,135.838
1,5624.24,0.00795682,234.33
2,5574.18,0.0167852,337.271
3,4002.13,0.294075,454.089
4,2577.53,0.545358,570.391
5,2479.9,0.562577,700.139
