Iteration,Cost,Cost reduction,time (ms)
0,47.4807,0.354791,232.541
1,21.6673,0.705566,462.575
2,15.7214,0.786364,679.395
3,10.1306,0.862336,894.782
4,5.67665,0.922861,1120.34
5,5.67665,0.922861,1337.82
