Iteration,Cost,Cost reduction,time (ms)
0,64.9137,0.449746,155.494
1,64.9137,0.449746,268.917
2,64.9137,0.449746,346.541
3,64.9137,0.449746,426.189
4,64.9137,0.449746,506.055
5,64.8806,0.450027,587.469
