Iteration,Cost,Cost reduction,time (ms)
0,101.705,0.0191833,28.249
1,51.4753,0.503585,50.938
2,16.3691,0.842141,71.965
3,9.47884,0.908588,92.736
4,5.87441,0.943349,112.691
5,5.87441,0.943349,132.08
