Iteration,Cost,Cost reduction,time (ms)
0,23.305,0.559921,147.552
1,19.179,0.637834,252.237
2,3.52594,0.933418,365.483
3,3.52594,0.933418,483.562
4,3.29743,0.937733,561.206
5,3.29743,0.937733,676.022
