Iteration,Cost,Cost reduction,time (ms)
0,42.1307,0.0746973,561.223
1,15.9746,0.649156,1150.31
2,12.0153,0.736113,1714.92
3,8.06167,0.822944,2251.61
4,4.57874,0.899439,2782.33
5,4.57874,0.899439,3307.65
