Iteration,Cost,Cost reduction,time (ms)
0,34.6466,0.240903,589.381
1,30.6212,0.329097,1129.68
2,7.54797,0.834626,1686.7
3,7.54797,0.834626,2180.69
4,7.54797,0.834626,2268.41
5,7.54797,0.834626,2331.84
