Iteration,Cost,Cost reduction,time (ms)
0,32.0229,0.293502,110.134
1,21.2019,0.532238,190.121
2,11.6902,0.742087,275.162
3,11.6545,0.742877,382.984
4,10.8087,0.761536,493.275
5,10.6889,0.764178,612.562
