Iteration,Cost,Cost reduction,time (ms)
0,25.7839,0.368022,111.953
1,11.3634,0.721477,190.979
2,10.2355,0.749121,280.116
3,9.44746,0.768437,370.023
4,8.69543,0.78687,466.06
5,8.68529,0.787119,558.895
