Iteration,Cost,Cost reduction,time (ms)
0,30.5436,0.326723,100.519
1,21.7527,0.520503,171.879
2,17.392,0.616625,244.463
3,17.392,0.616625,317.131
4,17.392,0.616625,371.501
5,17.392,0.616625,422.512
