Iteration,Cost,Cost reduction,time (ms)
0,97.4097,0.31268,146.584
1,58.3425,0.588337,255.108
2,52.6805,0.628288,362.941
3,21.8841,0.845586,477.687
4,11.3204,0.920124,594.466
5,5.07636,0.964181,713.116
