Iteration,Cost,Cost reduction,time (ms)
0,26.5549,0.384261,2136.42
1,19.4455,0.549111,4295.62
2,12.9814,0.698996,6463.59
3,12.0042,0.721653,8645.54
4,10.4159,0.758484,10857.3
5,6.99438,0.837819,13052.8
6,5.14769,0.880639,15274.7
7,5.14769,0.880639,17520.1
