Iteration,Cost,Cost reduction,time (ms)
0,5143.53,0.00127276,128.189
1,5105.67,0.00862432,225.241
2,5056.33,0.0182038,327.476
3,4163.49,0.191568,435.675
4,3823.76,0.257534,547.134
5,3248.72,0.36919,655.727
