Iteration,Cost,Cost reduction,time (ms)
0,4583.09,0.00141096,141.802
1,4544.46,0.00982882,239.848
2,4494.41,0.0207339,342.714
3,4295.53,0.0640661,457.486
4,3297.03,0.281626,575.136
5,2435.88,0.469258,760.655
