Iteration,Cost,Cost reduction,time (ms)
0,4877.71,0.00132601,150.215
1,4839.07,0.00923651,250.682
2,4789.01,0.0194852,354.735
3,4751.52,0.0271626,470.618
4,3727.45,0.236832,586.503
5,2793.76,0.427998,725.904
