Iteration,Cost,Cost reduction,time (ms)
0,31.1166,0.413402,147.692
1,22.5478,0.574938,258.299
2,9.77539,0.815718,377.034
3,9.77539,0.815718,491.645
4,7.18776,0.864499,574.702
5,7.18776,0.864499,711.725
