Iteration,Cost,Cost reduction,time (ms)
0,42.9709,0.197807,144.346
1,17.6396,0.670699,253.928
2,16.816,0.686075,366.165
3,16.2777,0.696123,480.162
4,16.2777,0.696123,592.262
5,16.2777,0.696123,669.949
