Iteration,Cost,Cost reduction,time (ms)
0,4608,0.00142084,132.575
1,4570.14,0.0096254,228.565
2,4520.8,0.0203166,329.954
3,3641.5,0.210867,437.852
4,3244.47,0.296906,547.374
5,2684.22,0.418315,659.129
