Iteration,Cost,Cost reduction,time (ms)
0,37.8923,0.777489,177.985
1,31.5197,0.81491,299.722
2,17.7408,0.895822,425.564
3,17.7408,0.895822,547.703
4,17.7408,0.895822,618.193
5,17.7408,0.895822,687.737
6,17.7408,0.895822,756.954
