Iteration,Cost,Cost reduction,time (ms)
0,158.997,0.131807,587.152
1,13.3893,0.926889,1181.01
2,7.52635,0.958903,1735.99
3,7.52635,0.958903,2315.67
4,5.85852,0.96801,2407.49
5,5.85852,0.96801,2982.96
