Iteration,Cost,Cost reduction,time (ms)
0,31.7063,0.803812,144.022
1,31.7063,0.803812,247.425
2,31.7063,0.803812,326.709
3,31.7063,0.803812,407.095
4,31.7063,0.803812,488.064
5,31.7063,0.803812,569.542
