Iteration,Cost,Cost reduction,time (ms)
0,52.3852,0.28742,224.735
1,14.825,0.798341,442.496
2,14.825,0.798341,661.252
3,14.825,0.798341,746.385
4,14.825,0.798341,829.989
5,14.825,0.798341,914.929
