Iteration,Cost,Cost reduction,time (ms)
0,25.0796,0.369497,118.22
1,16.5709,0.583406,190.256
2,16.5709,0.583406,265.201
3,16.5709,0.583406,316.347
4,16.5546,0.583817,369.012
5,16.5546,0.583817,446.386
