Iteration,Cost,Cost reduction,time (ms)
0,98.1074,0.368714,148.591
1,82.8012,0.467204,253.532
2,60.3044,0.611962,364.965
3,44.2024,0.715573,489.039
4,9.22736,0.940625,614.282
5,7.80504,0.949777,748.393
