Iteration,Cost,Cost reduction,time (ms)
0,4639.47,0.0014109,128.676
1,4601.61,0.00956003,226.585
2,4552.27,0.0201793,328.595
3,3696.91,0.204285,436.696
4,3422.31,0.263389,548.059
5,2820.6,0.392901,658.642
