Iteration,Cost,Cost reduction,time (ms)
0,4218.32,0.00153283,178.444
1,4179.68,0.010679,336.669
2,4129.84,0.0224755,505.408
3,3499.47,0.171684,695.174
4,1953.08,0.537711,911.535
5,1068.65,0.747053,1113.83
