Iteration,Cost,Cost reduction,time (ms)
0,80.3729,0.243412,151.124
1,80.3729,0.243412,263.109
2,80.3729,0.243412,343.696
3,80.3729,0.243412,426.91
4,80.3729,0.243412,508.922
5,80.3729,0.243412,591.593
