Iteration,Cost,Cost reduction,time (ms)
0,85.9001,0.414563,223.21
1,59.1756,0.596699,428.142
2,19.5567,0.866714,639.63
3,18.7714,0.872067,853.471
4,18.7714,0.872067,1068.1
5,17.7576,0.878976,1156.35
