Iteration,Cost,Cost reduction,time (ms)
0,35.3136,0.426644,154.151
1,34.3839,0.441738,263.995
2,27.3282,0.556295,376.7
3,16.3592,0.73439,491.215
4,7.06049,0.885365,600.853
5,7.06049,0.885365,713.712
