Iteration,Cost,Cost reduction,time (ms)
0,31.002,0.325289,190.05
1,16.7847,0.634707,382.167
2,15.4151,0.664514,565.926
3,5.0213,0.890719,749.136
4,4.06156,0.911606,927.42
5,3.2311,0.92968,1105.65
