Iteration,Cost,Cost reduction,time (ms)
0,35.1926,0.335906,531.333
1,17.6245,0.667421,1031.53
2,17.6245,0.667421,1489.96
3,14.4938,0.726497,1579.74
4,9.99705,0.811353,2024.29
5,9.99705,0.811353,2465.95
