Iteration,Cost,Cost reduction,time (ms)
0,88.0366,0.349141,144.313
1,81.9084,0.394447,250.495
2,22.2799,0.835284,358.188
3,11.8858,0.912127,478.112
4,11.8556,0.912351,594.119
5,11.8556,0.912351,709.228
