Iteration,Cost,Cost reduction,time (ms)
0,29.7937,0.319806,108.78
1,17.5779,0.598693,186.19
2,17.5779,0.598693,262.954
3,17.5779,0.598693,313.95
4,17.5779,0.598693,365.698
5,17.5324,0.599732,418.978
