Iteration,Cost,Cost reduction,time (ms)
0,40.8077,0.447417,156.426
1,40.5536,0.450859,263.753
2,12.8174,0.826437,377.045
3,6.60398,0.910575,506.657
4,6.60398,0.910575,637.356
5,6.60398,0.910575,718.303
