Iteration,Cost,Cost reduction,time (ms)
0,26.8894,0.314478,185.227
1,21.4625,0.45283,377.941
2,18.7583,0.521772,550.089
3,18.2663,0.534317,723.319
4,15.6199,0.601785,892.487
5,15.6199,0.601785,1056.9
