Iteration,Cost,Cost reduction,time (ms)
0,29.1774,0.333181,596.005
1,20.5668,0.529967,1164.13
2,20.5668,0.529967,1703.22
3,20.4896,0.531731,1797.17
4,20.3565,0.534773,2324.62
5,18.9723,0.566409,2867.62
