Iteration,Cost,Cost reduction,time (ms)
0,63.4251,0.421761,153.785
1,46.0454,0.580209,266.281
2,19.0164,0.82663,391.871
3,18.4624,0.831681,543.645
4,18.4624,0.831681,695.227
5,18.4624,0.831681,774.283
