Iteration,Cost,Cost reduction,time (ms)
0,24.4328,0.384952,105.885
1,10.2617,0.741682,179.979
2,10.2617,0.741682,258.27
3,7.8261,0.802994,311.847
4,5.47526,0.862171,397.706
5,4.88694,0.876981,483.23
