Iteration,Cost,Cost reduction,time (ms)
0,77.5788,0.51024,219.279
1,37.8279,0.76119,425.946
2,29.5877,0.813211,636.656
3,29.5877,0.813211,842.978
4,29.5877,0.813211,926.391
5,29.5877,0.813211,1005.2
