Iteration,Cost,Cost reduction,time (ms)
0,4463.38,0.00144921,133.042
1,4424.74,0.0100921,230.302
2,4374.69,0.0212908,333.556
3,4248.2,0.0495879,448.798
4,2867.74,0.358426,559.467
5,668.636,0.850412,671.83
6,668.636,0.850412,778.571
