Iteration,Cost,Cost reduction,time (ms)
0,27.231,0.837782,153.934
1,27.231,0.837782,303.314
2,27.231,0.837782,383.217
3,27.231,0.837782,460.952
4,27.231,0.837782,540.993
5,27.231,0.837782,618.974
