Iteration,Cost,Cost reduction,time (ms)
0,54.9639,0.366076,150.199
1,41.4334,0.52213,255.836
2,11.4854,0.867533,372.884
3,5.74069,0.93379,490.438
4,3.65563,0.957838,614.155
5,3.06312,0.964672,737.018
