Iteration,Cost,Cost reduction,time (ms)
0,4665.23,0.00138854,133.192
1,4626.61,0.00965455,229.245
2,4576.71,0.0203372,332.138
3,3943.31,0.155919,453.204
4,1843.91,0.605303,578.792
5,1257.73,0.730778,743.14
6,1125,0.759188,931.964
7,1125,0.759188,1125.44
