Iteration,Cost,Cost reduction,time (ms)
0,28.1542,0.250302,178.98
1,20.6429,0.450315,364.628
2,14.7671,0.606776,532.891
3,14.7671,0.606776,692.512
4,14.7671,0.606776,751.277
5,14.7671,0.606776,801.844
