Iteration,Cost,Cost reduction,time (ms)
0,28.7394,0.346611,120.461
1,28.7394,0.346611,190.263
2,28.7394,0.346611,239.524
3,28.7394,0.346611,287.359
4,28.7394,0.346611,338.457
5,28.7394,0.346611,386.342
