Iteration,Cost,Cost reduction,time (ms)
0,4196.68,0.00154089,140.352
1,4158.04,0.010733,240.105
2,4107.99,0.0226422,344.364
3,4020.2,0.0435278,458.922
4,2753.1,0.344992,570.422
5,863.596,0.794536,685.163
