Iteration,Cost,Cost reduction,time (ms)
0,146.587,0,84.161
1,138.121,0.0577499,132.506
2,103.392,0.29467,181.021
3,103.392,0.29467,239.502
4,103.392,0.29467,289.618
5,103.392,0.29467,322
6,101.893,0.304892,356.765
7,101.893,0.304892,398.947
