Iteration,Cost,Cost reduction,time (ms)
0,4378.56,0.00147706,179.987
1,4339.92,0.010289,338.079
2,4290.08,0.0216555,507.147
3,3649.79,0.167672,696.276
4,1416.43,0.676987,911.219
5,1016.92,0.768093,1107.48
