Iteration,Cost,Cost reduction,time (ms)
0,5305.78,0.00121952,140.146
1,5267.15,0.00849184,238.418
2,5217.26,0.0178836,342.812
3,4535.78,0.146168,465.176
4,2940.69,0.446433,588.632
5,2034.2,0.617075,742.454
