Iteration,Cost,Cost reduction,time (ms)
0,68.2855,0.235514,221.79
1,23.4456,0.737517,435.487
2,4.55939,0.948956,657.56
3,3.32214,0.962807,887.498
4,3.32214,0.962807,1116.37
5,3.32214,0.962807,1204.8
