Iteration,Cost,Cost reduction,time (ms)
0,104.609,0.301809,148.899
1,101.633,0.321669,255.91
2,100.126,0.33173,369.919
3,17.9927,0.879911,482.667
4,17.9927,0.879911,597.574
5,17.7416,0.881587,675.404
