Iteration,Cost,Cost reduction,time (ms)
0,10.157,0.757803,97.158
1,8.75834,0.791155,159.06
2,8.61973,0.79446,217.878
3,8.61973,0.79446,276.951
4,8.61973,0.79446,313.496
5,8.61973,0.79446,349.947
6,8.61973,0.79446,386.188
