Iteration,Cost,Cost reduction,time (ms)
0,16.4056,0.823701,224.356
1,16.4056,0.823701,443.65
2,16.4056,0.823701,527.505
3,14.7024,0.842004,610.166
4,14.7024,0.842004,833.911
5,13.8644,0.85101,924.165
