Iteration,Cost,Cost reduction,time (ms)
0,4552.26,0.0014209,140.362
1,4513.63,0.00989535,237.738
2,4463.57,0.0208754,341.182
3,4451.92,0.0234316,457.862
4,3643.39,0.20079,568.945
5,2769.93,0.392391,760.681
