Iteration,Cost,Cost reduction,time (ms)
0,95.267,0.345509,144.836
1,80.6131,0.446182,254.603
2,77.3291,0.468744,366.105
3,39.1284,0.731185,480.245
4,33.6513,0.768813,601.183
5,21.3352,0.853426,722.326
