Iteration,Cost,Cost reduction,time (ms)
0,33.5094,0.257999,552.366
1,14.0395,0.689122,1134.75
2,11.9454,0.735491,1667.27
3,11.9454,0.735491,2197.86
4,11.7403,0.740034,2292.55
5,10.543,0.766545,2828.11
