Iteration,Cost,Cost reduction,time (ms)
0,29.5648,0.358632,110.824
1,22.7243,0.507028,185.114
2,13.1053,0.715698,258.232
3,7.04442,0.847181,333.874
4,7.04442,0.847181,409.124
5,7.04442,0.847181,457.086
