Iteration,Cost,Cost reduction,time (ms)
0,132.428,0.231217,150.326
1,97.4434,0.43431,259.414
2,77.7823,0.548449,378.457
3,66.6947,0.612816,506.985
4,51.4291,0.701438,642.566
5,32.5084,0.811278,791.031
