Iteration,Cost,Cost reduction,time (ms)
0,5793.66,0.00111648,411.916
1,5755.02,0.00777855,807.458
2,5705.18,0.0163709,1203.5
3,5631.48,0.0290783,1705.7
4,3106.25,0.464453,2197.02
5,2624.76,0.547466,2953.59
