Iteration,Cost,Cost reduction,time (ms)
0,4366.5,0.00148113,413.51
1,4327.86,0.0103173,809.998
2,4278.01,0.0217152,1205.25
3,4259.72,0.025899,1700.24
4,3104,0.290186,2194.61
5,1971.64,0.549131,3107.92
