Iteration,Cost,Cost reduction,time (ms)
0,143.743,0.19932,591.728
1,53.5187,0.70189,1191.11
2,39.5275,0.779824,1737.76
3,39.5275,0.779824,2233.7
4,29.7912,0.834057,2325.12
5,29.7912,0.834057,2844.79
