Iteration,Cost,Cost reduction,time (ms)
0,4284.89,0.0015091,148.033
1,4246.26,0.010512,247.588
2,4196.37,0.022136,352.301
3,4140.37,0.0351849,471.731
4,2364.65,0.448974,597.963
5,2317.17,0.460039,860.468
