Iteration,Cost,Cost reduction,time (ms)
0,87.2533,0.106899,11.069
1,87.2533,0.106899,18.936
2,87.2533,0.106899,23.28
3,87.2533,0.106899,27.814
4,87.2533,0.106899,32.244
