Iteration,Cost,Cost reduction,time (ms)
0,412.336,0.729421,20.476
1,412.336,0.729421,28.923
2,412.336,0.729421,42.48
3,412.336,0.729421,50.166
4,412.336,0.729421,63.674
5,409.829,0.731066,75.915
6,408.858,0.731704,90.276
