Iteration,Cost,Cost reduction,time (ms)
0,4179.4,0.00156628,130.782
1,4141.54,0.0106109,227.654
2,4092.2,0.0223974,328.575
3,3262.8,0.220536,436.12
4,2919.45,0.302561,546.036
5,2442.09,0.416601,659.537
