Iteration,Cost,Cost reduction,time (ms)
0,4366.42,0.0014996,133.915
1,4328.56,0.0101573,229.955
2,4279.22,0.0214401,330.455
3,3426.17,0.216513,438.955
4,2307.06,0.472428,548.397
5,2305.31,0.472828,654.238
