Iteration,Cost,Cost reduction,time (ms)
0,72.9252,0.289018,210.959
1,53.2559,0.480783,409.048
2,35.0602,0.658182,599.851
3,8.13083,0.920729,788.088
4,8.13083,0.920729,984.846
5,8.13083,0.920729,1065.03
