Iteration,Cost,Cost reduction,time (ms)
0,115.527,0.181304,29.797
1,49.9579,0.645968,50.867
2,30.8186,0.7816,71.735
3,30.8186,0.7816,91.368
4,29.1244,0.793607,96.466
5,25.354,0.820326,116.871
6,12.7453,0.909679,137.012
7,12.1145,0.914149,158.169
8,10.2015,0.927706,180.583
9,8.80775,0.937583,203.464
