Iteration,Cost,Cost reduction,time (ms)
0,31.6446,0,99.856
1,31.6446,0,171.201
2,31.6446,0,235.562
3,31.6446,0,275.089
4,25.7671,0.185733,306.978
5,25.7671,0.185733,374.427
6,25.7671,0.185733,427.393
