Iteration,Cost,Cost reduction,time (ms)
0,4319.23,0.00149724,146.449
1,4280.6,0.010429,245.296
2,4230.54,0.0220011,348.54
3,3996.17,0.0761824,466.5
4,2849.01,0.341378,583.876
5,1948.9,0.549461,789.809
