Iteration,Cost,Cost reduction,time (ms)
0,26.4429,0.481276,144.657
1,13.0959,0.743101,251.48
2,12.6867,0.751128,367.155
3,10.8081,0.787981,486.798
4,4.25306,0.916569,602.531
5,3.93222,0.922863,724.942
