Iteration,Cost,Cost reduction,time (ms)
0,109.351,0.39044,226.793
1,90.4189,0.495972,442.1
2,49.5128,0.723998,655.197
3,17.6347,0.901698,862.725
4,9.5079,0.946999,1061.88
5,9.5079,0.946999,1256.58
