Iteration,Cost,Cost reduction,time (ms)
0,111.835,0.212776,579.121
1,43.7169,0.692271,1148.17
2,36.576,0.742537,1775.22
3,31.2842,0.779786,2403.53
4,31.2842,0.779786,2997.21
5,29.0538,0.795487,3092.15
