Iteration,Cost,Cost reduction,time (ms)
0,4953.18,0.00130564,150.612
1,4914.54,0.00909581,250.356
2,4864.49,0.0191876,354.383
3,4841.88,0.0237469,472.912
4,3131.4,0.368626,587.89
5,2890.74,0.41715,771.751
