Iteration,Cost,Cost reduction,time (ms)
0,33.0811,0.287089,103.677
1,17.0698,0.632139,181.791
2,17.0698,0.632139,254.636
3,17.0698,0.632139,302.771
4,17.0698,0.632139,350.899
5,17.0698,0.632139,398.17
