Iteration,Cost,Cost reduction,time (ms)
0,72.5988,0.0184949,742.464
1,72.492,0.0199379,1436.37
2,59.0458,0.201726,2129.29
3,53.7652,0.273117,2628.39
4,53.7652,0.273117,3371.13
5,53.7652,0.273117,3678.86
6,53.7369,0.2735,3982.95
