Iteration,Cost,Cost reduction,time (ms)
0,4611.57,0.00140253,180.726
1,4572.93,0.0097698,339.316
2,4523.09,0.0205628,507.951
3,3859.03,0.164359,697.411
4,1540.09,0.666508,913.135
5,1382.09,0.70072,1108.97
