Iteration,Cost,Cost reduction,time (ms)
0,22.8341,0.39033,104.269
1,14.1599,0.621932,174.5
2,7.2809,0.8056,249.982
3,7.25283,0.80635,336.271
4,7.25283,0.80635,424.632
5,6.99838,0.813144,478.338
