Iteration,Cost,Cost reduction,time (ms)
0,5041.42,0.00128356,135.731
1,5002.79,0.00893668,234.765
2,4952.89,0.0188213,340.047
3,4929.24,0.0235068,461.343
4,3319.84,0.342333,583.598
5,3254.32,0.355313,718.596
