Iteration,Cost,Cost reduction,time (ms)
0,26.151,0.321933,123.085
1,22.5279,0.415875,205.217
2,20.0837,0.479252,284.521
3,18.2452,0.526922,364.857
4,17.637,0.542691,447.996
5,17.637,0.542691,534.065
