Iteration,Cost,Cost reduction,time (ms)
0,5335.55,0.00121243,179.282
1,5296.91,0.00844574,336.508
2,5247.07,0.0177759,504.148
3,4515.32,0.154755,694.455
4,2013.87,0.623014,910.431
5,1414.93,0.735132,1103.74
