Iteration,Cost,Cost reduction,time (ms)
0,62.3521,0.379135,564.762
1,35.7203,0.644318,1094.24
2,28.6306,0.714914,1603.02
3,26.5249,0.735881,2162.81
4,21.6989,0.783935,2719.75
5,20.8259,0.792628,3296.6
