Iteration,Cost,Cost reduction,time (ms)
0,27.6922,0.486144,210.325
1,17.5831,0.673728,413.907
2,7.5441,0.860012,601.484
3,7.5441,0.860012,796.923
4,7.28173,0.86488,877.499
5,7.28173,0.86488,1064.26
