Iteration,Cost,Cost reduction,time (ms)
0,105.521,0.383128,219.774
1,67.4337,0.605786,423.187
2,14.2524,0.916681,629.565
3,8.12059,0.952527,812.521
4,8.12059,0.952527,1005.94
5,8.02201,0.953104,1081.78
