Iteration,Cost,Cost reduction,time (ms)
0,136.683,0.165417,520.512
1,56.1698,0.657028,1058.69
2,7.76485,0.952588,1596.85
3,6.18979,0.962205,2102.02
4,6.18979,0.962205,2588.99
5,6.18979,0.962205,2674.54
