Iteration,Cost,Cost reduction,time (ms)
0,32.5357,0.295542,104.342
1,15.9261,0.655171,176.133
2,15.9261,0.655171,246.106
3,14.3565,0.689155,296.354
4,14.3565,0.689155,371.117
5,14.3565,0.689155,422.23
