Iteration,Cost,Cost reduction,time (ms)
0,26.7609,0.390416,181.282
1,11.6144,0.735436,355.851
2,9.53152,0.782882,531.134
3,7.75182,0.823422,703.517
4,6.73262,0.846638,878.513
5,6.73262,0.846638,1053.48
