Iteration,Cost,Cost reduction,time (ms)
0,50.8442,0,10.666
1,45.895,0.0973405,15.5
2,44.5298,0.12419,23.509
3,44.5298,0.12419,31.306
4,43.5345,0.143766,35.8
5,26.4244,0.480286,43.896
6,24.8074,0.51209,51.229
7,24.8074,0.51209,59.019
