Iteration,Cost,Cost reduction,time (ms)
0,69.411,0.283879,533.578
1,45.4615,0.530969,1071.77
2,34.4262,0.644821,1587.51
3,32.116,0.668656,2140.48
4,32.116,0.668656,2671.51
5,32.116,0.668656,2762.98
