Iteration,Cost,Cost reduction,time (ms)
0,4615.69,0.00141859,131.472
1,4577.83,0.00960944,229.701
2,4528.49,0.0202841,330.338
3,3655.99,0.209045,439.229
4,3145.69,0.319445,547.724
5,2779.22,0.39873,657.563
