Iteration,Cost,Cost reduction,time (ms)
0,26.3892,0.378323,178.695
1,19.215,0.547333,350.967
2,12.9914,0.693949,522.667
3,12.6764,0.701369,693.169
4,7.0792,0.833228,861.856
5,7.0792,0.833228,1045.16
