Iteration,Cost,Cost reduction,time (ms)
0,92.226,0.240717,234.042
1,17.1842,0.858525,479.118
2,9.00295,0.92588,676.325
3,9.00295,0.92588,870.326
4,8.53244,0.929754,948.015
5,8.53244,0.929754,1143.26
