Iteration,Cost,Cost reduction,time (ms)
0,24.0695,0.389802,179.154
1,8.59589,0.782081,341.78
2,6.94203,0.824009,506.69
3,6.94203,0.824009,672.029
4,6.94203,0.824009,735.918
5,6.94203,0.824009,785.925
