Iteration,Cost,Cost reduction,time (ms)
0,31.2362,0.345573,585.851
1,12.3183,0.74192,1205.85
2,11.0603,0.768277,1816.38
3,7.08246,0.851616,2443.55
4,4.20957,0.911806,3069.77
5,3.09542,0.935148,3652.38
