Iteration,Cost,Cost reduction,time (ms)
0,4642.67,0.00139302,412.013
1,4604.03,0.00970437,810.052
2,4554.19,0.0204246,1203.86
3,3899.43,0.161259,1708.75
4,2149.97,0.537556,2334.54
5,2149.97,0.537556,2883.9
