Iteration,Cost,Cost reduction,time (ms)
0,5733.86,0.00112827,180.681
1,5695.21,0.00785969,340.003
2,5645.37,0.0165423,508.355
3,4872.99,0.151097,697.338
4,1882.3,0.672093,915.055
5,1687.46,0.706034,1111.6
