Iteration,Cost,Cost reduction,time (ms)
0,37.0623,0.426182,152.711
1,26.9227,0.583167,263.21
2,8.76233,0.864337,376.685
3,6.98505,0.891854,488.691
4,6.98505,0.891854,600.714
5,6.8987,0.893191,676.393
