Iteration,Cost,Cost reduction,time (ms)
0,10.0865,0.934567,6.913
1,2.30251,0.985063,11.837
2,0.720434,0.995326,15.94
3,0.502319,0.996741,20.196
4,0.429797,0.997212,24.643
5,0.39616,0.99743,28.76
6,0.36758,0.997615,33.026
7,0.343999,0.997768,37.481
8,0.324225,0.997897,41.829
9,0.31412,0.997962,46.226
