Iteration,Cost,Cost reduction,time (ms)
0,43.5875,0.278724,221.112
1,6.33687,0.895139,435.954
2,3.95684,0.934523,628.1
3,3.01529,0.950104,823.195
4,3.01529,0.950104,1008.77
5,3.01529,0.950104,1085.45
