Iteration,Cost,Cost reduction,time (ms)
0,4624.78,0.00140062,134.171
1,4586.17,0.00973931,232.612
2,4536.26,0.0205158,337.882
3,4516.81,0.0247147,460.102
4,2617.12,0.434903,581.548
5,2617.12,0.434903,720.018
