Iteration,Cost,Cost reduction,time (ms)
0,4168.94,0.00155141,133.711
1,4130.31,0.0108038,232.052
2,4080.25,0.0227922,336.455
3,4056.24,0.0285432,452.193
4,3456.53,0.172172,567.093
5,2364.93,0.433608,687.519
6,1563.83,0.625468,815.453
7,719.512,0.827679,949.762
8,708.665,0.830277,1102.77
9,616.194,0.852423,1243.17
