Iteration,Cost,Cost reduction,time (ms)
0,29.2078,0.323795,101.931
1,19.9626,0.537836,175.279
2,18.3057,0.576195,249.55
3,17.3341,0.598689,327.711
4,12.7596,0.704596,406.775
5,12.7596,0.704596,486.549
