Iteration,Cost,Cost reduction,time (ms)
0,103.694,0,81.306
1,102.557,0.010964,176.819
2,102.557,0.010964,236.176
3,102.557,0.010964,303.166
4,100.28,0.0329272,357.67
5,100.088,0.034775,406.02
6,99.1742,0.0435894,479.972
