Iteration,Cost,Cost reduction,time (ms)
0,4583.12,0.00141107,179.031
1,4544.48,0.00983027,338.035
2,4494.64,0.0206894,507.059
3,3839.97,0.16333,698.115
4,1560.72,0.659945,912.885
5,1560.72,0.659945,1112.52
