Iteration,Cost,Cost reduction,time (ms)
0,22.2128,0.4353,554.177
1,14.7269,0.625608,1103.57
2,11.6946,0.702695,1621.44
3,4.43436,0.887268,2135.91
4,4.43436,0.887268,2561.66
5,3.67703,0.906521,2646.68
