Iteration,Cost,Cost reduction,time (ms)
0,27.1365,0.40718,100.792
1,15.7238,0.6565,171.088
2,14.1402,0.691096,242.034
3,11.2926,0.753303,315.484
4,11.2926,0.753303,389.886
5,11.2132,0.755038,441.342
