Iteration,Cost,Cost reduction,time (ms)
0,5621.89,0.00115037,132.476
1,5583.25,0.00801504,228.568
2,5533.2,0.0169073,330.831
3,5244.76,0.068155,445.606
4,3707.28,0.341321,560.209
5,3246.17,0.423247,676.116
