Iteration,Cost,Cost reduction,time (ms)
0,29.5993,0.357055,187.267
1,19.9566,0.56651,373.511
2,11.1876,0.756986,568.065
3,6.81215,0.852029,763.46
4,5.82837,0.873398,951.468
5,5.36246,0.883518,1141.8
