Iteration,Cost,Cost reduction,time (ms)
0,25.0399,0.390704,109.387
1,19.9791,0.51385,182.523
2,13.147,0.680095,257.021
3,9.40518,0.771144,341.51
4,9.40518,0.771144,432.812
5,7.06108,0.828183,486.835
