Iteration,Cost,Cost reduction,time (ms)
0,27.01,0.315668,106.863
1,21.3713,0.45853,180.238
2,18.169,0.539666,253.503
3,18.169,0.539666,324.734
4,18.169,0.539666,374.268
5,18.169,0.539666,424.416
