Iteration,Cost,Cost reduction,time (ms)
0,51.1752,0.443559,145.445
1,47.0117,0.48883,257.585
2,31.45,0.658036,379.796
3,31.45,0.658036,479.335
4,31.45,0.658036,546.743
5,31.45,0.658036,614.761
