Iteration,Cost,Cost reduction,time (ms)
0,69.8012,0.379876,148.643
1,69.8012,0.379876,255.662
2,69.8012,0.379876,334.341
3,69.8012,0.379876,411.951
4,69.8012,0.379876,489.322
5,69.8012,0.379876,566.889
