Iteration,Cost,Cost reduction,time (ms)
0,26.3622,0.320107,101.475
1,24.9256,0.357157,174.24
2,23.0766,0.404843,245.617
3,15.6958,0.595197,320.188
4,14.7742,0.618966,391.39
5,4.49858,0.88398,463.088
6,4.49858,0.88398,530.262
