Iteration,Cost,Cost reduction,time (ms)
0,2144.43,0.000400923,150.775
1,2129.65,0.00729257,271.763
2,2117.9,0.0127678,398.149
3,2116.9,0.0132348,523.056
4,2116.9,0.0132348,648.966
5,2116.9,0.0132348,703.73
