Iteration,Cost,Cost reduction,time (ms)
0,4615.76,0.00140083,178.67
1,4577.12,0.00976067,335.953
2,4527.28,0.020542,502.488
3,3900.91,0.156054,695.654
4,1560.92,0.662301,911.773
5,1560.92,0.662301,1103.05
