Iteration,Cost,Cost reduction,time (ms)
0,5343.01,0.0012253,128.8
1,5305.15,0.00830272,224.9
2,5255.82,0.017525,327.1
3,4341.71,0.1884,435.235
4,3989.21,0.254293,547.056
5,3378.71,0.368414,656.202
