Iteration,Cost,Cost reduction,time (ms)
0,60.4775,0.0129839,148.214
1,18.0317,0.705715,258.033
2,7.91451,0.870832,377.361
3,6.7536,0.889779,497.577
4,3.08205,0.9497,624.777
5,2.75196,0.955087,772.433
