Iteration,Cost,Cost reduction,time (ms)
0,67.6222,0.264545,149.033
1,30.9548,0.663338,255.587
2,29.4012,0.680234,363.363
3,11.8721,0.87088,475.649
4,7.92571,0.9138,590.347
5,7.92571,0.9138,707.056
