Iteration,Cost,Cost reduction,time (ms)
0,5676.14,0.00113973,147.715
1,5637.5,0.00793876,246.956
2,5587.44,0.0167476,351.327
3,5315.17,0.0646608,469.71
4,4024.94,0.291709,587.678
5,3339.83,0.412272,785.831
