Iteration,Cost,Cost reduction,time (ms)
0,131.881,0.235418,151.866
1,85.8158,0.502483,263.657
2,46.4149,0.730909,391.872
3,38.0455,0.779431,538.509
4,38.0455,0.779431,690.625
5,27.7345,0.839209,773.921
