Iteration,Cost,Cost reduction,time (ms)
0,29.3353,0.288908,189.173
1,13.6813,0.668362,374.49
2,7.42041,0.820128,575.691
3,4.32569,0.895145,762.112
4,3.75411,0.909,950.975
5,3.75411,0.909,1140.99
