Iteration,Cost,Cost reduction,time (ms)
0,22.4101,0.422484,547.767
1,10.8339,0.720807,1081.91
2,8.81857,0.772742,1588.86
3,8.81857,0.772742,2108.69
4,7.04771,0.818378,2203.72
5,7.04771,0.818378,2701.85
