Iteration,Cost,Cost reduction,time (ms)
0,86.1636,0.331713,147.953
1,25.0129,0.805999,252.061
2,10.4693,0.9188,364.018
3,9.1792,0.928806,477.371
4,8.31593,0.935502,594.168
5,3.25836,0.974728,706.319
