Iteration,Cost,Cost reduction,time (ms)
0,4942.79,0.00130857,154.134
1,4904.16,0.00911504,254.826
2,4854.1,0.019229,358.821
3,4828.13,0.0244753,475.075
4,3635.23,0.265502,592.947
5,2568.11,0.481113,742.335
