Iteration,Cost,Cost reduction,time (ms)
0,181.422,0,34.639
1,14.1498,0.922006,51.163
2,14.1498,0.922006,63.917
3,14.1498,0.922006,71.254
4,7.37056,0.959373,86.588
5,7.37056,0.959373,99.414
6,7.37056,0.959373,104.865
