Iteration,Cost,Cost reduction,time (ms)
0,4942.79,0.00130852,181.461
1,4904.15,0.00911588,339.52
2,4854.31,0.0191859,509.575
3,4181.7,0.155088,701.997
4,1761.67,0.644054,916.479
5,1761.67,0.644054,1116.23
