Iteration,Cost,Cost reduction,time (ms)
0,99.5477,0.161487,514.465
1,20.6124,0.826378,1013.93
2,4.57802,0.961438,1538.48
3,4.57802,0.961438,2067.1
4,4.57802,0.961438,2154.72
5,4.57802,0.961438,2229.44
