Iteration,Cost,Cost reduction,time (ms)
0,126.234,0.163872,61.732
1,123.695,0.180686,112.396
2,115.726,0.233473,169.093
3,115.726,0.233473,219.701
4,98.0878,0.3503,259.174
5,98.0878,0.3503,312.467
6,98.0878,0.3503,348.513
