Iteration,Cost,Cost reduction,time (ms)
0,30.659,0.307678,105.085
1,25.1412,0.432278,188.42
2,22.7895,0.485381,275.772
3,12.9315,0.70799,368.124
4,11.9182,0.73087,468.259
5,11.221,0.746614,569.67
