Iteration,Cost,Cost reduction,time (ms)
0,84.335,0.319859,148.509
1,68.0877,0.450889,256.523
2,50.7783,0.590485,379.106
3,14.7947,0.880684,528.958
4,14.7947,0.880684,675.708
5,14.7493,0.88105,759.849
