Iteration,Cost,Cost reduction,time (ms)
0,27.2138,0.318697,110.368
1,27.2138,0.318697,351.743
2,27.2138,0.318697,546.088
3,27.2138,0.318697,739.305
4,27.2138,0.318697,935.354
5,27.2138,0.318697,1131.59
6,27.2138,0.318697,1327.76
