Iteration,Cost,Cost reduction,time (ms)
0,29.2308,0.372158,111.792
1,19.6303,0.578366,188.136
2,14.7245,0.683737,264.648
3,12.5362,0.730737,354.019
4,10.4192,0.77621,452.483
5,10.4192,0.77621,561.287
