Iteration,Cost,Cost reduction,time (ms)
0,30.5228,0.332467,543.57
1,24.3891,0.46661,1137.63
2,15.5542,0.65983,1708.19
3,8.13103,0.822174,2330.71
4,5.35771,0.882827,2881.04
5,5.35771,0.882827,3458.72
