Iteration,Cost,Cost reduction,time (ms)
0,29.2961,0.330963,185.443
1,21.9966,0.497662,363.707
2,8.81495,0.798693,537.917
3,5.58818,0.872382,710.595
4,5.58818,0.872382,858.456
5,4.81422,0.890057,924.826
