Iteration,Cost,Cost reduction,time (ms)
0,4455.49,0.0014515,179.461
1,4416.84,0.0101115,335.893
2,4367,0.0212816,503.27
3,3695.37,0.171805,692.332
4,1390.95,0.688266,905.431
5,1228.44,0.724686,1110.61
