Iteration,Cost,Cost reduction,time (ms)
0,4463.38,0.00144863,179.598
1,4424.73,0.0100935,339.381
2,4374.9,0.0212423,508.052
3,4321.02,0.033296,698.651
4,2824.27,0.368152,901.426
5,1743.77,0.609883,1124.6
