Iteration,Cost,Cost reduction,time (ms)
0,29.1902,0.259409,178.341
1,20.7911,0.472505,359.724
2,14.1465,0.641087,546.159
3,14.1465,0.641087,723.378
4,12.6097,0.680077,796.277
5,12.6097,0.680077,967.278
