Iteration,Cost,Cost reduction,time (ms)
0,4168.95,0.00155152,155.976
1,4130.32,0.0108041,253.998
2,4080.26,0.0227934,357.773
3,4061.73,0.0272298,473.782
4,3082.63,0.261721,589.121
5,2187.13,0.47619,730.859
