Iteration,Cost,Cost reduction,time (ms)
0,47.9171,0.139423,217.193
1,6.86106,0.876778,335.235
2,4.74168,0.914841,454.117
3,4.60512,0.917293,595.982
4,4.5403,0.918458,740.352
5,4.44415,0.920184,884.418
