Iteration,Cost,Cost reduction,time (ms)
0,4929.04,0.00131287,139.319
1,4890.41,0.00914023,237.224
2,4840.34,0.0192843,341.527
3,4817.23,0.0239661,456.964
4,3443.61,0.302279,570.304
5,3443.61,0.302279,697.969
