Iteration,Cost,Cost reduction,time (ms)
0,70.1046,0,156.696
1,40.1486,0.427304,230.122
2,27.6535,0.605539,306.946
3,27.6535,0.605539,358.628
4,27.6535,0.605539,387.592
5,27.6535,0.605539,409.551
6,27.6535,0.605539,429.067
