Iteration,Cost,Cost reduction,time (ms)
0,27.4704,0.302125,109.922
1,20.9602,0.467515,187.487
2,20.7694,0.472363,259.38
3,17.5342,0.554551,338.892
4,14.2646,0.637614,427.521
5,9.51439,0.758291,518.994
