Iteration,Cost,Cost reduction,time (ms)
0,24.6527,0.363116,108.774
1,15.9347,0.588339,185.475
2,13.1765,0.659595,263.713
3,4.78389,0.876412,347.478
4,4.22267,0.890911,447.581
5,4.22267,0.890911,545.573
