Iteration,Cost,Cost reduction,time (ms)
0,5697.85,0.0011354,152.28
1,5659.22,0.00790802,252.418
2,5609.34,0.0166528,357.94
3,5582.35,0.0213843,479.168
4,4263.35,0.252611,610.321
5,2473.16,0.566442,794.847
