Iteration,Cost,Cost reduction,time (ms)
0,128.566,0.300806,154.431
1,122.915,0.331538,260.831
2,122.79,0.33222,373.889
3,100.559,0.45312,484.877
4,85.0079,0.537693,591.376
5,48.072,0.738566,707.689
6,46.8365,0.745284,838.764
7,38.4808,0.790726,966.985
8,19.5177,0.893855,1086.52
9,6.3518,0.965456,1211.85
