Iteration,Cost,Cost reduction,time (ms)
0,27.9348,0.306419,106.571
1,16.3082,0.595091,179.82
2,13.7619,0.658311,252.454
3,10.4555,0.740405,329.051
4,8.53173,0.788169,407.479
5,8.53173,0.788169,485.473
