Iteration,Cost,Cost reduction,time (ms)
0,109.785,0.0438876,142.918
1,28.3542,0.753065,243.466
2,19.3429,0.831544,352.875
3,16.9764,0.852154,460.41
4,10.5742,0.90791,570.631
5,10.0651,0.912343,679.63
