Iteration,Cost,Cost reduction,time (ms)
0,4284.9,0.00150949,139.409
1,4246.26,0.0105119,236.064
2,4196.37,0.0221372,339.734
3,4162.8,0.0299605,460.6
4,2177.51,0.492585,600.291
5,1524.92,0.644654,787.502
6,1152,0.731554,1046.32
7,788.514,0.816256,1303.57
8,788.514,0.816256,1595.91
