Iteration,Cost,Cost reduction,time (ms)
0,28.2052,0.325418,103.481
1,18.9792,0.546077,178.733
2,17.5617,0.579979,255.477
3,16.4055,0.607632,333.223
4,16.4055,0.607632,409.808
5,16.4055,0.607632,463.06
