Iteration,Cost,Cost reduction,time (ms)
0,5807.54,0.0011274,130.301
1,5769.68,0.00763936,227.695
2,5720.35,0.0161248,328.586
3,4764.15,0.180587,436.707
4,4398.43,0.243489,548.543
5,3708.73,0.362114,658.108
