Iteration,Cost,Cost reduction,time (ms)
0,31.1725,0.330441,102.073
1,30.4519,0.34592,172.657
2,30.4519,0.34592,240.426
3,26.0332,0.440829,289.563
4,18.7533,0.597195,358.873
5,18.7533,0.597195,424.127
