Iteration,Cost,Cost reduction,time (ms)
0,78.2571,0.315262,144.096
1,54.336,0.524568,246.195
2,18.7945,0.835551,350.136
3,13.156,0.884887,460.279
4,6.13272,0.94634,569.722
5,6.13272,0.94634,678.915
