Iteration,Cost,Cost reduction,time (ms)
0,4872.88,0.00134379,131.786
1,4835.02,0.00910293,227.852
2,4785.68,0.0192142,329.821
3,3876.12,0.205621,437.805
4,3372.66,0.3088,546.296
5,1084.14,0.777814,654.343
