Iteration,Cost,Cost reduction,time (ms)
0,26.7629,0.352708,191.397
1,14.3498,0.652932,372.276
2,13.9677,0.662175,554.248
3,12.7446,0.691758,732.83
4,12.2987,0.702542,916.269
5,12.2987,0.702542,1096.41
