Iteration,Cost,Cost reduction,time (ms)
0,4403.23,0.00146815,178.232
1,4364.59,0.0102309,337.395
2,4314.76,0.0215307,505.035
3,3714.3,0.157698,693.848
4,1812.32,0.589016,913.21
5,1066.85,0.758068,1111.81
