Iteration,Cost,Cost reduction,time (ms)
0,98.5238,0.250245,176.302
1,48.6642,0.629671,301.549
2,29.959,0.772015,425.832
3,11.0287,0.916073,557.001
4,11.0287,0.916073,693.718
5,10.0169,0.923772,769.471
