Iteration,Cost,Cost reduction,time (ms)
0,55.8183,0.405176,143.629
1,44.355,0.527333,249.74
2,34.1142,0.636464,364.87
3,29.1948,0.688887,484.43
4,22.6537,0.758592,602.328
5,19.5198,0.791988,721.044
