Iteration,Cost,Cost reduction,time (ms)
0,41.9542,0.125065,106.611
1,19.2672,0.598191,185.132
2,11.2972,0.764402,272.198
3,8.30588,0.826784,396.44
4,8.30588,0.826784,528.102
5,8.30588,0.826784,582.591
