Iteration,Cost,Cost reduction,time (ms)
0,30.2911,0.303637,101.502
1,15.2717,0.648919,173.317
2,8.786,0.798019,244.981
3,8.786,0.798019,315.149
4,8.75754,0.798673,363.932
