Iteration,Cost,Cost reduction,time (ms)
0,28.3584,0.299505,111.394
1,15.5538,0.615799,189.614
2,11.6343,0.712616,271.505
3,11.3541,0.719538,363.833
4,6.34447,0.843282,458.551
5,5.85401,0.855397,564.393
