Iteration,Cost,Cost reduction,time (ms)
0,31.6841,0.308732,578.859
1,8.98012,0.804077,1145.36
2,8.12636,0.822703,1692.17
3,8.12636,0.822703,2233.55
4,7.42459,0.838014,2325.23
5,7.00898,0.847082,2851.04
