Iteration,Cost,Cost reduction,time (ms)
0,29.2667,0.252803,102.662
1,29.2667,0.252803,193.46
2,29.2667,0.252803,259.871
3,29.2667,0.252803,326.629
4,29.2667,0.252803,392.55
5,29.2667,0.252803,441.746
6,29.2667,0.252803,497.037
