Iteration,Cost,Cost reduction,time (ms)
0,42.3217,0.273894,218.597
1,13.739,0.764283,433.246
2,1.52404,0.973852,632.218
3,0.832558,0.985716,826.32
4,0.720849,0.987633,1022.79
5,0.712912,0.987769,1217.94
