Iteration,Cost,Cost reduction,time (ms)
0,4336.03,0.00149149,413.89
1,4297.39,0.0103897,811.507
2,4247.54,0.0218674,1208.14
3,4226.84,0.0266364,1711.56
4,3348.93,0.228802,2212.48
5,2211.26,0.490787,3079.15
