Iteration,Cost,Cost reduction,time (ms)
0,4463.4,0.00144964,136.731
1,4424.76,0.0100924,236.594
2,4374.87,0.0212557,341.312
3,4313.78,0.034922,460.413
4,1777.76,0.60228,581.621
5,1421.76,0.681923,764.265
