Iteration,Cost,Cost reduction,time (ms)
0,50.2982,0.437223,145.658
1,11.6114,0.870082,250.584
2,10.6235,0.881135,361.383
3,8.84669,0.901016,478.483
4,7.12077,0.920327,599.974
5,4.32879,0.951566,721.502
