Iteration,Cost,Cost reduction,time (ms)
0,5562.88,0.00116303,144.127
1,5524.24,0.00810029,243.071
2,5474.18,0.0170889,347.152
3,5431,0.024842,464.04
4,3575.89,0.357935,580.117
5,3181.09,0.428822,720.279
