Iteration,Cost,Cost reduction,time (ms)
0,5676.12,0.00113985,139.434
1,5637.49,0.0079383,236.612
2,5587.43,0.0167466,339.595
3,5521.9,0.0282794,456.708
4,4010.28,0.294288,567.501
5,2372.46,0.582504,686.838
