Iteration,Cost,Cost reduction,time (ms)
0,4218.33,0.00153311,180.281
1,4179.69,0.0106792,338.84
2,4129.85,0.0224768,506.235
3,3520.83,0.16663,699.589
4,1559.16,0.63095,909.898
5,1074.26,0.745727,1113.36
