Iteration,Cost,Cost reduction,time (ms)
0,2.99912,0.921579,6.477
1,2.99912,0.921579,10.252
2,2.99912,0.921579,13.07
3,2.99912,0.921579,16.672
4,2.62589,0.931338,19.658
5,2.53183,0.933798,24.199
6,1.58576,0.958535,28.418
7,1.58576,0.958535,32.253
