Iteration,Cost,Cost reduction,time (ms)
0,5.0894186368464345,0.0,83.53710174560547
1,4.747074331540546,0.06726589611382727,381.9928169250488
