Iteration,Cost,Cost reduction,time (ms)
0,456.63,0.618645,11.224
1,456.63,0.618645,18.92
2,456.63,0.618645,38.602
3,456.481,0.618769,51.411
4,408.129,0.659151,62.837
5,408.129,0.659151,70.691
6,408.129,0.659151,77.848
