Iteration,Cost,Cost reduction,time (ms)
0,4333.09,0.00149247,413.245
1,4294.45,0.0103967,809.329
2,4244.61,0.021882,1207.49
3,3631.23,0.163229,1703.98
4,1447.04,0.666547,2333.22
5,876.42,0.79804,2874.59
