Iteration,Cost,Cost reduction,time (ms)
0,32.7486,0.457999,206.883
1,32.7486,0.457999,319.436
2,32.7486,0.457999,399.355
3,32.7486,0.457999,478.274
4,32.7486,0.457999,556.075
5,32.7486,0.457999,634.2
