Iteration,Cost,Cost reduction,time (ms)
0,40.8648,0.291712,147.219
1,11.3161,0.803865,252.013
2,2.02355,0.964927,365.087
3,1.80975,0.968633,481.204
4,1.33978,0.976778,598.063
5,0.852331,0.985227,714.592
