Iteration,Cost,Cost reduction,time (ms)
0,53.5796,0.404964,151.107
1,13.7893,0.846861,254.166
2,12.0211,0.866498,368.69
3,12.0211,0.866498,483.753
4,12.0207,0.866502,560.292
5,11.2098,0.875509,671.576
