Iteration,Cost,Cost reduction,time (ms)
0,4378.56,0.00147699,178.729
1,4339.91,0.0102889,337.254
2,4290.07,0.0216551,506.456
3,3645.23,0.168712,696.497
4,1287.46,0.706396,912.952
5,1009.37,0.769815,1119.86
