Iteration,Cost,Cost reduction,time (ms)
0,21.3748,0.606106,151.461
1,18.5951,0.65733,261.18
2,8.83365,0.837214,408.464
3,8.83365,0.837214,547.063
4,8.05208,0.851617,634.36
5,6.50012,0.880216,771.025
