Iteration,Cost,Cost reduction,time (ms)
0,5601.78,0.0011549,162.298
1,5563.14,0.00804393,261.346
2,5513.25,0.0169397,366.455
3,5298.22,0.0552815,493.162
4,4632.27,0.174026,617.511
5,4424.31,0.211108,752.355
