Iteration,Cost,Cost reduction,time (ms)
0,5873.17,0.00110206,134.273
1,5834.54,0.00767252,231.16
2,5784.47,0.0161877,336.343
3,5760.94,0.0201902,452.233
4,3674.69,0.375016,567.098
5,2477.79,0.578582,705.844
