Iteration,Cost,Cost reduction,time (ms)
0,38.1293,0.201088,102.488
1,38.1293,0.201088,172.125
2,38.1293,0.201088,221.173
3,38.1293,0.201088,270.899
4,38.1293,0.201088,321.481
5,38.1293,0.201088,373.801
