Iteration,Cost,Cost reduction,time (ms)
0,4439.61,0.00145681,148.603
1,4400.97,0.0101467,248.452
2,4350.91,0.021406,353.064
3,4330.72,0.0259488,469.352
4,3392.78,0.236907,583.145
5,2116.17,0.524037,716.718
