Iteration,Cost,Cost reduction,time (ms)
0,4960.55,0.00130342,411.219
1,4921.91,0.009083,808.65
2,4872.08,0.0191149,1206.54
3,4566.51,0.0806342,1714.43
4,3691.48,0.256802,2281.8
5,2637.25,0.469049,2841.17
