Iteration,Cost,Cost reduction,time (ms)
0,5305.79,0.00121916,152.085
1,5267.15,0.0084922,251.909
2,5217.09,0.017915,356.795
3,5178.45,0.0251889,473.34
4,3965.72,0.253478,588.031
5,3068.77,0.422323,735.641
