Iteration,Cost,Cost reduction,time (ms)
0,82.8224,0.318482,151.841
1,80.9874,0.333582,257.981
2,25.0379,0.793972,372.702
3,16.0613,0.867837,488.334
4,5.00739,0.958796,613.059
5,3.59384,0.970427,749.389
