Iteration,Cost,Cost reduction,time (ms)
0,26.0898,0.358267,105.147
1,15.8269,0.610704,176.785
2,7.3478,0.819266,248.974
3,7.19171,0.823105,326.383
4,6.33625,0.844147,405.615
5,6.33625,0.844147,482.538
