Iteration,Cost,Cost reduction,time (ms)
0,4942.79,0.00130855,415.531
1,4904.15,0.0091159,812.229
2,4854.31,0.019186,1209.14
3,4193.65,0.152674,1713.7
4,2397.32,0.515622,2340.84
5,1863.04,0.623574,2892.11
