Iteration,Cost,Cost reduction,time (ms)
0,126.625,0.288246,150.263
1,87.2918,0.509338,255.678
2,40.8941,0.770137,371.802
3,40.8941,0.770137,491.374
4,40.8941,0.770137,573.971
5,40.8941,0.770137,650.376
