Iteration,Cost,Cost reduction,time (ms)
0,26.7735,0.503192,142.555
1,23.7428,0.559429,251.698
2,18.0056,0.665888,368.272
3,16.9949,0.684642,488.333
4,15.0827,0.720126,606.381
5,12.6362,0.765523,723.038
