Iteration,Cost,Cost reduction,time (ms)
0,95.688,0.339084,578.744
1,94.0962,0.350078,1103.56
2,66.8425,0.538319,1626.09
3,30.7556,0.787571,2145.44
4,24.0046,0.8342,2679.51
5,24.0046,0.8342,3195.73
