Iteration,Cost,Cost reduction,time (ms)
0,103.172,0.305163,146.523
1,47.9306,0.6772,251.935
2,46.8432,0.684523,362.128
3,41.7499,0.718825,477.398
4,40.3355,0.728351,593.884
5,21.9726,0.85202,709.075
