Iteration,Cost,Cost reduction,time (ms)
0,32.4548,0.609292,165.148
1,25.7989,0.68942,331.726
2,25.7989,0.68942,525.352
3,25.7989,0.68942,609.622
4,25.7989,0.68942,692.962
5,25.7989,0.68942,774.207
