Iteration,Cost,Cost reduction,time (ms)
0,5854.15,0.00110501,412.476
1,5815.51,0.0076983,811.229
2,5765.67,0.0162022,1205.1
3,5397.29,0.07906,1708.08
4,3236.45,0.447764,2353.32
5,2393.49,0.591598,2966.74
