Iteration,Cost,Cost reduction,time (ms)
0,58.3234,0.387729,219.054
1,47.5235,0.501105,432.799
2,15.4478,0.837831,644.083
3,14.642,0.846291,846.783
4,11.9761,0.874276,1051.6
5,11.9761,0.874276,1248.84
