Iteration,Cost,Cost reduction,time (ms)
0,4196.67,0.00154065,176.998
1,4158.03,0.010734,335.316
2,4108.2,0.0225908,504.504
3,3948.97,0.0604741,692.393
4,3078.54,0.267564,885.365
5,1429.62,0.659869,1070.41
