Iteration,Cost,Cost reduction,time (ms)
0,5519.23,0.00117199,411.208
1,5480.59,0.0081649,808.946
2,5430.75,0.0171843,1205.7
3,5072.86,0.0819532,1709.69
4,3176.52,0.425137,2351.7
5,2706.75,0.510154,2955.45
