Iteration,Cost,Cost reduction,time (ms)
0,100.727,0.350202,153.111
1,84.0708,0.457652,260.884
2,60.2621,0.611244,373.828
3,28.7146,0.81476,493.888
4,17.9286,0.884341,615.59
5,11.6789,0.924658,742.602
