Iteration,Cost,Cost reduction,time (ms)
0,16.1007,0.583028,128.735
1,16.1007,0.583028,374.211
2,16.1007,0.583028,563.928
3,16.1007,0.583028,752.654
4,16.1007,0.583028,942.742
5,16.1007,0.583028,1135.16
6,16.1007,0.583028,1331.94
