Iteration,Cost,Cost reduction,time (ms)
0,26.9676,0.340568,179.206
1,17.291,0.577188,358.496
2,11.3247,0.72308,530.551
3,6.99076,0.829057,705.208
4,3.64271,0.910926,886.281
5,3.64271,0.910926,1067.08
