Iteration,Cost,Cost reduction,time (ms)
0,42.0014,0.114258,108.588
1,24.6182,0.480842,183.173
2,9.33577,0.803124,263.88
3,7.95723,0.832195,348.986
4,7.95723,0.832195,433.046
5,7.95723,0.832195,487.258
