Iteration,Cost,Cost reduction,time (ms)
0,22.793,0.386767,105.244
1,19.5678,0.47354,179.205
2,18.8052,0.494056,255.761
3,8.36567,0.774926,336.346
4,7.56364,0.796505,426.859
5,7.56364,0.796505,520.801
