Iteration,Cost,Cost reduction,time (ms)
0,38.6893,0.157528,536.134
1,20.4457,0.554787,1112.09
2,14.1621,0.691616,1666.58
3,12.1978,0.734388,2231.6
4,12.1978,0.734388,2773.37
5,11.0623,0.759115,2864.92
