Iteration,Cost,Cost reduction,time (ms)
0,23.2311,0.386314,581.42
1,12.6601,0.665563,1105.74
2,10.4165,0.724832,1614.47
3,7.66224,0.79759,2145.14
4,7.66224,0.79759,2676.29
5,4.96764,0.868772,2766.15
