Iteration,Cost,Cost reduction,time (ms)
0,84.76,0.22862,153.886
1,24.0352,0.781261,262.733
2,12.76,0.883874,372.675
3,12.582,0.885494,492.094
4,12.4283,0.886893,610.938
5,12.4029,0.887124,729.369
