Iteration,Cost,Cost reduction,time (ms)
0,30.21,0.255641,547.642
1,7.8248,0.807201,1138.07
2,6.89116,0.830205,1677.74
3,4.82815,0.881037,2191.42
4,4.82815,0.881037,2704.41
5,4.27663,0.894626,2797.22
