Iteration,Cost,Cost reduction,time (ms)
0,78.7844,0.387875,221.924
1,66.0403,0.486891,425.293
2,27.1421,0.789116,631.802
3,27.1421,0.789116,836.572
4,21.6765,0.831582,919.8
5,11.588,0.909966,1129.02
