Iteration,Cost,Cost reduction,time (ms)
0,112.71,0.384552,158.939
1,69.2634,0.621791,267.462
2,9.33118,0.949048,387.823
3,9.33118,0.949048,516.978
4,9.2276,0.949613,599.771
5,9.2276,0.949613,725.552
