Iteration,Cost,Cost reduction,time (ms)
0,4970.57,0.00130105,178.715
1,4931.93,0.0090649,337.796
2,4882.09,0.0190778,507.112
3,4179.34,0.160276,697.344
4,1687.6,0.660923,915.474
5,1100.24,0.778937,1112.42
