Iteration,Cost,Cost reduction,time (ms)
0,5815.83,0.00111253,145.182
1,5777.2,0.00774783,243.905
2,5727.31,0.0163161,348.069
3,5648.4,0.0298697,469.788
4,3296.61,0.433797,590.106
5,2302.59,0.604522,769.769
