Iteration,Cost,Cost reduction,time (ms)
0,4559.12,0.00141855,412.416
1,4520.48,0.00988199,808.962
2,4470.64,0.0207985,1204.93
3,3814.68,0.164472,1703.95
4,1444.81,0.683545,2334.47
5,1161.1,0.745685,2864.92
