Iteration,Cost,Cost reduction,time (ms)
0,24.3958,0.39888,117.009
1,8.54453,0.78946,191.258
2,8.54453,0.78946,269.516
3,8.54453,0.78946,318.174
4,8.54453,0.78946,367.088
5,8.54453,0.78946,420.888
