Iteration,Cost,Cost reduction,time (ms)
0,70.832,0.400262,148.598
1,21.1275,0.821113,251.679
2,12.2027,0.896679,369.269
3,12.2027,0.896679,495.063
4,11.8148,0.899963,585.448
5,7.44299,0.93698,765.402
