Iteration,Cost,Cost reduction,time (ms)
0,5011.7,0.00129078,414.503
1,4973.06,0.00899087,811.637
2,4923.21,0.0189238,1207.52
3,4768.97,0.0496608,1706.4
4,3905.14,0.221802,2253.15
5,2023.76,0.596714,2770.71
