Iteration,Cost,Cost reduction,time (ms)
0,34.9832,0.909487,17.793
1,23.6776,0.938738,52.1
2,14.3751,0.962807,66.612
3,14.3751,0.962807,79.374
4,14.3751,0.962807,85.673
5,14.3751,0.962807,93.21
6,10.8452,0.97194,100.452
7,9.52791,0.975348,107.735
8,6.617,0.98288,114.998
9,6.617,0.98288,132.871
