Iteration,Cost,Cost reduction,time (ms)
0,5355.26,0.00122304,132.626
1,5317.4,0.00828405,229.625
2,5268.06,0.0174861,330.74
3,4304.02,0.197283,437.837
4,2711.76,0.494245,547.486
5,2705.21,0.495468,653.45
