Iteration,Cost,Cost reduction,time (ms)
0,4179.67,0.00154737,134.707
1,4141.04,0.0107761,231.221
2,4090.98,0.0227334,335.386
3,4079.33,0.0255171,452.277
4,3306.57,0.210116,563.377
5,2616.23,0.375028,756.719
