Iteration,Cost,Cost reduction,time (ms)
0,36.131,0.207725,279.988
1,30.6666,0.327549,518.3
2,30.6666,0.327549,761.773
3,30.6666,0.327549,907.616
4,30.6666,0.327549,1053.94
