Iteration,Cost,Cost reduction,time (ms)
0,27.1406,0.328493,604.884
1,21.0062,0.480268,1193.28
2,20.4188,0.494801,1718.89
3,18.6875,0.537638,2238.7
4,10.5743,0.738374,2744.46
5,7.84799,0.805827,3324.35
