Iteration,Cost,Cost reduction,time (ms)
0,5196.71,0.00124426,417.783
1,5158.07,0.00867075,818.049
2,5108.24,0.0182473,1219.08
3,4799.36,0.077611,1731.59
4,3650.53,0.298404,2305.45
5,2866.53,0.449082,2867.97
