Iteration,Cost,Cost reduction,time (ms)
0,4639.48,0.00141118,132.623
1,4601.62,0.00956016,228.871
2,4552.28,0.0201794,330.056
3,3671,0.209863,438.042
4,3298.62,0.290014,547.453
5,2741.13,0.410008,661.049
