Iteration,Cost,Cost reduction,time (ms)
0,5066.43,0.0012763,412.395
1,5027.79,0.00889348,806.048
2,4977.96,0.0187164,1202.27
3,4956.09,0.0230274,1707.81
4,3073.82,0.394071,2243.09
5,2169.59,0.572318,3126.92
