Iteration,Cost,Cost reduction,time (ms)
0,5621.92,0.00115084,411.881
1,5583.28,0.0080161,810.098
2,5533.43,0.0168721,1204.96
3,5371.42,0.0456561,1704.73
4,4393,0.219493,2250.07
5,2036.45,0.638182,2764.41
