Iteration,Cost,Cost reduction,time (ms)
0,34.1013,0.474424,208.759
1,22.7335,0.649628,416.342
2,8.6243,0.867081,626.906
3,7.61202,0.882682,853.009
4,7.61202,0.882682,1071.52
