Iteration,Cost,Cost reduction,time (ms)
0,118.565,0.22593,576.676
1,33.1986,0.783258,1134.74
2,14.2915,0.906696,1686.77
3,8.87728,0.942043,2219.4
4,8.16808,0.946673,2749.39
5,6.63521,0.956681,3287.05
6,6.63521,0.956681,3849.72
