Iteration,Cost,Cost reduction,time (ms)
0,4218.32,0.00153335,140.822
1,4179.68,0.0106776,241.217
2,4129.79,0.0224865,345.336
3,4080.35,0.0341886,467.287
4,2019.64,0.521955,598.205
5,1553.08,0.632389,796.116
