Iteration,Cost,Cost reduction,time (ms)
0,5627.47,0.00115136,135.131
1,5588.86,0.00800573,233.221
2,5538.95,0.016864,338.283
3,4844.56,0.140114,459.436
4,2693.78,0.521867,584.87
5,2000.51,0.644919,733.502
