Iteration,Cost,Cost reduction,time (ms)
0,5343.12,0.0012106,413.579
1,5304.48,0.00843372,811.747
2,5254.64,0.0177501,1207.36
3,5152.52,0.036839,1707.14
4,3148.15,0.411515,2209.33
5,2613.91,0.511382,2964.34
