Iteration,Cost,Cost reduction,time (ms)
0,25.7207,0.475552,146.781
1,17.2416,0.648442,247.599
2,14.4228,0.705917,354.227
3,3.56762,0.927256,467.392
4,1.97661,0.959697,579.301
5,1.97266,0.959777,690.666
