Iteration,Cost,Cost reduction,time (ms)
0,127.904,0.292224,157.907
1,109.845,0.392157,275.398
2,72.8288,0.596991,398.917
3,68.9243,0.618597,523.008
4,9.78968,0.945827,646.365
5,7.94116,0.956056,774.848
