Iteration,Cost,Cost reduction,time (ms)
0,47.8346,0.251895,847.399
1,47.8346,0.251895,1657.15
2,47.8346,0.251895,2132.22
3,47.8346,0.251895,2643.79
4,47.8346,0.251895,3118.49
