Iteration,Cost,Cost reduction,time (ms)
0,4456.8,0.00145072,411.742
1,4418.16,0.0101083,807.038
2,4368.33,0.0212736,1204.41
3,3758.35,0.157939,1711.28
4,1500.32,0.663853,2346.22
5,1158.44,0.740451,2881.81
