Iteration,Cost,Cost reduction,time (ms)
0,4611.56,0.0014027,141.922
1,4572.92,0.00976831,239.757
2,4522.87,0.0206076,344.967
3,4478.79,0.0301524,462.057
4,3526.14,0.236442,577.478
5,2007.33,0.565329,732.525
