Iteration,Cost,Cost reduction,time (ms)
0,5335.55,0.00121253,179.656
1,5296.91,0.0084458,336.569
2,5247.07,0.0177765,504.681
3,4523,0.153319,692.213
4,1850.17,0.653658,905.157
5,1635.38,0.693865,1107.64
