Iteration,Cost,Cost reduction,time (ms)
0,5305.78,0.00121926,147.611
1,5267.15,0.00849204,244.53
2,5217.09,0.0179149,346.448
3,4471.71,0.158229,463.068
4,3775.42,0.289301,578.806
5,2305.18,0.566064,805.402
