Iteration,Cost,Cost reduction,time (ms)
0,28.1279,0.37338,188.224
1,10.5238,0.765556,362.986
2,10.3893,0.768552,537.044
3,9.75226,0.782744,708.19
4,9.75226,0.782744,877.82
5,8.7055,0.806063,941.235
