Iteration,Cost,Cost reduction,time (ms)
0,5033.13,0.00128493,164.944
1,4994.5,0.00895152,259.147
2,4944.44,0.0188832,354.625
3,4918.77,0.0239772,458.409
4,3473.18,0.310823,560.535
5,2253.3,0.552883,712.413
6,1430.45,0.716158,897.492
7,1293.91,0.743252,1073.62
8,1293.91,0.743252,1240.49
