Iteration,Cost,Cost reduction,time (ms)
0,26.5136,0.395943,104.332
1,15.9623,0.636332,177.695
2,15.9623,0.636332,253.064
3,15.8506,0.638877,304.638
4,9.28731,0.788408,387.579
5,7.01302,0.840223,471.897
