Iteration,Cost,Cost reduction,time (ms)
0,26.5714,0.324342,598.636
1,25.8557,0.34254,1194.17
2,25.8557,0.34254,1782.94
3,20.5633,0.477117,1879.31
4,18.7859,0.522313,2383.85
5,18.7859,0.522313,2895.6
