Iteration,Cost,Cost reduction,time (ms)
0,33.0146,0.312692,182.4
1,33.0146,0.312692,334.124
2,33.0146,0.312692,380.717
3,33.0146,0.312692,427.227
4,33.0146,0.312692,473.252
5,31.3881,0.346554,544.762
6,31.3881,0.346554,684.857
