Iteration,Cost,Cost reduction,time (ms)
0,4929.01,0.00131207,148.487
1,4890.37,0.00914002,247.539
2,4840.32,0.0192809,351.186
3,4629.73,0.0619504,465.765
4,3702.26,0.249869,584.185
5,2817.7,0.429094,768.941
