Iteration,Cost,Cost reduction,time (ms)
0,4447.87,0.00145394,136.893
1,4409.24,0.0101278,234.876
2,4359.18,0.0213653,337.691
3,4316.05,0.0310475,455.098
4,3272.28,0.265374,567.442
5,945.501,0.787735,684.907
