Iteration,Cost,Cost reduction,time (ms)
0,27.2176,0.488323,224.033
1,7.50003,0.859003,431.085
2,7.50003,0.859003,629.992
3,7.50003,0.859003,711.466
4,7.50003,0.859003,788.764
5,7.50003,0.859003,867.554
