Iteration,Cost,Cost reduction,time (ms)
0,23.5282,0.391983,109.769
1,17.6802,0.543107,184.25
2,13.14,0.660436,260.631
3,11.0387,0.714736,354.747
4,11.0387,0.714736,451.468
5,11.0387,0.714736,501.743
