Iteration,Cost,Cost reduction,time (ms)
0,27.7612,0.3758,113.297
1,22.7542,0.488382,185.188
2,22.2838,0.498957,257.762
3,22.2838,0.498957,332.32
4,22.2355,0.500044,383.344
5,22.2355,0.500044,460.309
