Iteration,Cost,Cost reduction,time (ms)
0,29.0274,0.441878,152.393
1,9.62851,0.814869,256.77
2,8.54055,0.835787,369.585
3,5.87971,0.886948,488.345
4,5.74368,0.889564,608.466
5,5.59594,0.892405,724.105
