Iteration,Cost,Cost reduction,time (ms)
0,53.9664,0.1644,207.039
1,19.6296,0.69606,405.209
2,6.13413,0.905021,606.89
3,6.13413,0.905021,809.093
4,3.7684,0.941651,893.452
5,3.7684,0.941651,1094.93
