Iteration,Cost,Cost reduction,time (ms)
0,5871.94,0.00111544,132.926
1,5834.08,0.00755588,228.991
2,5784.74,0.0159494,331.152
3,4772.76,0.188097,439.511
4,4190.89,0.287081,548.115
5,2690.87,0.542252,657.195
