Iteration,Cost,Cost reduction,time (ms)
0,114.9,0.0271329,142.803
1,33.8263,0.713591,241.372
2,19.7432,0.832834,347.518
3,15.6838,0.867204,467.651
4,3.48718,0.970474,595.882
5,2.74309,0.976774,721.063
