Iteration,Cost,Cost reduction,time (ms)
0,5468.92,0.00118291,143.97
1,5430.28,0.00823924,242.638
2,5380.22,0.0173818,346.361
3,5332.69,0.026064,464.446
4,3871.78,0.292877,582.293
5,3171.84,0.420711,763.31
