Iteration,Cost,Cost reduction,time (ms)
0,25.1562,0.447927,107.071
1,19.2174,0.578259,180.144
2,19.2174,0.578259,250.1
3,19.2174,0.578259,298.175
4,19.2174,0.578259,347.58
5,19.2174,0.578259,397.31
