Iteration,Cost,Cost reduction,time (ms)
0,26.8348,0.333744,114.768
1,11.2831,0.719864,195.043
2,8.3984,0.791485,286.795
3,6.62189,0.835592,383.568
4,6.45692,0.839688,482.681
5,6.45692,0.839688,581.149
