Iteration,Cost,Cost reduction,time (ms)
0,30.736,0.323514,121.043
1,18.7728,0.586819,199.802
2,18.7728,0.586819,277.344
3,18.7728,0.586819,330.029
4,18.7728,0.586819,383.955
5,18.7728,0.586819,437.568
