Iteration,Cost,Cost reduction,time (ms)
0,26.7911,0.318288,561.994
1,23.9319,0.391041,1159.29
2,22.8794,0.417822,1744.64
3,22.8794,0.417822,2309.76
4,21.7318,0.447024,2403.39
5,18.8825,0.519525,2930.79
