Iteration,Cost,Cost reduction,time (ms)
0,24.0802,0.418678,107.268
1,11.1544,0.73072,186.868
2,6.95052,0.832207,270.204
3,5.69825,0.862438,362.136
4,5.69825,0.862438,465.367
5,5.69825,0.862438,520.841
