Iteration,Cost,Cost reduction,time (ms)
0,28.4726,0.343488,109.034
1,24.2256,0.441415,187.845
2,12.2519,0.717499,272.214
3,12.2498,0.717548,361.516
4,5.86711,0.864718,453.063
5,4.42908,0.897876,548.985
