Iteration,Cost,Cost reduction,time (ms)
0,29.4386,0.314261,536.41
1,23.6941,0.448071,1169.39
2,23.0359,0.463403,1741.93
3,14.705,0.657463,2302.62
4,7.20892,0.832076,2858.32
5,7.20892,0.832076,3398.55
