Iteration,Cost,Cost reduction,time (ms)
0,29.6181,0.326537,186.447
1,16.452,0.62591,363.187
2,16.452,0.62591,535.19
3,16.452,0.62591,602.663
4,16.452,0.62591,653.647
5,16.452,0.62591,701.98
