Iteration,Cost,Cost reduction,time (ms)
0,93.0664,0.171419,147.653
1,26.876,0.76072,257.436
2,9.9682,0.911252,369.624
3,8.00551,0.928726,494.71
4,7.71653,0.931299,626.911
5,7.65212,0.931872,756.844
