Iteration,Cost,Cost reduction,time (ms)
0,8.6356,0.866834,158.791
1,8.6356,0.866834,314.186
2,8.6356,0.866834,390.56
3,8.6356,0.866834,466.124
4,8.6356,0.866834,543.085
5,8.39202,0.870591,622.143
