Iteration,Cost,Cost reduction,time (ms)
0,5033.13,0.00128499,155.692
1,4994.5,0.00895145,253.79
2,4944.61,0.01885,357.86
3,4286.89,0.149361,479.583
4,3874.65,0.23116,603.975
5,3162.28,0.372515,734.774
