Iteration,Cost,Cost reduction,time (ms)
0,48.5606,0.0811293,101.593
1,30.2808,0.427022,174.095
2,30.2808,0.427022,244.685
3,9.56305,0.819046,294.254
4,9.56305,0.819046,367.887
5,9.56305,0.819046,414.439
