Iteration,Cost,Cost reduction,time (ms)
0,170.972,0.0359958,139.588
1,103.528,0.416273,248.285
2,31.9237,0.820003,357.327
3,25.8524,0.854235,470.573
4,24.5072,0.86182,584.863
5,22.5588,0.872806,696.648
