Iteration,Cost,Cost reduction,time (ms)
0,38.3053,0.363889,222.348
1,18.3023,0.696065,437.454
2,10.9441,0.818259,665.194
3,10.5425,0.824928,878.298
4,8.07447,0.865912,1088.95
5,8.07447,0.865912,1300.84
