Iteration,Cost,Cost reduction,time (ms)
0,5627.42,0.00116406,131.474
1,5589.56,0.00788393,229.599
2,5540.22,0.0166416,332.32
3,4551.24,0.19218,439.655
4,1930.31,0.657381,548.288
5,1930.31,0.657381,652.243
