Iteration,Cost,Cost reduction,time (ms)
0,157.653,0.126864,585.884
1,11.6814,0.935304,1151.02
2,11.6814,0.935304,1694.45
3,11.6814,0.935304,1788.22
4,11.6814,0.935304,1864.16
5,11.6814,0.935304,1942.26
