Iteration,Cost,Cost reduction,time (ms)
0,4639.55,0.00139383,138.531
1,4600.92,0.00970964,236.152
2,4551.04,0.0204463,340.584
3,4530.45,0.024877,462.437
4,2850.38,0.386492,590.046
5,2754.62,0.407103,724.117
