Iteration,Cost,Cost reduction,time (ms)
0,31.1924,0.332286,116.219
1,15.2668,0.673195,195.955
2,12.4945,0.732539,285.692
3,11.6553,0.750504,389.688
4,8.96016,0.808196,488.577
5,8.64781,0.814882,635.156
