Iteration,Cost,Cost reduction,time (ms)
0,4953.2,0.00130601,180.617
1,4914.56,0.00909691,339.068
2,4864.71,0.019147,508.155
3,4154.22,0.1624,696.751
4,2512.92,0.493329,911.022
5,1581.03,0.681223,1112.29
