Iteration,Cost,Cost reduction,time (ms)
0,9.13409,0.807291,98.424
1,8.39925,0.822794,161.133
2,8.39925,0.822794,335.337
3,8.39925,0.822794,486.138
4,8.39925,0.822794,610.121
5,8.39925,0.822794,718.03
6,8.39925,0.822794,791.818
