Iteration,Cost,Cost reduction,time (ms)
0,130.292,0.0806424,138.34
1,46.7875,0.669862,237.444
2,40.4862,0.714325,358.047
3,36.656,0.741351,481.009
4,15.8746,0.887987,601.331
5,3.39929,0.976014,720.888
