Iteration,Cost,Cost reduction,time (ms)
0,5854.14,0.00110495,178.23
1,5815.5,0.00769732,280.039
2,5765.62,0.0162087,386.61
3,5709.09,0.0258554,507.1
4,3281.85,0.440016,627.939
5,3157.33,0.461263,800.24
