Iteration,Cost,Cost reduction,time (ms)
0,4702.8,0.00137527,178.175
1,4664.16,0.00958048,336.193
2,4614.32,0.0201639,505.53
3,3924.64,0.166615,694.906
4,2445.84,0.480634,911.657
5,1241.04,0.73647,1110.64
