Iteration,Cost,Cost reduction,time (ms)
0,27.9313,0.298992,571.98
1,15.7583,0.604505,1130.12
2,10.8757,0.727046,1610.58
3,10.4023,0.738928,2092.35
4,10.4023,0.738928,2570.25
5,9.84598,0.75289,2660.71
