Iteration,Cost,Cost reduction,time (ms)
0,29.1804,0.402504,529.757
1,11.232,0.770014,1068.94
2,8.9724,0.816282,1562.06
3,6.36641,0.869642,2048.68
4,6.36641,0.869642,2517.29
