Iteration,Cost,Cost reduction,time (ms)
0,5793.65,0.00111628,410.326
1,5755.01,0.00777842,806.323
2,5705.18,0.0163697,1201.6
3,5683.13,0.0201703,1707.15
4,3408.14,0.412402,2242.1
5,2643.66,0.544207,3110.06
