Iteration,Cost,Cost reduction,time (ms)
0,23.4352,0.469311,554.894
1,15.3546,0.652296,1074.98
2,9.89708,0.775881,1582.66
3,9.89708,0.775881,2074.75
4,9.75602,0.779075,2164.08
5,8.07103,0.817232,2670.48
