Iteration,Cost,Cost reduction,time (ms)
0,5676.12,0.00113942,161.732
1,5637.48,0.00793858,262.391
2,5587.43,0.0167458,366.459
3,5549.03,0.0235047,479.914
4,3366.36,0.407602,595.414
5,3366.36,0.407602,765.37
