Iteration,Cost,Cost reduction,time (ms)
0,15.479,0.881775,166.939
1,15.479,0.881775,276.287
2,15.479,0.881775,340.713
3,15.479,0.881775,407.042
4,15.479,0.881775,471.72
5,15.479,0.881775,536.152
6,15.479,0.881775,602.2
