Iteration,Cost,Cost reduction,time (ms)
0,47.7884,0.223033,576.909
1,29.2274,0.524806,1174.63
2,7.19134,0.883079,1729.31
3,6.39888,0.895964,2226.82
4,4.90748,0.920212,2727.25
5,4.32849,0.929625,3234.71
