Iteration,Cost,Cost reduction,time (ms)
0,5554.71,0.00117897,132.18
1,5516.85,0.00798683,229.386
2,5467.52,0.016858,330.131
3,4489.87,0.192653,438.524
4,3985.41,0.283364,547.932
5,3126.9,0.437736,659.903
