Iteration,Cost,Cost reduction,time (ms)
0,30.048,0.329504,104.622
1,16.9074,0.622725,182.92
2,12.8483,0.7133,261.425
3,11.5653,0.741931,347.523
4,10.0999,0.774628,437.083
5,9.96924,0.777545,531.168
