Iteration,Cost,Cost reduction,time (ms)
0,32.2161,0.304446,188.168
1,19.2023,0.585419,372.263
2,9.87575,0.78678,550.437
3,7.16783,0.845245,735.479
4,7.16783,0.845245,908.945
5,6.63776,0.856689,983.318
