Iteration,Cost,Cost reduction,time (ms)
0,28.983,0.305372,109.655
1,24.1289,0.42171,188.395
2,23.1078,0.446182,269.529
3,22.2284,0.467258,353.521
4,22.2284,0.467258,441.566
5,21.9954,0.472843,498.129
