Iteration,Cost,Cost reduction,time (ms)
0,4615.77,0.001401,422.156
1,4577.13,0.00976077,819.213
2,4527.29,0.0205427,1216.59
3,4459.49,0.0352103,1717.98
4,2566.04,0.444849,2210.54
5,2086.09,0.548685,2975.7
