Iteration,Cost,Cost reduction,time (ms)
0,38.4046,0.170896,181.502
1,37.0426,0.2003,355.833
2,10.9864,0.762819,533.139
3,10.9864,0.762819,701.12
4,10.9864,0.762819,762.567
5,10.9864,0.762819,810.758
