Iteration,Cost,Cost reduction,time (ms)
0,5554.79,0.00116438,177.764
1,5516.15,0.00811262,322.344
2,5466.31,0.0170737,471.157
3,5403.34,0.0283972,638.989
4,3176.57,0.428804,816.504
5,2418.61,0.565096,993.016
6,996.308,0.820849,1169.95
7,996.308,0.820849,1342.54
