Iteration,Cost,Cost reduction,time (ms)
0,5164.13,0.00125248,412.217
1,5125.48,0.00872565,811.578
2,5075.65,0.0183644,1207.71
3,4728.35,0.0855321,1710.34
4,3178.5,0.385274,2353.86
5,2325.35,0.550274,2937.46
