Iteration,Cost,Cost reduction,time (ms)
0,39.6481,0.465019,388.871
1,39.6481,0.465019,524.575
2,39.6481,0.465019,613.882
3,39.6481,0.465019,705.454
4,39.6481,0.465019,796.608
5,39.6481,0.465019,894.671
6,39.6481,0.465019,1002.94
