Iteration,Cost,Cost reduction,time (ms)
0,28.9797,0.340581,118.869
1,16.2326,0.630636,199.307
2,11.8065,0.731348,286.304
3,8.83765,0.798903,373.081
4,6.53622,0.851271,473.972
5,5.90867,0.865551,577.693
