Iteration,Cost,Cost reduction,time (ms)
0,27.5912,0.346256,106.215
1,19.1634,0.545944,182.432
2,18.701,0.5569,255.664
3,10.3646,0.754423,330.592
4,6.58913,0.843877,407.938
5,6.58913,0.843877,487.273
