Iteration,Cost,Cost reduction,time (ms)
0,4665.25,0.00138616,178.682
1,4626.6,0.00965739,335.742
2,4576.77,0.0203252,505.507
3,4516.45,0.033236,695.234
4,3591.48,0.231229,896.183
5,3238.32,0.306826,1126.52
