Iteration,Cost,Cost reduction,time (ms)
0,86.5561,0.394063,220.579
1,65.6066,0.54072,425.207
2,31.9627,0.776245,639.706
3,22.4221,0.843034,854.544
4,20.9956,0.85302,1067.79
5,20.9956,0.85302,1276.25
