Iteration,Cost,Cost reduction,time (ms)
0,4540.32,0.00142463,141.605
1,4501.69,0.00992132,237.104
2,4451.8,0.0208932,339.364
3,4177.44,0.0812349,463.415
4,2777.82,0.38906,594.471
5,1919.54,0.577826,748.799
