Iteration,Cost,Cost reduction,time (ms)
0,24.9177,0.377598,114.875
1,17.708,0.557685,190.777
2,13.3777,0.665847,267.222
3,12.8027,0.680211,345.12
4,9.86774,0.753521,428.854
5,9.29456,0.767838,520.843
