Iteration,Cost,Cost reduction,time (ms)
0,114.246,0.324943,527.285
1,61.7077,0.635382,1074.57
2,57.8132,0.658393,1641.85
3,38.5869,0.771997,2210.03
4,38.5869,0.771997,2774.96
5,34.9997,0.793194,2875.46
