Iteration,Cost,Cost reduction,time (ms)
0,82.4783,0.368093,580.83
1,44.1943,0.661406,1100.31
2,34.3471,0.736851,1633.71
3,34.3471,0.736851,2165.35
4,30.1259,0.769191,2258.14
5,30.1259,0.769191,2778.27
