Iteration,Cost,Cost reduction,time (ms)
0,889.888,0.128879,14.133
1,889.888,0.128879,29.251
2,483.962,0.526244,37.402
3,483.962,0.526244,46.503
4,453.932,0.555641,53.47
5,453.932,0.555641,64.484
6,453.932,0.555641,74.786
