Iteration,Cost,Cost reduction,time (ms)
0,5392.36,0.00119977,409.577
1,5353.72,0.00835693,807.761
2,5303.88,0.0175895,1204.53
3,5144.8,0.0470549,1701.63
4,3200.93,0.407107,2250.28
5,2970.44,0.4498,2772.58
