Iteration,Cost,Cost reduction,time (ms)
0,29.372,0.307304,103.445
1,28.0826,0.337712,176.005
2,27.4458,0.352729,249.78
3,27.4458,0.352729,324.129
4,23.5748,0.444021,378.314
5,16.0681,0.621058,458.985
