Iteration,Cost,Cost reduction,time (ms)
0,25.876,0.407071,576.009
1,13.3662,0.693724,1086.01
2,12.5833,0.711662,1584.16
3,12.5405,0.712643,2085.49
4,12.5405,0.712643,2583.01
5,12.5405,0.712643,2674.52
