Iteration,Cost,Cost reduction,time (ms)
0,27.8122,0.3397,577.283
1,19.7063,0.532146,1182.62
2,12.6609,0.699413,1782.42
3,4.84336,0.885012,2397.99
4,4.3627,0.896424,3019.02
5,4.3627,0.896424,3607.66
