Iteration,Cost,Cost reduction,time (ms)
0,141.399,0.193968,522.537
1,86.4704,0.507083,1085.85
2,54.4925,0.68937,1613.4
3,38.3482,0.781399,2160.81
4,33.2289,0.810582,2703.07
5,22.1065,0.873984,3254.2
