Iteration,Cost,Cost reduction,time (ms)
0,26.6888,0.431454,102.248
1,13.423,0.714053,172.571
2,13.423,0.714053,245.85
3,13.423,0.714053,294.326
4,13.423,0.714053,343.092
5,13.423,0.714053,392.234
