Iteration,Cost,Cost reduction,time (ms)
0,28.7911,0.317506,109.928
1,21.6397,0.487031,189.239
2,21.5726,0.488622,269.746
3,21.5726,0.488622,354.397
4,20.6183,0.511242,408.734
5,20.6183,0.511242,497.006
