Iteration,Cost,Cost reduction,time (ms)
0,38.1212,0.458434,144.747
1,37.5655,0.466329,253.045
2,23.7842,0.662112,362.711
3,19.7745,0.719075,473.48
4,15.0466,0.786242,589.545
5,14.007,0.80101,705.293
