Iteration,Cost,Cost reduction,time (ms)
0,27.7971,0.318079,568.616
1,11.7834,0.710927,1176
2,3.85685,0.905383,1805.02
3,3.245,0.920393,2431.1
4,2.67417,0.934397,3054.62
5,2.10839,0.948277,3654.08
