Iteration,Cost,Cost reduction,time (ms)
0,39.8087,0.0828902,533.348
1,13.2569,0.694588,1132.12
2,13.2569,0.694588,1679.67
3,13.2569,0.694588,1770.85
4,13.2569,0.694588,1834.38
5,13.052,0.69931,1886.77
