Iteration,Cost,Cost reduction,time (ms)
0,4702.78,0.00137544,134.834
1,4664.15,0.00957902,233.208
2,4614.27,0.0201721,337.514
3,4460.8,0.0527597,459.383
4,3577.74,0.240277,582.212
5,2234.46,0.525517,721.779
