Iteration,Cost,Cost reduction,time (ms)
0,5305.79,0.00121957,154.864
1,5267.15,0.00849192,254.768
2,5217.09,0.0179157,359.038
3,5179.89,0.0249194,476.564
4,3280.78,0.382414,593.212
5,3046.68,0.426483,777.975
