Iteration,Cost,Cost reduction,time (ms)
0,32.0241,0.247388,540.932
1,17.1613,0.596685,1109.46
2,11.5347,0.728918,1707.2
3,3.93666,0.907483,2292.13
4,3.89409,0.908483,2870.14
5,3.5601,0.916332,3446.53
