Iteration,Cost,Cost reduction,time (ms)
0,48.6544,0.87824,26.902
1,48.6544,0.87824,69.21
2,29.2689,0.926753,88.311
3,29.2689,0.926753,101.045
4,29.2689,0.926753,108.32
5,29.2689,0.926753,113.825
6,21.1066,0.94718,121.365
7,21.1066,0.94718,127.9
