Iteration,Cost,Cost reduction,time (ms)
0,161.814,0.0442518,145.899
1,77.331,0.543248,256.977
2,57.4788,0.660504,372.353
3,33.261,0.803546,494.544
4,33.0824,0.804601,639.466
5,16.4009,0.903129,790.86
