Iteration,Cost,Cost reduction,time (ms)
0,26.7693,0.3608,114.852
1,12.3765,0.704474,196.356
2,9.90008,0.763605,289.936
3,7.98586,0.809313,389.255
4,7.36458,0.824148,489.564
5,5.50286,0.868602,595.314
