Iteration,Cost,Cost reduction,time (ms)
0,25.7557,0.354727,115.547
1,20.6975,0.481453,192.971
2,17.9001,0.551537,272.619
3,17.6577,0.55761,355.825
4,17.6351,0.558176,441.969
5,17.6351,0.558176,529.024
