Iteration,Cost,Cost reduction,time (ms)
0,4498.34,0.00143788,415.387
1,4459.7,0.0100154,813.364
2,4409.86,0.0210803,1208.42
3,4263.54,0.0535589,1712.41
4,3384.65,0.24866,2258.12
5,1399.29,0.68938,2766.98
