Iteration,Cost,Cost reduction,time (ms)
0,111.465,0.314324,148.197
1,55.3937,0.659246,252.781
2,47.2554,0.709308,366.212
3,29.1164,0.82089,479.322
4,24.038,0.85213,591.417
5,22.8774,0.85927,704.016
