Iteration,Cost,Cost reduction,time (ms)
0,27.5134,0.245619,17.424
1,20.4081,0.440438,31.136
2,15.2823,0.580981,46.248
3,13.0654,0.641765,61.155
4,12.1302,0.667406,76.175
5,11.2899,0.690447,90.244
6,9.72814,0.733267,104.859
7,4.74383,0.869931,116.788
8,4.419,0.878837,132.837
9,3.68231,0.899036,148.942
