Iteration,Cost,Cost reduction,time (ms)
0,102.651,0.299199,574.867
1,87.9371,0.39965,1124.85
2,61.7479,0.578444,1687.46
3,61.7479,0.578444,2273.78
4,53.6755,0.633555,2369.94
5,51.8043,0.64633,2952.74
