Iteration,Cost,Cost reduction,time (ms)
0,88.4165,0.332078,141.985
1,54.451,0.588662,246.933
2,19.9354,0.849403,354.058
3,18.9293,0.857003,470.635
4,18.1807,0.862658,585.762
5,16.2978,0.876882,703.941
