Iteration,Cost,Cost reduction,time (ms)
0,53.6385,0.199872,767.014
1,53.6385,0.199872,1491.42
2,53.6385,0.199872,1985.46
3,53.608,0.200327,2509.36
4,53.608,0.200327,3215.12
