Iteration,Cost,Cost reduction,time (ms)
0,63.2922,0.58661,15.579
1,28.4493,0.814185,26.674
2,28.4493,0.814185,36.094
3,27.687,0.819164,40.659
4,27.687,0.819164,49.724
