Iteration,Cost,Cost reduction,time (ms)
0,4711.46,0.00137262,411.381
1,4672.82,0.00956282,810.267
2,4622.98,0.0201263,1206.19
3,4583.48,0.0284983,1710.25
4,2959.88,0.372632,2253.85
5,2682.06,0.431518,2892.21
