Iteration,Cost,Cost reduction,time (ms)
0,11.8925,0.759459,125.863
1,11.8925,0.759459,354.188
2,11.8925,0.759459,542.478
3,11.8925,0.759459,732.457
4,11.8925,0.759459,923.1
5,11.8925,0.759459,1110.27
6,11.8925,0.759459,1297.27
