Iteration,Cost,Cost reduction,time (ms)
0,5627.49,0.00114986,145.864
1,5588.86,0.00800708,244.113
2,5538.8,0.0168926,347.451
3,5518.91,0.0204229,463.43
4,4398.53,0.219284,580.598
5,3717.65,0.340137,738.202
