Iteration,Cost,Cost reduction,time (ms)
0,98.7369,0.140107,206.099
1,36.3452,0.683472,411.155
2,3.14573,0.972604,643.649
3,2.86369,0.97506,877.888
4,2.86369,0.97506,1109.92
5,2.80668,0.975557,1205.21
