Iteration,Cost,Cost reduction,time (ms)
0,32.7815,0.322188,105.18
1,17.0218,0.648046,180.725
2,17.0218,0.648046,255.703
3,16.0317,0.668518,309.542
4,15.135,0.687059,389.203
5,15.135,0.687059,468.336
