Iteration,Cost,Cost reduction,time (ms)
0,5033.13,0.00128482,413.033
1,4994.49,0.00895231,812
2,4944.65,0.0188408,1208.78
3,4275.15,0.15169,1715.82
4,1783.23,0.646156,2350.98
5,1048.79,0.79189,2890.03
