Iteration,Cost,Cost reduction,time (ms)
0,5662.81,0.00115672,131.376
1,5624.95,0.00783467,229.055
2,5575.61,0.0165377,330.585
3,4580.42,0.192077,438.592
4,2847.14,0.497804,546.901
5,2812.7,0.503879,654.626
