Iteration,Cost,Cost reduction,time (ms)
0,26.5279,0.321019,105.474
1,13.9563,0.64279,177.704
2,9.92415,0.745992,249.453
3,9.92415,0.745992,321.711
4,7.9291,0.797055,372.141
5,7.46477,0.80894,449.569
