Iteration,Cost,Cost reduction,time (ms)
0,5775.61,0.00112015,178.183
1,5736.97,0.00780296,335.647
2,5687.13,0.016423,503.514
3,4958.08,0.14251,692.903
4,1951.03,0.662573,909.515
5,1256.82,0.782636,1108.13
