Iteration,Cost,Cost reduction,time (ms)
0,117.136,0.301892,572.616
1,69.036,0.588559,1101.89
2,63.0555,0.624202,1624.44
3,62.6822,0.626426,2153.48
4,50.4556,0.699294,2700.33
5,46.0434,0.725591,3249.35
