Iteration,Cost,Cost reduction,time (ms)
0,108.178,0.318821,144.477
1,105.092,0.338254,252.421
2,77.9745,0.509008,364.956
3,70.0348,0.559003,481.123
4,23.9613,0.84912,599.126
5,13.5825,0.914474,717.945
