Iteration,Cost,Cost reduction,time (ms)
0,26.126,0.361824,175.114
1,12.6122,0.691922,351.651
2,10.0192,0.755261,532.489
3,4.89184,0.880507,702.785
4,4.89184,0.880507,874.902
5,4.89184,0.880507,948.214
