Iteration,Cost,Cost reduction,time (ms)
0,4439.61,0.00145671,178.811
1,4400.97,0.0101476,337.809
2,4351.12,0.0213578,506.299
3,3706.05,0.166445,694.155
4,1307.9,0.705831,909.127
5,1112.4,0.749803,1115.79
