Iteration,Cost,Cost reduction,time (ms)
0,5468.91,0.00118267,159.421
1,5430.27,0.00823909,251.442
2,5380.22,0.0173803,344.104
3,5353.99,0.0221708,446.991
4,3785.39,0.308653,547.23
5,2347.65,0.571234,688.463
6,1712.64,0.68721,835.052
7,1460.73,0.733218,985.555
8,1460.73,0.733218,1147.07
