Iteration,Cost,Cost reduction,time (ms)
0,26.0827,0.391212,103.895
1,25.7615,0.398709,177.293
2,25.7615,0.398709,251.713
3,14.1594,0.66951,304.393
4,11.8101,0.724345,387.263
5,8.48458,0.801964,467.706
