Iteration,Cost,Cost reduction,time (ms)
0,5793.65,0.00111648,143.326
1,5755.01,0.00777759,238.137
2,5705.13,0.0163778,340.208
3,5647.15,0.0263739,459.636
4,3489.17,0.398432,581.311
5,2642.54,0.544399,787.34
