Iteration,Cost,Cost reduction,time (ms)
0,41.2625,0.0451575,534.429
1,23.2113,0.462874,1112.56
2,17.6721,0.591054,1666.89
3,14.0566,0.67472,2199.33
4,11.8665,0.725401,2729.73
5,11.8665,0.725401,3270.75
