Iteration,Cost,Cost reduction,time (ms)
0,23.141,0.42541,107.324
1,10.0093,0.75147,182.123
2,5.52975,0.862696,261.147
3,5.17955,0.871392,342.133
4,5.17955,0.871392,425.828
5,4.0705,0.89893,478.161
