Iteration,Cost,Cost reduction,time (ms)
0,26.8341,0.315366,110.699
1,26.0022,0.336589,189.023
2,24.5319,0.374103,270.177
3,23.4341,0.402111,353.065
4,10.2877,0.737524,436.437
5,8.71629,0.777616,524.875
