Iteration,Cost,Cost reduction,time (ms)
0,28.0843,0.30389,105.92
1,12.2028,0.697536,181.668
2,12.2028,0.697536,253.187
3,12.2028,0.697536,301.35
4,12.2028,0.697536,349.894
5,12.2028,0.697536,399.337
