Iteration,Cost,Cost reduction,time (ms)
0,4980.41,0.00131497,133.214
1,4942.55,0.00890673,230.549
2,4893.21,0.0188004,332.108
3,3966.91,0.204544,440.454
4,2428.52,0.513027,549.804
5,2428.52,0.513027,653.366
