Iteration,Cost,Cost reduction,time (ms)
0,5113.8,0.00126525,149.422
1,5075.16,0.00881024,249.38
2,5025.27,0.0185542,354.179
3,4362.27,0.14804,475.149
4,2792.19,0.454679,599.096
5,1713.83,0.665285,756.042
