Iteration,Cost,Cost reduction,time (ms)
0,33.0556,0.436077,223.735
1,12.2868,0.790389,432.309
2,12.2868,0.790389,628.791
3,12.2868,0.790389,708.517
4,12.2868,0.790389,782.849
5,12.2868,0.790389,857.103
