Iteration,Cost,Cost reduction,time (ms)
0,4980.47,0.00129889,155.262
1,4941.84,0.00904566,255.284
2,4891.78,0.0190829,359.8
3,4880.13,0.0214197,476.591
4,4027.54,0.192383,586.95
5,3665.33,0.265016,778.311
