Iteration,Cost,Cost reduction,time (ms)
0,5775.51,0.00113388,131.595
1,5737.65,0.0076818,227.797
2,5688.32,0.0162142,328.88
3,4703.14,0.1866,436.906
4,4259.19,0.26338,547.087
5,3576.62,0.381429,660.755
