Iteration,Cost,Cost reduction,time (ms)
0,32.2486,0.303009,104.506
1,20.9413,0.547394,179.823
2,19.0105,0.589124,253.499
3,19.0105,0.589124,328.577
4,18.9334,0.590792,382.131
5,18.9237,0.591002,460.817
