Iteration,Cost,Cost reduction,time (ms)
0,28.2687,0.322197,109.042
1,19.6464,0.528936,185.813
2,12.8946,0.690825,262.376
3,12.8946,0.690825,339.596
4,12.8843,0.69107,394.353
5,12.8843,0.69107,473.476
