Iteration,Cost,Cost reduction,time (ms)
0,31.6794,0.330009,106.185
1,16.3368,0.654492,181.808
2,8.28394,0.824802,259.849
3,6.77935,0.856623,339.018
4,6.77935,0.856623,416.294
5,6.18971,0.869093,471.924
