Iteration,Cost,Cost reduction,time (ms)
0,87.0561,0.263582,208.299
1,87.0561,0.263582,412.293
2,64.5124,0.454282,492.603
3,58.9302,0.501502,700.288
4,43.7173,0.630191,905.073
5,43.7173,0.630191,1122.53
