Iteration,Cost,Cost reduction,time (ms)
0,5854.16,0.00110509,179.79
1,5815.52,0.00769834,336.466
2,5765.68,0.0162026,506.393
3,5013.92,0.144474,695.635
4,2367.37,0.596056,912.353
5,2367.37,0.596056,1108.46
