Iteration,Cost,Cost reduction,time (ms)
0,26.2412,0.334567,108.256
1,17.2638,0.562219,188.795
2,12.2834,0.688513,275.282
3,10.1473,0.742682,396.277
4,9.13933,0.768241,539.244
5,7.50467,0.809694,691.373
