Iteration,Cost,Cost reduction,time (ms)
0,44.4022,0.0300565,642.215
1,35.6976,0.220204,1263.73
2,33.2918,0.272757,1896.45
3,32.6483,0.286815,2542.74
4,31.4066,0.313938,3192.45
5,30.2251,0.339747,3842.02
6,30.2251,0.339747,4486.96
