Iteration,Cost,Cost reduction,time (ms)
0,88.2541,0.290861,207.78
1,37.5364,0.698387,408.131
2,30.0737,0.758352,614.95
3,19.2544,0.845287,828.727
4,5.3714,0.95684,1028.71
5,4.55983,0.963361,1222.11
