Iteration,Cost,Cost reduction,time (ms)
0,21.2018,0.438043,178.821
1,10.8999,0.711097,350.484
2,7.34845,0.805228,516.249
3,7.34845,0.805228,673.627
4,7.34845,0.805228,736.49
5,7.21369,0.8088,787.299
