Iteration,Cost,Cost reduction,time (ms)
0,4540.34,0.00142478,153.388
1,4501.7,0.0099216,252.03
2,4451.64,0.0209316,356.331
3,4433.01,0.0250288,471.811
4,3349.38,0.263357,587.218
5,2275.83,0.499467,728.201
