Iteration,Cost,Cost reduction,time (ms)
0,35.3243,0.201318,106.326
1,20.5777,0.534738,181.459
2,20.5777,0.534738,258.267
3,19.8743,0.550642,308.771
4,10.5006,0.762583,399.491
5,10.0424,0.772941,492.931
