Iteration,Cost,Cost reduction,time (ms)
0,44.1355,0.0865944,104.203
1,34.672,0.282444,169.175
2,34.672,0.282444,230.16
3,34.672,0.282444,267.611
4,34.672,0.282444,305.122
5,34.672,0.282444,342.438
6,34.672,0.282444,379.464
