Iteration,Cost,Cost reduction,time (ms)
0,25.1604,0.447298,106.633
1,13.6665,0.699785,179.517
2,13.6665,0.699785,252.839
3,13.6665,0.699785,299.207
4,13.6665,0.699785,347.275
5,13.6665,0.699785,398.311
