Iteration,Cost,Cost reduction,time (ms)
0,4611.48,0.00141965,131.25
1,4573.62,0.00961808,227.47
2,4524.28,0.0203007,328.779
3,3654.9,0.20856,437.527
4,3307.56,0.283773,550.329
5,2809.09,0.391713,659.949
