Iteration,Cost,Cost reduction,time (ms)
0,31.9038,0.301088,104.978
1,21.8367,0.521627,178.677
2,19.4586,0.573724,253.476
3,17.1772,0.6237,330.537
4,13.2522,0.709686,411.795
5,13.2522,0.709686,492.855
