Iteration,Cost,Cost reduction,time (ms)
0,129.072,0.213449,156.791
1,86.483,0.47298,278.51
2,40.2772,0.754554,407.809
3,21.1486,0.871122,544.981
4,10.3045,0.937205,687.586
5,7.49993,0.954296,830.024
6,6.61605,0.959682,978.184
7,6.61605,0.959682,1121.64
