Iteration,Cost,Cost reduction,time (ms)
0,25.1847,0.397326,580.116
1,17.0745,0.591404,1116.82
2,11.5907,0.722633,1634.83
3,10.63,0.745621,2121.02
4,6.39552,0.846954,2609.63
5,6.39552,0.846954,3089.3
