Iteration,Cost,Cost reduction,time (ms)
0,31.044,0.30055,541.168
1,17.5185,0.605292,1148.45
2,10.3722,0.766304,1669.31
3,6.3882,0.856068,2226.75
4,6.109,0.862358,2806.32
5,6.109,0.862358,3395.89
