Iteration,Cost,Cost reduction,time (ms)
0,4583.13,0.00141131,179.222
1,4544.49,0.00983042,336.485
2,4494.64,0.0206908,498.318
3,3841.18,0.16307,693.568
4,2257.7,0.508084,907.316
5,1519.08,0.669017,1106.94
