Iteration,Cost,Cost reduction,time (ms)
0,26.2875,0.398938,564.473
1,10.5551,0.758658,1141.65
2,9.39702,0.785138,1632.09
3,9.39702,0.785138,2176.73
4,8.18224,0.812914,2270.26
5,6.95358,0.841007,2812.43
