Iteration,Cost,Cost reduction,time (ms)
0,5335.53,0.00121263,140.339
1,5296.9,0.00844448,240.055
2,5247.01,0.0177835,344.177
3,5228.78,0.0211954,467.564
4,3619.48,0.322451,600.12
5,3619.48,0.322451,751.77
