Iteration,Cost,Cost reduction,time (ms)
0,4403.26,0.00146878,418.37
1,4364.62,0.0102313,816.128
2,4314.78,0.0215342,1212.56
3,4295.18,0.0259776,1708.01
4,3103.48,0.296221,2204.69
5,1885.17,0.5725,3123.52
