Iteration,Cost,Cost reduction,time (ms)
0,61.1926,0.260072,225.341
1,35.6893,0.568453,437.716
2,8.57896,0.896265,640.07
3,5.15772,0.937634,840.661
4,5.15772,0.937634,1038.43
5,5.15772,0.937634,1120.31
