Iteration,Cost,Cost reduction,time (ms)
0,130.51,0.0604814,139.498
1,37.4845,0.730155,241.561
2,33.2758,0.760453,351.43
3,19.807,0.857412,464.672
4,19.807,0.857412,591.031
5,19.807,0.857412,687.207
