Iteration,Cost,Cost reduction,time (ms)
0,5468.81,0.00119715,128.847
1,5430.95,0.00811197,226.523
2,5381.62,0.0171223,328.795
3,4452.28,0.186852,438.852
4,4097.54,0.251642,551.001
5,3506.37,0.35961,665.293
