Iteration,Cost,Cost reduction,time (ms)
0,25.7967,0.344933,107.945
1,17.0789,0.566306,182.642
2,13.8719,0.647745,263.116
3,11.4075,0.710323,344.061
4,9.70142,0.753647,432.43
5,5.72059,0.854734,532.254
