Iteration,Cost,Cost reduction,time (ms)
0,4872.96,0.00132834,135.189
1,4834.33,0.00924482,233.897
2,4784.43,0.0194712,338.733
3,4447.36,0.0885524,460.432
4,3263.72,0.331128,583.842
5,2042.44,0.58142,707.457
