Iteration,Cost,Cost reduction,time (ms)
0,35.3543,0.446755,145.356
1,29.4109,0.539762,249.279
2,25.4613,0.601566,364.485
3,14.0759,0.779732,477.179
4,12.4148,0.805727,590.089
5,7.1402,0.888266,706.694
