Iteration,Cost,Cost reduction,time (ms)
0,77.5771,0.166337,574.039
1,20.4585,0.780147,1161.7
2,13.3524,0.856512,1720.36
3,10.9765,0.882044,2298.1
4,10.326,0.889034,2876.98
5,10.326,0.889034,3434.79
