Iteration,Cost,Cost reduction,time (ms)
0,92.9064,0.375731,149.424
1,92.9064,0.375731,253.4
2,92.9064,0.375731,326.545
3,92.9064,0.375731,400.541
4,92.9064,0.375731,474.581
5,92.9064,0.375731,548.881
