Iteration,Cost,Cost reduction,time (ms)
0,74.7973,0.00304646,142.887
1,10.2009,0.864035,245.062
2,4.49004,0.940153,354.392
3,3.28307,0.956241,467.333
4,3.24125,0.956798,579.831
5,2.87084,0.961735,692.342
