Iteration,Cost,Cost reduction,time (ms)
0,4540.34,0.0014245,151.354
1,4501.71,0.0099219,250.614
2,4451.65,0.0209316,355.401
3,4426.11,0.0265478,474.459
4,3438.51,0.243756,589.327
5,2213.56,0.513163,732.073
