Iteration,Cost,Cost reduction,time (ms)
0,164.627,0.0233682,145.154
1,48.7513,0.710788,251.404
2,30.5467,0.818785,357.405
3,29.609,0.824348,467.049
4,18.7826,0.888574,584.501
5,18.5705,0.889833,701.104
