Iteration,Cost,Cost reduction,time (ms)
0,27.6018,0.328698,107.239
1,11.7068,0.715279,184.114
2,11.4115,0.722461,262.093
3,9.77682,0.762219,342.614
4,3.90464,0.905035,424.655
5,3.36251,0.918221,507.79
