Iteration,Cost,Cost reduction,time (ms)
0,5164.11,0.00125272,147.865
1,5125.48,0.00872437,246.629
2,5075.59,0.0183723,350.868
3,4914.46,0.0495358,472.078
4,3003.73,0.419074,596.673
5,2882.14,0.442589,737.383
