Iteration,Cost,Cost reduction,time (ms)
0,4509.99,0.00143398,151.674
1,4471.36,0.00998811,251.618
2,4421.31,0.0210704,355.704
3,4135.95,0.0842514,475.509
4,3237.52,0.283176,593.436
5,2608.14,0.422527,752.81
