Iteration,Cost,Cost reduction,time (ms)
0,73.3844,0.351052,144.222
1,37.5996,0.667502,247.532
2,9.9693,0.91184,356.056
3,8.85751,0.921672,466.587
4,8.41911,0.925549,578.175
5,7.51984,0.933501,691.266
