Iteration,Cost,Cost reduction,time (ms)
0,4711.45,0.00137301,128.599
1,4672.82,0.00956149,220.663
2,4622.76,0.0201713,314.406
3,4493.48,0.047574,416.363
4,3063.16,0.350741,515.833
5,761.518,0.838591,617.377
6,755.548,0.839856,721.498
