Iteration,Cost,Cost reduction,time (ms)
0,30.2304,0.432708,157.311
1,28.4154,0.466767,265.742
2,14.8815,0.72074,383.001
3,4.40111,0.91741,519.028
4,4.40111,0.91741,658.058
5,4.40111,0.91741,739.909
