Iteration,Cost,Cost reduction,time (ms)
0,5666.02,0.0011415,414.925
1,5627.38,0.0079535,811.453
2,5577.55,0.0167386,1206.59
3,5434.02,0.0420419,1717.97
4,3478.27,0.386819,2280.68
5,3393.9,0.401692,2793.18
