Iteration,Cost,Cost reduction,time (ms)
0,36.703,0.431324,227.908
1,20.6426,0.680164,438.677
2,13.0472,0.797847,642.982
3,10.943,0.83045,842.868
4,10.943,0.83045,1043.37
5,10.943,0.83045,1120.77
