Iteration,Cost,Cost reduction,time (ms)
0,61.6586,0.165268,156.452
1,47.8844,0.351741,275.242
2,33.039,0.552719,391.995
3,18.4787,0.749835,513.088
4,7.84262,0.893827,638.331
5,2.535,0.965681,771.718
