Iteration,Cost,Cost reduction,time (ms)
0,84.8097,0.336324,584.516
1,61.3088,0.52023,1149.34
2,49.5116,0.612548,1703.5
3,49.5116,0.612548,2243.4
4,49.5116,0.612548,2332.15
5,49.5116,0.612548,2409.92
