Iteration,Cost,Cost reduction,time (ms)
0,31.7625,0.301482,107.738
1,31.7625,0.301482,181.036
2,24.2787,0.466065,229.258
3,24.2787,0.466065,310.909
4,23.9991,0.472215,362.523
5,19.4288,0.572723,449.425
