Iteration,Cost,Cost reduction,time (ms)
0,82.989,0.360668,156.355
1,60.7756,0.531796,263.753
2,38.2051,0.705675,379.872
3,38.069,0.706723,509.585
4,38.069,0.706723,645.546
5,37.9084,0.70796,729.042
