Iteration,Cost,Cost reduction,time (ms)
0,5807.55,0.00112763,131.77
1,5769.69,0.00763947,228.425
2,5720.36,0.0161249,329.709
3,4732.52,0.186029,438.498
4,4285.92,0.262842,549.16
5,3602.19,0.380441,662.861
