Iteration,Cost,Cost reduction,time (ms)
0,31.8652,0.302709,107.917
1,15.1933,0.667532,188.725
2,14.6043,0.680421,279.351
3,14.499,0.682726,374.579
4,11.0559,0.75807,470.023
5,11.0559,0.75807,559.346
