Iteration,Cost,Cost reduction,time (ms)
0,30.0267,0.348007,105.861
1,18.2946,0.602754,184.755
2,16.4669,0.642441,265.678
3,9.45956,0.794597,350.019
4,9.34715,0.797038,439.021
5,9.34715,0.797038,527.849
