Iteration,Cost,Cost reduction,time (ms)
0,5468.91,0.00118324,137.169
1,5430.28,0.00823888,236.671
2,5380.39,0.0173511,341.851
3,5327.49,0.0270125,465.411
4,4151.13,0.241858,589.933
5,3563.54,0.349172,724.332
