Iteration,Cost,Cost reduction,time (ms)
0,4608.01,0.00142118,133.68
1,4570.15,0.00962555,229.96
2,4520.81,0.0203177,331.237
3,3632.17,0.212892,441.104
4,1475.46,0.680261,551.91
5,1471.51,0.681117,659.106
