Iteration,Cost,Cost reduction,time (ms)
0,66.4371,0.304585,222.292
1,31.4472,0.670834,434.665
2,6.74417,0.929407,621.689
3,4.23087,0.955714,810.159
4,4.23087,0.955714,1001.33
5,3.86005,0.959596,1080.21
