Iteration,Cost,Cost reduction,time (ms)
0,58.5921,0.34723,570.089
1,12.3707,0.862179,1109.18
2,6.8912,0.923226,1655.46
3,6.8912,0.923226,2200.81
4,6.8912,0.923226,2292.87
5,6.8912,0.923226,2369.74
