Iteration,Cost,Cost reduction,time (ms)
0,32.6322,0.281596,111.82
1,17.0626,0.624365,195.447
2,13.6679,0.699099,288.285
3,12.3896,0.727241,388.656
4,9.99811,0.77989,492.611
5,8.53162,0.812175,628.088
