Iteration,Cost,Cost reduction,time (ms)
0,31.2547,0.407193,216.954
1,11.235,0.786907,423.166
2,7.79508,0.852151,625.006
3,7.79508,0.852151,818.727
4,7.79508,0.852151,902.136
5,7.79508,0.852151,980.58
