Iteration,Cost,Cost reduction,time (ms)
0,118.537,0.307251,146.98
1,112.411,0.343051,256.694
2,65.7484,0.615755,369.285
3,61.4829,0.640683,486.657
4,58.7783,0.656489,603.478
5,57.5261,0.663807,718.86
