Iteration,Cost,Cost reduction,time (ms)
0,89.0084,0.0429605,142.772
1,72.097,0.224796,248.185
2,63.26,0.319814,362.927
3,13.4581,0.855296,486.366
4,8.65377,0.906953,628.613
5,8.65377,0.906953,767.79
