Iteration,Cost,Cost reduction,time (ms)
0,33.1851,0.270843,581.85
1,29.5432,0.350864,1172.19
2,10.6156,0.76675,1704.12
3,8.6628,0.809657,2274.92
4,7.04704,0.845159,2861.04
5,5.58546,0.877274,3428.11
