Iteration,Cost,Cost reduction,time (ms)
0,158.765,0.000951931,423.13
1,50.6855,0.681055,614.924
2,48.7571,0.69319,1032.78
3,48.7571,0.69319,1446.43
4,48.7571,0.69319,1748.92
5,48.7571,0.69319,2051.45
6,48.7571,0.69319,2349.49
