Iteration,Cost,Cost reduction,time (ms)
0,27.2581,0.331306,113.839
1,16.0512,0.606233,190.592
2,12.3759,0.696396,270.722
3,11.0475,0.728984,356.038
4,10.1203,0.75173,443.735
5,10.1203,0.75173,529.05
