Iteration,Cost,Cost reduction,time (ms)
0,27.6282,0.485125,141.244
1,25.4082,0.526497,251.855
2,16.1731,0.6986,364.686
3,9.97414,0.814124,482.755
4,8.52789,0.841076,604.445
5,6.98222,0.86988,729.561
