Iteration,Cost,Cost reduction,time (ms)
0,5392.35,0.00119956,179.196
1,5353.71,0.0083568,337.682
2,5303.87,0.0175883,506.108
3,4582.87,0.151137,696.364
4,2051.86,0.619943,912.687
5,2006.82,0.628285,1112.72
