Iteration,Cost,Cost reduction,time (ms)
0,4373.15,0.00147925,147.649
1,4334.52,0.0103002,247.725
2,4284.63,0.021692,353.578
3,4219.02,0.0366736,474.082
4,2263.31,0.483219,597.157
5,2141.7,0.510987,806.581
