Iteration,Cost,Cost reduction,time (ms)
0,4611.58,0.00140282,136.988
1,4572.94,0.00976871,235.178
2,4522.88,0.0206093,342.59
3,3664.61,0.20646,461.908
4,2650.68,0.426018,574.954
5,1767.64,0.617233,733.405
