Iteration,Cost,Cost reduction,time (ms)
0,32.5487,0.26194,343.781
1,30.2181,0.314788,592.311
2,19.1155,0.566546,856.134
3,9.68952,0.780285,1135.64
4,9.68952,0.780285,1486.82
