Iteration,Cost,Cost reduction,time (ms)
0,31.9622,0.236053,569.597
1,19.9199,0.523883,1166.09
2,17.5798,0.579815,1745.33
3,10.3722,0.752088,2328.26
4,7.95634,0.809831,2900.82
5,7.95634,0.809831,3473.11
