Iteration,Cost,Cost reduction,time (ms)
0,1039.6230024444358,0.0,4232.73229598999
1,102.30530809021407,0.9015938394498135,13865.927457809448
