Iteration,Cost,Cost reduction,time (ms)
0,18.0743,0.863116,15.224
1,10.9946,0.916734,25.893
2,10.4662,0.920735,37.08
3,10.2513,0.922363,47.519
4,9.86456,0.925292,58.214
5,9.62908,0.927075,69.599
6,7.85051,0.940545,81.094
7,6.86333,0.948021,93.599
8,6.19559,0.953078,105.855
9,5.99578,0.954592,118.082
