Iteration,Cost,Cost reduction,time (ms)
0,106.022,0.326203,146.071
1,103.742,0.340697,253.212
2,51.3071,0.673932,365.72
3,36.0358,0.770984,479.707
4,36.0358,0.770984,599.045
5,36.0358,0.770984,677.774
