Iteration,Cost,Cost reduction,time (ms)
0,28.746,0.338153,106.105
1,12.3145,0.716471,182.426
2,12.3145,0.716471,261.762
3,11.3034,0.73975,317.598
4,11.0142,0.74641,401.22
5,11.0142,0.74641,486.277
