Iteration,Cost,Cost reduction,time (ms)
0,128.495,0.2232,517.513
1,32.9686,0.800692,1025.65
2,21.7459,0.868538,1590.14
3,9.90445,0.940124,2177.82
4,9.90445,0.940124,2714.86
5,7.26986,0.956051,2805.64
