Iteration,Cost,Cost reduction,time (ms)
0,19.9511,0.45945,104.62
1,9.93853,0.730728,175.201
2,7.59412,0.794247,249.413
3,7.09358,0.807808,325.461
4,5.48523,0.851385,404.133
5,5.48523,0.851385,481.768
