Iteration,Cost,Cost reduction,time (ms)
0,4608.1,0.00140367,141.477
1,4569.46,0.00977629,240.42
2,4519.4,0.0206247,344.07
3,4479.82,0.0292011,459.296
4,3028.81,0.343643,576.019
5,2162.31,0.531416,712.317
