Iteration,Cost,Cost reduction,time (ms)
0,48.7521,0.362972,212.266
1,27.1501,0.645238,418.895
2,22.0148,0.71234,622.534
3,7.84364,0.89751,827.532
4,4.91397,0.935791,1034.97
5,4.76116,0.937787,1247.12
