Iteration,Cost,Cost reduction,time (ms)
0,107.064,0.328012,189.184
1,88.4175,0.445048,304.381
2,13.4192,0.915774,433.892
3,10.927,0.931417,571.617
4,10.927,0.931417,716.566
5,10.8356,0.93199,799.215
