Iteration,Cost,Cost reduction,time (ms)
0,29.9329,0.437739,559.477
1,20.5795,0.613433,1141.33
2,15.7789,0.703609,1677.23
3,6.98635,0.868768,2241.37
4,6.98635,0.868768,2801.5
5,5.47213,0.897211,2895.4
