Iteration,Cost,Cost reduction,time (ms)
0,65.0513,0.287203,145.511
1,44.4022,0.513465,257.081
2,15.2951,0.832405,377.019
3,15.2951,0.832405,522.584
4,15.2951,0.832405,602.663
5,14.9494,0.836192,683.804
