Iteration,Cost,Cost reduction,time (ms)
0,157.273,0.041632,143.182
1,65.3736,0.601635,254.85
2,60.9146,0.628807,383.004
3,60.9146,0.628807,501.783
4,60.9146,0.628807,580.467
5,60.9146,0.628807,659.455
