Iteration,Cost,Cost reduction,time (ms)
0,29.7988,0.303936,105.818
1,13.4546,0.685717,182.131
2,12.3755,0.710923,257.37
3,4.4531,0.895981,337.063
4,4.4531,0.895981,414.666
5,3.49824,0.918285,470.956
