Iteration,Cost,Cost reduction,time (ms)
0,25.5921,0.372918,186.292
1,17.6189,0.568284,370.078
2,15.6189,0.61729,546.303
3,6.91432,0.830578,724.904
4,6.91432,0.830578,902.056
5,6.91432,0.830578,979.474
