Iteration,Cost,Cost reduction,time (ms)
0,4333.1,0.00149263,178.022
1,4294.46,0.0103968,335.983
2,4244.62,0.0218829,503.142
3,3634.47,0.162482,692.926
4,2099,0.516312,903.372
5,1273.31,0.706581,1106.44
