Iteration,Cost,Cost reduction,time (ms)
0,4284.9,0.00150901,183.582
1,4246.26,0.0105133,344.025
2,4196.42,0.0221266,511.647
3,4138.49,0.0356256,702.746
4,3308.54,0.229026,904.764
5,2586.8,0.39721,1133.79
