Iteration,Cost,Cost reduction,time (ms)
0,25.958,0.374152,582.812
1,13.695,0.669813,1176.05
2,11.0974,0.732441,1695.42
3,8.83889,0.786894,2210.71
4,7.24739,0.825265,2722.81
5,7.11317,0.828501,3253.79
