Iteration,Cost,Cost reduction,time (ms)
0,37.2524,0.193587,535.275
1,29.256,0.366686,1088.79
2,17.8177,0.614296,1649.49
3,9.55913,0.793071,2185.36
4,9.55913,0.793071,2715.65
5,9.55913,0.793071,2812.85
