Iteration,Cost,Cost reduction,time (ms)
0,27.9892,0.370702,104.753
1,27.1618,0.389306,179.374
2,9.82811,0.779029,256.911
3,9.82811,0.779029,335.096
4,9.82811,0.779029,385.264
5,9.82811,0.779029,434.786
