Iteration,Cost,Cost reduction,time (ms)
0,5873.17,0.00110159,178.309
1,5834.53,0.0076735,335.819
2,5784.69,0.0161506,503.71
3,5015.45,0.146981,693.869
4,3006.11,0.488727,909.844
5,1419.85,0.758514,1105.78
