Iteration,Cost,Cost reduction,time (ms)
0,19.4609,0.572535,120.248
1,15.1487,0.667254,204.666
2,13.8552,0.695665,291.151
3,13.6455,0.700272,383.511
4,13.6455,0.700272,464.002
5,13.6455,0.700272,502.192
6,13.6455,0.700272,540.572
