Iteration,Cost,Cost reduction,time (ms)
0,30.5503,0.334293,561.026
1,19.1749,0.582169,1177.51
2,15.3537,0.665436,1782.2
3,12.1187,0.735928,2367.95
4,4.63657,0.898967,2952.39
5,3.31959,0.927664,3570.5
