Iteration,Cost,Cost reduction,time (ms)
0,57.1015,0.60026,168.452
1,38.212,0.732496,523.021
2,21.8387,0.847118,890.174
3,17.2285,0.879392,1299.15
4,16.4513,0.884833,1693.66
5,16.4513,0.884833,2088.97
