Iteration,Cost,Cost reduction,time (ms)
0,38.1663,0.269179,154.14
1,34.0952,0.347135,261.158
2,15.7437,0.698534,379.747
3,9.18396,0.824143,502.794
4,9.18396,0.824143,624.683
5,9.01458,0.827386,704.776
