Iteration,Cost,Cost reduction,time (ms)
0,5873.08,0.00111516,130.57
1,5835.22,0.00755439,227.574
2,5785.88,0.0159455,329.061
3,4775.32,0.18782,437.509
4,4202.92,0.285173,546.565
5,2487.26,0.57697,655.394
