Iteration,Cost,Cost reduction,time (ms)
0,35.6687,0.214745,105.259
1,30.7866,0.322224,181.501
2,30.7866,0.322224,261.082
3,30.7866,0.322224,309.061
4,30.7866,0.322224,360.411
5,30.7866,0.322224,405.8
