Iteration,Cost,Cost reduction,time (ms)
0,4928.96,0.00132877,135.711
1,4891.1,0.00899963,232.899
2,4841.76,0.0189965,333.944
3,3927.87,0.204162,441.668
4,1699.65,0.655629,553.01
5,1657.26,0.664218,658.548
