Iteration,Cost,Cost reduction,time (ms)
0,91.0447,0.41271,148.224
1,67.6111,0.56387,260.061
2,55.8644,0.639643,383.838
3,53.7508,0.653277,508.231
4,40.6982,0.737473,637.36
5,36.9451,0.761683,768.008
