Iteration,Cost,Cost reduction,time (ms)
0,27.3617,0.301524,106.07
1,16.9963,0.566127,184.919
2,11.9847,0.69406,272.488
3,10.1701,0.740382,377.584
4,9.3714,0.760771,505.225
5,8.89211,0.773007,628.081
