Iteration,Cost,Cost reduction,time (ms)
0,127.724,0.305385,155.262
1,111.86,0.391661,261.179
2,81.6878,0.55575,372.19
3,71.474,0.611296,500.217
4,65.3079,0.64483,642.956
5,32.6079,0.822665,808.588
6,23.9311,0.869853,982.129
7,23.9311,0.869853,1153.98
