Iteration,Cost,Cost reduction,time (ms)
0,101.353,0.307863,148.144
1,95.9812,0.344544,251.954
2,78.143,0.466361,357.761
3,46.5447,0.682146,460.999
4,37.4752,0.744082,567.06
5,19.4278,0.867328,674.421
6,19.4278,0.867328,781.143
