Iteration,Cost,Cost reduction,time (ms)
0,46.9091,0.261903,5247.72
1,40.0506,0.36982,10737.1
2,27.3919,0.568999,16263.3
3,23.8962,0.624003,21952.2
4,22.2476,0.649943,27635.4
5,18.5841,0.707587,33385.4
6,15.721,0.752636,39200.7
7,9.42913,0.851636,44989.6
8,8.07167,0.872996,50775.2
9,8.07167,0.872996,56586.8
