Iteration,Cost,Cost reduction,time (ms)
0,127.65,0.178786,226.89
1,102.9,0.33801,447.48
2,8.69039,0.944092,642.862
3,8.07544,0.948048,832.392
4,6.76105,0.956504,1020.63
5,4.87296,0.968651,1222.8
