Iteration,Cost,Cost reduction,time (ms)
0,5662.87,0.00114207,177.294
1,5624.23,0.00795787,335.607
2,5574.4,0.0167478,503.066
3,5305.75,0.0641342,692.815
4,4733.71,0.165034,905.528
5,2207.48,0.610629,1107.42
