Iteration,Cost,Cost reduction,time (ms)
0,29.7928,0.256095,106.574
1,23.013,0.425382,184.656
2,11.3447,0.716731,265.511
3,9.87569,0.753412,361.96
4,9.68966,0.758057,464.58
5,9.55521,0.761414,570.441
