Iteration,Cost,Cost reduction,time (ms)
0,76.2678,0.385875,143.913
1,67.7947,0.454103,251.692
2,23.8302,0.808114,369.157
3,23.1178,0.813851,495.579
4,21.7094,0.825191,623.194
5,8.07866,0.934949,754.131
