Iteration,Cost,Cost reduction,time (ms)
0,46.4143,0.245807,218.455
1,19.9975,0.675057,422.858
2,15.1125,0.754434,618.22
3,6.01473,0.902266,820.146
4,6.01473,0.902266,1010
5,5.62211,0.908645,1091.61
