Iteration,Cost,Cost reduction,time (ms)
0,98.5765,0.297303,222.19
1,53.2019,0.620753,435.829
2,19.4128,0.861617,658.173
3,5.40616,0.961463,876.253
4,5.33595,0.961963,1104.06
5,3.34706,0.976141,1333.67
