Iteration,Cost,Cost reduction,time (ms)
0,27.5325,0.326946,584.676
1,17.7022,0.567256,1123.27
2,12.5801,0.692469,1682.93
3,4.80687,0.882492,2185.32
4,4.42429,0.891845,2684.62
5,4.42429,0.891845,3184.81
