Iteration,Cost,Cost reduction,time (ms)
0,112.994,0.16838,145.568
1,69.0628,0.491707,256.662
2,25.1043,0.815235,381.226
3,23.3185,0.828379,503.327
4,23.1315,0.829755,622.375
5,22.895,0.831496,741.865
