Iteration,Cost,Cost reduction,time (ms)
0,125.696,0.268963,580.291
1,43.3564,0.747843,1141.2
2,42.7162,0.751566,1713.91
3,33.6506,0.804291,2274.6
4,33.6506,0.804291,2842.99
5,33.3613,0.805974,2937.05
