Iteration,Cost,Cost reduction,time (ms)
0,36.745,0.0973518,532.403
1,18.2583,0.551481,1047.77
2,10.2988,0.747008,1606.87
3,5.97927,0.853118,2130.46
4,5.29876,0.869835,2664.26
5,5.29876,0.869835,3202.64
