Iteration,Cost,Cost reduction,time (ms)
0,24.0345,0.413165,574.031
1,14.8741,0.636827,1115.14
2,14.8741,0.636827,1642.89
3,11.9207,0.708939,1735.13
4,9.11682,0.7774,2242.68
5,9.11682,0.7774,2761.87
