Iteration,Cost,Cost reduction,time (ms)
0,92.2929,0.0168433,706.776
1,88.5024,0.0572225,1375.81
2,88.5024,0.0572225,2041.01
3,88.5024,0.0572225,2325.14
4,88.5024,0.0572225,2608.57
5,88.5024,0.0572225,2892.35
6,88.5024,0.0572225,3175.34
