Iteration,Cost,Cost reduction,time (ms)
0,30.8554,0.330634,603.142
1,15.9695,0.653563,1218.19
2,10.6421,0.769135,1821.71
3,9.92155,0.784766,2377.48
4,8.00248,0.826397,2926.98
5,5.68387,0.876696,3472.6
