Iteration,Cost,Cost reduction,time (ms)
0,118.982,0.281927,142.823
1,105.047,0.366025,255.58
2,52.3626,0.683985,370.411
3,43.0449,0.740219,498.823
4,43.0449,0.740219,621.835
5,43.0449,0.740219,714.212
