Iteration,Cost,Cost reduction,time (ms)
0,5366.53,0.00120577,136.941
1,5327.89,0.00839608,234.263
2,5277.83,0.0177136,338.571
3,4347.91,0.190786,458.604
4,3228.71,0.399086,571.629
5,2309.45,0.570175,729.254
