Iteration,Cost,Cost reduction,time (ms)
0,5562.87,0.00116283,410.383
1,5524.23,0.00810094,806.243
2,5474.39,0.0170498,1202.3
3,5371.21,0.0355753,1702.71
4,3251.72,0.41614,2203.87
5,2896.31,0.479955,2952.45
