Iteration,Cost,Cost reduction,time (ms)
0,123.212,0.244294,152.375
1,123.212,0.244294,263.349
2,123.212,0.244294,341.857
3,123.2,0.244368,425.236
4,107.02,0.343604,545.69
5,73.808,0.547307,689.939
