Iteration,Cost,Cost reduction,time (ms)
0,27.2973,0.318265,107.643
1,12.0437,0.699215,184.785
2,10.6618,0.733728,261.092
3,10.6618,0.733728,334.752
4,10.197,0.745335,390.385
5,10.197,0.745335,470.265
