Iteration,Cost,Cost reduction,time (ms)
0,4665.24,0.00138612,413.283
1,4626.6,0.00965737,810.765
2,4576.77,0.0203249,1207.03
3,4537.29,0.0287744,1709.45
4,3089.53,0.338673,2247.7
5,2806.73,0.399209,3040.68
