Iteration,Cost,Cost reduction,time (ms)
0,5113.8,0.00126522,142.464
1,5075.16,0.00881022,241.037
2,5025.27,0.018554,345.98
3,5010.01,0.0215341,468.148
4,3585.56,0.299732,605.247
5,3585.56,0.299732,747.697
