Iteration,Cost,Cost reduction,time (ms)
0,26.6398,0.320647,188.19
1,26.0959,0.334516,374.963
2,18.5911,0.525901,553.186
3,17.8365,0.545144,725.445
4,17.8365,0.545144,892.207
5,14.0465,0.641794,960.759
