Iteration,Cost,Cost reduction,time (ms)
0,4463.39,0.00144899,180.201
1,4424.75,0.0100937,340.005
2,4374.91,0.0212443,505.074
3,3712.18,0.16951,695.658
4,1548.95,0.653469,911.36
5,1241.52,0.722248,1108.83
