Iteration,Cost,Cost reduction,time (ms)
0,5488.61,0.00117866,159.772
1,5449.97,0.00820945,259.728
2,5399.91,0.0173186,363.869
3,5064.95,0.0782755,481.419
4,4071.7,0.259029,598.196
5,3485.54,0.365698,761.438
