Iteration,Cost,Cost reduction,time (ms)
0,73.918,0.207625,149.076
1,45.5275,0.511961,259.292
2,39.1393,0.580441,376.992
3,21.04,0.774459,497.024
4,10.5808,0.886577,636.092
5,10.3687,0.888851,813.973
