Iteration,Cost,Cost reduction,time (ms)
0,20.042,0.823482,702.623
1,11.4286,0.899344,1157.68
2,11.4286,0.899344,1608.62
3,11.4286,0.899344,1670.23
4,11.4286,0.899344,1731.3
5,11.4286,0.899344,1792.3
6,11.4286,0.899344,1852.87
