Iteration,Cost,Cost reduction,time (ms)
0,122.514,0.289407,145.355
1,94.4159,0.45238,253.862
2,71.0028,0.588178,366.865
3,68.4322,0.603087,478.091
4,24.7457,0.856473,598.144
5,24.7457,0.856473,724.821
