Iteration,Cost,Cost reduction,time (ms)
0,5775.58,0.00111969,360.73
1,5736.94,0.00780268,687.339
2,5687.11,0.0164204,1016.49
3,5359.98,0.0729976,1439.72
4,3834.61,0.336809,1911.95
5,3053.25,0.471943,2372.65
