Iteration,Cost,Cost reduction,time (ms)
0,30.889,0.326907,104.14
1,14.4937,0.684172,180.032
2,13.2386,0.711522,257.428
3,13.2386,0.711522,333.064
4,10.6406,0.768134,389.746
5,10.6406,0.768134,470.254
