Iteration,Cost,Cost reduction,time (ms)
0,5793.65,0.00111628,180.696
1,5755.01,0.00777842,339.556
2,5705.18,0.0163697,506.945
3,5308.49,0.0847627,696.745
4,4823.75,0.168336,902.196
5,1886.06,0.674824,1101.04
