Iteration,Cost,Cost reduction,time (ms)
0,6.35631,0.911866,148.946
1,6.35631,0.911866,263.044
2,6.35631,0.911866,348.451
3,6.35631,0.911866,431.041
4,5.70596,0.920884,521.879
5,4.03419,0.944064,629.762
6,1.9639,0.972769,750.677
7,1.9639,0.972769,841.681
