Iteration,Cost,Cost reduction,time (ms)
0,33.9322,0.269611,521.948
1,16.6619,0.641353,1082.91
2,10.8254,0.766983,1626.77
3,8.74026,0.811867,2176.82
4,7.14204,0.846268,2738.4
5,7.14204,0.846268,3308.41
