Iteration,Cost,Cost reduction,time (ms)
0,5392.27,0.00121454,130.904
1,5354.41,0.0082272,229.777
2,5305.07,0.0173664,332.406
3,4342.21,0.195713,439.861
4,3781.67,0.299538,548.058
5,1684.86,0.687921,657.206
