Iteration,Cost,Cost reduction,time (ms)
0,32.4041,0.297654,108.356
1,16.4339,0.643801,185.254
2,16.4339,0.643801,254.402
3,12.0827,0.738113,306.419
4,11.9456,0.741082,385.124
5,11.8473,0.743213,465.317
