Iteration,Cost,Cost reduction,time (ms)
0,32.6063,0.318691,123.507
1,17.9219,0.625521,204.053
2,16.1237,0.663094,294.227
3,13.7682,0.712313,394.233
4,9.43399,0.802876,507.439
5,4.71743,0.901429,633.528
