Iteration,Cost,Cost reduction,time (ms)
0,64.3323,0.289755,227.442
1,27.1808,0.699917,452.829
2,17.6162,0.805512,658.187
3,9.85433,0.891206,859.302
4,6.41741,0.92915,1059.67
5,6.41741,0.92915,1260.48
