Iteration,Cost,Cost reduction,time (ms)
0,23.0444,0.498044,119.787
1,7.95368,0.826752,232.016
2,7.95368,0.826752,297.716
3,7.95368,0.826752,335.861
4,7.95368,0.826752,374.017
5,7.95368,0.826752,412.379
6,7.95368,0.826752,450.658
