Iteration,Cost,Cost reduction,time (ms)
0,4552.19,0.00143832,132.439
1,4514.33,0.00974328,228.459
2,4464.99,0.0205659,329.548
3,3591.49,0.212177,437.933
4,3100.32,0.319919,546.167
5,2457.37,0.460955,655.826
