Iteration,Cost,Cost reduction,time (ms)
0,31.8768,0.327206,109.813
1,23.6371,0.501114,188.572
2,11.9414,0.747963,279.003
3,7.20019,0.848032,399.749
4,4.56206,0.903713,535.54
5,4.34821,0.908226,665.698
