Iteration,Cost,Cost reduction,time (ms)
0,25.8527,0.376525,102.893
1,25.8527,0.376525,330.189
2,25.8527,0.376525,528.894
3,25.8527,0.376525,726.609
4,25.8527,0.376525,924.872
5,25.8527,0.376525,1124.61
6,25.8527,0.376525,1322.04
