Iteration,Cost,Cost reduction,time (ms)
0,4.741821836846443,0.0,40.16757011413574
1,4.398444596221395,0.07241462299507462,222.57137298583984
