Iteration,Cost,Cost reduction,time (ms)
0,20.1929,0.494466,129.447
1,18.3055,0.541719,227.713
2,18.3055,0.541719,325.839
3,18.3055,0.541719,368.994
4,18.3055,0.541719,412.549
5,18.3055,0.541719,455.383
6,16.7585,0.580447,502.124
7,13.2843,0.667424,758.185
8,13.2843,0.667424,854.766
