Iteration,Cost,Cost reduction,time (ms)
0,140.585,0.203514,201.054
1,40.7422,0.769175,400.336
2,23.1614,0.868779,620.781
3,18.6368,0.894413,842.399
4,17.496,0.900876,1064.76
5,16.4055,0.907054,1285.05
