Iteration,Cost,Cost reduction,time (ms)
0,27.3512,0.0333756,29.475
1,27.3512,0.0333756,54.64
2,17.1788,0.392881,59.817
3,9.55329,0.662375,81.645
4,6.70225,0.763134,102.469
5,5.987,0.788412,121.627
6,4.3816,0.845149,141.59
7,4.06358,0.856388,163.736
8,3.87668,0.862993,184.354
9,3.39488,0.880021,204.404
