Iteration,Cost,Cost reduction,time (ms)
0,26.3134,0.342837,113.119
1,11.6761,0.708395,195.573
2,10.4003,0.740259,284.281
3,9.73009,0.756996,379.156
4,7.69461,0.807832,473.355
5,6.56251,0.836105,570.191
