Iteration,Cost,Cost reduction,time (ms)
0,32.2685,0.290491,330.524
1,23.6234,0.480575,631.108
2,23.6234,0.480575,821.371
3,23.6234,0.480575,914.284
4,23.6234,0.480575,1004.28
5,23.6234,0.480575,1070.52
6,22.864,0.497274,1117.18
7,22.6922,0.501052,1289.31
