Iteration,Cost,Cost reduction,time (ms)
0,54.9114,0.66496,25.292
1,17.3929,0.893878,37.114
2,13.0976,0.920085,51.21
3,10.6504,0.935017,66.916
4,8.93754,0.945468,84.275
5,7.89066,0.951856,100.413
6,7.32117,0.95533,115.527
7,7.32117,0.95533,129.848
