Iteration,Cost,Cost reduction,time (ms)
0,13.2397,0.909586,170.736
1,7.93481,0.945813,275.135
2,7.93481,0.945813,377.367
3,7.93481,0.945813,440.168
4,7.93481,0.945813,503.005
5,7.93481,0.945813,566.058
6,7.93481,0.945813,628.367
