Iteration,Cost,Cost reduction,time (ms)
0,5113.8,0.00126479,151.189
1,5075.16,0.00881055,251.189
2,5025.11,0.0185862,355.784
3,5000.73,0.0233481,472.649
4,3432.67,0.329592,588.547
5,3194,0.376205,747.061
