Iteration,Cost,Cost reduction,time (ms)
0,175.453,0.803282,16.994
1,85.4764,0.904164,42.492
2,85.4764,0.904164,50.741
3,85.4764,0.904164,57.525
4,85.4764,0.904164,63.666
5,45.3835,0.949116,71.89
6,30.8142,0.965451,80.627
7,30.8142,0.965451,88.098
