Iteration,Cost,Cost reduction,time (ms)
0,1039.8123470215326,0.0,3141.993284225464
1,804.9877195360358,0.22583365946570544,8193.210124969482
