Iteration,Cost,Cost reduction,time (ms)
0,5666.02,0.00114139,176.242
1,5627.38,0.00795344,333.673
2,5577.54,0.0167381,501.348
3,5184.74,0.0859855,692.327
4,4687.18,0.1737,898.298
5,2533.76,0.553325,1099.19
