Iteration,Cost,Cost reduction,time (ms)
0,56.435,0.305361,206.295
1,18.5996,0.771064,402.857
2,8.15494,0.899624,615.075
3,7.97518,0.901836,821.74
4,6.3039,0.922408,1022.54
5,6.3039,0.922408,1218.38
