Iteration,Cost,Cost reduction,time (ms)
0,43.6148,0.294875,203.404
1,33.3461,0.46089,401.406
2,18.3409,0.703481,610.602
3,15.6583,0.746851,815.609
4,14.3777,0.767554,1024.25
5,12.4128,0.799321,1230.54
