Iteration,Cost,Cost reduction,time (ms)
0,65.2721,0.010347,685.01
1,5.94381,0.90988,1349.93
2,5.40604,0.918034,1859.66
3,3.76701,0.942885,2368.37
4,3.53247,0.946441,2872.38
5,3.51549,0.946698,3423.25
6,3.51549,0.946698,4141.89
