Iteration,Cost,Cost reduction,time (ms)
0,86.7985,0.298578,151.045
1,62.0004,0.498972,257.591
2,55.8855,0.548387,370.093
3,48.2585,0.610021,484.444
4,41.7522,0.662599,598.391
5,26.6967,0.784263,716.389
