Iteration,Cost,Cost reduction,time (ms)
0,5343.03,0.00122555,132.252
1,5305.17,0.00830284,229.37
2,5255.83,0.0175251,330.947
3,4311.56,0.194038,439.42
4,3893.92,0.272107,550.758
5,3269.85,0.388766,664.177
