Iteration,Cost,Cost reduction,time (ms)
0,5775.59,0.00112017,141.663
1,5736.96,0.00780183,239.941
2,5686.9,0.0164586,343.998
3,5362.56,0.0725535,464.042
4,4628.16,0.199567,580.774
5,2736.66,0.526698,782.848
