Iteration,Cost,Cost reduction,time (ms)
0,32.18,0.449492,145.105
1,21.2594,0.636313,257.212
2,21.2594,0.636313,367.882
3,21.2594,0.636313,448.009
4,21.2594,0.636313,528.694
5,21.2594,0.636313,610.373
