Iteration,Cost,Cost reduction,time (ms)
0,4336.02,0.00149131,138.908
1,4297.38,0.0103886,236.857
2,4247.33,0.0219152,340.049
3,4224.93,0.0270722,457.443
4,2789.25,0.357684,573.986
5,2170.95,0.500069,729.299
