Iteration,Cost,Cost reduction,time (ms)
0,38.9951,0.138644,603.292
1,15.7371,0.652385,1209.14
2,13.9633,0.691566,1786.79
3,11.2993,0.750412,2357.05
4,7.14377,0.842202,2927.01
5,6.97912,0.845839,3458.03
