Iteration,Cost,Cost reduction,time (ms)
0,34.3254,0.460561,143.2
1,33.3543,0.475822,253.369
2,23.492,0.630812,363.92
3,16.7391,0.736938,474.653
4,10.5454,0.834274,584.774
5,6.71599,0.894455,702.013
