Iteration,Cost,Cost reduction,time (ms)
0,4615.77,0.00140111,140.792
1,4577.13,0.00975977,238.835
2,4527.08,0.0205888,343.135
3,4235.08,0.0837597,460.485
4,3337.55,0.277936,577.394
5,2160.93,0.532493,752.177
