Iteration,Cost,Cost reduction,time (ms)
0,5562.87,0.00116291,412.077
1,5524.23,0.00810099,808.431
2,5474.39,0.0170502,1205.92
3,4734.78,0.14985,1705.61
4,2033.87,0.634811,2337.97
5,1281.83,0.769841,2880.13
