Iteration,Cost,Cost reduction,time (ms)
0,102.333,0.360212,207.505
1,80.7103,0.495397,409.462
2,65.0918,0.593045,622.383
3,60.3575,0.622644,840.149
4,24.2863,0.848161,1073.73
5,21.4168,0.866101,1287.22
