Iteration,Cost,Cost reduction,time (ms)
0,4179.5,0.00154737,413.438
1,4140.86,0.0107783,810.254
2,4091.02,0.0226855,1206.95
3,4076.64,0.0261192,1708
4,2498.14,0.403211,2208.08
5,1281.4,0.693882,3027.96
