Iteration,Cost,Cost reduction,time (ms)
0,4970.49,0.0013173,126.409
1,4932.63,0.00892433,218.127
2,4883.29,0.0188371,310.607
3,3969.83,0.202372,406.252
4,3580.99,0.280499,504.304
5,3000.9,0.397051,604.809
6,2045.63,0.588986,703.928
7,2045.63,0.588986,798.504
