Iteration,Cost,Cost reduction,time (ms)
0,38.9285,0.363254,529.984
1,25.9734,0.575159,1092.77
2,10.1521,0.833944,1642.1
3,9.65978,0.841997,2199.89
4,7.23732,0.88162,2758.16
5,7.23732,0.88162,3295.16
