Iteration,Cost,Cost reduction,time (ms)
0,35.285,0.243769,596.93
1,26.8367,0.424833,1155.51
2,11.5919,0.751562,1708.21
3,8.14009,0.825541,2271.07
4,5.23922,0.887712,2817.78
5,5.03085,0.892178,3350.46
