Iteration,Cost,Cost reduction,time (ms)
0,69.3714,0,93.553
1,28.467,0.589644,140.342
2,28.467,0.589644,227.149
3,26.8633,0.61276,272.965
4,26.8633,0.61276,321.01
5,26.821,0.61337,352.9
6,20.8176,0.699911,398.425
7,19.1307,0.724228,500.391
8,18.1673,0.738116,564.49
9,17.0844,0.753726,624.202
