Iteration,Cost,Cost reduction,time (ms)
0,37.0895,0.393741,529.639
1,23.8471,0.6102,1087.64
2,15.1632,0.752145,1645.47
3,7.71863,0.873833,2215.85
4,7.71863,0.873833,2789.44
5,7.71863,0.873833,2885.14
