Iteration,Cost,Cost reduction,time (ms)
0,65.6769,0.421389,152.262
1,8.09442,0.928689,254.806
2,6.54424,0.942346,374.927
3,4.2519,0.962541,498.498
4,4.2519,0.962541,637.782
5,4.2519,0.962541,721.831
