Iteration,Cost,Cost reduction,time (ms)
0,56.1483,0.00288827,143.319
1,4.8996,0.91299,246.559
2,4.79424,0.914861,351.751
3,4.62986,0.917781,452.607
4,3.99758,0.929009,554.872
5,3.99758,0.929009,656.553
