Iteration,Cost,Cost reduction,time (ms)
0,158.99,0.0307539,143.177
1,72.0065,0.56103,245.877
2,66.5187,0.594485,358.344
3,66.5187,0.594485,463.16
4,63.2746,0.614261,540.3
5,33.7273,0.794389,649.995
