Iteration,Cost,Cost reduction,time (ms)
0,4456.83,0.00145144,163.83
1,4418.19,0.0101075,265.978
2,4368.3,0.0212866,370.953
3,4052.94,0.0919421,492.65
4,2601.25,0.417192,623.076
5,1565.75,0.649196,766.673
