Iteration,Cost,Cost reduction,time (ms)
0,67.4889,0.290077,582.774
1,45.3802,0.522641,1143.15
2,35.5903,0.625622,1663.36
3,35.5903,0.625622,2209.52
4,32.0717,0.662635,2293.86
5,32.0717,0.662635,2855.42
