Iteration,Cost,Cost reduction,time (ms)
0,112.02,0.294936,581.696
1,92.1253,0.420153,1129.96
2,51.4066,0.676441,1697.47
3,51.4066,0.676441,2246.57
4,41.1761,0.740833,2336.66
5,41.1761,0.740833,2880.11
