Iteration,Cost,Cost reduction,time (ms)
0,93.8459,0.327463,148.917
1,61.8859,0.556501,255.608
2,56.2186,0.597115,364.704
3,10.5499,0.924395,480.443
4,6.5684,0.952928,596.117
5,6.42816,0.953933,710.12
