Iteration,Cost,Cost reduction,time (ms)
0,4333.09,0.00149301,141.275
1,4294.46,0.0103953,239.794
2,4244.4,0.0219317,343.493
3,3911.42,0.0986608,462.105
4,2180.94,0.497431,573.881
5,1154.3,0.734007,684.208
