Iteration,Cost,Cost reduction,time (ms)
0,4999.08,0.00131018,132.154
1,4961.22,0.00887358,228.538
2,4911.88,0.0187305,329.855
3,3978.77,0.205142,437.712
4,1646.79,0.671012,547.805
5,1634.35,0.673499,653.803
