Iteration,Cost,Cost reduction,time (ms)
0,4754.99,0.00136037,413.465
1,4716.35,0.0094756,810.116
2,4666.51,0.019944,1207.76
3,4517.54,0.0512298,1707.53
4,3542.74,0.255956,2258.75
5,1858.72,0.609633,2767.18
