Iteration,Cost,Cost reduction,time (ms)
0,4463.37,0.00144907,137.223
1,4424.74,0.0100921,234.494
2,4374.68,0.0212903,337.836
3,4353.32,0.0260702,450.186
4,2689.73,0.398251,566.573
5,2171,0.514301,727.173
