Iteration,Cost,Cost reduction,time (ms)
0,29.1536,0.305077,110.713
1,27.1897,0.351889,189.363
2,25.9277,0.381971,271.837
3,25.9277,0.381971,352.16
4,22.7864,0.45685,407.691
5,20.2997,0.516124,496.598
