Iteration,Cost,Cost reduction,time (ms)
0,4920.7,0.00131439,177.427
1,4882.05,0.00915676,334.296
2,4832.22,0.0192719,502.403
3,4136.24,0.160525,693.147
4,2067.82,0.580324,907.324
5,1797.73,0.63514,1103.95
