Iteration,Cost,Cost reduction,time (ms)
0,23.171,0.00340393,59.87
1,23.171,0.00340393,80.418
2,11.7563,0.494356,89.084
3,11.7563,0.494356,98.956
4,6.7214,0.71091,105.56
5,3.87827,0.833194,111.538
6,3.87827,0.833194,123.482
