Iteration,Cost,Cost reduction,time (ms)
0,29.598,0.346871,105.389
1,20.4286,0.549208,179.074
2,20.4286,0.549208,251.357
3,17.3089,0.61805,302.25
4,10.802,0.761635,380.305
5,10.1104,0.776897,459.5
