Iteration,Cost,Cost reduction,time (ms)
0,49.3864,0.235389,157.103
1,29.5826,0.541996,272.869
2,29.5826,0.541996,392.748
3,29.5357,0.542721,477.129
4,29.5357,0.542721,596.293
5,29.5357,0.542721,678.762
