Iteration,Cost,Cost reduction,time (ms)
0,21.62,0.655178,15.114
1,21.62,0.655178,25.537
2,21.2976,0.66032,30.363
3,20.8345,0.667706,41.063
4,20.8345,0.667706,50.912
