Iteration,Cost,Cost reduction,time (ms)
0,4373.06,0.00149693,131.529
1,4335.2,0.0101417,228.106
2,4285.87,0.0214058,329.603
3,3442.85,0.213893,437.977
4,3106.17,0.290767,551.429
5,2632.67,0.398881,664.662
