Iteration,Cost,Cost reduction,time (ms)
0,5562.88,0.00116313,153.38
1,5524.24,0.00810021,252.684
2,5474.35,0.0170587,357.027
3,5401.4,0.0301579,478.002
4,4212.57,0.243617,605.376
5,4202.79,0.245373,743.055
