Iteration,Cost,Cost reduction,time (ms)
0,128.343,0.0311315,148.149
1,50.5649,0.618282,257.885
2,45.6092,0.655693,380.776
3,44.2321,0.666089,509.253
4,44.2321,0.666089,631.105
5,36.5883,0.723793,720.302
