Iteration,Cost,Cost reduction,time (ms)
0,80.9351,0.380985,147.215
1,80.9351,0.380985,257.836
2,80.9351,0.380985,342.882
3,80.9351,0.380985,430.046
4,80.9351,0.380985,517.123
5,80.9351,0.380985,606.66
