Iteration,Cost,Cost reduction,time (ms)
0,26.0221,0.328908,108.824
1,14.0204,0.638425,187.527
2,12.879,0.667859,277.437
3,10.7185,0.723577,388.539
4,9.13977,0.764292,504.022
5,8.34756,0.784722,623.87
