Iteration,Cost,Cost reduction,time (ms)
0,91.9141,0.408244,550.013
1,68.1526,0.561223,1055.74
2,61.9599,0.601093,1585.63
3,51.5013,0.668427,2118.9
4,49.0295,0.684341,2685.95
5,36.055,0.767873,3270.73
