Iteration,Cost,Cost reduction,time (ms)
0,26.4532,0.273689,115.822
1,23.767,0.347444,191.945
2,12.7718,0.649333,274.821
3,12.7718,0.649333,356.356
4,9.5694,0.737258,409.71
5,9.5694,0.737258,492.769
