Iteration,Cost,Cost reduction,time (ms)
0,20.3022,0.456062,180.488
1,12.5659,0.663333,344.222
2,12.5659,0.663333,508.081
3,11.1504,0.701257,568.801
4,7.96776,0.786527,735.549
5,7.96776,0.786527,910.043
