Iteration,Cost,Cost reduction,time (ms)
0,27.771,0.367406,550.877
1,27.771,0.367406,1094.56
2,27.771,0.367406,1177.05
3,27.771,0.367406,1239.13
4,27.771,0.367406,1287.54
5,27.771,0.367406,1334.47
