Iteration,Cost,Cost reduction,time (ms)
0,113.798,0.344955,212.03
1,82.5275,0.524954,419.625
2,82.5275,0.524954,628.92
3,82.5275,0.524954,708.782
4,82.0576,0.527659,789.377
