Iteration,Cost,Cost reduction,time (ms)
0,4199.82,0.0015394,414.356
1,4161.18,0.0107259,810.065
2,4111.34,0.0225733,1208.88
3,4096.26,0.0261585,1713
4,2611.28,0.379198,2204.18
5,1510.47,0.640902,3049.29
