Iteration,Cost,Cost reduction,time (ms)
0,1.58078,0.782908,17.811
1,0.473686,0.934948,30.498
2,0.203206,0.972093,42.898
3,0.180815,0.975168,55.353
4,0.173382,0.976189,67.987
5,0.166434,0.977143,80.099
6,0.164282,0.977439,92.452
7,0.162181,0.977727,104.545
8,0.160641,0.977939,116.245
