Iteration,Cost,Cost reduction,time (ms)
0,31.2669,0.303553,580.893
1,15.0926,0.663822,1177.11
2,8.01801,0.821405,1736.67
3,7.64656,0.829678,2267.97
4,4.84537,0.892073,2816.38
5,4.63653,0.896725,3376.58
