Iteration,Cost,Cost reduction,time (ms)
0,29.5315,0.431009,565.157
1,7.77417,0.850213,1137.7
2,7.77417,0.850213,1679.53
3,7.77417,0.850213,1771.34
4,7.77417,0.850213,1846.51
5,7.77417,0.850213,1924.16
