Iteration,Cost,Cost reduction,time (ms)
0,31.5947,0.314596,104.339
1,13.9889,0.69653,179.252
2,13.9889,0.69653,250.249
3,13.9889,0.69653,300.305
4,13.9889,0.69653,350.976
5,13.9889,0.69653,402.613
