Iteration,Cost,Cost reduction,time (ms)
0,68.7862,0.398634,19.412
1,30.3286,0.734851,29.516
2,13.6221,0.880908,42.062
3,9.58888,0.916169,54.855
4,9.43302,0.917532,67.171
5,9.30768,0.918627,78.669
6,9.25424,0.919095,91.391
