Iteration,Cost,Cost reduction,time (ms)
0,5387.25,0.00120093,158.361
1,5348.61,0.00836406,260.508
2,5298.55,0.0176455,364.776
3,4899.44,0.0916407,482.828
4,4179.24,0.225166,599.352
5,2163.22,0.598938,712.335
