Iteration,Cost,Cost reduction,time (ms)
0,62.8745,0.307818,543.356
1,34.0552,0.625089,1104.06
2,10.2321,0.887356,1632.48
3,10.2321,0.887356,2153.43
4,9.66369,0.893613,2245.14
5,4.74515,0.947761,2786.29
