Iteration,Cost,Cost reduction,time (ms)
0,124.653,0.288843,144.754
1,102.865,0.413146,252.207
2,57.4364,0.672321,366.371
3,47.0756,0.73143,487.688
4,27.2007,0.844818,609.758
5,18.5602,0.894112,734.692
