Iteration,Cost,Cost reduction,time (ms)
0,69.1029,0.383256,577.276
1,53.5488,0.522076,1157.49
2,53.5488,0.522076,1664.64
3,50.333,0.550777,1754.47
4,50.333,0.550777,2258.79
5,49.2708,0.560257,2340.86
