Iteration,Cost,Cost reduction,time (ms)
0,5871.93,0.00111538,132.27
1,5834.07,0.00755586,228.915
2,5784.74,0.0159487,331.304
3,4774.21,0.187851,439.261
4,4213.78,0.283187,548.115
5,2336.01,0.602617,657.592
