Iteration,Cost,Cost reduction,time (ms)
0,4980.48,0.0012985,416.185
1,4941.84,0.00904691,815.132
2,4892,0.0190402,1211.65
3,4852.43,0.0269749,1717.01
4,3290.09,0.34026,2258.69
5,2887.77,0.420935,3047.05
