Iteration,Cost,Cost reduction,time (ms)
0,26.9798,0.388528,543.886
1,16.8298,0.618569,1070.71
2,14.1497,0.679311,1582.23
3,12.8237,0.709362,2088.36
4,12.8237,0.709362,2587.98
5,12.8237,0.709362,2679.01
