Iteration,Cost,Cost reduction,time (ms)
0,29.0105,0.340305,590.559
1,10.9122,0.751858,1192.76
2,10.3563,0.764499,1779.89
3,9.7852,0.777486,2367.91
4,9.25964,0.789437,2960.03
5,8.65894,0.803097,3550.86
