Iteration,Cost,Cost reduction,time (ms)
0,5621.81,0.00116481,130.907
1,5583.95,0.00789156,227.11
2,5534.62,0.0166566,328.309
3,4560.35,0.189756,436.064
4,4185.28,0.256396,548.531
5,3214.46,0.428882,661.508
