Iteration,Cost,Cost reduction,time (ms)
0,4439.6,0.00145707,143.945
1,4400.96,0.0101462,240.476
2,4351.07,0.0213676,344.009
3,4336.04,0.0247497,465.896
4,3076.5,0.308041,602.155
5,1733.23,0.610166,753.332
