Iteration,Cost,Cost reduction,time (ms)
0,23.6589,0.40987,103.343
1,17.5297,0.562753,174.024
2,17.5297,0.562753,243.685
3,17.5297,0.562753,291.474
4,17.5297,0.562753,339.615
5,17.5297,0.562753,388.671
