Iteration,Cost,Cost reduction,time (ms)
0,102.428,0.178258,576.026
1,30.9458,0.751734,1140.52
2,13.9092,0.888412,1734.61
3,7.98725,0.935921,2298.25
4,7.98725,0.935921,2880.29
5,7.98725,0.935921,2971.09
