Iteration,Cost,Cost reduction,time (ms)
0,4583.04,0.00142885,133.328
1,4545.18,0.00967789,229.839
2,4495.84,0.0204284,331.037
3,3614.05,0.212556,439.577
4,2580.19,0.437818,549.186
5,2337.8,0.49063,654.784
