Iteration,Cost,Cost reduction,time (ms)
0,4456.8,0.00145077,179.116
1,4418.16,0.0101083,337.717
2,4368.33,0.0212736,506.824
3,4313.32,0.0335975,698.196
4,3187.34,0.285875,899.798
5,1397.22,0.686952,1125.58
