Iteration,Cost,Cost reduction,time (ms)
0,24.8284,0.452217,107.015
1,18.9461,0.581996,181.074
2,17.5593,0.612593,262.845
3,11.1646,0.753678,346.814
4,8.89318,0.803792,441.573
5,8.89318,0.803792,533.461
