Iteration,Cost,Cost reduction,time (ms)
0,26.828,0.317818,106.69
1,22.9651,0.416042,182.96
2,20.9037,0.46846,258.314
3,20.4033,0.481185,336.056
4,19.4459,0.50553,415.288
5,18.3603,0.533134,497.009
