Iteration,Cost,Cost reduction,time (ms)
0,114.652,0.238306,158.928
1,55.4838,0.631392,283.193
2,48.4095,0.67839,411.833
3,22.297,0.851869,550.979
4,19.7475,0.868807,690.406
5,16.6807,0.889182,834.013
