Iteration,Cost,Cost reduction,time (ms)
0,5366.51,0.00120514,413.112
1,5327.87,0.00839687,810.683
2,5278.03,0.0176717,1207.1
3,5262.3,0.0206002,1710.28
4,3657.14,0.319347,2201.73
5,2077.06,0.613426,3086.32
