Iteration,Cost,Cost reduction,time (ms)
0,115.093,0.0271166,140.827
1,58.3823,0.506493,240.018
2,58.3823,0.506493,347.932
3,58.3823,0.506493,419.918
4,58.3823,0.506493,492.574
5,58.3823,0.506493,566.42
