Iteration,Cost,Cost reduction,time (ms)
0,96.0102,0.257014,169.27
1,80.0051,0.380872,279.995
2,80.0051,0.380872,380.659
3,80.0051,0.380872,446.263
4,80.0051,0.380872,512.416
5,80.0051,0.380872,578.26
6,80.0051,0.380872,642.048
