Iteration,Cost,Cost reduction,time (ms)
0,41.2914,0.0515705,534.749
1,18.1298,0.583574,1070.36
2,9.92141,0.772113,1605.15
3,8.42334,0.806523,2146.86
4,6.09364,0.860034,2700.71
5,5.2678,0.879003,3215.76
