Iteration,Cost,Cost reduction,time (ms)
0,5872.02,0.00110222,137.408
1,5833.39,0.00767399,235.882
2,5783.33,0.0161906,338.547
3,4835.22,0.177475,458.021
4,4120.24,0.2991,570.087
5,2706.82,0.53954,716.517
