Iteration,Cost,Cost reduction,time (ms)
0,94.6545,0.320292,146.212
1,27.6144,0.801703,249.274
2,25.3266,0.818131,363.216
3,14.2584,0.897611,476.244
4,14.1987,0.89804,585.189
5,14.1987,0.89804,698.825
