Iteration,Cost,Cost reduction,time (ms)
0,4498.33,0.00143779,159.915
1,4459.69,0.0100142,260.811
2,4409.64,0.0211261,365.307
3,4317.52,0.0415756,481.802
4,2995.86,0.334963,592.151
5,641.471,0.857603,706.471
