Iteration,Cost,Cost reduction,time (ms)
0,4794.91,0.00134868,151.577
1,4756.28,0.00939563,251.414
2,4706.23,0.01982,355.601
3,4683.44,0.024565,473.449
4,3079.52,0.358619,589.107
5,2806.98,0.415381,767.905
