Iteration,Cost,Cost reduction,time (ms)
0,4776.84,0.00137083,132.019
1,4738.98,0.00928573,229.401
2,4689.64,0.0196007,330.665
3,3794.51,0.206734,438.16
4,3273.83,0.315586,545.929
5,2815.37,0.411428,655.347
