Iteration,Cost,Cost reduction,time (ms)
0,4942.78,0.00130884,133.045
1,4904.15,0.00911458,230.489
2,4854.09,0.0192285,333.448
3,4720.6,0.0462012,447.368
4,3229.17,0.347544,558.709
5,1001.36,0.797676,671.649
6,1001.36,0.797676,782.033
