Iteration,Cost,Cost reduction,time (ms)
0,5387.23,0.00120101,138.68
1,5348.6,0.00836354,238.631
2,5298.71,0.0176131,343.763
3,5280.61,0.0209684,466.947
4,3606.86,0.331283,599.283
5,2514.6,0.53379,761.224
