Iteration,Cost,Cost reduction,time (ms)
0,101.998,0.349746,144.036
1,61.3412,0.608942,253.459
2,25.2305,0.839152,378.452
3,23.2118,0.852021,509.879
4,23.2118,0.852021,639.634
5,21.9893,0.859815,737.761
