Iteration,Cost,Cost reduction,time (ms)
0,4665.26,0.001387,134.455
1,4626.63,0.00965631,233.304
2,4576.56,0.0203731,335.94
3,4553.93,0.0252179,450.739
4,3611.6,0.226925,565.434
5,1972.39,0.577804,719.041
