Iteration,Cost,Cost reduction,time (ms)
0,5041.33,0.00129887,131.355
1,5003.47,0.00879911,227.107
2,4954.14,0.0185725,329.166
3,4030.01,0.201645,437.179
4,3574.75,0.291832,546.852
5,2921.13,0.421316,659.416
