Iteration,Cost,Cost reduction,time (ms)
0,59.6746,0.404863,148.353
1,35.9604,0.641365,253.686
2,17.3443,0.827025,365.075
3,14.6389,0.854005,501.512
4,9.98722,0.900397,635.008
5,7.67517,0.923455,767.003
