Iteration,Cost,Cost reduction,time (ms)
0,26.5853,0.386481,175.601
1,20.461,0.527813,343.492
2,15.3389,0.646019,511.795
3,15.3389,0.646019,679.187
4,12.3382,0.715266,748.193
5,8.18277,0.811163,915.859
