Iteration,Cost,Cost reduction,time (ms)
0,5468.9,0.00118251,136.708
1,5430.26,0.00823899,231.568
2,5380.21,0.0173797,332.884
3,5096.92,0.0691185,446.054
4,3309.27,0.395609,561.049
5,1871.78,0.658146,677.925
