Iteration,Cost,Cost reduction,time (ms)
0,33.4868,0.292543,2237.98
1,26.4537,0.441127,4411.93
2,16.4326,0.652837,6625.26
3,15.584,0.670767,8821.39
4,12.6694,0.732342,10995.9
5,9.29826,0.803561,13156.9
6,8.43063,0.821891,15341.2
7,7.61475,0.839128,17558.7
8,7.61475,0.839128,19861.5
