Iteration,Cost,Cost reduction,time (ms)
0,120.002,0.301424,155.093
1,98.2049,0.428311,265.199
2,38.8257,0.77398,398.89
3,20.539,0.880435,570.417
4,20.539,0.880435,756.173
5,20.539,0.880435,840.911
