Iteration,Cost,Cost reduction,time (ms)
0,105.958,0.316511,146.175
1,62.8357,0.594674,254.208
2,14.5623,0.906065,367.801
3,9.41698,0.939255,477.368
4,6.85999,0.955749,588.31
5,2.20907,0.98575,699.305
