Iteration,Cost,Cost reduction,time (ms)
0,96.6731,0.276751,144.385
1,95.8649,0.282797,246.842
2,76.3811,0.428562,361.192
3,56.9834,0.573685,477.119
4,33.1496,0.751995,592.521
5,31.9606,0.76089,713.284
