Iteration,Cost,Cost reduction,time (ms)
0,83.6988,0.374911,149.913
1,83.6988,0.374911,253.895
2,83.6988,0.374911,327.339
3,83.6988,0.374911,401.579
4,83.6988,0.374911,476.421
5,83.6988,0.374911,551.716
