Iteration,Cost,Cost reduction,time (ms)
0,33.3137,0.284987,178.309
1,22.0479,0.526786,357.129
2,14.3004,0.693069,557.667
3,12.715,0.727097,736.106
4,11.6761,0.749396,913.209
5,6.65207,0.857226,1092.24
