Iteration,Cost,Cost reduction,time (ms)
0,32.3799,0.247255,176.047
1,19.5673,0.545113,346.372
2,19.5673,0.545113,510.776
3,16.9469,0.606031,576.612
4,9.00418,0.790677,737.03
5,9.00418,0.790677,903.98
