Iteration,Cost,Cost reduction,time (ms)
0,4510,0.00143428,137.63
1,4471.36,0.00998799,236.401
2,4421.48,0.021034,340.337
3,4403.33,0.0250511,464.634
4,2792.92,0.381615,599.594
5,2247.21,0.502442,831.543
