Iteration,Cost,Cost reduction,time (ms)
0,5697.79,0.00114952,132.516
1,5659.93,0.00778657,229.801
2,5610.59,0.0164362,331.285
3,4614.58,0.191041,439.529
4,4033.99,0.292822,548.992
5,2657.37,0.53415,657.516
