Iteration,Cost,Cost reduction,time (ms)
0,36.9038,0.172721,560.549
1,28.0143,0.371999,1067.55
2,25.985,0.417489,1616.77
3,23.2896,0.477913,2167.95
4,23.2896,0.477913,2709.27
5,14.0446,0.685161,2802.55
