Iteration,Cost,Cost reduction,time (ms)
0,5366.51,0.00120567,140.526
1,5327.88,0.00839582,240.168
2,5277.99,0.0176812,345.286
3,5223.7,0.0277858,467.37
4,2794.94,0.479816,598.126
5,2046.36,0.619139,777.865
