Iteration,Cost,Cost reduction,time (ms)
0,28.8742,0.362841,187.615
1,17.9109,0.604765,366.913
2,12.4595,0.725059,555.184
3,12.4595,0.725059,742.139
4,9.8134,0.783451,820.987
5,8.73575,0.807231,1001.26
