Iteration,Cost,Cost reduction,time (ms)
0,25.6289,0.369153,590.789
1,17.528,0.568555,1176.61
2,14.3541,0.64668,1751.64
3,13.0162,0.679611,2308.25
4,9.91068,0.756052,2853.27
5,4.45867,0.890251,3400.86
