Iteration,Cost,Cost reduction,time (ms)
0,5768.57,0.00112174,135.648
1,5729.94,0.00781163,232.302
2,5679.87,0.0164803,334.687
3,4756.91,0.1763,455.259
4,3468.62,0.399378,567.441
5,1289.85,0.776651,721.275
