Iteration,Cost,Cost reduction,time (ms)
0,29.7,0.371251,592.912
1,20.1708,0.572984,1183.76
2,12.9407,0.726046,1771.63
3,12.1276,0.743258,2359.38
4,12.1276,0.743258,2946.61
5,12.1276,0.743258,3037.1
