Iteration,Cost,Cost reduction,time (ms)
0,88.7704,0.30873,18.488
1,47.0341,0.633738,28.055
2,22.712,0.823138,38.601
3,13.8504,0.892145,48.535
4,11.4671,0.910704,59.705
5,11.4002,0.911224,70.274
