Iteration,Cost,Cost reduction,time (ms)
0,26.6032,0.317599,104.752
1,26.6032,0.317599,176.38
2,26.6032,0.317599,222.026
3,26.6032,0.317599,268.49
4,26.6032,0.317599,317.515
5,26.6032,0.317599,365.06
