Iteration,Cost,Cost reduction,time (ms)
0,29.962,0.315862,101.911
1,29.962,0.315862,170.285
2,27.9274,0.362319,220.874
3,16.5696,0.621658,298.676
4,16.5696,0.621658,372.243
5,15.0204,0.657032,425.853
