Iteration,Cost,Cost reduction,time (ms)
0,23.3903,0.429729,111.89
1,15.715,0.616856,183.518
2,15.715,0.616856,257.831
3,15.715,0.616856,307.391
4,15.715,0.616856,356.442
5,15.715,0.616856,405.774
