Iteration,Cost,Cost reduction,time (ms)
0,70.2784,0.314804,74.371
1,70.2784,0.314804,137.894
2,70.2784,0.314804,177.412
3,70.2784,0.314804,213.391
4,51.605,0.496864,238.842
5,51.605,0.496864,281.307
6,51.605,0.496864,311.186
