Iteration,Cost,Cost reduction,time (ms)
0,5305.7,0.00123416,130.905
1,5267.84,0.00836118,227.457
2,5218.5,0.0176482,329.092
3,4277.35,0.194815,438.054
4,3862.34,0.272938,548.945
5,3319.49,0.375126,661.687
