Iteration,Cost,Cost reduction,time (ms)
0,29.3961,0.328231,188.299
1,22.5648,0.484341,367.117
2,17.5891,0.598047,538.836
3,14.4063,0.670782,698.854
4,14.3843,0.671286,858.736
5,14.3843,0.671286,1015.21
