Iteration,Cost,Cost reduction,time (ms)
0,26.7054,0.346913,189.579
1,13.9375,0.659154,374.529
2,10.5124,0.742915,564.388
3,8.73692,0.786336,749.501
4,6.32271,0.845376,933.518
5,5.18978,0.873082,1122.3
