Iteration,Cost,Cost reduction,time (ms)
0,30.963,0.708074,156.267
1,19.9094,0.812289,252.798
2,19.9094,0.812289,374.768
3,19.9094,0.812289,466.173
4,19.9094,0.812289,543.577
5,19.9094,0.812289,620.241
6,19.9094,0.812289,736.562
