Iteration,Cost,Cost reduction,time (ms)
0,29.4023,0.324509,537.972
1,15.351,0.647324,1178.31
2,13.2021,0.696693,1812.97
3,10.9767,0.747821,2475.36
4,4.90621,0.887284,3098.15
5,3.82125,0.91221,3707.92
