Iteration,Cost,Cost reduction,time (ms)
0,26.2595,0.381376,129.2
1,14.8891,0.649242,222.713
2,13.6076,0.679432,316.219
3,13.6076,0.679432,410.04
4,13.6076,0.679432,459.184
