Iteration,Cost,Cost reduction,time (ms)
0,30.6675,0.312966,104.988
1,15.0985,0.661754,185.057
2,10.9149,0.755477,273.821
3,10.9149,0.755477,360.453
4,10.9149,0.755477,413.182
5,10.9149,0.755477,461.044
