Iteration,Cost,Cost reduction,time (ms)
0,25.3773,0.317237,100.401
1,16.9511,0.54394,173.234
2,16.0075,0.569328,248.142
3,16.0075,0.569328,324.996
4,15.1907,0.591303,377.868
5,14.5795,0.607747,456.444
