Iteration,Cost,Cost reduction,time (ms)
0,36.9387,0.415023,153.982
1,12.8115,0.797112,260.149
2,6.56329,0.896061,382.001
3,5.50596,0.912805,518.322
4,5.50596,0.912805,653.203
5,5.06808,0.91974,739.755
