Iteration,Cost,Cost reduction,time (ms)
0,4510.02,0.0014341,182.072
1,4471.37,0.00998951,338.782
2,4421.53,0.0210252,507.312
3,3813.42,0.155669,696.548
4,1775.05,0.606984,908.124
5,1132.72,0.749205,1114.16
