Iteration,Cost,Cost reduction,time (ms)
0,4179.68,0.00154694,179.299
1,4141.04,0.0107776,338.356
2,4091.2,0.0226827,504.969
3,4035.44,0.036003,695.255
4,2930.22,0.300022,899.635
5,2823.49,0.325518,1140.78
