Iteration,Cost,Cost reduction,time (ms)
0,4665.26,0.0013867,143.196
1,4626.63,0.0096565,243.181
2,4576.73,0.0203364,348.807
3,4507.94,0.0350624,470.306
4,3471.36,0.256944,596.078
5,2135.94,0.542794,738.604
