Iteration,Cost,Cost reduction,time (ms)
0,4455.47,0.00145134,155.855
1,4416.84,0.0101103,256.687
2,4366.79,0.0213279,361.469
3,4290.32,0.0384648,478.298
4,3259.1,0.269578,591.763
5,644.284,0.855605,710.662
