Iteration,Cost,Cost reduction,time (ms)
0,24.6066,0.374901,543.896
1,16.3712,0.58411,1077.76
2,9.4903,0.758911,1592.78
3,7.62187,0.806376,2106.74
4,7.48154,0.809941,2608.24
5,7.48154,0.809941,3110.68
