Iteration,Cost,Cost reduction,time (ms)
0,66.5208,0.395345,155.676
1,66.5208,0.395345,260.416
2,66.5208,0.395345,333.251
3,66.5208,0.395345,406.413
4,66.5208,0.395345,480.157
5,66.5208,0.395345,554.491
