Iteration,Cost,Cost reduction,time (ms)
0,116.881,0.336074,148.521
1,102.196,0.419489,256.677
2,94.3948,0.463802,373.388
3,20.6471,0.882717,507.855
4,6.62124,0.962389,635.846
5,5.26691,0.970082,761.836
