Iteration,Cost,Cost reduction,time (ms)
0,51.0491,0.428357,200.998
1,49.1221,0.449935,315.639
2,14.5655,0.836897,434.808
3,14.5655,0.836897,561.864
4,14.5655,0.836897,645.357
5,14.5655,0.836897,728.693
