Iteration,Cost,Cost reduction,time (ms)
0,52.2938,0.416435,219.856
1,25.629,0.713998,428.514
2,25.629,0.713998,619.788
3,15.1825,0.830573,703.372
4,15.1825,0.830573,896.976
5,15.1825,0.830573,975.562
