Iteration,Cost,Cost reduction,time (ms)
0,63.429,0.043063,154.371
1,34.3104,0.482369,262.751
2,14.5205,0.780934,395.428
3,12.293,0.814539,564.095
4,10.0652,0.848149,741.79
5,9.45187,0.857402,929.083
