Iteration,Cost,Cost reduction,time (ms)
0,26.941,0.326961,115.057
1,18.0021,0.550273,194.354
2,14.7533,0.631434,275.404
3,14.4609,0.638738,360.206
4,14.4609,0.638738,444.834
5,14.4158,0.639866,500.077
