Iteration,Cost,Cost reduction,time (ms)
0,31.5164,0.306674,542.858
1,17.2957,0.619514,1136.66
2,11.042,0.757089,1713.83
3,8.42315,0.8147,2270.83
4,4.52765,0.900397,2845.11
5,3.75605,0.917371,3436.29
