Iteration,Cost,Cost reduction,time (ms)
0,5011.68,0.00129039,178.613
1,4973.04,0.00899063,336.128
2,4923.2,0.0189215,504.36
3,4259.95,0.151091,693.729
4,2335.03,0.534684,912.157
5,1465.35,0.70799,1109.22
