Iteration,Cost,Cost reduction,time (ms)
0,26.7884,0.343231,108.943
1,11.6338,0.714775,186.202
2,9.68309,0.762601,267.981
3,8.08854,0.801694,354.298
4,8.08854,0.801694,438.165
5,8.08854,0.801694,491.7
