Iteration,Cost,Cost reduction,time (ms)
0,45.834,0.275217,151.137
1,45.5664,0.279449,263.771
2,30.4773,0.518055,385.236
3,21.0284,0.667473,522.609
4,6.66238,0.894646,688.362
5,6.66238,0.894646,852.148
