Iteration,Cost,Cost reduction,time (ms)
0,4168.94,0.00155074,178.831
1,4130.3,0.0108052,338.66
2,4080.46,0.0227403,506.551
3,3450.74,0.173557,697.465
4,1348.21,0.677107,914.866
5,1219.09,0.708031,1115.87
