Iteration,Cost,Cost reduction,time (ms)
0,30.5657,0.303906,105.834
1,29.9607,0.317685,184.812
2,22.9114,0.478224,266.566
3,18.4953,0.578795,357.801
4,18.4953,0.578795,460.332
5,18.4953,0.578795,511.424
