Iteration,Cost,Cost reduction,time (ms)
0,5627.39,0.00116358,132.177
1,5589.53,0.0078837,229.766
2,5540.2,0.0166401,330.886
3,4585.21,0.186147,438.581
4,4222.21,0.250577,551.884
5,3445.14,0.388503,664.734
