Iteration,Cost,Cost reduction,time (ms)
0,4999.05,0.00130959,129.46
1,4961.19,0.0088733,227.027
2,4911.85,0.0187297,328.707
3,4016.09,0.197682,436.412
4,3672.38,0.266347,546.656
5,3063.71,0.387944,658.899
