Iteration,Cost,Cost reduction,time (ms)
0,5424,0.00119273,144.995
1,5385.36,0.00830682,245.326
2,5335.31,0.0175241,348.818
3,5312.77,0.0216756,461.64
4,3345.83,0.38388,577.943
5,2900.64,0.465859,751.612
