Iteration,Cost,Cost reduction,time (ms)
0,21.2595,0.451036,189.03
1,18.0799,0.533139,363.412
2,15.3066,0.604752,536.676
3,15.3066,0.604752,708.07
4,15.209,0.607272,779.738
5,14.8626,0.616216,943.189
