Iteration,Cost,Cost reduction,time (ms)
0,31.5852,0.29804,544.058
1,15.7652,0.649628,1150.9
2,14.3254,0.681628,1732.96
3,11.3965,0.746719,2307.08
4,9.62047,0.786191,2861.71
5,8.72299,0.806137,3432.53
