Iteration,Cost,Cost reduction,time (ms)
0,783.896,0.495829,18.14
1,783.896,0.495829,26.157
2,348.91,0.775595,31.903
3,348.91,0.775595,42.02
4,348.91,0.775595,48.052
5,348.91,0.775595,58.673
6,348.91,0.775595,65.764
