Iteration,Cost,Cost reduction,time (ms)
0,40.1678,0.348072,220.441
1,30.8277,0.499663,429.259
2,12.3353,0.799797,634.135
3,8.70064,0.858788,837.006
4,3.39557,0.944889,1043.6
5,3.39557,0.944889,1249.85
