Iteration,Cost,Cost reduction,time (ms)
0,26.1774,0.377483,187.531
1,15.9419,0.62089,369.339
2,11.6982,0.721809,542.732
3,9.20578,0.781081,715.272
4,6.02098,0.856817,886.901
5,5.63525,0.86599,1064.35
