Iteration,Cost,Cost reduction,time (ms)
0,5424.02,0.00119275,413.865
1,5385.38,0.00830819,810.937
2,5335.54,0.0174866,1207.09
3,5320.8,0.0202016,1709.89
4,3176.48,0.415066,2209.53
5,1373.73,0.747035,2991.4
