Iteration,Cost,Cost reduction,time (ms)
0,4842.94,0.00133537,412.125
1,4804.3,0.00930352,810.02
2,4754.46,0.0195804,1207.16
3,4685.53,0.0337942,1708.6
4,2562.23,0.471641,2198.07
5,2102.58,0.566425,2909.98
