Iteration,Cost,Cost reduction,time (ms)
0,4624.77,0.00139861,138.041
1,4586.14,0.00974037,238.528
2,4536.26,0.0205119,343.041
3,4384.17,0.053352,465.23
4,2561.48,0.446914,588.023
5,2515.5,0.456842,730.602
