Iteration,Cost,Cost reduction,time (ms)
0,30.1595,0.302821,531.679
1,20.9266,0.516252,1164.86
2,8.29544,0.80824,1769.31
3,7.94238,0.816401,2364.56
4,7.57906,0.8248,2970.06
5,6.73756,0.844252,3591.55
