Iteration,Cost,Cost reduction,time (ms)
0,5143.53,0.00127285,130.293
1,5105.67,0.00862436,226.756
2,5056.33,0.0182042,327.979
3,4153.59,0.193491,437.148
4,3782.45,0.265556,548.861
5,3236.37,0.371589,659.636
