Iteration,Cost,Cost reduction,time (ms)
0,5011.69,0.00129064,179.329
1,4973.05,0.00899078,337.738
2,4923.21,0.0189229,506.37
3,4251.72,0.152736,696.258
4,2829.67,0.436114,910.801
5,1652.74,0.670648,1121.62
