Iteration,Cost,Cost reduction,time (ms)
0,38.6403,0.257555,160.296
1,25.4899,0.51023,283.674
2,8.51271,0.836435,415.03
3,8.51271,0.836435,558.605
4,7.62115,0.853565,643.645
5,7.62115,0.853565,791.456
