Iteration,Cost,Cost reduction,time (ms)
0,33.4134,0.173642,194.793
1,10.7076,0.735186,382.95
2,6.98808,0.827176,561.014
3,6.98808,0.827176,735.065
4,6.98808,0.827176,809.11
5,6.98808,0.827176,864.226
