Iteration,Cost,Cost reduction,time (ms)
0,106.004,0.179937,150.952
1,12.7221,0.901579,261.95
2,3.221,0.975082,372.669
3,3.21836,0.975102,488.942
4,3.21836,0.975102,605.21
5,3.21836,0.975102,681.063
