Iteration,Cost,Cost reduction,time (ms)
0,42.9768,0.434537,151.507
1,33.5534,0.558524,263.922
2,24.0982,0.682929,380.078
3,23.7317,0.687752,501.493
4,18.3601,0.758428,624.827
5,13.7947,0.818497,768.729
