Iteration,Cost,Cost reduction,time (ms)
0,4510.01,0.00143449,137.495
1,4471.37,0.00998811,236.413
2,4421.48,0.0210351,340.918
3,3806.46,0.157209,461.842
4,1814.36,0.598281,586.326
5,1238.71,0.725737,732.787
