Iteration,Cost,Cost reduction,time (ms)
0,5627.4,0.00116365,130.591
1,5589.54,0.00788374,228.275
2,5540.2,0.0166401,330.538
3,4574.89,0.187979,438.775
4,4166.56,0.260456,550.583
5,3441.62,0.389129,660.627
