Iteration,Cost,Cost reduction,time (ms)
0,53.5703,0.182175,148.843
1,6.03429,0.907878,261.271
2,6.03429,0.907878,373.205
3,6.03429,0.907878,445.347
4,6.03429,0.907878,517.669
5,5.91653,0.909676,592.521
