Iteration,Cost,Cost reduction,time (ms)
0,4336.01,0.00149136,145.186
1,4297.37,0.0103882,244.925
2,4247.49,0.0218755,349.587
3,4192.9,0.0344464,469.824
4,2450.26,0.435746,595.506
5,2450.26,0.435746,847.878
