Iteration,Cost,Cost reduction,time (ms)
0,26.1298,0.359953,195.215
1,13.3588,0.672778,382.804
2,8.2989,0.796719,585.242
3,5.0852,0.875438,781.5
4,3.06208,0.924994,975.877
5,2.57489,0.936928,1167.2
