Iteration,Cost,Cost reduction,time (ms)
0,4454.89,0.00145139,416.279
1,4416.25,0.0101126,815.165
2,4366.42,0.0212827,1212.93
3,4238.46,0.0499639,1717.28
4,2428.16,0.455736,2280.96
5,2141.39,0.520016,2820.44
