Iteration,Cost,Cost reduction,time (ms)
0,32.0675,0.314408,111.71
1,23.7927,0.491319,192.737
2,15.6373,0.665681,274.476
3,15.6373,0.665681,355.084
4,13.1837,0.718136,407.543
5,12.266,0.737756,492.25
