Iteration,Cost,Cost reduction,time (ms)
0,4336,0.00149088,412.164
1,4297.36,0.0103894,810.546
2,4247.53,0.021864,1209.64
3,3958.46,0.0884319,1718.4
4,3155.76,0.273281,2287.58
5,2894.51,0.333443,2851.58
