Iteration,Cost,Cost reduction,time (ms)
0,99.45,0.312361,153.266
1,94.6335,0.345665,263.902
2,37.5492,0.740369,388.158
3,26.6803,0.815522,532.475
4,26.6803,0.815522,670.615
5,26.6803,0.815522,752.705
