Iteration,Cost,Cost reduction,time (ms)
0,27.6859,0.325161,105.324
1,13.2622,0.676735,180.031
2,13.2622,0.676735,255.444
3,12.1084,0.704859,308.632
4,12.038,0.706575,389.254
5,12.038,0.706575,467.797
