Iteration,Cost,Cost reduction,time (ms)
0,84.948,0.39929,223.514
1,69.7074,0.507064,437.166
2,57.5007,0.593383,658.731
3,30.3302,0.785519,875.513
4,11.5475,0.918342,1091.7
5,11.5475,0.918342,1294.03
