Iteration,Cost,Cost reduction,time (ms)
0,27.4591,0.315222,190.582
1,12.903,0.678224,377.669
2,9.2198,0.770075,572.967
3,8.84512,0.779419,762.279
4,7.70612,0.807824,953.741
5,7.27313,0.818622,1144.9
