Iteration,Cost,Cost reduction,time (ms)
0,28.3181,0.359872,186.904
1,19.8038,0.552336,366.35
2,7.1168,0.839125,547.559
3,7.1168,0.839125,727.432
4,7.1168,0.839125,804.998
5,7.1168,0.839125,860.283
