Iteration,Cost,Cost reduction,time (ms)
0,45.1364,0.297816,217.822
1,7.53902,0.882716,426.038
2,7.53902,0.882716,615.747
3,4.91739,0.923501,697.058
4,4.91739,0.923501,887.288
5,4.91739,0.923501,962.839
