Iteration,Cost,Cost reduction,time (ms)
0,64.9738,0.206318,149.164
1,36.168,0.558193,265.57
2,19.7113,0.759218,385.88
3,13.0726,0.840313,520.313
4,6.47005,0.920966,653.398
5,6.47005,0.920966,792.928
