Iteration,Cost,Cost reduction,time (ms)
0,51.4166,0.263356,530.108
1,26.2505,0.62391,1055.28
2,21.6119,0.690367,1616.89
3,12.9581,0.81435,2176.35
4,3.72833,0.946584,2759.1
5,2.42297,0.965286,3344.16
