Iteration,Cost,Cost reduction,time (ms)
0,26.2161,0.334652,503.709
1,20.5133,0.479384,949.475
2,17.6951,0.550909,1374.42
3,15.9039,0.596368,1811.7
4,14.0045,0.644575,2265.59
5,13.6653,0.653183,2715.74
