Iteration,Cost,Cost reduction,time (ms)
0,71.6212,0.393619,587.572
1,38.1632,0.676891,1115.43
2,26.2461,0.777787,1634.49
3,26.2461,0.777787,2165.22
4,26.2461,0.777787,2252.69
5,26.2461,0.777787,2328.43
