Iteration,Cost,Cost reduction,time (ms)
0,5107.95,0.00126624,411.124
1,5069.31,0.00882149,806.605
2,5019.47,0.0185662,1203.93
3,4673.31,0.0862483,1706.44
4,2934.07,0.426315,2350.43
5,1728.31,0.662072,2941
