Iteration,Cost,Cost reduction,time (ms)
0,105.958,0.330785,144.951
1,97.818,0.382194,250.58
2,17.7546,0.887864,363.337
3,16.6579,0.894791,481.369
4,16.6579,0.894791,595.696
5,12.5561,0.920697,678.883
