Iteration,Cost,Cost reduction,time (ms)
0,4559.11,0.0014183,178.622
1,4520.46,0.00988184,337.03
2,4470.63,0.0207971,505.294
3,3815.09,0.16438,696.559
4,2012.07,0.559297,912.964
5,1843.67,0.596181,1110.25
