Iteration,Cost,Cost reduction,time (ms)
0,1039.436336267339,0.0,2228.771924972534
1,1034.149959053107,0.005085811443936494,8039.215326309204
2,618.7713398601651,0.40470491720329893,11001.941204071045
3,213.82436819646088,0.7942881533617407,11743.934869766235
4,49.2660832775545,0.952603077688749,12145.10440826416
5,36.39264092974246,0.9649881001270073,15228.34587097168
6,35.78943237762171,0.965568422876053,21852.211475372314
7,35.78943237762171,0.965568422876053,29603.44624519348
