Iteration,Cost,Cost reduction,time (ms)
0,5164.13,0.00125251,178.954
1,5125.49,0.00872566,337.839
2,5075.65,0.0183646,507.694
3,4363.42,0.156109,696.419
4,1868.87,0.638558,910.784
5,1868.87,0.638558,1110.09
