Iteration,Cost,Cost reduction,time (ms)
0,31.64,0.30856,106.285
1,24.1161,0.472983,180.791
2,24.1161,0.472983,252.946
3,23.5452,0.48546,304.217
4,18.7189,0.59093,381.79
5,18.7189,0.59093,460.112
