Iteration,Cost,Cost reduction,time (ms)
0,25.0946,0.424492,115.189
1,19.5427,0.551817,189.755
2,19.4589,0.553739,261.712
3,19.4589,0.553739,335.381
4,19.4589,0.553739,385.236
5,19.4589,0.553739,435.699
