Iteration,Cost,Cost reduction,time (ms)
0,29.5149,0.35779,111.689
1,12.9875,0.717406,193.112
2,11.5397,0.748908,283.818
3,10.6761,0.767701,379.933
4,10.2904,0.776092,479.026
5,9.34088,0.796753,576.478
