Iteration,Cost,Cost reduction,time (ms)
0,26.7604,0.335326,188.062
1,13.9503,0.653502,365.077
2,13.9503,0.653502,538.125
3,13.1581,0.673178,607.817
4,13.1581,0.673178,778.192
5,13.1581,0.673178,845.973
