Iteration,Cost,Cost reduction,time (ms)
0,45.7196,0.291463,134.849
1,6.48786,0.899455,233.431
2,4.87262,0.924487,336.632
3,4.22888,0.934463,448.555
4,2.8829,0.955322,560.319
5,2.8829,0.955322,664.742
