Iteration,Cost,Cost reduction,time (ms)
0,116.734,0.356084,213.277
1,59.5535,0.671497,415.569
2,18.4835,0.898043,618.151
3,8.79272,0.951499,820.766
4,8.08309,0.955413,1020.08
5,8.08309,0.955413,1218.62
