Iteration,Cost,Cost reduction,time (ms)
0,4179.68,0.00154687,178.216
1,4141.04,0.0107775,324.213
2,4091.2,0.0226823,474.565
3,4035.77,0.0359245,643.015
4,2447.32,0.415376,843.449
5,2016.07,0.518397,1050.33
6,2016.07,0.518397,1252.91
