Iteration,Cost,Cost reduction,time (ms)
0,28.4691,0.299648,110.775
1,23.06,0.432715,186.551
2,18.7681,0.538299,261.013
3,6.13452,0.849089,337.816
4,5.26993,0.870358,417.005
5,5.17821,0.872614,498.384
