Iteration,Cost,Cost reduction,time (ms)
0,17.332,0.616365,110.207
1,15.6527,0.653536,189.12
2,9.61213,0.787241,269.641
3,8.32612,0.815706,352.054
4,8.31667,0.815915,429.207
5,8.31667,0.815915,498.206
6,8.31667,0.815915,533.919
