Iteration,Cost,Cost reduction,time (ms)
0,27.3617,0.326611,188.861
1,12.2502,0.698515,380.359
2,6.83983,0.831668,567.554
3,5.21101,0.871754,743.059
4,3.50644,0.913704,919.642
5,3.50078,0.913844,1089.24
