Iteration,Cost,Cost reduction,time (ms)
0,33.6526,0.261913,588.896
1,30.7932,0.324628,1175.88
2,29.9324,0.343507,1760.05
3,24.0921,0.4716,2323.88
4,23.6967,0.480271,2896.09
5,23.6967,0.480271,3475.39
