Iteration,Cost,Cost reduction,time (ms)
0,80.977,0.228444,204.216
1,40.9617,0.609713,406.776
2,13.23,0.873944,627.766
3,8.25611,0.921335,837.935
4,7.20291,0.93137,1038.91
5,7.20291,0.93137,1227.41
