Iteration,Cost,Cost reduction,time (ms)
0,5305.7,0.00123427,130.888
1,5267.84,0.00836124,227.947
2,5218.5,0.0176486,329.951
3,4270.36,0.19613,438.625
4,3729.48,0.297947,546.862
5,2574.77,0.515316,655.58
