Iteration,Cost,Cost reduction,time (ms)
0,27.6881,0.343301,108.335
1,11.7787,0.720635,185.407
2,11.7787,0.720635,261.233
3,11.7374,0.721615,318.174
4,11.7374,0.721615,400.056
5,10.5516,0.74974,458.127
