Iteration,Cost,Cost reduction,time (ms)
0,95.2836,0,88.785
1,47.2229,0.504397,140.895
2,37.8567,0.602694,220.288
3,37.8567,0.602694,348.643
4,37.8567,0.602694,416.77
5,15.9603,0.832497,453.372
6,15.9603,0.832497,504.839
