Iteration,Cost,Cost reduction,time (ms)
0,7.71081,0,10.382
1,7.71081,0,17.708
2,7.71081,0,27.392
3,7.71081,0,35.89
4,7.71081,0,42.551
5,7.71081,0,49.231
6,7.71081,0,53.457
