Iteration,Cost,Cost reduction,time (ms)
0,5033.05,0.00130097,132.116
1,4995.19,0.00881354,228.51
2,4945.86,0.0186035,329.877
3,4027.76,0.20078,438.341
4,3620.46,0.281598,548.21
5,2984.04,0.407882,661.526
