Iteration,Cost,Cost reduction,time (ms)
0,25.2387,0.457576,180.697
1,16.7098,0.640878,344.193
2,10.6584,0.770931,507.952
3,10.6584,0.770931,667.912
4,10.6584,0.770931,729.803
5,10.6584,0.770931,777.614
