Iteration,Cost,Cost reduction,time (ms)
0,39.6686,0.0432115,537.606
1,22.6931,0.452652,1104.55
2,19.5084,0.529465,1632.13
3,18.2759,0.559193,2152.8
4,6.50651,0.843066,2671.74
5,6.50651,0.843066,3189.17
