Iteration,Cost,Cost reduction,time (ms)
0,63.3543,0.317156,222.62
1,9.11413,0.901766,432.984
2,9.11413,0.901766,629.764
3,9.11413,0.901766,708.306
4,9.11413,0.901766,783.848
5,9.11413,0.901766,860.535
