Iteration,Cost,Cost reduction,time (ms)
0,95.6013,0.320403,146.08
1,55.1383,0.608041,255.36
2,16.9452,0.879542,370.911
3,14.7487,0.895157,488.472
4,14.7487,0.895157,604.066
5,14.7487,0.895157,683.384
