Iteration,Cost,Cost reduction,time (ms)
0,49.5523,0.204411,146.422
1,15.3709,0.753212,252.56
2,7.9486,0.872381,366.362
3,7.72585,0.875957,483.495
4,7.39535,0.881264,604.098
5,5.08101,0.918422,723.111
