Iteration,Cost,Cost reduction,time (ms)
0,27.4968,0.373151,547.069
1,17.0865,0.610476,1034.26
2,17.0865,0.610476,1554.8
3,7.35863,0.832244,1646.79
4,6.45113,0.852933,2126.16
5,6.365,0.854896,2611.94
