Iteration,Cost,Cost reduction,time (ms)
0,35.7029,0.68975,13.592
1,15.0654,0.869085,24.306
2,12.0833,0.894999,34.377
3,7.55231,0.934372,44.369
4,7.55231,0.934372,53.825
