Iteration,Cost,Cost reduction,time (ms)
0,22.3617,0.409095,102.41
1,13.5451,0.642072,172.589
2,13.5451,0.642072,242.833
3,13.5451,0.642072,290.616
4,13.5451,0.642072,339.342
5,13.5451,0.642072,388.53
