Iteration,Cost,Cost reduction,time (ms)
0,101.874,0.28329,530.123
1,68.3145,0.519391,1106.83
2,42.0775,0.703974,1680.76
3,42.0775,0.703974,2245.55
4,42.0775,0.703974,2339.4
5,42.0775,0.703974,2420.84
