Iteration,Cost,Cost reduction,time (ms)
0,5815.75,0.0011259,131.426
1,5777.89,0.00762864,226.382
2,5728.55,0.0161025,324.687
3,4751.36,0.183939,431.628
4,4385.08,0.246847,543.511
5,3619.01,0.378423,656.911
