Iteration,Cost,Cost reduction,time (ms)
0,61.8439,0.402978,156.661
1,53.3552,0.484925,268.813
2,15.8463,0.847025,398.834
3,13.659,0.868141,547.767
4,13.1144,0.873397,701.548
5,13.1144,0.873397,847.059
