Iteration,Cost,Cost reduction,time (ms)
0,4780.16,7.46066e-05,394.417
1,4753.7,0.00560911,790.112
2,4739.22,0.00863893,1192.68
3,4738.29,0.00883337,1589.95
4,4738.29,0.00883337,1985.39
5,4738.29,0.00883337,2068.11
