Iteration,Cost,Cost reduction,time (ms)
0,4218.33,0.00153308,178.854
1,4179.69,0.0106792,336.387
2,4129.85,0.0224768,503.654
3,3500.38,0.17147,692.84
4,1347.24,0.681112,907.717
5,1086.3,0.742875,1102.81
