Iteration,Cost,Cost reduction,time (ms)
0,5775.6,0.00112047,137.164
1,5736.97,0.00780192,233.986
2,5686.91,0.01646,335.759
3,5648.41,0.0231177,451.011
4,4135.22,0.284822,568.369
5,3310.23,0.427502,710.375
