Iteration,Cost,Cost reduction,time (ms)
0,64.9629,0.205341,554.344
1,22.1356,0.729226,1105.1
2,8.22826,0.899348,1655.52
3,7.14135,0.912643,2186.91
4,7.14135,0.912643,2731.27
5,6.15307,0.924732,2821.04
