Iteration,Cost,Cost reduction,time (ms)
0,5011.7,0.00129122,142.12
1,4973.06,0.00898966,240.938
2,4923.17,0.0189328,346.705
3,4703.6,0.0626866,470.321
4,3048.84,0.39244,615.31
5,2809.44,0.440146,779.872
