Iteration,Cost,Cost reduction,time (ms)
0,5697.88,0.00113549,413.808
1,5659.24,0.00790933,807.112
2,5609.4,0.0166471,1204.69
3,5594.74,0.0192169,1706.64
4,3303.87,0.420816,2205.17
5,2494.12,0.56277,2966.25
