Iteration,Cost,Cost reduction,time (ms)
0,97.0274,0.346101,156.602
1,79.339,0.465309,265.481
2,56.7564,0.6175,389.158
3,45.933,0.690443,526.392
4,8.64322,0.941751,687.829
5,5.34997,0.963945,860.816
