Iteration,Cost,Cost reduction,time (ms)
0,123.936,0.321271,143.543
1,118.656,0.350187,251.877
2,99.5599,0.454765,364.38
3,80.721,0.557936,480.632
4,72.1939,0.604633,596.769
5,72.1939,0.604633,709.218
