Iteration,Cost,Cost reduction,time (ms)
0,34.3501,0.33898,151.654
1,25.5269,0.508772,258.779
2,23.9014,0.540051,370.887
3,22.356,0.56979,493.193
4,11.3938,0.780743,630.802
5,11.3938,0.780743,767.854
