Iteration,Cost,Cost reduction,time (ms)
0,26.942,0.347748,103.338
1,26.942,0.347748,172.926
2,23.747,0.425097,224.594
3,14.1068,0.65848,300.321
4,14.1068,0.65848,374.367
5,14.1068,0.65848,426.288
