Iteration,Cost,Cost reduction,time (ms)
0,94.3601,0.216311,153.306
1,39.2649,0.673893,273.339
2,38.9192,0.676764,383.716
3,38.5834,0.679553,496.682
4,38.0472,0.684007,613.562
5,10.0135,0.916834,729.18
