Iteration,Cost,Cost reduction,time (ms)
0,5519.23,0.00117202,412.357
1,5480.59,0.00816492,808.965
2,5430.75,0.0171844,1205.69
3,5360.53,0.0298931,1705.5
4,3380.77,0.388175,2229.88
5,2122.25,0.615931,2941.96
