Iteration,Cost,Cost reduction,time (ms)
0,62.1824,0.451614,145.857
1,40.6452,0.641551,249.545
2,16.5363,0.854167,357.181
3,3.31095,0.970801,467.88
4,2.86578,0.974727,580.136
5,2.83181,0.975026,691.033
