Iteration,Cost,Cost reduction,time (ms)
0,4257.1,0.00151936,134.84
1,4218.46,0.0105804,233.256
2,4168.41,0.0223211,336.439
3,3784.99,0.112251,452.635
4,1932.86,0.546657,563.185
5,1382.73,0.675688,680.795
