Iteration,Cost,Cost reduction,time (ms)
0,95.3563,0.110413,139.465
1,35.1491,0.672091,248.026
2,12.0907,0.887205,385.382
3,12.0907,0.887205,534.573
4,12.0907,0.887205,609.139
5,12.0907,0.887205,681.276
