Iteration,Cost,Cost reduction,time (ms)
0,4168.94,0.00155069,415.149
1,4130.29,0.0108052,811.447
2,4080.46,0.0227397,1206.98
3,4065.39,0.0263501,1713.2
4,2771.56,0.33622,2205.63
5,1935.7,0.536405,3098.19
