Iteration,Cost,Cost reduction,time (ms)
0,37.5711,0.118057,182.434
1,13.5025,0.683044,357.619
2,13.0376,0.693957,541.363
3,5.10821,0.88009,728.929
4,4.59699,0.89209,917.567
5,4.59699,0.89209,1092.88
