Iteration,Cost,Cost reduction,time (ms)
0,29.6199,0.303657,107.723
1,16.6293,0.609056,187.702
2,15.9623,0.624737,269.761
3,13.2095,0.689455,355.189
4,8.63011,0.797112,439.482
5,8.51724,0.799765,525.604
