Iteration,Cost,Cost reduction,time (ms)
0,26.0707,0.403091,106.788
1,6.95677,0.840719,179.338
2,6.30011,0.855754,251.55
3,6.28378,0.856128,326.388
4,6.28378,0.856128,403.563
5,6.28378,0.856128,453.523
