Iteration,Cost,Cost reduction,time (ms)
0,31.4906,0.333954,106.01
1,13.0118,0.724791,178.368
2,10.2974,0.782204,254.423
3,8.30275,0.824391,340.008
4,8.30275,0.824391,428.52
5,8.30275,0.824391,478.924
