Iteration,Cost,Cost reduction,time (ms)
0,155.621,0.128893,588.025
1,24.7688,0.861354,1176.41
2,20.6891,0.884191,1758.83
3,12.7148,0.928827,2341.56
4,6.55211,0.963324,2912.83
5,6.55211,0.963324,3473.76
