Iteration,Cost,Cost reduction,time (ms)
0,35.9093,0.243728,191.386
1,13.0377,0.725418,377.639
2,11.5504,0.75674,549.875
3,11.5504,0.75674,718.928
4,11.5504,0.75674,786.067
5,11.5504,0.75674,833.393
