Iteration,Cost,Cost reduction,time (ms)
0,5548.14,0.00116647,146.27
1,5509.51,0.00812143,246.216
2,5459.62,0.0171043,352.15
3,5439.16,0.0207876,473.259
4,2939.76,0.470755,605.636
5,2259.2,0.593277,754.048
