Iteration,Cost,Cost reduction,time (ms)
0,26.8221,0.426388,109.416
1,26.2218,0.439225,212.435
2,23.4543,0.498411,300.682
3,23.4543,0.498411,405.165
4,23.4543,0.498411,470.35
5,23.4543,0.498411,548.807
6,21.4687,0.540875,664.768
7,19.9463,0.573432,757.042
8,18.831,0.597283,999.738
9,17.8664,0.617912,1097.52
