Iteration,Cost,Cost reduction,time (ms)
0,37.3637,0.439617,209.911
1,19.9386,0.700959,417.233
2,17.6116,0.73586,622.205
3,4.76603,0.928519,836.758
4,4.76603,0.928519,1064.21
5,4.76603,0.928519,1156.38
