Iteration,Cost,Cost reduction,time (ms)
0,82.8194,0.360051,211.256
1,62.137,0.519864,417.954
2,39.1319,0.697626,625.208
3,35.2643,0.727511,832.017
4,31.2618,0.758438,1038.72
5,21.9495,0.830395,1244.46
