Iteration,Cost,Cost reduction,time (ms)
0,29.3124,0.315163,191.197
1,28.3131,0.338511,489.045
2,10.475,0.755268,735.072
3,8.44487,0.802699,848.994
4,8.30498,0.805968,964.312
5,7.1675,0.832543,1117.61
6,7.1675,0.832543,1258.71
