Iteration,Cost,Cost reduction,time (ms)
0,31.5623,0.324368,186.224
1,22.3581,0.521395,371.925
2,13.1317,0.718899,562.3
3,9.78949,0.790443,752.587
4,9.78949,0.790443,942.8
5,9.78949,0.790443,1019.84
