Iteration,Cost,Cost reduction,time (ms)
0,29.214,0.386275,104.89
1,19.7912,0.584229,180.727
2,19.7912,0.584229,254.458
3,19.7464,0.585169,305.778
4,8.29982,0.825638,385.175
5,8.29982,0.825638,465.37
