Iteration,Cost,Cost reduction,time (ms)
0,81.6912,0.756122,7.746
1,13.0677,0.960988,12.974
2,12.502,0.962677,17.111
3,12.502,0.962677,21.094
4,12.502,0.962677,24.177
