Iteration,Cost,Cost reduction,time (ms)
0,168.039,0.0567894,149.279
1,75.4434,0.576532,275.978
2,8.98681,0.949557,410.264
3,4.43183,0.975124,573.003
4,4.43183,0.975124,796.687
5,4.43183,0.975124,876.862
