Iteration,Cost,Cost reduction,time (ms)
0,5793.58,0.00113042,130.886
1,5755.72,0.00765791,227.607
2,5706.38,0.0161637,329.616
3,4704.38,0.188918,438.378
4,4189.07,0.277764,548.415
5,3070.35,0.470642,658.946
