Iteration,Cost,Cost reduction,time (ms)
0,4257.09,0.00151858,411.001
1,4218.45,0.0105817,806.929
2,4168.62,0.0222693,1204.01
3,4148.22,0.0270524,1709.95
4,2498.34,0.414025,2242.51
5,1413.92,0.668371,3124.87
