Iteration,Cost,Cost reduction,time (ms)
0,23.0611,0.483141,116.211
1,12.3057,0.724198,195.026
2,12.3057,0.724198,419.579
3,12.3057,0.724198,608.937
4,12.3057,0.724198,797.206
5,10.0769,0.774151,989.71
6,10.0769,0.774151,1216.2
