Iteration,Cost,Cost reduction,time (ms)
0,33.1575,0.30089,107.944
1,18.8582,0.602383,193.601
2,18.4406,0.611188,285.373
3,14.4217,0.695925,380.874
4,14.4217,0.695925,485.793
5,14.4217,0.695925,537.809
