Iteration,Cost,Cost reduction,time (ms)
0,27.4726,0.29759,103.93
1,13.8744,0.645264,181.233
2,13.8341,0.646295,260.634
3,10.591,0.729213,342.742
4,8.01769,0.795006,427.501
5,8.01769,0.795006,518.343
