Iteration,Cost,Cost reduction,time (ms)
0,29.228,0.33897,109.647
1,22.7538,0.485394,188.76
2,10.3701,0.765466,269.593
3,10.3701,0.765466,370.927
4,10.1938,0.769454,426.744
5,7.97115,0.819722,532.201
