Iteration,Cost,Cost reduction,time (ms)
0,23.7097,0.387146,572.542
1,13.7394,0.644861,1116.31
2,11.4912,0.702972,1657.97
3,10.8473,0.719615,2183.47
4,10.8473,0.719615,2704.08
5,9.03458,0.766472,2797.01
