Iteration,Cost,Cost reduction,time (ms)
0,87.5952,0.331053,146.698
1,43.9907,0.664051,250.491
2,20.7148,0.841805,363.812
3,19.4663,0.85134,481.501
4,19.38,0.851999,600.774
5,15.1714,0.884139,713.666
