Iteration,Cost,Cost reduction,time (ms)
0,4366.5,0.00148123,180.566
1,4327.86,0.0103174,337.926
2,4278.02,0.0217158,507.373
3,3652.41,0.164778,697.614
4,1433.08,0.672288,911.093
5,1378.02,0.684878,1105.11
