Iteration,Cost,Cost reduction,time (ms)
0,74.3238,0.202329,145.542
1,9.88262,0.893936,254.243
2,7.3104,0.921542,369.804
3,6.06794,0.934877,482.624
4,4.93548,0.947031,599.273
5,4.67013,0.949878,715.022
