Iteration,Cost,Cost reduction,time (ms)
0,114.212,0.072262,137.489
1,36.4394,0.704006,237.788
2,31.1732,0.746782,356.17
3,12.7206,0.896672,467.951
4,8.38855,0.93186,582.326
5,2.02965,0.983513,700.76
