Iteration,Cost,Cost reduction,time (ms)
0,29.9656,0.309258,104.659
1,17.468,0.597342,179.293
2,8.54999,0.802913,253.3
3,8.54999,0.802913,327.95
4,7.92347,0.817355,380.395
5,7.52404,0.826562,458.448
