Iteration,Cost,Cost reduction,time (ms)
0,29.5304,0.456928,155.925
1,29.0708,0.465381,267.729
2,22.9026,0.578815,381.21
3,12.7378,0.765748,502.633
4,10.9551,0.798533,627.575
5,8.45243,0.844558,760.456
