Iteration,Cost,Cost reduction,time (ms)
0,4168.87,0.00157036,130.766
1,4131.01,0.0106378,228.57
2,4081.67,0.0224539,329.663
3,3250.7,0.221468,437.336
4,2796.6,0.330224,545.355
5,2344.68,0.438458,655.727
