Iteration,Cost,Cost reduction,time (ms)
0,5650.48,0.00114503,178.632
1,5611.84,0.00797563,335.437
2,5561.99,0.0167869,503.775
3,4838.12,0.144748,697.131
4,2434.59,0.569629,909.867
5,1475.49,0.739172,1107.48
