Iteration,Cost,Cost reduction,time (ms)
0,26.2687,0.359298,190.122
1,13.9396,0.660009,373.452
2,9.77834,0.761504,562.295
3,9.28718,0.773483,750.46
4,5.42421,0.867702,937.844
5,4.78201,0.883365,1129.07
