Iteration,Cost,Cost reduction,time (ms)
0,28.248,0.347506,106.518
1,21.9629,0.492685,184.799
2,10.6936,0.752991,263.388
3,10.6936,0.752991,375.656
4,10.5418,0.756498,429.425
5,6.37993,0.852631,545.704
