Iteration,Cost,Cost reduction,time (ms)
0,5392.33,0.00119918,176.448
1,5353.69,0.00835657,336.39
2,5303.86,0.0175861,505.064
3,4599.14,0.148119,696.256
4,2884.05,0.465799,913.715
5,1608.34,0.702093,1112.31
