Iteration,Cost,Cost reduction,time (ms)
0,27.8504,0.361244,108.948
1,14.3936,0.669881,186.005
2,8.77089,0.798838,271.817
3,7.20756,0.834693,360.892
4,6.73593,0.84551,461.196
5,6.64271,0.847648,558.792
