Iteration,Cost,Cost reduction,time (ms)
0,5387.24,0.00120083,144.245
1,5348.6,0.00836385,242.282
2,5298.71,0.0176134,347.768
3,5266.36,0.0236116,468.78
4,3421.19,0.365708,602.131
5,3064.74,0.431795,779.358
