Iteration,Cost,Cost reduction,time (ms)
0,71.3364,0.319801,563.365
1,25.741,0.754558,1104.21
2,12.6178,0.879688,1639.25
3,9.97088,0.904927,2195.33
4,9.97088,0.904927,2753.36
5,6.76705,0.935476,2847.92
