Iteration,Cost,Cost reduction,time (ms)
0,31.7939,0.291815,122.639
1,27.7268,0.382404,203.262
2,20.1904,0.550273,287.551
3,9.91689,0.779108,382.825
4,9.91689,0.779108,495.787
5,9.51445,0.788072,550.445
