Iteration,Cost,Cost reduction,time (ms)
0,4999.13,0.00129393,136.636
1,4960.49,0.00901187,233.574
2,4910.61,0.0189774,336.455
3,4853.26,0.0304348,457.655
4,3363.75,0.328003,585.674
5,2374.83,0.525566,745.038
