Iteration,Cost,Cost reduction,time (ms)
0,326.129,0.0178535,93.832
1,326.129,0.0178535,158.552
2,326.129,0.0178535,201.216
3,326.129,0.0178535,243.793
4,326.129,0.0178535,286.686
5,326.129,0.0178535,330.047
