Iteration,Cost,Cost reduction,time (ms)
0,28.8003,0.414844,145.808
1,19.1733,0.610444,246.967
2,15.1645,0.691892,354.374
3,1.86455,0.962117,460.887
4,1.57802,0.967938,570.909
5,1.57354,0.968029,681.523
