Iteration,Cost,Cost reduction,time (ms)
0,5342.52,0.00121085,414.798
1,5303.88,0.00843473,811.76
2,5254.04,0.0177527,1205.8
3,5232.14,0.0218475,1707.28
4,4223.41,0.210431,2207.65
5,2014.42,0.623402,3072.71
