Iteration,Cost,Cost reduction,time (ms)
0,30.4466,0.357721,107.7
1,13.1701,0.722173,185.967
2,10.4361,0.779847,269.351
3,10.0751,0.787463,356.707
4,10.0751,0.787463,440.025
5,10.0751,0.787463,489.946
