Iteration,Cost,Cost reduction,time (ms)
0,155.302,0.101863,145.03
1,74.8117,0.567351,260.291
2,35.6107,0.794057,378.822
3,20.8228,0.879578,516.133
4,11.325,0.934506,666.856
5,9.67212,0.944065,816.036
