Iteration,Cost,Cost reduction,time (ms)
0,30.3286,0.338184,106.345
1,28.7061,0.37359,180.695
2,10.8649,0.762912,257.211
3,10.8649,0.762912,335.538
4,10.5405,0.769991,393.032
5,10.5405,0.769991,475.619
