Iteration,Cost,Cost reduction,time (ms)
0,4179.47,0.0015468,137.8
1,4140.83,0.0107769,233.655
2,4090.79,0.0227334,335.623
3,3844.33,0.081611,449.034
4,2442.65,0.416465,564.245
5,2209.77,0.472098,679.049
