Iteration,Cost,Cost reduction,time (ms)
0,26.5928,0.351066,108.012
1,16.4955,0.597467,183.806
2,9.3025,0.772994,265.548
3,8.05435,0.803453,350.627
4,6.91408,0.831278,438.428
5,6.13842,0.850206,525.846
