Iteration,Cost,Cost reduction,time (ms)
0,126.098,0.301159,151.905
1,73.9624,0.590096,260.522
2,31.6436,0.824629,383.619
3,18.7742,0.895952,510.941
4,5.76975,0.968024,646.568
5,4.88174,0.972945,783.045
6,4.21843,0.976621,921.646
7,4.2017,0.976714,1056.82
