Iteration,Cost,Cost reduction,time (ms)
0,36.8885,0.432039,153.702
1,26.2779,0.595408,261.96
2,13.8251,0.78714,377.386
3,12.7711,0.803368,497.545
4,11.8187,0.818032,619.768
5,11.8187,0.818032,736.75
