Iteration,Cost,Cost reduction,time (ms)
0,126.996,0.304838,150.027
1,84.7427,0.536129,255.31
2,37.1504,0.796644,365.476
3,37.1504,0.796644,476.964
4,36.8198,0.798453,558.628
5,36.4841,0.800291,672.388
