Iteration,Cost,Cost reduction,time (ms)
0,38.7176,0.15464,180.679
1,24.8211,0.458056,355.008
2,21.1534,0.538138,523.14
3,16.4498,0.640834,687.217
4,10.6168,0.768193,853.847
5,10.6168,0.768193,1010.34
