Iteration,Cost,Cost reduction,time (ms)
0,4615.77,0.0014011,411.405
1,4577.13,0.00976083,808.977
2,4527.29,0.0205433,1204.11
3,4431.44,0.0412794,1705.86
4,2702.21,0.41539,2209.64
5,2236.71,0.5161,2967.95
