Iteration,Cost,Cost reduction,time (ms)
0,32.0148,0.326674,188.302
1,14.0999,0.703456,377.208
2,9.98218,0.790058,562.543
3,6.67134,0.859691,741.806
4,4.72972,0.900526,918.219
5,4.21338,0.911386,1093.6
