Iteration,Cost,Cost reduction,time (ms)
0,5107.88,0.00128228,133.164
1,5070.02,0.00868479,229.995
2,5020.68,0.018332,332.192
3,4077.53,0.20274,440.527
4,1690.57,0.669451,549.798
5,1656.31,0.676151,656.689
