Iteration,Cost,Cost reduction,time (ms)
0,27.5226,0.317465,103.778
1,14.8077,0.632784,176.981
2,14.8077,0.632784,245.191
3,14.8077,0.632784,292.851
4,14.8077,0.632784,340.951
5,14.8077,0.632784,388.916
