Iteration,Cost,Cost reduction,time (ms)
0,72.378,0.355774,143.863
1,40.6209,0.63844,248.2
2,18.4337,0.835925,356.695
3,17.3393,0.845666,472.592
4,16.774,0.850697,589.891
5,6.70797,0.940293,701.718
