Iteration,Cost,Cost reduction,time (ms)
0,4776.83,0.00137053,131.603
1,4738.97,0.00928558,227.471
2,4689.63,0.0195991,329.129
3,3812.05,0.203063,437.444
4,3472.07,0.274138,550.046
5,2816.77,0.411134,660.063
