Iteration,Cost,Cost reduction,time (ms)
0,5066.45,0.00127668,178.032
1,5027.81,0.00889371,335.188
2,4977.97,0.0187185,502.072
3,4287.22,0.154883,691.712
4,1657.03,0.673359,907.562
5,1459.2,0.712356,1110.46
