Iteration,Cost,Cost reduction,time (ms)
0,32.3439,0.384517,220.986
1,9.94483,0.810756,395.578
2,9.94483,0.810756,574.228
3,9.21521,0.82464,651.667
4,9.21521,0.82464,819.574
5,9.21521,0.82464,891.216
