Iteration,Cost,Cost reduction,time (ms)
0,5793.67,0.00111666,416.369
1,5755.03,0.00777866,810.153
2,5705.19,0.0163719,1206.63
3,5682.56,0.020273,1707.44
4,4618.81,0.203673,2211.31
5,2316.41,0.600629,3084.39
