Iteration,Cost,Cost reduction,time (ms)
0,44.6872,0.256507,138.924
1,6.5055,0.891764,238.73
2,2.54718,0.957621,350.194
3,2.46765,0.958944,469.209
4,1.93895,0.96774,589.157
5,1.58995,0.973547,709.871
