Iteration,Cost,Cost reduction,time (ms)
0,5601.76,0.00115493,142.054
1,5563.13,0.00804353,241.723
2,5513.24,0.0169385,346.672
3,5494.27,0.0203213,467.423
4,4098.82,0.269143,596.852
5,1780.85,0.682458,781.541
