Iteration,Cost,Cost reduction,time (ms)
0,26.1827,0.329238,104.456
1,18.1934,0.533913,178.384
2,11.8381,0.696725,252.783
3,11.5857,0.703193,332.763
4,11.5379,0.704416,412.516
5,8.89404,0.772148,493.258
