Iteration,Cost,Cost reduction,time (ms)
0,5113.81,0.00126499,178.064
1,5075.17,0.00881153,333.74
2,5025.33,0.0185459,502.931
3,4369.68,0.146595,694.729
4,1997.79,0.609829,905.136
5,1862.22,0.636306,1111.09
