Iteration,Cost,Cost reduction,time (ms)
0,5335.45,0.00122717,132.193
1,5297.59,0.00831456,229.391
2,5248.25,0.0175495,330.726
3,4312.14,0.192786,438.454
4,3983.48,0.254309,550.44
5,3140.14,0.412179,663.677
