Iteration,Cost,Cost reduction,time (ms)
0,29.1805,0.319484,106.774
1,19.515,0.544892,180.564
2,19.515,0.544892,250.154
3,19.515,0.544892,299.162
4,19.515,0.544892,349.406
5,19.515,0.544892,400.006
