Iteration,Cost,Cost reduction,time (ms)
0,25.9162,0.344713,102.717
1,20.1033,0.49169,175.575
2,18.6873,0.527494,248.384
3,18.6873,0.527494,322.343
4,18.6873,0.527494,371.846
5,18.6503,0.528429,423.585
