Iteration,Cost,Cost reduction,time (ms)
0,122.743,0.295201,148.37
1,104.859,0.397891,256.451
2,40.4062,0.767986,369.081
3,10.5078,0.939663,490.687
4,7.69981,0.955787,612.842
5,4.81435,0.972356,745.808
