Iteration,Cost,Cost reduction,time (ms)
0,115.877,0.106973,205.214
1,66.3264,0.488844,325.712
2,39.7416,0.693724,454.391
3,15.5365,0.880265,581.956
4,15.5365,0.880265,722.152
5,11.6665,0.91009,810.648
