Iteration,Cost,Cost reduction,time (ms)
0,4702.72,0.00139251,132.971
1,4664.86,0.00943192,229.847
2,4615.53,0.019909,330.681
3,3719.19,0.210243,439.123
4,2316.35,0.508131,547.709
5,2293.85,0.512908,653.554
