Iteration,Cost,Cost reduction,time (ms)
0,130.953,0.228106,145.42
1,107.441,0.366695,245.543
2,89.5206,0.472327,360.118
3,54.2863,0.680013,474.376
4,7.63444,0.954999,585.92
5,7.63444,0.954999,707.58
