Iteration,Cost,Cost reduction,time (ms)
0,5041.4,0.00128273,156.468
1,5002.77,0.00893679,258.775
2,4952.72,0.0188517,363.267
3,4938.14,0.0217401,481.626
4,3827.08,0.241844,593.524
5,2495.91,0.505553,709.339
