Iteration,Cost,Cost reduction,time (ms)
0,59.5045,0.354763,152.16
1,34.4558,0.626379,257.737
2,34.0213,0.631091,370.925
3,31.4422,0.659057,487.009
4,6.97109,0.924409,608.063
5,6.58506,0.928595,735.26
