Iteration,Cost,Cost reduction,time (ms)
0,84.9461,0.366087,148.737
1,64.8589,0.515989,260.163
2,41.1315,0.693055,371.123
3,33.758,0.74808,489.308
4,10.6045,0.920864,614.385
5,5.35538,0.960035,733.113
