Iteration,Cost,Cost reduction,time (ms)
0,28.0274,0.411224,539.149
1,20.1715,0.576254,1081.24
2,6.74227,0.858364,1590.02
3,4.51151,0.905226,2001.51
4,4.51151,0.905226,2403.86
5,4.51151,0.905226,2489.22
