Iteration,Cost,Cost reduction,time (ms)
0,33.3334,0.211834,315.631
1,19.5674,0.53733,565.666
2,19.5674,0.53733,827.224
3,19.5674,0.53733,964.337
4,19.5674,0.53733,1124.31
