Iteration,Cost,Cost reduction,time (ms)
0,40.565,0.752494,79.112
1,40.565,0.752494,220.364
2,40.565,0.752494,279.209
3,22.3414,0.863685,325.526
4,22.3414,0.863685,436.677
5,22.3414,0.863685,494.57
6,20.5547,0.874586,550.578
7,20.1355,0.877144,644.335
8,19.0109,0.884006,774.874
9,19.0109,0.884006,882.153
