Iteration,Cost,Cost reduction,time (ms)
0,66.7323,0.405971,146.262
1,56.2419,0.499353,254.688
2,35.1893,0.686757,366.415
3,16.3533,0.854429,481.35
4,14.8039,0.868221,597.979
5,14.8039,0.868221,713.896
