Iteration,Cost,Cost reduction,time (ms)
0,61.1818,0.0951481,206.423
1,7.31237,0.891853,395.515
2,6.70265,0.900871,588.629
3,6.52308,0.903527,777.889
4,4.50946,0.933307,968.68
5,3.15388,0.953356,1156.66
