Iteration,Cost,Cost reduction,time (ms)
0,43.2,0.183186,141.005
1,9.03653,0.82914,245.805
2,4.09557,0.922562,345.6
3,3.31296,0.937359,447.229
4,3.22099,0.939098,547.837
5,2.76721,0.947678,650.913
6,2.3379,0.955796,751.081
7,1.92255,0.963649,851.078
8,1.70096,0.967839,952.616
9,1.49253,0.97178,1053.19
