Iteration,Cost,Cost reduction,time (ms)
0,97.3393,0.315097,186.73
1,88.8857,0.374579,292.636
2,56.1514,0.604905,398.758
3,56.1514,0.604905,514.14
4,56.1514,0.604905,585.6
