Iteration,Cost,Cost reduction,time (ms)
0,119.706,0.0244822,144.787
1,60.7597,0.504853,252.882
2,48.7802,0.602477,373.358
3,31.9796,0.73939,501.641
4,23.5705,0.807918,641.3
5,14.2733,0.883684,785.3
