Iteration,Cost,Cost reduction,time (ms)
0,25.0893,0.371948,109.495
1,10.3842,0.740057,184.686
2,10.3842,0.740057,263.288
3,10.0688,0.74795,316.642
4,10.0127,0.749355,400.749
5,4.71397,0.881997,491.048
