Iteration,Cost,Cost reduction,time (ms)
0,5650.47,0.00114537,141.663
1,5611.84,0.00797452,240.191
2,5561.94,0.0167949,344.604
3,5537.26,0.0211582,466.227
4,3784.1,0.331071,588.802
5,3716.36,0.343045,719.311
