Iteration,Cost,Cost reduction,time (ms)
0,46.6839,0.435596,228.498
1,24.5439,0.703266,440.689
2,21.3782,0.74154,648.797
3,6.41355,0.922461,859.045
4,4.67517,0.943478,1066.91
5,4.09761,0.95046,1271.1
