Iteration,Cost,Cost reduction,time (ms)
0,125.976,0.2682,147.886
1,91.9721,0.46573,262.987
2,44.2325,0.743051,409.774
3,32.1238,0.813391,564.392
4,27.5069,0.840211,730.307
5,25.6426,0.851041,898.3
