Iteration,Cost,Cost reduction,time (ms)
0,87.3958,0.152942,592.43
1,51.506,0.500793,1174.18
2,43.9676,0.573857,1720.11
3,38.0356,0.631351,2265.73
4,24.9843,0.757847,2789.27
5,17.5489,0.829912,3313.3
