Iteration,Cost,Cost reduction,time (ms)
0,4642.66,0.00139335,142.02
1,4604.03,0.00970298,241.125
2,4554.14,0.0204338,346.521
3,4536.15,0.0243039,470.84
4,3259.12,0.298983,604.253
5,1630.57,0.649274,756.404
