Iteration,Cost,Cost reduction,time (ms)
0,27.25,0.410887,556.943
1,19.3538,0.581593,1054.79
2,18.5405,0.599177,1546.27
3,17.7555,0.616147,2042.18
4,15.8172,0.658051,2537.05
5,13.0676,0.717494,3021.65
