Iteration,Cost,Cost reduction,time (ms)
0,101.252,0.122735,10.458
1,29.7784,0.741996,18.519
2,29.7784,0.741996,25.755
3,25.6251,0.777981,30.719
4,25.6251,0.777981,38.683
