Iteration,Cost,Cost reduction,time (ms)
0,4980.46,0.00129879,135.169
1,4941.83,0.00904545,232.35
2,4891.94,0.0190484,335.962
3,4227.73,0.15224,456.533
4,1557.11,0.687762,581.145
5,1557.11,0.687762,765.779
