Iteration,Cost,Cost reduction,time (ms)
0,5601.78,0.00115485,413.267
1,5563.14,0.00804479,810.144
2,5513.3,0.0169319,1206.65
3,4762.81,0.150751,1701.37
4,2075.54,0.629913,2333.22
5,1253.72,0.77645,2876.28
