Iteration,Cost,Cost reduction,time (ms)
0,27.3432,0.364797,108.519
1,16.6988,0.612074,182.119
2,11.2312,0.739092,263.115
3,11.2312,0.739092,351.28
4,11.1087,0.741936,404.076
5,11.1087,0.741936,493.285
