Iteration,Cost,Cost reduction,time (ms)
0,4872.95,0.00132763,141.826
1,4834.32,0.00924507,239.699
2,4784.43,0.0194696,344.531
3,4741.9,0.028186,467.953
4,2939.55,0.397563,611.792
5,2624.32,0.462166,757.232
