Iteration,Cost,Cost reduction,time (ms)
0,4776.91,0.00135376,178.333
1,4738.27,0.00943191,336.475
2,4688.44,0.0198505,504.972
3,4518.15,0.0554508,694.478
4,3704.93,0.225458,886.385
5,1914.22,0.599819,1080.3
