Iteration,Cost,Cost reduction,time (ms)
0,29.8969,0.243288,600.587
1,8.5103,0.784599,1207.49
2,4.79249,0.878699,1750.26
3,3.951,0.899998,2269.01
4,3.86287,0.902228,2772.45
5,3.86287,0.902228,3256.87
