Iteration,Cost,Cost reduction,time (ms)
0,26.3455,0.33105,191.3
1,20.4738,0.480142,366.377
2,18.7553,0.523775,540.161
3,18.107,0.540238,713.177
4,15.088,0.616893,885.722
5,14.2171,0.639008,1060.32
