Iteration,Cost,Cost reduction,time (ms)
0,37.2878,0.547066,213.947
1,30.6493,0.627704,394.895
2,21.0863,0.743866,599.245
3,7.32957,0.910968,801.542
4,7.32957,0.910968,1002.59
5,7.32957,0.910968,1082.83
