Iteration,Cost,Cost reduction,time (ms)
0,4540.35,0.00142511,137.131
1,4501.71,0.00992159,234.339
2,4451.65,0.0209328,335.943
3,4429.76,0.0257457,451.148
4,2961.95,0.348568,566.282
5,2961.95,0.348568,709.302
