Iteration,Cost,Cost reduction,time (ms)
0,9.00618,0.857058,209.428
1,9.00618,0.857058,404.303
2,9.00618,0.857058,482.442
3,9.00618,0.857058,555.165
4,9.00618,0.857058,629.084
5,7.21777,0.885443,706.183
