Iteration,Cost,Cost reduction,time (ms)
0,39.0584,0.410535,153.888
1,21.6796,0.672814,265.958
2,14.3954,0.782746,384.717
3,12.3245,0.814001,516.64
4,8.90597,0.865592,663.345
5,7.36817,0.8888,847.134
