Iteration,Cost,Cost reduction,time (ms)
0,113.946,0.314579,147.808
1,90.0309,0.458437,260.186
2,33.0215,0.801366,379.37
3,26.4611,0.840828,499.745
4,25.8409,0.844559,624.493
5,24.9,0.850219,753.406
