Iteration,Cost,Cost reduction,time (ms)
0,31.5261,0.32385,109.682
1,26.5016,0.431611,182.746
2,26.5016,0.431611,262.715
3,26.5016,0.431611,312.225
4,26.5016,0.431611,361.742
5,26.5016,0.431611,411.654
