Iteration,Cost,Cost reduction,time (ms)
0,5488.62,0.0011791,138.014
1,5449.98,0.00820941,235.834
2,5400.09,0.0172896,340.417
3,5379.38,0.0210575,461.881
4,3082.73,0.439004,590.25
5,1619.73,0.705241,750.432
