Iteration,Cost,Cost reduction,time (ms)
0,5488.6,0.0011784,414.406
1,5449.96,0.00821032,813.331
2,5400.13,0.0172793,1208.55
3,5347.87,0.0267884,1714.9
4,4221.9,0.231694,2303.3
5,2072.21,0.622897,3010.5
