Iteration,Cost,Cost reduction,time (ms)
0,31.0911,0.207724,180.527
1,12.189,0.689394,347.153
2,9.81412,0.749913,508.799
3,9.77128,0.751004,671.837
4,9.61804,0.754909,839.283
5,8.2866,0.788838,1008.89
