Iteration,Cost,Cost reduction,time (ms)
0,4872.95,0.00132728,138.337
1,4834.32,0.00924529,236.367
2,4784.43,0.019469,340.962
3,4730.02,0.0306204,463.567
4,3261.73,0.331534,585.113
5,2650.15,0.456874,709.244
