Iteration,Cost,Cost reduction,time (ms)
0,4535.06,0.00144366,133.422
1,4497.2,0.00977999,229.359
2,4447.86,0.0206429,331.439
3,3576.34,0.212539,439.736
4,3179.44,0.299932,548.655
5,2631.14,0.420659,661.051
