Iteration,Cost,Cost reduction,time (ms)
0,21.0047,0.441149,102.679
1,13.2314,0.647965,174.13
2,13.2314,0.647965,246.175
3,13.154,0.650026,296.094
4,13.154,0.650026,370.551
5,13.154,0.650026,420.4
