Iteration,Cost,Cost reduction,time (ms)
0,26.8071,0.376629,176.115
1,5.76349,0.865976,340.804
2,5.24427,0.87805,497.632
3,3.71885,0.913522,656.105
4,3.71885,0.913522,815.155
5,3.54503,0.917564,880.866
