Iteration,Cost,Cost reduction,time (ms)
0,107.742,0.31466,144.147
1,103.247,0.343255,253.941
2,88.284,0.438432,364.545
3,88.284,0.438432,477.035
4,86.0234,0.452811,554.738
5,54.4483,0.653659,669.014
