Iteration,Cost,Cost reduction,time (ms)
0,31.9324,0.295168,524.389
1,9.42881,0.791881,1028.61
2,8.67851,0.808442,1504.33
3,8.67851,0.808442,1961.47
4,8.67851,0.808442,2051.14
5,8.67851,0.808442,2111.61
