Iteration,Cost,Cost reduction,time (ms)
0,25.0236,0.380574,122.69
1,17.4636,0.567711,198.097
2,17.4636,0.567711,270.246
3,16.9018,0.581618,321.625
4,14.837,0.632728,403.361
5,8.27803,0.795088,506.355
