Iteration,Cost,Cost reduction,time (ms)
0,5143.62,0.0012578,155.048
1,5104.99,0.00875914,252.411
2,5055.1,0.018446,350.45
3,5020.52,0.0251594,462.207
4,3641.07,0.293009,585.654
5,2928.69,0.431333,759.881
6,2018.03,0.608157,983.111
7,1639.78,0.681603,1226.27
8,1490.26,0.710635,1495.44
9,1461.91,0.716139,1783.89
