Iteration,Cost,Cost reduction,time (ms)
0,31.7008,0.302619,112.001
1,22.6737,0.501205,195.06
2,13.6196,0.700384,282.458
3,10.9035,0.760134,399.737
4,10.9035,0.760134,538.056
5,7.60162,0.832773,595.457
