Iteration,Cost,Cost reduction,time (ms)
0,111.799,0.295965,218.674
1,79.733,0.497897,427.725
2,30.4653,0.80815,649.799
3,20.2853,0.872257,870.032
4,10.3089,0.935081,1088.27
5,8.67054,0.945399,1288.54
