Iteration,Cost,Cost reduction,time (ms)
0,119.955,0.309512,159.914
1,101.253,0.417167,303.985
2,30.0919,0.826785,513.028
3,9.87852,0.943137,724.541
4,9.32794,0.946306,946.822
5,9.32794,0.946306,1159.31
