Iteration,Cost,Cost reduction,time (ms)
0,32.1507,0.322495,106.206
1,16.5093,0.652104,182.06
2,14.1062,0.702742,259.015
3,14.1062,0.702742,333.164
4,12.1622,0.743708,387.563
5,12.1622,0.743708,464.781
