Iteration,Cost,Cost reduction,time (ms)
0,27.1963,0.414425,560.693
1,19.7165,0.575475,1057.14
2,18.7081,0.597188,1552.22
3,18.7081,0.597188,2033.97
4,13.6117,0.70692,2093.48
5,8.68051,0.813096,2588.96
