Iteration,Cost,Cost reduction,time (ms)
0,31.1033,0.325712,109.049
1,19.5156,0.576922,188.937
2,12.1107,0.737453,271.658
3,7.61025,0.835018,356.088
4,5.1525,0.888299,441.848
5,5.1525,0.888299,526.218
