Iteration,Cost,Cost reduction,time (ms)
0,39.4557,0.409053,848.574
1,34.182,0.48804,1603.84
2,33.9823,0.491032,2411.61
3,32.4684,0.513705,3204.61
4,31.9733,0.521121,3976.47
5,30.8902,0.537343,4753.68
6,25.4426,0.618934,5542.3
7,25.4426,0.618934,6297.44
