Iteration,Cost,Cost reduction,time (ms)
0,29.4247,0.322689,108.474
1,20.1538,0.536091,187.716
2,20.1538,0.536091,266.957
3,20.1419,0.536365,322.129
4,20.1419,0.536365,405.163
5,20.1174,0.536929,461.135
