Iteration,Cost,Cost reduction,time (ms)
0,68.2254,0.0719749,212.409
1,14.4801,0.803037,425.167
2,10.1456,0.861996,606.528
3,9.3967,0.872183,791.919
4,8.12007,0.889548,978.768
5,8.12007,0.889548,1162.06
