Iteration,Cost,Cost reduction,time (ms)
0,5033.06,0.00130111,132.055
1,4995.2,0.00881361,228.963
2,4945.86,0.0186042,330.141
3,4022.99,0.201726,438.438
4,3484.16,0.308647,548.661
5,1177.68,0.766316,657.095
