Iteration,Cost,Cost reduction,time (ms)
0,89.0891,0.302894,149.075
1,86.4895,0.323236,259.069
2,8.45051,0.933876,373.209
3,4.55387,0.964367,497.659
4,4.37379,0.965776,628.708
5,4.30171,0.96634,759.722
