Iteration,Cost,Cost reduction,time (ms)
0,51.0206,0.27487,157.138
1,38.461,0.453374,344.127
2,28.6125,0.593345,577.981
3,21.4724,0.694824,785.892
4,11.4936,0.836647,996.274
5,11.4936,0.836647,1210.05
