Iteration,Cost,Cost reduction,time (ms)
0,59.8129,0.000572115,390.107
1,59.8129,0.000572115,733.175
2,59.8129,0.000572115,1028.75
3,59.8129,0.000572115,1324.24
4,59.8129,0.000572115,1619.36
5,59.8129,0.000572115,1913.96
6,59.8129,0.000572115,2212.13
