Iteration,Cost,Cost reduction,time (ms)
0,49.7666,0.453608,156.883
1,37.1575,0.592045,261.416
2,4.52792,0.950288,370.121
3,4.41211,0.951559,486.337
4,4.41211,0.951559,600.48
5,4.41211,0.951559,676.937
