Iteration,Cost,Cost reduction,time (ms)
0,71.435,0.409796,162.98
1,45.5843,0.623378,275.839
2,44.2858,0.634106,416.416
3,29.6018,0.755427,566.105
4,29.6018,0.755427,720.46
5,29.6018,0.755427,801.7
