Iteration,Cost,Cost reduction,time (ms)
0,24.1784,0.392288,105.491
1,15.9111,0.600083,178.924
2,11.111,0.720729,254.682
3,11.111,0.720729,331.679
4,5.97654,0.849782,383.863
5,5.97654,0.849782,463.344
