Iteration,Cost,Cost reduction,time (ms)
0,69.5077,0.378689,222.031
1,33.7688,0.69815,433.015
2,33.7688,0.69815,619.991
3,27.1912,0.756945,695.492
4,22.7003,0.797088,880.726
5,22.7003,0.797088,1066.83
