Iteration,Cost,Cost reduction,time (ms)
0,28.8865,0.307064,107.896
1,17.4426,0.581583,186.333
2,13.742,0.670355,265.308
3,12.5464,0.699035,356.164
4,12.5464,0.699035,443.74
5,10.8414,0.739935,497.157
