Iteration,Cost,Cost reduction,time (ms)
0,23.4782,0.38946,572.067
1,23.0336,0.401022,1107.61
2,21.9964,0.427992,1648.96
3,12.89,0.6648,2171.93
4,12.3963,0.67764,2697.4
5,11.3675,0.704392,3224.08
