Iteration,Cost,Cost reduction,time (ms)
0,4373.16,0.00147944,135.481
1,4334.53,0.0103003,233.479
2,4284.63,0.0216929,339.681
3,4123.97,0.0583767,462.722
4,3471.54,0.207346,585.54
5,1873.05,0.572327,718.09
