Iteration,Cost,Cost reduction,time (ms)
0,98.0293,0.311658,154.066
1,96.9661,0.319124,267.63
2,43.9061,0.6917,383.148
3,36.8206,0.741453,503.218
4,36.8206,0.741453,621.929
5,32.0602,0.77488,698.795
