Iteration,Cost,Cost reduction,time (ms)
0,5554.78,0.00116419,415.773
1,5516.14,0.0081125,811.747
2,5466.31,0.0170729,1208.59
3,5306.62,0.0457872,1714.22
4,4396.66,0.209411,2254.72
5,2288.44,0.588503,2797.61
