Iteration,Cost,Cost reduction,time (ms)
0,28.6689,0.293314,111.071
1,23.0453,0.431935,190.383
2,22.2046,0.452659,274.387
3,21.3759,0.473086,362.086
4,20.8814,0.485275,451.259
5,18.4733,0.544635,539.003
