Iteration,Cost,Cost reduction,time (ms)
0,112.044,0.29478,222.225
1,85.0843,0.46447,430.221
2,70.4415,0.556634,645.075
3,30.1951,0.809949,857.476
4,27.7002,0.825652,1074.46
5,20.9035,0.868431,1293.1
