Iteration,Cost,Cost reduction,time (ms)
0,30.8244,0.304756,104.285
1,17.028,0.615935,176.949
2,7.58774,0.828859,252.159
3,6.26859,0.858612,326.913
4,6.15656,0.861139,403.404
5,6.05958,0.863326,480.231
