Iteration,Cost,Cost reduction,time (ms)
0,31.7612,0.317129,103.218
1,30.7726,0.338383,176.924
2,27.6284,0.405985,251.563
3,20.3938,0.56153,329.917
4,16.4701,0.64589,410.964
5,5.55393,0.88059,491.586
