Iteration,Cost,Cost reduction,time (ms)
0,65.1627,0.37616,154.583
1,55.9707,0.46416,262.525
2,30.4059,0.708907,384.272
3,30.4059,0.708907,536.118
4,30.4059,0.708907,618.746
5,30.4059,0.708907,700.701
