Iteration,Cost,Cost reduction,time (ms)
0,132.637,0.0255665,146.209
1,57.3925,0.57836,258.288
2,38.698,0.715701,370.591
3,37.6122,0.723678,496.35
4,37.6122,0.723678,617.039
5,37.6122,0.723678,696.991
