Iteration,Cost,Cost reduction,time (ms)
0,20.9148,0.564589,536.176
1,20.9148,0.564589,946.103
2,20.0137,0.583349,1035.98
3,20.0137,0.583349,1431.93
4,20.0137,0.583349,1518.78
