Iteration,Cost,Cost reduction,time (ms)
0,28.8345,0.580749,159.024
1,24.6565,0.641497,270.239
2,20.5611,0.701044,389.211
3,20.5611,0.701044,511.032
4,20.5611,0.701044,590.114
5,20.5611,0.701044,668.336
