Iteration,Cost,Cost reduction,time (ms)
0,4454.9,0.00145147,178.734
1,4416.26,0.0101127,337.959
2,4366.42,0.0212832,507.499
3,4201.69,0.0582061,696.441
4,3321.62,0.255471,886.283
5,1964.83,0.55959,1078.13
