Iteration,Cost,Cost reduction,time (ms)
0,25.7132,0.40306,102.988
1,16.8658,0.608456,176.259
2,12.194,0.716913,252.437
3,12.194,0.716913,330.542
4,11.1292,0.741632,383.653
5,11.1292,0.741632,463.977
