Iteration,Cost,Cost reduction,time (ms)
0,108.168,0.31977,582.765
1,87.503,0.449727,1131.18
2,49.7711,0.687009,1637.79
3,9.50523,0.940225,2178.37
4,6.09403,0.961677,2740.6
5,5.76089,0.963772,3332.96
