Iteration,Cost,Cost reduction,time (ms)
0,4742.6,0.00136603,144.498
1,4703.98,0.00949747,242.31
2,4654.07,0.0200069,347.027
3,4635.78,0.0238582,467.528
4,3531.78,0.256324,594.832
5,3023.82,0.363283,720.272
