Iteration,Cost,Cost reduction,time (ms)
0,67.3667,0.251635,157.088
1,28.419,0.684298,284.567
2,20.1125,0.776574,403.665
3,15.2915,0.830129,522.088
4,15.2915,0.830129,637.339
5,15.2915,0.830129,715.45
