Iteration,Cost,Cost reduction,time (ms)
0,5387.16,0.00121569,131.994
1,5349.3,0.008235,228.483
2,5299.96,0.0173829,329.758
3,4336.53,0.196003,438.772
4,3793.91,0.296606,546.992
5,2717.9,0.496099,655.906
