Iteration,Cost,Cost reduction,time (ms)
0,27.9862,0.371587,187.867
1,24.1867,0.456901,362.513
2,21.2634,0.522544,528.928
3,18.2378,0.590481,692.918
4,18.2378,0.590481,867.378
5,18.2378,0.590481,932.599
