Iteration,Cost,Cost reduction,time (ms)
0,16.7886,0.872953,158.566
1,9.9549,0.924667,264.209
2,9.9549,0.924667,362.535
3,9.9549,0.924667,427.707
4,9.9549,0.924667,492.744
5,9.9549,0.924667,557.552
6,9.9549,0.924667,622.835
