Iteration,Cost,Cost reduction,time (ms)
0,4559.03,0.00143604,131.659
1,4521.17,0.00972862,228.18
2,4471.83,0.020535,330.134
3,3602.04,0.211044,437.996
4,3228.35,0.292894,547.074
5,2710.41,0.40634,659.783
