Iteration,Cost,Cost reduction,time (ms)
0,29.6328,0.429174,583.262
1,23.2746,0.551654,1143.35
2,17.0512,0.671537,1701.67
3,8.01891,0.845529,2227.6
4,4.43993,0.914472,2800.24
5,4.43993,0.914472,3394.63
