Iteration,Cost,Cost reduction,time (ms)
0,31.3235,0.349118,589.058
1,16.941,0.647976,1162.81
2,6.0952,0.873346,1765.83
3,4.97781,0.896564,2372.23
4,4.97781,0.896564,2976.6
5,4.97781,0.896564,3072.22
