Iteration,Cost,Cost reduction,time (ms)
0,23.0641,0.453988,520.818
1,14.1562,0.66487,1025.7
2,11.203,0.734785,1510.69
3,11.0755,0.737802,1990.1
4,10.8451,0.743256,2466.18
5,10.8451,0.743256,2947.57
