Iteration,Cost,Cost reduction,time (ms)
0,31.6556,0.315823,597.829
1,15.7054,0.660557,1231.77
2,12.1248,0.737945,1909.16
3,11.6778,0.747606,2576.31
4,11.115,0.75977,3236.16
5,10.0038,0.783787,3882.24
