Iteration,Cost,Cost reduction,time (ms)
0,29.9294,0.32178,105.272
1,11.6036,0.737055,184.99
2,11.5612,0.738017,266.862
3,10.5439,0.761068,353.397
4,8.40547,0.809527,449.132
5,7.71267,0.825226,544.407
