Iteration,Cost,Cost reduction,time (ms)
0,72.1926,0.309238,162.014
1,16.5823,0.841335,332.799
2,16.5823,0.841335,519.466
3,12.5519,0.879899,605.783
4,9.60351,0.908111,792.911
5,9.60351,0.908111,985.927
