Iteration,Cost,Cost reduction,time (ms)
0,68.9036,0.383535,146.933
1,63.6608,0.430441,254.35
2,21.9372,0.803733,367.334
3,11.4556,0.89751,488.965
4,7.85972,0.929681,604.629
5,6.37458,0.942968,727.905
