Iteration,Cost,Cost reduction,time (ms)
0,34.2428,0.502586,223.09
1,23.7579,0.654891,422.372
2,8.06039,0.882914,621.541
3,7.63752,0.889057,808.876
4,5.45516,0.920758,995.486
5,5.45516,0.920758,1184.92
