Iteration,Cost,Cost reduction,time (ms)
0,108.51,0.311874,220.857
1,43.9318,0.721402,429.993
2,26.407,0.832537,624.24
3,9.32699,0.940852,831.133
4,6.63007,0.957955,1033.69
5,6.63007,0.957955,1231.37
