Iteration,Cost,Cost reduction,time (ms)
0,5554.8,0.00116463,412.413
1,5516.16,0.00811277,809.959
2,5466.32,0.0170751,1205.97
3,5443.74,0.0211363,1706.57
4,4418.78,0.205438,2208.01
5,2334.48,0.580226,3073.54
