Iteration,Cost,Cost reduction,time (ms)
0,22.8701,0.408488,108.12
1,16.6171,0.570215,181.879
2,14.2382,0.631743,263.671
3,13.0979,0.661235,355.029
4,12.0821,0.687508,462.531
5,11.1591,0.711381,567.889
