Iteration,Cost,Cost reduction,time (ms)
0,29.8193,0.382963,543.956
1,25.1548,0.479483,1072.67
2,16.4967,0.658642,1575.01
3,16.4967,0.658642,2067.7
4,11.6394,0.759152,2158.95
5,8.72779,0.8194,2624.52
