Iteration,Cost,Cost reduction,time (ms)
0,4199.83,0.00153965,179.316
1,4161.19,0.010726,336.685
2,4111.35,0.0225747,505.976
3,3456.16,0.178338,695.904
4,1663.55,0.604511,911.283
5,933.179,0.778148,1108.51
