Iteration,Cost,Cost reduction,time (ms)
0,5355.34,0.00120841,135.314
1,5316.71,0.00841346,233.42
2,5266.81,0.0177193,338.58
3,5246.46,0.0215143,459.667
4,2840.89,0.470163,591.593
5,1525.46,0.715495,735.607
