Iteration,Cost,Cost reduction,time (ms)
0,96.4223,0.32262,147.138
1,93.614,0.342349,253.796
2,51.9758,0.634863,365.108
3,51.9758,0.634863,475.137
4,49.8868,0.649539,554.258
5,37.2544,0.738283,669.653
