Iteration,Cost,Cost reduction,time (ms)
0,4336.01,0.00149121,416.313
1,4297.37,0.0103895,815.202
2,4247.54,0.0218659,1212.5
3,4210.42,0.0304143,1714.44
4,2788.88,0.35777,2255.41
5,2559.92,0.410494,3034.3
