Iteration,Cost,Cost reduction,time (ms)
0,74.7685,0.440235,218.385
1,64.2641,0.518877,419.754
2,51.8053,0.612152,626.288
3,49.8616,0.626704,831.699
4,41.7635,0.687331,1048.04
5,12.0521,0.90977,1267.72
