Iteration,Cost,Cost reduction,time (ms)
0,24.5442,0.350104,108.027
1,14.3795,0.619251,178.839
2,7.29376,0.806872,254.535
3,7.21037,0.80908,346.673
4,7.21037,0.80908,441.035
5,6.45125,0.82918,494.528
