Iteration,Cost,Cost reduction,time (ms)
0,51.5183,0.424241,155.675
1,49.1989,0.450162,265.77
2,7.88384,0.911892,388.833
3,5.38837,0.939781,509.881
4,4.45599,0.950201,631.6
5,3.83294,0.957164,755.997
