Iteration,Cost,Cost reduction,time (ms)
0,4403.26,0.00146875,413.35
1,4364.62,0.0102313,808.609
2,4314.78,0.021534,1195.64
3,4292.59,0.0265658,1701.9
4,3461.18,0.215105,2203.69
5,2193.79,0.502511,3086.58
