Iteration,Cost,Cost reduction,time (ms)
0,5697.78,0.00114918,130.175
1,5659.91,0.00778641,227.209
2,5610.58,0.0164355,328.955
3,4645.3,0.185654,438.068
4,4272.11,0.251077,549.138
5,3497.71,0.386833,662.347
