Iteration,Cost,Cost reduction,time (ms)
0,23.3917,0.405509,174.176
1,15.9708,0.594108,335.947
2,7.53288,0.808554,502.911
3,5.40381,0.862664,670.527
4,4.56174,0.884065,834.736
5,4.03207,0.897526,1001.71
