Iteration,Cost,Cost reduction,time (ms)
0,26.023,0.374566,582.36
1,16.9277,0.593162,1158.01
2,12.8606,0.690909,1699.79
3,12.1364,0.708316,2247.67
4,12.1364,0.708316,2795.29
5,11.8352,0.715555,2886.91
