Iteration,Cost,Cost reduction,time (ms)
0,35.5756,0.104364,188.785
1,15.1625,0.618276,367.613
2,9.75358,0.754448,551.219
3,5.27538,0.867189,736.745
4,2.90051,0.926978,917.794
5,2.55808,0.935599,1090.99
