Iteration,Cost,Cost reduction,time (ms)
0,58.5845,0.384014,567.554
1,34.7653,0.634461,1138.42
2,28.6316,0.698953,1692.55
3,25.982,0.726812,2229.45
4,25.982,0.726812,2766.15
5,25.982,0.726812,2855.21
