Iteration,Cost,Cost reduction,time (ms)
0,115.962,0.06915,142.453
1,71.3647,0.42714,249.312
2,33.7373,0.729184,367.118
3,8.9204,0.928394,487.108
4,4.86717,0.96093,614.826
5,4.648,0.96269,744.216
