Iteration,Cost,Cost reduction,time (ms)
0,5335.53,0.00121205,176.926
1,5296.89,0.00844551,336.52
2,5247.05,0.017774,503.85
3,4985.12,0.0668073,695.201
4,4358.44,0.184118,908.133
5,2302.85,0.568916,1113.03
