Iteration,Cost,Cost reduction,time (ms)
0,68.6457,0.397706,208.362
1,57.2307,0.49786,413.363
2,19.9642,0.824835,622.281
3,12.5963,0.889481,832.656
4,12.4879,0.890431,1040.29
5,10.4484,0.908326,1253.55
