Iteration,Cost,Cost reduction,time (ms)
0,4284.9,0.00150905,178.956
1,4246.26,0.0105133,336.056
2,4196.42,0.0221268,504.383
3,3562.82,0.169772,695.193
4,2031.83,0.526532,903.648
5,1711.05,0.601282,1109.74
