Iteration,Cost,Cost reduction,time (ms)
0,33.0659,0.352396,159.34
1,14.6261,0.713544,272.108
2,8.59025,0.831758,389.789
3,7.97198,0.843867,512.01
4,7.97198,0.843867,631.21
5,7.97198,0.843867,711.49
