Iteration,Cost,Cost reduction,time (ms)
0,28.7633,0.339308,105.865
1,12.043,0.723373,182.974
2,12.043,0.723373,258.004
3,10.237,0.764857,314.517
4,8.86325,0.796412,396.462
5,8.48702,0.805054,479.747
