Iteration,Cost,Cost reduction,time (ms)
0,42.9392,0.626868,20.788
1,29.9869,0.739421,33.365
2,16.5736,0.85598,44.748
3,16.5736,0.85598,56.559
4,16.5736,0.85598,61.178
