Iteration,Cost,Cost reduction,time (ms)
0,130.754,0.284022,146.25
1,116.091,0.364309,254.002
2,5.75123,0.968508,369.77
3,5.75123,0.968508,485.732
4,5.37202,0.970584,561.671
5,5.05718,0.972308,677.195
