Iteration,Cost,Cost reduction,time (ms)
0,22.4343,0.432752,115.74
1,16.4842,0.5832,187.175
2,10.131,0.74384,264.595
3,9.96331,0.748079,348.19
4,9.82214,0.751649,432.305
5,9.82214,0.751649,513.71
