Iteration,Cost,Cost reduction,time (ms)
0,25.2074,0.289404,101.242
1,24.5783,0.30714,174.94
2,24.5783,0.30714,249.159
3,24.5783,0.30714,297.514
4,24.5783,0.30714,345.548
5,24.5783,0.30714,393.838
