Iteration,Cost,Cost reduction,time (ms)
0,95.0557,0.26009,219.768
1,51.327,0.600472,421.818
2,15.295,0.880944,630.18
3,15.295,0.880944,820.885
4,11.5539,0.910065,900.36
5,7.8713,0.93873,1091.64
