Iteration,Cost,Cost reduction,time (ms)
0,4373.06,0.00149683,134.162
1,4335.2,0.0101416,231.113
2,4285.87,0.0214059,332.23
3,3451.74,0.211863,440.383
4,3037.11,0.306535,573.67
5,3037.11,0.306535,685.263
