Iteration,Cost,Cost reduction,time (ms)
0,30.4443,0.382834,174.353
1,7.61462,0.845637,336.955
2,7.61462,0.845637,480.453
3,7.61462,0.845637,542.483
4,7.61462,0.845637,589.32
5,7.61462,0.845637,633.188
