Iteration,Cost,Cost reduction,time (ms)
0,41.9566,0.347906,213.757
1,27.1688,0.57774,419.647
2,11.4225,0.82247,628.66
3,10.1316,0.842534,843.11
4,5.27263,0.918052,1057.88
5,3.22745,0.949839,1264.61
