Iteration,Cost,Cost reduction,time (ms)
0,4333.07,0.00149199,409.395
1,4294.43,0.0103964,809.112
2,4244.6,0.0218794,1205.58
3,4223.1,0.0268347,1710.95
4,2722.58,0.372611,2242.15
5,1678.27,0.613261,3144.52
