Iteration,Cost,Cost reduction,time (ms)
0,86.7261,0.172576,600.351
1,39.5482,0.622684,1182.93
2,31.018,0.704068,1734.43
3,14.9572,0.857299,2292.05
4,10.134,0.903315,2831.36
5,10.134,0.903315,3364.81
