Iteration,Cost,Cost reduction,time (ms)
0,4754.98,0.00136007,410.875
1,4716.34,0.00947542,809.037
2,4666.5,0.0199424,1204.58
3,4626.82,0.0282765,1707.56
4,2430.3,0.489589,2253.49
5,1227.89,0.742118,2984.32
