Iteration,Cost,Cost reduction,time (ms)
0,54.74,0.340819,155.684
1,26.316,0.683102,257.179
2,16.3186,0.803491,372.331
3,9.90695,0.8807,488.336
4,7.02593,0.915393,603.335
5,7.02593,0.915393,712.814
