Iteration,Cost,Cost reduction,time (ms)
0,548.438,0.50353,15.234
1,167.324,0.848531,31.467
2,167.324,0.848531,55.394
3,167.324,0.848531,63.854
4,167.324,0.848531,74.052
5,107.947,0.902282,81.739
6,96.9941,0.912197,96.58
7,58.3016,0.947223,105.049
8,58.3016,0.947223,117.388
