Iteration,Cost,Cost reduction,time (ms)
0,28.2594,0.360961,104.474
1,24.0375,0.456434,178.816
2,24.0375,0.456434,251.625
3,24.0375,0.456434,301.825
4,24.0375,0.456434,353.059
5,24.0219,0.456787,406.379
