Iteration,Cost,Cost reduction,time (ms)
0,69.1867,0.27251,517.28
1,44.072,0.536588,1051.22
2,34.8115,0.633961,1607.35
3,33.7085,0.645559,2162.9
4,21.1343,0.777776,2709.18
5,11.0266,0.884057,3231.7
