Iteration,Cost,Cost reduction,time (ms)
0,49.5412,0.179315,138.416
1,5.75524,0.90466,236.93
2,3.86702,0.93594,339.228
3,2.7471,0.954492,451.639
4,2.59698,0.956979,557.966
5,2.41283,0.96003,667.067
