Iteration,Cost,Cost reduction,time (ms)
0,32.4401,0.482858,146.037
1,26.6312,0.57546,256.319
2,11.6622,0.814087,367.91
3,9.47666,0.848928,474.983
4,9.47666,0.848928,587.945
