Iteration,Cost,Cost reduction,time (ms)
0,1225.67,0.0498846,14.038
1,352.398,0.726829,25.765
2,352.398,0.726829,35.458
3,340.618,0.735961,44.602
4,270.373,0.790412,57.81
5,270.373,0.790412,77.316
6,259.523,0.798824,93.586
7,239.627,0.814246,106.444
8,228.169,0.823129,119.243
9,214.599,0.833648,134.218
