Iteration,Cost,Cost reduction,time (ms)
0,26.0034,0.352936,118.575
1,17.8107,0.556801,192.684
2,17.4146,0.566659,270.312
3,15.7282,0.608622,353.129
4,11.4869,0.714161,434.562
5,8.54756,0.787304,514.918
