Iteration,Cost,Cost reduction,time (ms)
0,127.911,0.299588,153.059
1,127.911,0.299588,262.066
2,127.911,0.299588,339.261
3,127.164,0.303677,420.62
4,127.164,0.303677,536.39
5,127.164,0.303677,616.553
