Iteration,Cost,Cost reduction,time (ms)
0,177.215,0,17.608
1,114.553,0.353594,75.991
2,50.463,0.715244,93.153
3,50.463,0.715244,107.577
4,50.463,0.715244,116.573
5,50.463,0.715244,126.155
6,50.463,0.715244,138.925
