Iteration,Cost,Cost reduction,time (ms)
0,27.6635,0.272222,109.16
1,9.21633,0.757535,186.258
2,3.47712,0.908523,271.268
3,3.45975,0.90898,363.169
4,3.45975,0.90898,453.844
5,3.44459,0.909379,507.46
