Iteration,Cost,Cost reduction,time (ms)
0,125.259,0.0757718,136.589
1,44.2625,0.673408,238.058
2,30.6049,0.774182,352.502
3,27.1681,0.79954,475.484
4,26.1917,0.806744,597.625
5,25.2863,0.813425,719.285
