Iteration,Cost,Cost reduction,time (ms)
0,22.7985,0.135926,13.984
1,14.2852,0.458584,24.905
2,8.80017,0.66647,34.873
3,7.80518,0.70418,44.148
4,6.20914,0.764671,53.33
5,5.74587,0.782229,62.874
6,5.74587,0.782229,72.229
