Iteration,Cost,Cost reduction,time (ms)
0,4929.03,0.00131211,412.242
1,4890.38,0.00914127,812.669
2,4840.55,0.0192391,1212.66
3,4799.07,0.0276434,1713.09
4,2941.44,0.404023,2256.76
5,2232.3,0.547706,2959.83
