Iteration,Cost,Cost reduction,time (ms)
0,121.053,0.302365,143.244
1,100.938,0.418287,255.369
2,48.5451,0.720232,371.714
3,23.1972,0.866313,491.614
4,23.1972,0.866313,607.426
5,19.7967,0.88591,689.167
