Iteration,Cost,Cost reduction,time (ms)
0,37.9816,0.206976,107.045
1,4.39615,0.908212,183.265
2,3.93677,0.917803,263.28
3,3.93677,0.917803,349.848
4,3.93677,0.917803,396.227
5,3.93677,0.917803,442.412
