Iteration,Cost,Cost reduction,time (ms)
0,28.3089,0.303641,112.942
1,25.6597,0.368809,192.672
2,25.6597,0.368809,271.31
3,25.6597,0.368809,326.098
4,25.6597,0.368809,379.439
5,25.6597,0.368809,431.659
