Iteration,Cost,Cost reduction,time (ms)
0,21.4011,0.580431,150.546
1,12.5449,0.754056,262.326
2,6.58266,0.870947,388.181
3,4.3593,0.914536,521.937
4,4.30917,0.915519,659.297
5,4.11896,0.919248,794.984
