Iteration,Cost,Cost reduction,time (ms)
0,37.0747,0.460687,585.369
1,17.5677,0.744448,1120.51
2,9.77367,0.857826,1665.26
3,7.60011,0.889444,2211.61
4,7.60011,0.889444,2761.29
5,6.8969,0.899673,2848.1
