Iteration,Cost,Cost reduction,time (ms)
0,5468.82,0.00119736,136.415
1,5430.96,0.00811206,237.381
2,5381.63,0.017122,340.726
3,4425.45,0.191755,449.735
4,4038.7,0.262389,562.304
5,3315.91,0.394397,674.672
