Iteration,Cost,Cost reduction,time (ms)
0,36.9461,0.361511,582.443
1,29.0696,0.497629,1156.61
2,22.7326,0.607143,1680.07
3,13.7698,0.762036,2255.42
4,10.4658,0.819133,2836.14
5,10.2337,0.823146,3414.58
