Iteration,Cost,Cost reduction,time (ms)
0,25.8832,0.375665,108.271
1,18.2005,0.560982,184.778
2,16.8376,0.593857,272.478
3,11.5576,0.721216,366.163
4,3.78695,0.908654,477.229
5,3.78695,0.908654,605.295
