Iteration,Cost,Cost reduction,time (ms)
0,28.451,0.275273,599.485
1,15.428,0.607004,1202.83
2,13.3985,0.658702,1769.81
3,12.0672,0.692614,2311.85
4,12.0672,0.692614,2851.1
