Iteration,Cost,Cost reduction,time (ms)
0,4624.71,0.00141593,131.489
1,4586.85,0.00959078,228.195
2,4537.51,0.0202442,330.147
3,3650.99,0.211666,438.373
4,2328.85,0.497146,547.629
5,2311.62,0.500866,653.705
