Iteration,Cost,Cost reduction,time (ms)
0,41.948,0.391187,144.736
1,29.2369,0.575669,246.195
2,14.9398,0.783171,364.483
3,6.51898,0.905387,486.59
4,4.06474,0.941006,609.271
5,1.5085,0.978106,730.485
