Iteration,Cost,Cost reduction,time (ms)
0,110.461,0.297179,570.82
1,88.064,0.439683,1118.47
2,70.9279,0.548714,1657.11
3,48.1287,0.693776,2212.21
4,28.5637,0.818261,2779.6
5,28.5637,0.818261,3326.88
