Iteration,Cost,Cost reduction,time (ms)
0,29.8713,0.348545,190.065
1,17.7586,0.612708,378.893
2,12.9718,0.717103,563.514
3,5.47344,0.880631,750.209
4,5.47344,0.880631,933.757
5,5.06562,0.889525,1004.01
