Iteration,Cost,Cost reduction,time (ms)
0,26.587,0.338783,193.568
1,12.7737,0.682319,384.991
2,9.85628,0.754875,577.216
3,5.80214,0.855701,760.218
4,3.19858,0.920452,949.613
5,3.19858,0.920452,1137.22
