Iteration,Cost,Cost reduction,time (ms)
0,4552.27,0.00142057,144.987
1,4513.63,0.00989582,244.7
2,4463.58,0.0208756,348.487
3,4440.3,0.0259824,466.107
4,3138.11,0.311629,582.613
5,1476.31,0.676159,726.162
