Iteration,Cost,Cost reduction,time (ms)
0,133.568,0.14932,181.464
1,50.4053,0.678974,293.91
2,40.3706,0.742884,412.139
3,15.2817,0.902673,556.672
4,14.7723,0.905917,708.101
5,14.7723,0.905917,871.417
