Iteration,Cost,Cost reduction,time (ms)
0,31.3849,0.308204,110.174
1,16.9326,0.626766,188.869
2,14.1044,0.689106,273.595
3,12.5682,0.722968,364.421
4,8.63616,0.809639,463.29
5,7.25796,0.840017,571.647
