Iteration,Cost,Cost reduction,time (ms)
0,5554.78,0.00116419,149.589
1,5516.14,0.00811169,247.261
2,5466.26,0.0170807,350.816
3,5388.14,0.0311286,469.213
4,2330.9,0.580868,590.368
5,2252.32,0.594998,771.476
