Iteration,Cost,Cost reduction,time (ms)
0,41.1753,0,73.807
1,41.1753,0,118.376
2,40.3772,0.0193841,158.913
3,29.4273,0.285318,201.343
4,29.4273,0.285318,253.674
5,29.1814,0.291289,296.782
6,29.1814,0.291289,348.478
