Iteration,Cost,Cost reduction,time (ms)
0,37.8408,0.136129,627.487
1,30.992,0.292481,1223.14
2,16.6868,0.619054,1800.64
3,16.6868,0.619054,2392.99
4,15.2432,0.652012,2490.48
5,8.15505,0.813828,3066.79
