Iteration,Cost,Cost reduction,time (ms)
0,4877.71,0.00132638,154.095
1,4839.07,0.00923626,252.907
2,4789.01,0.0194858,356.254
3,4769.76,0.0234279,471.545
4,3699.4,0.242576,586.14
5,2513.6,0.485359,733.116
