Iteration,Cost,Cost reduction,time (ms)
0,72.1213,0,212.775
1,72.1213,0,281.973
2,72.1213,0,350.888
3,3.01224,0.958234,440.952
4,3.01224,0.958234,602.692
5,3.01224,0.958234,663.781
6,3.01224,0.958234,724.867
