Iteration,Cost,Cost reduction,time (ms)
0,33.3539,0.299304,587.201
1,15.2776,0.679051,1159.32
2,15.2776,0.679051,1739.91
3,13.1628,0.723477,1834.51
4,12.7545,0.732056,2397.92
5,12.7545,0.732056,2979.47
