Iteration,Cost,Cost reduction,time (ms)
0,76.0123,0.280041,575.002
1,34.546,0.672793,1130.91
2,6.53494,0.938103,1673.51
3,6.53494,0.938103,2187.11
4,6.53494,0.938103,2278.16
