Iteration,Cost,Cost reduction,time (ms)
0,78.8716,0.344958,234.023
1,43.9918,0.634641,450.705
2,7.21239,0.9401,662.067
3,5.36629,0.955432,876.93
4,3.58613,0.970217,1095.47
5,3.58613,0.970217,1309.33
