Iteration,Cost,Cost reduction,time (ms)
0,34.4416,0.441717,148.661
1,33.6866,0.453955,255.104
2,7.18415,0.883548,368.13
3,7.18415,0.883548,504.529
4,7.18415,0.883548,584.28
5,7.18415,0.883548,665.95
