Iteration,Cost,Cost reduction,time (ms)
0,40.648,0.111412,108.822
1,13.9433,0.695192,185.419
2,7.33371,0.839681,266.96
3,6.65726,0.854468,355.319
4,6.65222,0.854579,444.849
5,6.41221,0.859825,532.874
