Iteration,Cost,Cost reduction,time (ms)
0,82.4047,0.320296,150.445
1,51.7243,0.57336,259.303
2,13.7937,0.886225,379.338
3,8.44959,0.930305,503.325
4,6.07129,0.949922,629.037
5,6.07129,0.949922,751.358
