Iteration,Cost,Cost reduction,time (ms)
0,29.8157,0.329085,103.133
1,29.1166,0.344817,176.62
2,29.1166,0.344817,247.705
3,27.0398,0.391549,300.893
4,27.0398,0.391549,377.639
5,23.6252,0.468385,433.522
