Iteration,Cost,Cost reduction,time (ms)
0,126.883,0.297873,148.842
1,126.883,0.297873,258.687
2,126.883,0.297873,338.888
3,126.883,0.297873,417.781
4,126.858,0.298011,499.076
5,126.858,0.298011,614.544
