Iteration,Cost,Cost reduction,time (ms)
0,5.5032314368464235,0.0,30.47776222229004
1,5.162049257501851,0.061996698350757384,178.9398193359375
