Iteration,Cost,Cost reduction,time (ms)
0,68.9734,0.247344,557.17
1,29.2383,0.680944,1092.78
2,13.537,0.852281,1634.86
3,9.42122,0.897193,2185.73
4,5.53876,0.93956,2784.39
5,5.53876,0.93956,3370.93
