Iteration,Cost,Cost reduction,time (ms)
0,28.2494,0.130686,27.005
1,28.2035,0.132097,52.274
2,26.4903,0.184818,77.084
3,24.6633,0.241041,99.4
4,24.351,0.250649,121.845
5,23.9233,0.263812,145.303
6,22.6245,0.303779,168.033
7,22.6245,0.303779,190.679
