Iteration,Cost,Cost reduction,time (ms)
0,119.117,0.308577,223.804
1,82.3162,0.522191,432.219
2,41.1861,0.760933,636.639
3,34.0784,0.80219,852.493
4,34.0784,0.80219,1078.95
5,22.3042,0.870534,1165.83
