Iteration,Cost,Cost reduction,time (ms)
0,56.4162,0.386187,144.7
1,52.432,0.429536,253.942
2,42.9695,0.532488,369.438
3,15.4008,0.832438,484.293
4,14.0814,0.846794,601.716
5,14.0814,0.846794,719.784
