Iteration,Cost,Cost reduction,time (ms)
0,5873.15,0.00110175,134.954
1,5834.52,0.00767234,237.793
2,5784.63,0.0161574,342.529
3,5744.35,0.0230091,466.408
4,4010.65,0.317874,604.263
5,4010.65,0.317874,789.726
