Iteration,Cost,Cost reduction,time (ms)
0,33.9089,0.172851,524.523
1,21.6729,0.471327,1026
2,21.6729,0.471327,1528.03
3,13.3623,0.674051,1620.78
4,13.3623,0.674051,2043.28
5,13.3623,0.674051,2131.71
