Iteration,Cost,Cost reduction,time (ms)
0,4583.04,0.00142872,133.103
1,4545.18,0.00967783,229.74
2,4495.84,0.0204283,330.562
3,3618.5,0.211587,438.422
4,3116.09,0.321054,546.633
5,1847.64,0.597428,656.292
