Iteration,Cost,Cost reduction,time (ms)
0,45.6636,0.31328,733.012
1,38.1053,0.426948,1426.71
2,38.1053,0.426948,2152.17
3,38.1053,0.426948,2705.91
4,38.1053,0.426948,3202.23
