Iteration,Cost,Cost reduction,time (ms)
0,5066.36,0.00129246,130.645
1,5028.5,0.00875569,226.844
2,4979.17,0.0184808,328.052
3,4054.41,0.200775,436.8
4,3591.3,0.292064,545.91
5,2916.48,0.425088,658.691
