Iteration,Cost,Cost reduction,time (ms)
0,30.9747,0.336017,106.635
1,20.634,0.557684,183.963
2,8.16888,0.824889,261.618
3,8.16888,0.824889,336.976
4,7.47364,0.839793,392.102
5,7.47364,0.839793,470.838
