Iteration,Cost,Cost reduction,time (ms)
0,4970.58,0.00130133,417.134
1,4931.94,0.00906507,814.043
2,4882.1,0.0190794,1210.35
3,4860.23,0.0234724,1711.39
4,3917.36,0.212917,2214.46
5,2722.33,0.453025,3072.29
