Iteration,Cost,Cost reduction,time (ms)
0,29.4691,0.323769,110.859
1,19.0269,0.563387,191.05
2,18.7324,0.570145,277.517
3,11.5772,0.734336,369.027
4,10.5316,0.758329,475.168
5,5.49303,0.873951,596.593
