Iteration,Cost,Cost reduction,time (ms)
0,29.6397,0.349924,186.194
1,11.9991,0.736828,370.016
2,8.28302,0.818332,539.929
3,8.28302,0.818332,707.729
4,8.28302,0.818332,775.322
5,8.28302,0.818332,825.158
