Iteration,Cost,Cost reduction,time (ms)
0,29.9997,0.326501,103.008
1,15.0677,0.661728,177.619
2,15.0677,0.661728,249.417
3,14.8052,0.667621,304.811
4,14.8052,0.667621,384.376
5,14.0346,0.68492,440.814
