Iteration,Cost,Cost reduction,time (ms)
0,5666.04,0.00114184,178.978
1,5627.4,0.00795371,336.009
2,5577.56,0.0167404,503.27
3,4842.59,0.146307,694.823
4,2265.14,0.600683,904.422
5,1725.92,0.69574,1107.32
