Iteration,Cost,Cost reduction,time (ms)
0,4319.22,0.00150042,140.479
1,4280.61,0.0104266,239.716
2,4230.69,0.0219662,343.241
3,3603.1,0.167051,466.06
4,1812.54,0.580984,592.391
5,1032.52,0.761306,751.087
