Iteration,Cost,Cost reduction,time (ms)
0,81.419,0.419974,141.688
1,52.323,0.627253,255.999
2,49.8777,0.644673,378.546
3,19.2819,0.862637,503.53
4,16.2829,0.884001,619.984
5,13.2099,0.905893,747.448
