Iteration,Cost,Cost reduction,time (ms)
0,5164.12,0.0012529,142.017
1,5125.49,0.00872447,241.646
2,5075.6,0.0183735,345.857
3,5060.42,0.0213085,467.378
4,3595.67,0.304593,603.704
5,3514.22,0.320345,747.857
