Iteration,Cost,Cost reduction,time (ms)
0,37.3453,0.101752,182.883
1,22.5455,0.457724,354.11
2,19.8481,0.522603,524.462
3,16.546,0.602028,684.633
4,16.546,0.602028,842.991
5,16.3417,0.606941,908.694
