Iteration,Cost,Cost reduction,time (ms)
0,336.352,0.00166209,95.645
1,336.352,0.00166209,163.782
2,336.352,0.00166209,206.15
3,336.352,0.00166209,249.57
4,336.352,0.00166209,296.133
5,336.352,0.00166209,340.001
