Iteration,Cost,Cost reduction,time (ms)
0,4535.15,0.00142616,413.441
1,4496.51,0.00993422,809.441
2,4446.67,0.0209089,1205.65
3,4350.7,0.0420402,1709.3
4,2441.04,0.46252,2284.76
5,2033.54,0.552244,2824.52
