Iteration,Cost,Cost reduction,time (ms)
0,102.002,0.372291,157.819
1,54.513,0.664533,267.876
2,28.9985,0.821547,403.674
3,19.7739,0.878314,561.283
4,17.6954,0.891104,712.783
5,12.9993,0.920004,865.105
