Iteration,Cost,Cost reduction,time (ms)
0,5819.99,0.00111119,413.961
1,5781.35,0.00774323,811.215
2,5731.52,0.0162958,1211.27
3,5567.87,0.0443818,1715.73
4,4583.75,0.213288,2256.37
5,4433.1,0.239144,2802.5
