Iteration,Cost,Cost reduction,time (ms)
0,77.8851,0.363993,146.498
1,49.8862,0.592631,254.556
2,24.0058,0.80397,369.665
3,24.0058,0.80397,494.119
4,24.0058,0.80397,581.113
5,24.0058,0.80397,667.747
