Iteration,Cost,Cost reduction,time (ms)
0,5650.45,0.0011445,412.123
1,5611.8,0.0079753,809.431
2,5561.97,0.0167842,1207.81
3,5400.63,0.0453058,1708.3
4,4360.33,0.229203,2249.94
5,2079.42,0.632411,2796.81
