Iteration,Cost,Cost reduction,time (ms)
0,4168.93,0.0015512,139.969
1,4130.3,0.0108037,237.728
2,4080.25,0.022791,341.687
3,4061.97,0.0271679,457.365
4,2368.57,0.432734,576.217
5,2158.22,0.483111,752.053
