Iteration,Cost,Cost reduction,time (ms)
0,5113.8,0.00126482,412.417
1,5075.16,0.00881143,809.228
2,5025.32,0.0185451,1201.7
3,4925.12,0.0381147,1701.81
4,3002.87,0.413533,2204.18
5,2386.88,0.533839,2960.83
