Iteration,Cost,Cost reduction,time (ms)
0,4559.1,0.00141826,412.604
1,4520.46,0.00988182,810.633
2,4470.63,0.0207969,1207.34
3,4455.14,0.02419,1708.96
4,3135.57,0.313216,2198.85
5,1844.96,0.595898,3084.02
