Iteration,Cost,Cost reduction,time (ms)
0,4606.11,0.00140443,142.305
1,4567.48,0.00977989,240.854
2,4517.59,0.020596,346.099
3,4485.69,0.0275121,467.892
4,2212.35,0.520368,604.88
5,1730.93,0.624739,785.783
