Iteration,Cost,Cost reduction,time (ms)
0,29.5626,0.330279,179.665
1,19.7626,0.552292,357.155
2,15.0167,0.659806,544.881
3,10.3878,0.764672,724.926
4,10.3878,0.764672,895.818
5,9.80988,0.777763,958.426
