Iteration,Cost,Cost reduction,time (ms)
0,45.6071,0.634326,151.814
1,45.6071,0.634326,274.272
2,39.0062,0.687252,350.197
3,30.182,0.758003,481.594
4,16.6028,0.86688,617.862
5,6.67688,0.946465,755.273
