Iteration,Cost,Cost reduction,time (ms)
0,4611.49,0.00141985,132.528
1,4573.62,0.00961817,228.946
2,4524.29,0.0203018,329.546
3,3644.29,0.210859,438.916
4,3149.38,0.318026,547.182
5,2346.67,0.491847,656.522
