Iteration,Cost,Cost reduction,time (ms)
0,4199.82,0.00153949,178.486
1,4161.18,0.0107259,336.949
2,4111.35,0.0225739,507.221
3,3953.78,0.0600322,696.371
4,3058.52,0.272871,891.02
5,1599.38,0.619765,1078.02
