Iteration,Cost,Cost reduction,time (ms)
0,33.8186,0.251834,594.196
1,16.3931,0.637338,1207.29
2,7.66844,0.830352,1764.18
3,6.32487,0.860075,2269.55
4,6.32487,0.860075,2771.23
5,6.2832,0.860997,2866.21
