Iteration,Cost,Cost reduction,time (ms)
0,59.3935,0.298127,143.88
1,34.3261,0.594358,245.662
2,7.52859,0.911032,360.816
3,7.52859,0.911032,477.386
4,7.34873,0.913158,564.756
5,7.34873,0.913158,685.191
