Iteration,Cost,Cost reduction,time (ms)
0,4677.05,0.00138292,412.552
1,4638.41,0.00963322,810.768
2,4588.57,0.0202753,1208.02
3,4568.82,0.0244919,1702.51
4,3306.76,0.293959,2201.72
5,2180.34,0.534466,3118.55
