Iteration,Cost,Cost reduction,time (ms)
0,200.039,0.775716,17.861
1,50.3648,0.943531,30.032
2,15.9301,0.982139,42.371
3,9.51686,0.98933,55.15
4,9.51686,0.98933,67.336
