Iteration,Cost,Cost reduction,time (ms)
0,27.7355,0.347805,530.7
1,22.9914,0.459361,1036.34
2,21.6958,0.489827,1537.85
3,10.8239,0.745478,2035.75
4,10.8239,0.745478,2549.7
5,10.8239,0.745478,2644.18
