Iteration,Cost,Cost reduction,time (ms)
0,4333.09,0.00149297,139.554
1,4294.46,0.0103953,237.509
2,4244.56,0.0218927,340.398
3,3647.2,0.159547,460.879
4,2158.13,0.502686,585.721
5,1021.18,0.764681,734.947
