Iteration,Cost,Cost reduction,time (ms)
0,55.6789,0,140.907
1,55.6369,0.000752965,212.826
2,54.8485,0.014913,321.584
3,13.9871,0.74879,427.952
4,5.29284,0.90494,536.994
5,5.29284,0.90494,658.78
