Iteration,Cost,Cost reduction,time (ms)
0,4942.8,0.00130867,149.715
1,4904.16,0.00911509,248.372
2,4854.1,0.0192295,352.07
3,4826.11,0.0248847,469.937
4,3881.8,0.215682,586.009
5,2923.02,0.409403,729.19
