Iteration,Cost,Cost reduction,time (ms)
0,99.5481,0.300742,150.024
1,96.7439,0.32044,258.955
2,92.466,0.350489,370.227
3,90.1856,0.366507,489.357
4,65.1371,0.542456,603.108
5,17.0901,0.879954,733.795
