Iteration,Cost,Cost reduction,time (ms)
0,4366.48,0.00148143,147.575
1,4327.85,0.0103158,244.686
2,4277.96,0.0217248,347.832
3,4262.93,0.0251626,469.477
4,2746.86,0.371853,612.193
5,1916.34,0.561775,821.018
