Iteration,Cost,Cost reduction,time (ms)
0,5733.83,0.00112824,140.911
1,5695.19,0.00785839,238.707
2,5645.14,0.0165777,340.84
3,5416.36,0.0564339,455.82
4,4668.95,0.186636,574.953
5,3604.72,0.372034,764.773
