Iteration,Cost,Cost reduction,time (ms)
0,58.2556,0.302378,231.373
1,31.423,0.623704,476.303
2,8.72027,0.895573,677.959
3,2.82811,0.966133,885.622
4,2.82811,0.966133,1093.3
5,2.49463,0.970126,1175.72
