Iteration,Cost,Cost reduction,time (ms)
0,82.8971,0.277434,15.273
1,73.1435,0.36245,24.409
2,46.8943,0.591249,34.331
3,46.8943,0.591249,43.933
4,28.1192,0.754901,48.448
5,27.8077,0.757616,59.232
6,27.8077,0.757616,70.904
