Iteration,Cost,Cost reduction,time (ms)
0,28.9429,0.345947,190.084
1,18.0442,0.592237,367.693
2,18.0442,0.592237,542.182
3,18.0442,0.592237,612.589
4,18.0442,0.592237,663.578
5,18.0442,0.592237,711.618
