Iteration,Cost,Cost reduction,time (ms)
0,29.04,0.365686,114.192
1,19.8703,0.565978,189.269
2,15.8403,0.654003,267.043
3,5.07482,0.889152,349.698
4,3.75518,0.917976,433.566
5,3.73526,0.918411,522.17
