Iteration,Cost,Cost reduction,time (ms)
0,2.99912,0.921579,6.294
1,2.99912,0.921579,10.29
2,2.99912,0.921579,13.382
3,2.99912,0.921579,16.265
4,2.62589,0.931338,20.092
5,2.53183,0.933798,24.301
6,1.58576,0.958535,28.488
7,1.58576,0.958535,32.631
