Iteration,Cost,Cost reduction,time (ms)
0,30.42,0.242839,571.954
1,14.8785,0.629669,1156.56
2,12.828,0.680707,1760.99
3,10.3898,0.741395,2351.98
4,10.3898,0.741395,2936.12
5,10.3898,0.741395,3031.76
