Iteration,Cost,Cost reduction,time (ms)
0,65.5169,0.402004,221.625
1,18.1783,0.83408,412.603
2,13.5153,0.876641,610.72
3,13.5153,0.876641,810.006
4,13.5153,0.876641,893.96
5,13.5153,0.876641,972.091
