Iteration,Cost,Cost reduction,time (ms)
0,35.1975,0.242364,557.028
1,30.8128,0.336746,1089.22
2,25.4785,0.45157,1647.06
3,20.0665,0.568064,2204.1
4,17.2733,0.628189,2773.98
5,17.2733,0.628189,3313.74
