Iteration,Cost,Cost reduction,time (ms)
0,5387.14,0.00121532,128.15
1,5349.28,0.00823482,224.486
2,5299.94,0.0173819,326.547
3,4368.77,0.190023,434.974
4,4072.28,0.244993,546.519
5,3329.29,0.382743,656.33
