Iteration,Cost,Cost reduction,time (ms)
0,4606.05,0.00142169,131.673
1,4568.19,0.00962961,229.668
2,4518.85,0.0203263,330.557
3,3638.31,0.211225,438.319
4,2393.74,0.481044,548.298
5,2382.17,0.483551,654.777
