Iteration,Cost,Cost reduction,time (ms)
0,5392.36,0.00119972,178.95
1,5353.72,0.0083569,337.021
2,5303.88,0.017589,505.408
3,4607.59,0.146558,697.619
4,2176.63,0.596834,906.518
5,1783.08,0.66973,1109.87
