Iteration,Cost,Cost reduction,time (ms)
0,4179.49,0.00154723,413.36
1,4140.85,0.0107782,810.869
2,4091.01,0.0226849,1206.81
3,3449.45,0.175949,1705.31
4,1292.49,0.691233,2336.62
5,1178.46,0.718473,2880.66
