Iteration,Cost,Cost reduction,time (ms)
0,41.3176,0.369758,211.206
1,19.1448,0.707974,423.252
2,11.7368,0.820971,644.1
3,7.29078,0.888789,865.628
4,7.29078,0.888789,1085.41
5,7.29078,0.888789,1172.81
