Iteration,Cost,Cost reduction,time (ms)
0,4953.17,0.0013054,178.527
1,4914.53,0.00909655,337.223
2,4864.7,0.0191439,504.897
3,4817.87,0.028585,693.564
4,3203.73,0.35404,888.805
5,2516.46,0.492613,1105.12
