Iteration,Cost,Cost reduction,time (ms)
0,116.079,0.177396,108.871
1,95.7396,0.321531,178.671
2,95.7396,0.321531,257.302
3,70.4253,0.500923,304.75
4,70.4253,0.500923,358.926
5,70.4253,0.500923,400.287
6,70.4253,0.500923,432.451
