Iteration,Cost,Cost reduction,time (ms)
0,31.4135,0.310018,112.569
1,19.1805,0.57871,193.484
2,16.7178,0.632802,280.335
3,8.63172,0.810409,366.148
4,6.78452,0.850981,458.511
5,6.34412,0.860655,554.489
