Iteration,Cost,Cost reduction,time (ms)
0,4456.8,0.00145133,137.208
1,4418.17,0.010107,234.795
2,4368.11,0.0213221,337.716
3,4323.9,0.0312289,454.371
4,3493.82,0.217209,570.883
5,3493.82,0.217209,707.501
