Iteration,Cost,Cost reduction,time (ms)
0,158.674,0.0241167,145.01
1,147.957,0.0900284,256.878
2,119.523,0.264903,468.298
3,104.758,0.355715,687.615
4,87.6133,0.461157,905.938
5,87.6133,0.461157,1127.46
