Iteration,Cost,Cost reduction,time (ms)
0,31.5928,0.404037,220.199
1,14.9802,0.717415,419.687
2,14.9802,0.717415,619.987
3,14.9802,0.717415,701.257
4,14.9802,0.717415,780.483
5,14.9802,0.717415,859.629
