Iteration,Cost,Cost reduction,time (ms)
0,124.879,0.280152,142.893
1,113.037,0.34841,250.146
2,63.6066,0.633347,369.701
3,46.4027,0.732517,489.803
4,46.4027,0.732517,608.244
5,45.7124,0.736497,695.228
