Iteration,Cost,Cost reduction,time (ms)
0,45.9196,0.628463,149.635
1,31.6564,0.743867,329.755
2,25.8628,0.790743,528.44
3,20.5816,0.833473,726.136
4,17.3272,0.859805,932.581
5,16.7742,0.864279,1145.21
