Iteration,Cost,Cost reduction,time (ms)
0,4624.79,0.00139837,179.457
1,4586.15,0.00974182,336.382
2,4536.31,0.0205033,504.057
3,3853.59,0.167919,693.428
4,1913.06,0.586924,912.373
5,1834.22,0.603949,1114.98
