Iteration,Cost,Cost reduction,time (ms)
0,122.476,0.306943,216.852
1,109.254,0.381763,338.341
2,24.4676,0.861545,457.534
3,16.6155,0.905978,596.012
4,16.6155,0.905978,738.561
5,13.9969,0.920795,817.902
