Iteration,Cost,Cost reduction,time (ms)
0,33.9015,0.164073,131.906
1,25.7913,0.36405,211.087
2,20.1594,0.502917,294.851
3,14.2742,0.648034,385.191
4,14.2742,0.648034,478.948
