Iteration,Cost,Cost reduction,time (ms)
0,1.45654,0.799969,6.646
1,1.0725,0.852711,11.383
2,1.0725,0.852711,15.361
3,1.0725,0.852711,18.695
4,1.0725,0.852711,22.028
