Iteration,Cost,Cost reduction,time (ms)
0,21.3049,0.843344,162.52
1,6.95052,0.948892,291.677
2,6.95052,0.948892,434.472
3,6.95052,0.948892,538.534
4,6.95052,0.948892,643.12
5,6.95052,0.948892,747.193
6,6.95052,0.948892,851.647
