Iteration,Cost,Cost reduction,time (ms)
0,4970.58,0.00130186,140.628
1,4931.95,0.00906389,237.579
2,4881.88,0.019123,340.741
3,4026.08,0.191073,461.674
4,3422.81,0.312282,572.783
5,2464.38,0.504853,717.586
