Iteration,Cost,Cost reduction,time (ms)
0,83.6766,0.328249,148.162
1,76.5419,0.385527,269.764
2,65.3076,0.475715,388.378
3,55.6111,0.553557,523.91
4,55.6111,0.553557,692.668
5,50.8268,0.591965,775.87
