Iteration,Cost,Cost reduction,time (ms)
0,29.0096,0.307499,179.966
1,20.5112,0.510368,372.492
2,20.5112,0.510368,549.291
3,20.5112,0.510368,620.543
4,20.5112,0.510368,674.831
5,20.5112,0.510368,725.001
