Iteration,Cost,Cost reduction,time (ms)
0,27.366,0.302465,104.61
1,18.9527,0.516913,178.751
2,18.9527,0.516913,250.577
3,18.8727,0.518952,301.237
4,18.8388,0.519815,378.608
5,18.8388,0.519815,456.72
