Iteration,Cost,Cost reduction,time (ms)
0,31.1238,0.351453,111.477
1,17.9812,0.625314,189.812
2,16.1366,0.663751,276.286
3,16.1366,0.663751,371.979
4,14.2788,0.702463,428.98
5,13.6363,0.715852,526.665
