Iteration,Cost,Cost reduction,time (ms)
0,3.04991,0.982195,189.223
1,3.04991,0.982195,522.301
2,3.04991,0.982195,817.635
3,3.04991,0.982195,1112.67
4,3.04991,0.982195,1407.92
5,2.68494,0.984326,1715.14
6,2.68494,0.984326,1833.08
