Iteration,Cost,Cost reduction,time (ms)
0,4676.97,0.00140026,133.281
1,4639.11,0.00948383,230.131
2,4589.77,0.0200186,331.842
3,3702.18,0.209533,439.576
4,1568.56,0.66509,550.572
5,1534.99,0.672259,657.772
