Iteration,Cost,Cost reduction,time (ms)
0,4642.66,0.00139323,136.553
1,4604.02,0.0097029,235.154
2,4554.14,0.020433,340.562
3,4400.77,0.053422,462.041
4,2596.91,0.441421,586.138
5,2516.54,0.458708,724.49
