Iteration,Cost,Cost reduction,time (ms)
0,59.1828,0.359496,142.916
1,49.1745,0.467811,247.674
2,43.4137,0.530156,363.092
3,35.9701,0.610714,485.111
4,35.9701,0.610714,598.321
5,35.9701,0.610714,681.865
