Iteration,Cost,Cost reduction,time (ms)
0,5011.69,0.00129111,135.665
1,4973.06,0.00898959,234.8
2,4922.99,0.0189659,338.083
3,4563.1,0.090685,455.711
4,2637.27,0.474457,566.911
5,1368.6,0.72727,677.018
