Iteration,Cost,Cost reduction,time (ms)
0,29.8203,0.359245,106.776
1,13.9697,0.69983,184.862
2,11.7905,0.746656,266.088
3,10.2393,0.779987,353.812
4,9.39403,0.798149,447.569
5,8.51235,0.817094,540.777
