Iteration,Cost,Cost reduction,time (ms)
0,20.7995,0.526079,106.216
1,20.676,0.528892,175.391
2,20.6151,0.53028,244.598
3,20.6151,0.53028,312.256
4,20.6151,0.53028,351.253
5,20.6151,0.53028,390.265
6,20.6151,0.53028,428.978
