Iteration,Cost,Cost reduction,time (ms)
0,4540.34,0.00142447,414.624
1,4501.7,0.00992284,810.229
2,4451.86,0.0208848,1206.64
3,4430.87,0.0255006,1708.59
4,3535.88,0.222339,2207.62
5,2267.99,0.501191,3061.77
