Iteration,Cost,Cost reduction,time (ms)
0,110.967,0.301538,220.935
1,88.6778,0.441834,429.177
2,51.7912,0.67401,646.285
3,34.6172,0.782108,862.299
4,30.3595,0.808908,1100.52
5,30.3595,0.808908,1331.36
