Iteration,Cost,Cost reduction,time (ms)
0,5107.95,0.0012664,152.685
1,5069.31,0.00882055,253.008
2,5019.26,0.0186078,358.159
3,4281.76,0.162807,475.446
4,3469.59,0.321607,589.612
5,2866.24,0.439576,823.492
