Iteration,Cost,Cost reduction,time (ms)
0,4877.71,0.00132613,412.521
1,4839.07,0.00923747,808.572
2,4789.23,0.0194424,1205.74
3,4606.43,0.0568689,1707.8
4,3989.68,0.183143,2245.33
5,2384.06,0.511883,2812.29
