Iteration,Cost,Cost reduction,time (ms)
0,4196.68,0.00154098,151.939
1,4158.04,0.0107329,249.817
2,4108.15,0.0226024,353.551
3,4077.33,0.0299371,474.062
4,1914.93,0.544406,608.157
5,1522,0.637891,790.602
