Iteration,Cost,Cost reduction,time (ms)
0,34.4332,0.233471,519.368
1,21.1669,0.528796,1110.29
2,8.04076,0.821002,1685.14
3,8.04076,0.821002,2272.01
4,7.67742,0.82909,2366.51
5,7.38721,0.835551,2958.82
