Iteration,Cost,Cost reduction,time (ms)
0,30.3679,0.335853,180.469
1,28.8131,0.369856,364.5
2,28.2896,0.381306,548.757
3,22.3817,0.510512,730.84
4,19.4462,0.57471,916.707
5,18.1635,0.602763,1100.07
