Iteration,Cost,Cost reduction,time (ms)
0,84.9489,0.339842,144.637
1,27.6223,0.785341,249.564
2,24.7082,0.807987,358.86
3,24.7082,0.807987,469.435
4,24.6565,0.808389,549.369
5,24.6565,0.808389,658.428
