Iteration,Cost,Cost reduction,time (ms)
0,103.106,0.303912,206.332
1,43.155,0.708654,380.013
2,40.1624,0.728857,562.845
3,34.2668,0.76866,748.621
4,31.1961,0.78939,934.619
5,16.4027,0.889263,1113.9
6,16.4027,0.889263,1284.58
