Iteration,Cost,Cost reduction,time (ms)
0,133.117,0.176426,148.661
1,41.8157,0.741292,260.628
2,28.683,0.822542,390.902
3,27.6672,0.828827,527.881
4,27.3788,0.830611,663.079
5,22.5668,0.860382,792.027
