Iteration,Cost,Cost reduction,time (ms)
0,24.9375,0.428094,102.386
1,19.7165,0.547831,173.367
2,19.7165,0.547831,243.235
3,19.7165,0.547831,290.973
4,19.7165,0.547831,339.981
5,19.7165,0.547831,389.066
