Iteration,Cost,Cost reduction,time (ms)
0,5011.68,0.00129096,144.096
1,4973.05,0.0089895,243.755
2,4923.16,0.0189316,348.512
3,4907.91,0.0219696,472.196
4,3270.54,0.34826,616.612
5,2613.27,0.479238,837.997
