Iteration,Cost,Cost reduction,time (ms)
0,26.1135,0.359831,106.598
1,13.036,0.680423,186.337
2,11.8746,0.708895,281.141
3,7.44845,0.817402,376.433
4,4.88924,0.880141,476.091
5,4.88924,0.880141,584.803
