Iteration,Cost,Cost reduction,time (ms)
0,28.001,0.356372,110.557
1,14.1595,0.67453,185.268
2,12.649,0.709252,265.648
3,5.16486,0.881281,350.015
4,3.96934,0.908761,438.579
5,3.8651,0.911157,523.113
