Iteration,Cost,Cost reduction,time (ms)
0,3.6103,0.934866,6.37
1,2.56358,0.95375,10.621
2,2.50596,0.95479,15.396
3,1.21543,0.978072,19.686
4,1.21543,0.978072,24.276
