Iteration,Cost,Cost reduction,time (ms)
0,4257.03,0.00153804,134.385
1,4219.17,0.0104179,230.596
2,4169.83,0.02199,331.401
3,3324.93,0.220156,439.427
4,2201.11,0.483741,548.488
5,2164.66,0.49229,654.667
