Iteration,Cost,Cost reduction,time (ms)
0,8.00377,0.938677,189.872
1,6.84565,0.94755,307.609
2,6.45061,0.950577,465.48
3,4.65168,0.96436,588.418
4,2.87566,0.977967,720.545
5,2.87566,0.977967,842.666
6,2.87566,0.977967,908.857
