Iteration,Cost,Cost reduction,time (ms)
0,5033.05,0.00130093,130.732
1,4995.19,0.00881353,227.881
2,4945.86,0.018603,329.675
3,4031.43,0.200052,437.618
4,3633.64,0.278984,547.961
5,3073.05,0.390221,661.392
