Iteration,Cost,Cost reduction,time (ms)
0,62.5596,0.448703,219.399
1,46.0195,0.59446,407.958
2,4.79742,0.957723,621.759
3,4.79742,0.957723,820.83
4,4.5339,0.960046,902.131
5,4.5339,0.960046,1101.57
