Iteration,Cost,Cost reduction,time (ms)
0,33.7993,0.181444,548.665
1,14.7997,0.641579,1127.28
2,12.1475,0.705811,1669.29
3,9.35746,0.77338,2195.02
4,9.35746,0.77338,2721.33
5,9.35746,0.77338,2814.53
