Iteration,Cost,Cost reduction,time (ms)
0,52.1881,0.174737,590.226
1,13.6604,0.783985,1164.16
2,9.7659,0.84557,1729.16
3,9.25207,0.853695,2281.38
4,8.88588,0.859486,2824.16
5,8.88588,0.859486,3365.14
