Iteration,Cost,Cost reduction,time (ms)
0,4510.01,0.00143459,141.402
1,4471.38,0.00998817,240.795
2,4421.48,0.0210358,345.517
3,4398.04,0.026226,466.989
4,2953.85,0.345986,589.758
5,2170.18,0.519499,731.872
