Iteration,Cost,Cost reduction,time (ms)
0,5621.9,0.0011505,175.393
1,5583.26,0.00801589,332.442
2,5533.42,0.0168701,498.765
3,5470.14,0.0281129,688.432
4,3257.68,0.421205,889.436
5,3257.68,0.421205,1087.18
