Iteration,Cost,Cost reduction,time (ms)
0,24.4712,0.360124,19.402
1,5.88308,0.846169,26.626
2,5.88308,0.846169,54.822
3,5.88308,0.846169,73.069
4,2.43688,0.93628,86.721
5,2.43688,0.93628,96.09
6,2.43688,0.93628,103.461
