Iteration,Cost,Cost reduction,time (ms)
0,95.8788,0.392202,576.717
1,75.6079,0.520704,1103.52
2,37.2967,0.763567,1632.18
3,37.2967,0.763567,2184.09
4,29.1267,0.815359,2278.44
5,29.1267,0.815359,2816.99
