Iteration,Cost,Cost reduction,time (ms)
0,99.9027,0.135796,138.598
1,81.6202,0.293948,246.604
2,11.3656,0.901683,357.402
3,5.68677,0.950807,470.051
4,5.68677,0.950807,587.449
5,5.2145,0.954892,662.96
