Iteration,Cost,Cost reduction,time (ms)
0,63.8674,0.502606,27.583
1,54.5931,0.574833,51.307
2,51.0554,0.602385,75.117
3,35.6885,0.722061,98.747
4,24.5933,0.80847,122.16
5,18.3867,0.856806,143.885
6,16.9852,0.867721,165.491
7,16.1379,0.874319,187.624
8,15.7726,0.877165,208.905
9,15.7726,0.877165,229.679
