Iteration,Cost,Cost reduction,time (ms)
0,24.7491,0.379775,103.672
1,15.8827,0.601973,176.053
2,15.8827,0.601973,247.728
3,15.8827,0.601973,296.628
4,15.8827,0.601973,346.577
5,15.8827,0.601973,396.77
