Iteration,Cost,Cost reduction,time (ms)
0,80.2996,0.387782,141.999
1,71.5751,0.454299,249.367
2,26.127,0.800803,363.548
3,25.8905,0.802607,480.552
4,25.8905,0.802607,596.245
5,25.8377,0.803009,672.5
