Iteration,Cost,Cost reduction,time (ms)
0,36.6361,0.0594816,537.526
1,12.6879,0.674277,1107.99
2,4.58655,0.882255,1668.62
3,4.58655,0.882255,2226.84
4,4.58655,0.882255,2320.4
5,4.58655,0.882255,2391.08
