Iteration,Cost,Cost reduction,time (ms)
0,42.5901,0.334553,1641.96
1,34.1028,0.467162,3336.77
2,34.1028,0.467162,5024.39
3,34.1028,0.467162,5514.65
4,34.1028,0.467162,6012.98
