Iteration,Cost,Cost reduction,time (ms)
0,5164.13,0.00125259,179.99
1,5125.49,0.00872572,337.874
2,5075.65,0.0183651,507.58
3,4354.8,0.157779,698.558
4,1665.99,0.677797,914.606
5,1355.14,0.737914,1122.36
