Iteration,Cost,Cost reduction,time (ms)
0,29.9443,0.301206,105.63
1,16.7725,0.608589,180.319
2,15.3139,0.642628,254.933
3,15.3139,0.642628,330.573
4,15.1237,0.647066,383.895
5,15.1237,0.647066,462.247
