Iteration,Cost,Cost reduction,time (ms)
0,29.4962,0.352321,110.908
1,16.8057,0.630979,187.923
2,8.28167,0.81815,269.669
3,7.82156,0.828253,363.317
4,7.31004,0.839486,459.495
5,6.75075,0.851766,556.54
