Iteration,Cost,Cost reduction,time (ms)
0,149.328,0.0887328,138.086
1,61.3391,0.62568,237.895
2,45.3707,0.723126,351.282
3,34.0132,0.792435,469.686
4,33.4163,0.796078,585.44
5,33.4163,0.796078,701.588
