Iteration,Cost,Cost reduction,time (ms)
0,31.5388,0.270703,117.323
1,28.9995,0.32942,196.217
2,20.081,0.535652,279.463
3,12.3021,0.715528,378.23
4,11.8597,0.725758,492.887
5,11.8597,0.725758,605.975
