Iteration,Cost,Cost reduction,time (ms)
0,25.963,0.334026,103.009
1,25.1673,0.354438,177.985
2,25.1673,0.354438,249.168
3,22.9689,0.410828,302.969
4,21.7197,0.44287,383.697
5,21.7197,0.44287,460.922
