Iteration,Cost,Cost reduction,time (ms)
0,25.397,0.356853,103.272
1,14.1917,0.640613,174.427
2,14.1917,0.640613,244.262
3,14.1534,0.641583,294.224
4,14.1534,0.641583,368.528
5,14.1353,0.642041,420.506
