Iteration,Cost,Cost reduction,time (ms)
0,4333.09,0.00149299,143.619
1,4294.46,0.0103953,242.434
2,4244.56,0.0218929,348.618
3,4182.49,0.0361969,469.377
4,2552.66,0.411771,589.586
5,1878.79,0.567057,714.255
