Iteration,Cost,Cost reduction,time (ms)
0,37.0067,0.128193,102.352
1,37.0067,0.128193,168.732
2,37.0067,0.128193,211.392
3,37.0067,0.128193,254.219
4,37.0067,0.128193,300.006
5,28.9724,0.317466,353.065
6,22.7824,0.46329,494.497
7,14.8001,0.651338,574.211
8,14.8001,0.651338,666.582
