Iteration,Cost,Cost reduction,time (ms)
0,55.4136,0.171329,519.638
1,19.8433,0.703258,1046.2
2,12.8677,0.807573,1591.53
3,4.56487,0.931736,2133.81
4,4.56487,0.931736,2681.57
5,4.56487,0.931736,2763.8
