Iteration,Cost,Cost reduction,time (ms)
0,110.65,0.30146,153.373
1,95.5072,0.397058,265.281
2,81.2878,0.486825,379.596
3,74.319,0.53082,501.28
4,12.6053,0.920422,631.924
5,10.5263,0.933547,763.221
