Iteration,Cost,Cost reduction,time (ms)
0,4929.02,0.00131214,162.993
1,4890.38,0.00914027,262.333
2,4840.5,0.0192477,367.78
3,4795.63,0.0283385,491.026
4,3052.68,0.381485,629.906
5,2682.93,0.456401,810.8
6,1760.69,0.643259,1066.86
7,1505.85,0.694895,1345.14
8,1505.85,0.694895,1631.28
