Iteration,Cost,Cost reduction,time (ms)
0,87.9606,0.398607,10.219
1,36.6459,0.74945,18.278
2,36.6459,0.74945,25.462
3,36.6459,0.74945,30.346
4,36.6459,0.74945,34.576
