Iteration,Cost,Cost reduction,time (ms)
0,117.928,0.313477,145.392
1,114.01,0.336284,251.227
2,99.4138,0.421259,360.868
3,85.558,0.501921,473.588
4,85.558,0.501921,585.107
5,82.7407,0.518322,665.533
