Iteration,Cost,Cost reduction,time (ms)
0,5113.81,0.00126504,178.548
1,5075.17,0.00881156,337.241
2,5025.33,0.0185464,504.491
3,4348.54,0.150725,694.269
4,2599.47,0.492321,902.25
5,1338.71,0.738548,1103.98
