Iteration,Cost,Cost reduction,time (ms)
0,4742.59,0.00136357,142.845
1,4703.95,0.00949881,240.337
2,4653.9,0.0200378,341.538
3,4444.07,0.0642219,456.218
4,3121.88,0.342633,573.668
5,2087.15,0.560514,739.658
