Iteration,Cost,Cost reduction,time (ms)
0,4929.03,0.00131217,179.488
1,4890.39,0.0091413,337.342
2,4840.55,0.0192394,506.131
3,4183.43,0.152381,695.153
4,1565.82,0.682743,909.859
5,1437.23,0.708797,1101.71
