Iteration,Cost,Cost reduction,time (ms)
0,5342.44,0.00122585,131.835
1,5304.58,0.00830385,228.922
2,5255.24,0.0175282,331.056
3,4296.01,0.196856,441.309
4,3752.87,0.298397,548.775
5,1551.91,0.709868,657.971
