Iteration,Cost,Cost reduction,time (ms)
0,4179.68,0.00154701,145.981
1,4141.04,0.0107766,244.573
2,4090.99,0.0227336,383.397
3,4068.73,0.0280509,495.077
4,2666.96,0.362909,609.746
5,2313.18,0.447423,765.345
