Iteration,Cost,Cost reduction,time (ms)
0,32.1491,0.325569,608.702
1,19.501,0.590904,1164.54
2,14.5275,0.69524,1692.65
3,7.29533,0.846957,2268.3
4,5.8398,0.877491,2870.02
5,4.79864,0.899333,3450.83
