Iteration,Cost,Cost reduction,time (ms)
0,4482.81,0.00144279,179.542
1,4444.17,0.01005,335.754
2,4394.33,0.0211526,504.129
3,3748.61,0.164987,695.546
4,1705.26,0.620149,905.314
5,978.22,0.782099,1107.27
