Iteration,Cost,Cost reduction,time (ms)
0,5164.13,0.00125398,137.25
1,5125.51,0.00872398,235.421
2,5075.6,0.0183756,339.529
3,5026.29,0.0279133,460.076
4,2553.71,0.50611,584.699
5,2553.71,0.50611,757.656
