Iteration,Cost,Cost reduction,time (ms)
0,92.6517,0.419805,212.032
1,77.0185,0.517702,423.793
2,64.6301,0.595279,630.215
3,50.9924,0.68068,835.553
4,44.0095,0.724408,1036.18
5,35.5456,0.777409,1243.17
