Iteration,Cost,Cost reduction,time (ms)
0,29.9641,0.325279,180.093
1,19.1586,0.568593,358.895
2,17.2753,0.611,550.99
3,15.2308,0.657038,737.477
4,6.37646,0.856417,924.945
5,5.45669,0.877128,1108.99
