Iteration,Cost,Cost reduction,time (ms)
0,30.034,0.474727,11.392
1,3.09239,0.945916,56.867
2,3.09239,0.945916,78.468
3,3.09239,0.945916,92.555
4,1.84845,0.967672,102.54
5,1.84845,0.967672,113.752
6,1.84467,0.967738,120.716
