Iteration,Cost,Cost reduction,time (ms)
0,78.5669,0.282825,72.874
1,46.3697,0.576728,155.449
2,46.3697,0.576728,240.076
3,46.3697,0.576728,296.125
4,46.3697,0.576728,338.584
5,45.2537,0.586915,483.73
6,45.2537,0.586915,543.577
