Iteration,Cost,Cost reduction,time (ms)
0,4942.79,0.00130839,415.768
1,4904.14,0.00911581,813.662
2,4854.31,0.0191852,1209.62
3,4814.03,0.027323,1714.39
4,3314.56,0.330291,2253.63
5,2732.57,0.447883,3048.75
