Iteration,Cost,Cost reduction,time (ms)
0,66.8655,0.364965,155.779
1,53.7201,0.489809,265.058
2,15.4155,0.853596,390.189
3,13.0834,0.875744,520.518
4,11.9603,0.886411,648.085
5,11.9385,0.886617,783.012
