Iteration,Cost,Cost reduction,time (ms)
0,31.2215,0.333085,105.443
1,18.0913,0.613555,177.935
2,12.0356,0.742911,252.055
3,12.0356,0.742911,326.908
4,11.9565,0.7446,382.035
5,11.9565,0.7446,460.285
