Iteration,Cost,Cost reduction,time (ms)
0,30.1914,0.253244,576.577
1,10.0332,0.751839,1164.07
2,7.69299,0.809721,1726.26
3,6.87232,0.83002,2266.53
4,5.42297,0.865868,2812.4
5,5.42297,0.865868,3357.3
