Iteration,Cost,Cost reduction,time (ms)
0,38.0593,0.410758,152.245
1,30.9939,0.520145,262.199
2,11.3766,0.823864,396.59
3,5.23188,0.918999,537.428
4,2.21438,0.965716,685.708
5,2.21438,0.965716,829.067
