Iteration,Cost,Cost reduction,time (ms)
0,4218.3,0.00153247,412.637
1,4179.66,0.0106788,808.092
2,4129.83,0.0224738,1204.8
3,3989.65,0.0556555,1707.01
4,3276.46,0.224465,2246.84
5,1661.37,0.606757,2784.06
