Iteration,Cost,Cost reduction,time (ms)
0,5519.14,0.00118656,130.636
1,5481.28,0.00803824,226.848
2,5431.95,0.0169665,329.089
3,4459.16,0.193014,437.599
4,3951.3,0.284923,546.957
5,3190.19,0.422663,659.012
