Iteration,Cost,Cost reduction,time (ms)
0,4754.99,0.00136032,178.044
1,4716.35,0.00947556,336.887
2,4666.51,0.0199435,505.326
3,3998.77,0.160181,696.284
4,1755.52,0.631306,907.436
5,1719.72,0.638825,1112.83
