Iteration,Cost,Cost reduction,time (ms)
0,9.4565,0.806369,102.461
1,9.4565,0.806369,179.264
2,9.4565,0.806369,230.547
3,9.4565,0.806369,281.721
4,9.4565,0.806369,333.81
5,9.4565,0.806369,378.928
6,9.4565,0.806369,427.628
