Iteration,Cost,Cost reduction,time (ms)
0,4552.28,0.0014208,179.11
1,4513.64,0.0098969,336.103
2,4463.8,0.0208303,502.77
3,3825.42,0.160864,697.083
4,1707.49,0.625449,908.65
5,915.309,0.79922,1113.01
