Iteration,Cost,Cost reduction,time (ms)
0,26.5155,0.515049,144.396
1,19.7505,0.638778,252.386
2,11.9571,0.781312,369.067
3,5.88003,0.892458,481.139
4,5.33147,0.902491,594.566
5,5.21562,0.90461,708.326
