Iteration,Cost,Cost reduction,time (ms)
0,52.4397,0.176627,594.507
1,28.8294,0.547341,1177.15
2,7.32124,0.885047,1714.28
3,6.55968,0.897004,2231.08
4,4.61819,0.927488,2741.98
5,4.5623,0.928366,3246.22
