Iteration,Cost,Cost reduction,time (ms)
0,29.1157,0.368102,112.447
1,18.6669,0.594873,191.431
2,9.15984,0.801204,275.645
3,9.15984,0.801204,379.061
4,8.17517,0.822575,431.221
5,7.87207,0.829153,536.701
