Iteration,Cost,Cost reduction,time (ms)
0,106.615,0.341928,144.173
1,14.2497,0.912045,246.427
2,5.78227,0.964309,353.412
3,5.72297,0.964675,469.806
4,5.72297,0.964675,584.062
5,5.72297,0.964675,659.563
