Iteration,Cost,Cost reduction,time (ms)
0,5343.1,0.00121066,145.799
1,5304.47,0.00843262,246.429
2,5254.42,0.0177891,350.282
3,4941.17,0.0763452,470.469
4,4070.07,0.239179,586.895
5,2962.59,0.446201,756.489
