Iteration,Cost,Cost reduction,time (ms)
0,32.6965,0.715875,32.177
1,13.0651,0.886467,53.209
2,13.0651,0.886467,73.581
3,13.0651,0.886467,78.368
4,13.0651,0.886467,83.144
