Iteration,Cost,Cost reduction,time (ms)
0,26.1958,0.401738,105.559
1,12.6464,0.711181,178.943
2,12.6464,0.711181,252.668
3,12.6464,0.711181,302.737
4,12.6464,0.711181,352.3
5,12.6464,0.711181,402.317
