Iteration,Cost,Cost reduction,time (ms)
0,5033.12,0.0012849,146.376
1,4994.49,0.00895124,246.427
2,4944.44,0.0188825,350.382
3,4727.25,0.0619788,464.342
4,3638.11,0.278094,582.134
5,2654.5,0.473272,757.247
