Iteration,Cost,Cost reduction,time (ms)
0,118.754,0.195111,194.882
1,43.9612,0.702039,307.89
2,38.5687,0.738588,415.252
3,37.9522,0.742767,527.067
4,37.9522,0.742767,633.357
5,37.9522,0.742767,705.043
