Iteration,Cost,Cost reduction,time (ms)
0,25.2478,0.342886,565.766
1,22.2796,0.420137,1119.81
2,19.3068,0.497509,1654.07
3,16.2835,0.576195,2177.45
4,16.2835,0.576195,2696.1
5,16.2835,0.576195,2789.13
