Iteration,Cost,Cost reduction,time (ms)
0,4552.25,0.00142021,177.341
1,4513.61,0.00989655,335.557
2,4463.78,0.0208275,502.671
3,4417.42,0.0309969,689.09
4,2984.61,0.345296,886.272
5,2302.02,0.49503,1099.11
