Iteration,Cost,Cost reduction,time (ms)
0,4403.24,0.00146887,136.792
1,4364.61,0.0102297,235.61
2,4314.55,0.0215805,338.573
3,4254.35,0.0352318,455.625
4,2898.46,0.342711,566.882
5,906.393,0.794455,695.5
