Iteration,Cost,Cost reduction,time (ms)
0,4794.92,0.00134896,155.981
1,4756.29,0.00939569,256.917
2,4706.4,0.0197863,362.775
3,4506.53,0.0614135,487.628
4,3936.93,0.180047,614.889
5,2212.18,0.539263,746.771
