Iteration,Cost,Cost reduction,time (ms)
0,36.3748,0.341634,144.685
1,24.5489,0.555678,253.774
2,14.8328,0.731534,370.252
3,12.2749,0.77783,488.598
4,7.12371,0.871064,604.479
5,4.59988,0.916744,718.681
