Iteration,Cost,Cost reduction,time (ms)
0,4980.48,0.00129907,136.94
1,4941.85,0.00904577,236.538
2,4891.96,0.0190502,340.934
3,4202.65,0.157272,461.222
4,2684.58,0.461679,585.563
5,1758.64,0.647353,742.441
