Iteration,Cost,Cost reduction,time (ms)
0,27.1524,0.320647,104.851
1,19.9396,0.50111,182.389
2,19.9396,0.50111,254.373
3,19.9396,0.50111,303.533
4,19.9396,0.50111,353.004
5,19.9396,0.50111,404.281
