Iteration,Cost,Cost reduction,time (ms)
0,4257.09,0.00151868,414.157
1,4218.45,0.0105818,810.9
2,4168.62,0.0222701,1208.4
3,3524.25,0.173404,1715.78
4,1464.56,0.656495,2348.35
5,919.182,0.78441,2881.92
