Iteration,Cost,Cost reduction,time (ms)
0,25.7239,0.404003,111.933
1,25.7239,0.404003,185.345
2,25.7239,0.404003,228.165
3,25.7239,0.404003,270.885
4,25.7239,0.404003,313.549
5,25.7239,0.404003,356.384
6,25.7239,0.404003,398.852
