Iteration,Cost,Cost reduction,time (ms)
0,4999.13,0.00129401,133.46
1,4960.5,0.00901192,231.805
2,4910.61,0.0189779,335.958
3,4751.86,0.050693,457.348
4,2860.42,0.428557,580.355
5,2033.2,0.593815,722.606
