Iteration,Cost,Cost reduction,time (ms)
0,95.555,0.130377,157.347
1,60.9353,0.445443,267.688
2,13.3488,0.878516,385.622
3,2.96867,0.972983,510.877
4,2.59832,0.976353,645.321
5,2.25796,0.979451,778.315
