Iteration,Cost,Cost reduction,time (ms)
0,111.436,0.314503,160.423
1,92.541,0.430734,279.653
2,66.1936,0.59281,417.376
3,47.8037,0.705936,565.191
4,39.2467,0.758574,716.855
5,39.2467,0.758574,864.795
