Iteration,Cost,Cost reduction,time (ms)
0,4742.61,0.00136377,414.041
1,4703.97,0.0095002,808.595
2,4654.13,0.0199951,1206.53
3,3995.83,0.158611,1704.87
4,1636.52,0.655403,2334.26
5,1025.82,0.783996,2878.31
