Iteration,Cost,Cost reduction,time (ms)
0,61.9521,0.405075,153.201
1,30.4004,0.708065,257.2
2,28.3032,0.728205,372.472
3,28.2483,0.728732,493.383
4,28.2483,0.728732,610.644
5,28.2483,0.728732,691.992
