Iteration,Cost,Cost reduction,time (ms)
0,125.366,0.313442,211.507
1,113.033,0.38098,415.689
2,73.065,0.599863,623.533
3,42.6935,0.766191,836.838
4,21.653,0.881419,1060.61
5,16.6621,0.908751,1289.86
