Iteration,Cost,Cost reduction,time (ms)
0,118.573,0.362438,142.074
1,111.042,0.402931,251.02
2,94.8419,0.490039,363.593
3,40.5362,0.782039,483.978
4,39.9253,0.785324,604.868
5,39.9253,0.785324,722.919
