Iteration,Cost,Cost reduction,time (ms)
0,5519.23,0.00117215,153.439
1,5480.59,0.00816406,251.391
2,5430.71,0.0171926,356.128
3,5379.21,0.0265118,476.758
4,3024.98,0.452562,606.186
5,2437.53,0.558874,778.301
