Iteration,Cost,Cost reduction,time (ms)
0,4218.33,0.00153301,178.708
1,4179.69,0.0106791,335.923
2,4129.85,0.0224764,504.461
3,3493.73,0.173044,694.504
4,1281.45,0.696683,911.01
5,1087.14,0.742676,1111.77
