Iteration,Cost,Cost reduction,time (ms)
0,4552.27,0.00142065,178.571
1,4513.63,0.00989681,335.544
2,4463.79,0.0208296,503.53
3,3800.11,0.166415,694.544
4,1680.43,0.631383,912.213
5,1645.6,0.639023,1107.17
