Iteration,Cost,Cost reduction,time (ms)
0,89.523,0.486798,220.201
1,73.5185,0.578546,418.07
2,70.5706,0.595445,620.029
3,45.8091,0.737393,821.068
4,33.6622,0.807027,1029.17
5,31.2821,0.820671,1234.73
