Iteration,Cost,Cost reduction,time (ms)
0,37.713,0.204838,601.081
1,16.7808,0.646185,1205.53
2,12.0217,0.746527,1761.48
3,12.0217,0.746527,2305.61
4,10.6279,0.775915,2399.84
5,8.67192,0.817157,2915.91
