Iteration,Cost,Cost reduction,time (ms)
0,144.331,0.165311,155.586
1,110.57,0.360557,273.925
2,70.807,0.590511,509.815
3,57.2195,0.66909,749.521
4,32.5915,0.811518,990.086
5,32.5915,0.811518,1229.65
