Iteration,Cost,Cost reduction,time (ms)
0,24.3788,0.399319,106.67
1,14.3651,0.646052,181.066
2,9.73413,0.760156,268.399
3,9.73413,0.760156,355.412
4,9.3558,0.769478,408.635
5,9.3558,0.769478,496.495
