Iteration,Cost,Cost reduction,time (ms)
0,102.948,0.00719594,10.555
1,58.2764,0.437997,18.35
2,58.2764,0.437997,26.181
3,58.2701,0.438058,31.213
4,58.2701,0.438058,38.616
