Iteration,Cost,Cost reduction,time (ms)
0,26.9831,0.399421,109.555
1,20.9396,0.533934,181.05
2,20.9396,0.533934,254.404
3,20.9396,0.533934,303.95
4,20.9023,0.534765,354.462
5,20.7483,0.538192,431.951
