Iteration,Cost,Cost reduction,time (ms)
0,24.3376,0.406437,114.547
1,14.8248,0.638442,189.233
2,14.8248,0.638442,264.048
3,14.8248,0.638442,314.348
4,14.8248,0.638442,365.102
5,14.8248,0.638442,415.765
