Iteration,Cost,Cost reduction,time (ms)
0,55.713,0.0384869,107.72
1,54.5736,0.0581513,182.986
2,37.7456,0.348574,259.22
3,37.7456,0.348574,360.124
4,31.4014,0.458065,408.33
5,31.4014,0.458065,511.832
