Iteration,Cost,Cost reduction,time (ms)
0,5820.01,0.00111154,414.956
1,5781.37,0.00774344,813.334
2,5731.53,0.0162975,1208.84
3,5007.15,0.140622,1712.74
4,2964.17,0.491259,2340.08
5,1171.45,0.798944,2892.08
