Iteration,Cost,Cost reduction,time (ms)
0,28.1836,0.319406,197.374
1,12.5111,0.697875,394.459
2,7.92732,0.808567,596.077
3,4.4517,0.892498,796.013
4,3.47783,0.916015,999.668
5,3.06519,0.92598,1198.72
