Iteration,Cost,Cost reduction,time (ms)
0,34.4611,0.253097,128.63
1,25.1109,0.455751,209.796
2,15.1802,0.670988,294.373
3,10.0984,0.78113,388.928
4,8.84993,0.808189,493.614
5,8.56857,0.814287,599.655
