Iteration,Cost,Cost reduction,time (ms)
0,25.6736,0.436024,559.146
1,15.2067,0.665951,1128.51
2,11.8755,0.73913,1640.56
3,3.98063,0.912557,2064.29
4,3.98063,0.912557,2477.56
5,3.98063,0.912557,2564.63
