Iteration,Cost,Cost reduction,time (ms)
0,26.0549,0.476855,103.156
1,23.7793,0.522545,176.025
2,13.7437,0.724045,259.997
3,13.7437,0.724045,343.408
4,13.7437,0.724045,394.528
