Iteration,Cost,Cost reduction,time (ms)
0,120.346,0.0329978,141.459
1,18.5198,0.85119,247.801
2,15.7519,0.873431,357.147
3,14.2097,0.885822,469.061
4,14.2097,0.885822,579.418
5,14.0497,0.887108,660.13
