Iteration,Cost,Cost reduction,time (ms)
0,4218.32,0.00153275,412.351
1,4179.68,0.010679,809.266
2,4129.84,0.0224751,1206.51
3,4092.01,0.0314294,1710.37
4,2757.14,0.347389,2247.89
5,1848.24,0.562524,3030.9
