Iteration,Cost,Cost reduction,time (ms)
0,30.0216,0.362512,108.039
1,13.772,0.707561,189.374
2,9.86007,0.790628,284.195
3,6.52475,0.861451,380.503
4,5.34648,0.886471,479.859
5,4.84432,0.897134,580.928
