Iteration,Cost,Cost reduction,time (ms)
0,4842.96,0.0013357,178.67
1,4804.31,0.00930372,335.464
2,4754.47,0.0195822,502.85
3,4086.77,0.157269,692.115
4,2416.85,0.501621,905.191
5,1157.13,0.761389,1103.95
