Iteration,Cost,Cost reduction,time (ms)
0,114.131,0.325911,144.904
1,111.859,0.339331,251.389
2,79.7055,0.529239,364.232
3,71.0761,0.580206,477.025
4,61.0238,0.639578,592.283
5,40.3962,0.76141,706.859
