Iteration,Cost,Cost reduction,time (ms)
0,25.2133,0.476394,177.403
1,11.139,0.768676,340.207
2,7.75741,0.838901,494.796
3,7.75741,0.838901,650.677
4,7.5565,0.843073,716.16
5,5.16821,0.892671,866.307
