Iteration,Cost,Cost reduction,time (ms)
0,27.7078,0.322078,102.341
1,26.7367,0.345839,174.171
2,26.7367,0.345839,244.963
3,16.9907,0.584292,296.527
4,15.7463,0.614739,375.07
5,15.7463,0.614739,453.084
