Iteration,Cost,Cost reduction,time (ms)
0,23.9055,0.460436,108.761
1,18.21,0.588989,182.887
2,12.3229,0.721863,264.39
3,12.0811,0.727322,363.217
4,9.35369,0.788881,500.199
5,9.35369,0.788881,634.936
