Iteration,Cost,Cost reduction,time (ms)
0,4366.49,0.00148107,413.204
1,4327.85,0.0103173,809.868
2,4278.01,0.0217149,1207.32
3,3648.97,0.165562,1705.97
4,1467.97,0.664308,2334.67
5,888.142,0.796902,2878.36
