Iteration,Cost,Cost reduction,time (ms)
0,63.4777,0.0223958,146.173
1,22.1378,0.659061,258.598
2,14.8339,0.771547,381.189
3,5.70334,0.912164,511.539
4,5.70334,0.912164,654.561
5,5.42732,0.916415,743.026
