Iteration,Cost,Cost reduction,time (ms)
0,74.5161,0.192673,577.398
1,29.5602,0.679737,1203.09
2,23.0703,0.75005,1758.92
3,13.8288,0.850175,2327.34
4,12.7023,0.86238,2880.46
5,8.04328,0.912857,3454.42
