Iteration,Cost,Cost reduction,time (ms)
0,96.4772,0.207771,566.293
1,23.6606,0.80571,1141.53
2,10.8319,0.911053,1673.11
3,10.8319,0.911053,2245.94
4,10.8319,0.911053,2341.07
5,10.8319,0.911053,2424.46
