Iteration,Cost,Cost reduction,time (ms)
0,30.2241,0.35031,189.819
1,19.8649,0.572988,359.532
2,18.6645,0.598792,531.105
3,18.6645,0.598792,702.96
4,18.6645,0.598792,769.492
5,18.6645,0.598792,818.254
