Iteration,Cost,Cost reduction,time (ms)
0,24.8797,0.41239,189.599
1,16.7305,0.604857,356.115
2,11.9843,0.716955,522.36
3,10.468,0.752767,690.636
4,8.65284,0.795637,857.393
5,4.24173,0.899818,1024.03
