Iteration,Cost,Cost reduction,time (ms)
0,127.229,0.153399,141.14
1,47.1304,0.686387,254.8
2,21.8847,0.854376,373.515
3,19.7678,0.868462,498.251
4,7.89726,0.94745,629.524
5,7.89726,0.94745,754.874
