Iteration,Cost,Cost reduction,time (ms)
0,37.1082,0.153868,187.413
1,23.6107,0.461634,361.942
2,14.6147,0.666759,536.787
3,9.05147,0.793611,703.449
4,7.59585,0.826802,873.802
5,7.59585,0.826802,1041.69
