Iteration,Cost,Cost reduction,time (ms)
0,73.2975,0.335879,589.483
1,41.7044,0.622132,1102
2,23.4863,0.787199,1637.29
3,22.1088,0.79968,2179.17
4,13.6371,0.87644,2755.53
5,13.6371,0.87644,3310.29
