Iteration,Cost,Cost reduction,time (ms)
0,4593.13,0.00140869,140.285
1,4554.5,0.0098077,238.454
2,4504.43,0.0206922,342.751
3,3715.95,0.192115,462.692
4,3078.81,0.330636,575.318
5,1634.87,0.644563,714.151
