Iteration,Cost,Cost reduction,time (ms)
0,4218.31,0.00153266,142.19
1,4179.67,0.0106778,240.469
2,4129.62,0.0225246,344.121
3,4092.89,0.0312198,458.072
4,2526.38,0.40201,576.254
5,1700.99,0.597378,782.066
