Iteration,Cost,Cost reduction,time (ms)
0,4953.18,0.00130619,137.367
1,4914.55,0.00909553,235.777
2,4864.66,0.0191549,340.086
3,4849.61,0.0221898,461.739
4,3196.95,0.355409,605.574
5,3196.95,0.355409,851.499
