Iteration,Cost,Cost reduction,time (ms)
0,31.9264,0.321469,189.194
1,16.2259,0.655152,371.922
2,9.77422,0.792268,561.21
3,9.77422,0.792268,741.015
4,9.77422,0.792268,808.719
5,9.77422,0.792268,858.845
