Iteration,Cost,Cost reduction,time (ms)
0,4877.69,0.00132575,419.553
1,4839.05,0.00923724,814.696
2,4789.22,0.0194403,1209.84
3,4773.53,0.0226534,1712.88
4,3393.21,0.305264,2204.08
5,1818.77,0.627619,3098.18
