Iteration,Cost,Cost reduction,time (ms)
0,19.2065,0.574874,551.97
1,6.84267,0.848541,1117.44
2,6.84267,0.848541,1643.46
3,6.84267,0.848541,1725.79
4,6.84267,0.848541,1807.71
5,6.84267,0.848541,1888.19
6,6.84267,0.848541,1945.08
