Iteration,Cost,Cost reduction,time (ms)
0,34.9204,0.240216,107.014
1,34.9204,0.240216,186.229
2,34.9204,0.240216,234.893
3,34.9204,0.240216,284.523
4,34.9204,0.240216,332.117
5,34.9204,0.240216,380.98
