Iteration,Cost,Cost reduction,time (ms)
0,26.5819,0.324075,188.227
1,24.751,0.370631,372.584
2,14.7599,0.624686,540.28
3,9.50467,0.758315,701.789
4,9.50467,0.758315,856.793
5,9.50467,0.758315,924.48
