Iteration,Cost,Cost reduction,time (ms)
0,44.3946,0.303678,934.945
1,44.3946,0.303678,1764.56
2,44.3946,0.303678,2258.83
3,44.3946,0.303678,2738.67
4,44.3946,0.303678,3215.28
