Iteration,Cost,Cost reduction,time (ms)
0,125.781,0.226259,166.784
1,125.781,0.226259,308.817
2,102.569,0.369049,391.074
3,41.0894,0.747238,565.907
4,30.6579,0.811408,758.181
5,30.6579,0.811408,948.296
