Iteration,Cost,Cost reduction,time (ms)
0,71.285,0.366957,151.566
1,61.4862,0.453975,260.128
2,59.4473,0.472082,381.675
3,28.0076,0.75128,506.107
4,28.0076,0.75128,637.635
5,27.7893,0.753218,718.467
