Iteration,Cost,Cost reduction,time (ms)
0,31.844,0.413639,149.282
1,30.642,0.435772,260.151
2,23.397,0.569177,373.622
3,23.1831,0.573117,495.682
4,13.3196,0.754739,613.466
5,10.5897,0.805006,741.229
