Iteration,Cost,Cost reduction,time (ms)
0,5343.12,0.00121068,415.534
1,5304.48,0.00843377,812.072
2,5254.64,0.0177506,1208.5
3,4554.14,0.148695,1706.62
4,1775.22,0.668158,2337.09
5,1546.49,0.710916,2870.65
