Iteration,Cost,Cost reduction,time (ms)
0,4378.53,0.00147647,177.925
1,4339.89,0.0102886,336.241
2,4290.06,0.0216526,504.907
3,4244.19,0.0321121,692.081
4,2862.98,0.347097,888.742
5,2054.29,0.531519,1103.45
