Iteration,Cost,Cost reduction,time (ms)
0,48.3958,0.235286,149.241
1,34.5366,0.454279,257.015
2,9.62977,0.847838,362.514
3,9.02433,0.857404,471.863
4,9.02433,0.857404,580.097
5,9.02045,0.857466,657.164
