Iteration,Cost,Cost reduction,time (ms)
0,26.6064,0.298797,106.075
1,15.3546,0.595334,182.256
2,13.6121,0.641257,257.847
3,11.2529,0.703434,351.572
4,11.2529,0.703434,446.004
5,11.2529,0.703434,498.824
