Iteration,Cost,Cost reduction,time (ms)
0,46.3419,0,103.95
1,46.3419,0,149.905
2,46.3419,0,193.986
3,46.3419,0,239.209
4,39.6436,0.144542,299.536
5,39.6436,0.144542,367.539
6,39.6436,0.144542,406.717
