Iteration,Cost,Cost reduction,time (ms)
0,4702.79,0.00137511,180.174
1,4664.15,0.00958038,337.658
2,4614.32,0.0201631,506.361
3,4555.25,0.0327064,698.281
4,3289.38,0.30151,901.223
5,2762.38,0.413417,1140.03
