Iteration,Cost,Cost reduction,time (ms)
0,33.3416,0.916561,6.666
1,4.81116,0.98796,11.102
2,4.81116,0.98796,15.181
3,4.81116,0.98796,18.091
4,4.81116,0.98796,20.799
