Iteration,Cost,Cost reduction,time (ms)
0,34.1713,0.31345,158.525
1,20.6936,0.584236,267.142
2,5.98147,0.879824,377.102
3,2.62352,0.94729,495.914
4,2.62352,0.94729,611.427
5,2.48228,0.950128,689.194
