Iteration,Cost,Cost reduction,time (ms)
0,4872.94,0.00132729,143.465
1,4834.31,0.00924505,241.961
2,4784.42,0.0194683,347.114
3,4726.6,0.03132,475.03
4,2401.67,0.507796,596.359
5,1726.18,0.646233,794.072
