Iteration,Cost,Cost reduction,time (ms)
0,17.524,0.63742,554.595
1,10.6376,0.779903,1021.18
2,10.6376,0.779903,1480.19
3,10.6376,0.779903,1522.64
4,10.6376,0.779903,1560.84
5,10.6376,0.779903,1598.78
6,10.6376,0.779903,1636.88
