Iteration,Cost,Cost reduction,time (ms)
0,76.7495,0.31483,553.769
1,53.2998,0.524174,1085
2,28.6187,0.744511,1596.18
3,20.1623,0.820004,2137.99
4,20.1623,0.820004,2675.19
5,20.1623,0.820004,2767.85
