Iteration,Cost,Cost reduction,time (ms)
0,4439.6,0.00145721,135.947
1,4400.97,0.0101463,234.262
2,4351.08,0.0213682,339.427
3,3726.52,0.161842,460.281
4,1720.04,0.613135,584.533
5,1532.47,0.655322,743.656
