Iteration,Cost,Cost reduction,time (ms)
0,31.7524,0.306389,602.762
1,15.6788,0.657506,1233.24
2,7.03277,0.846374,1868.33
3,4.95173,0.891833,2420.73
4,3.19539,0.930199,2984.12
5,3.19539,0.930199,3526.85
