Iteration,Cost,Cost reduction,time (ms)
0,144.084,0.0465101,152.694
1,56.8287,0.623931,268.802
2,21.3947,0.858419,380.753
3,13.0048,0.91394,499.922
4,13.0048,0.91394,618.513
5,11.6656,0.922802,696.493
