Iteration,Cost,Cost reduction,time (ms)
0,34.3895,0.356434,151.846
1,25.9541,0.514294,257.138
2,23.0835,0.568015,370.844
3,19.7358,0.630663,491.761
4,19.7358,0.630663,624.548
5,19.4157,0.636654,700.456
