Iteration,Cost,Cost reduction,time (ms)
0,23.0587,0.413972,109.18
1,16.7811,0.573513,184.349
2,16.7811,0.573513,257.02
3,15.8394,0.597447,308.429
4,15.8394,0.597447,396.148
5,15.8394,0.597447,447.53
