Iteration,Cost,Cost reduction,time (ms)
0,135.054,0.0319806,144.19
1,52.378,0.624573,252.333
2,4.51002,0.967674,373.097
3,3.86072,0.972328,496.958
4,3.86072,0.972328,621.146
5,3.25516,0.976668,714.456
