Iteration,Cost,Cost reduction,time (ms)
0,27.1196,0.355363,112.076
1,21.2977,0.493751,186.816
2,12.5478,0.701737,270.429
3,5.14446,0.877716,353.905
4,3.13811,0.925407,441.509
5,3.09264,0.926487,528.967
