Iteration,Cost,Cost reduction,time (ms)
0,27.0016,0.327257,191.698
1,17.0648,0.574833,368.919
2,15.0632,0.624701,544.018
3,13.6246,0.660545,721.441
4,11.5192,0.713001,895.981
5,10.2097,0.745626,1071.88
