Iteration,Cost,Cost reduction,time (ms)
0,4552.18,0.00143811,132.424
1,4514.32,0.00974319,229.419
2,4464.99,0.0205648,330.923
3,3601.99,0.20987,438.833
4,3257.68,0.285398,551.884
5,2713.26,0.404823,664.134
