Iteration,Cost,Cost reduction,time (ms)
0,4482.81,0.0014431,140.668
1,4444.18,0.0100489,239.902
2,4394.12,0.0212005,343.626
3,3536.38,0.212264,463.699
4,2560.4,0.429665,576.231
5,878.873,0.804229,731.782
