Iteration,Cost,Cost reduction,time (ms)
0,32.701,0.443035,580.818
1,19.2704,0.671786,1161.13
2,15.5077,0.735872,1706.56
3,8.6937,0.851928,2250.29
4,6.58594,0.887828,2792.9
5,6.58594,0.887828,3344.98
