Iteration,Cost,Cost reduction,time (ms)
0,50.9,0.442266,533.331
1,25.7596,0.71774,1088.38
2,25.3576,0.722145,1627.84
3,25.3576,0.722145,2176.36
4,25.3576,0.722145,2267.94
5,25.0378,0.725649,2348.34
