Iteration,Cost,Cost reduction,time (ms)
0,94.12,0.324587,147.797
1,89.916,0.354755,259.123
2,79.8019,0.427335,369.197
3,79.8019,0.427335,495.583
4,79.8019,0.427335,590.88
5,74.9475,0.46217,691.428
