Iteration,Cost,Cost reduction,time (ms)
0,5601.76,0.00115486,131.5
1,5563.12,0.00804352,227.799
2,5513.07,0.0169682,330.323
3,5513.07,0.0169682,441.786
4,5513.07,0.0169682,514.053
5,5513.07,0.0169682,589.212
