Iteration,Cost,Cost reduction,time (ms)
0,5562.86,0.00116263,140.128
1,5524.22,0.00810005,239.177
2,5474.17,0.0170866,343.302
3,5446.54,0.0220476,461.344
4,3586.47,0.356031,577.704
5,3147.41,0.434867,776.837
