Iteration,Cost,Cost reduction,time (ms)
0,4970.48,0.0013172,128.835
1,4932.62,0.00892428,224.62
2,4883.29,0.0188365,327.546
3,3978.79,0.20057,435.902
4,3657.58,0.265108,548.333
5,2910.24,0.415266,660.482
