Iteration,Cost,Cost reduction,time (ms)
0,4583.11,0.001411,178.038
1,4544.47,0.00983023,335.779
2,4494.64,0.0206891,505.521
3,3838.24,0.163708,696.153
4,2306.25,0.497505,913.411
5,1617.37,0.6476,1110.49
