Iteration,Cost,Cost reduction,time (ms)
0,42.6476,0.201818,149.429
1,18.2532,0.658377,260.396
2,16.82,0.685201,373.434
3,8.67563,0.837629,491.268
4,6.66808,0.875202,631.098
5,5.05277,0.905434,786.106
