Iteration,Cost,Cost reduction,time (ms)
0,32.821,0.29272,104.715
1,31.6902,0.317089,181.23
2,31.6902,0.317089,258.496
3,24.6915,0.467907,311.205
4,19.3999,0.58194,389.996
5,14.7247,0.682689,470.986
