Iteration,Cost,Cost reduction,time (ms)
0,26.9834,0.350207,189.3
1,13.9685,0.663621,368.336
2,5.53607,0.866685,550.386
3,5.4178,0.869533,734.738
4,5.33477,0.871532,919.06
5,5.14295,0.876151,1103.91
