Iteration,Cost,Cost reduction,time (ms)
0,84.4093,0.204171,146.291
1,75.3243,0.289826,253.985
2,23.5569,0.777901,366.127
3,19.6602,0.814639,473.105
4,11.7636,0.889091,586.95
5,6.9626,0.934355,701.06
6,5.55337,0.947642,816.274
7,5.55337,0.947642,926.153
