Iteration,Cost,Cost reduction,time (ms)
0,4168.95,0.00155156,138.152
1,4130.31,0.0108039,238.581
2,4080.42,0.0227528,342.408
3,3459.05,0.17157,462.826
4,2329.9,0.441997,586.341
5,1420.77,0.65973,741.934
