Iteration,Cost,Cost reduction,time (ms)
0,4999.14,0.0012937,179.062
1,4960.5,0.0090132,337.16
2,4910.66,0.0189694,504.844
3,4849.44,0.0312006,694.745
4,3513.59,0.298071,898.648
5,3371.64,0.326428,1125.13
