Iteration,Cost,Cost reduction,time (ms)
0,62.0326,0.389252,149.827
1,54.3287,0.465101,258.373
2,40.7914,0.598384,372.342
3,40.7914,0.598384,488.739
4,37.6399,0.629413,571.525
5,35.9709,0.645845,688.949
