Iteration,Cost,Cost reduction,time (ms)
0,28.7926,0.31817,110.281
1,19.4983,0.538265,188.447
2,11.8883,0.718476,282.272
3,11.8883,0.718476,377.577
4,10.888,0.742164,431.287
5,10.888,0.742164,527.516
