Iteration,Cost,Cost reduction,time (ms)
0,4794.91,0.00134915,132.336
1,4756.28,0.00939529,227.178
2,4706.22,0.0198207,322.626
3,4575.06,0.0471388,426.48
4,3117.7,0.350667,526.455
5,819.476,0.829325,628.606
6,819.476,0.829325,728.729
