Iteration,Cost,Cost reduction,time (ms)
0,63.7658,0.432131,216.087
1,19.8973,0.822804,411.58
2,18.1201,0.838631,604.265
3,7.18241,0.936037,797.581
4,7.18241,0.936037,982.82
5,7.18241,0.936037,1056.83
