Iteration,Cost,Cost reduction,time (ms)
0,5873.16,0.00110147,178.477
1,5834.52,0.00767342,336.482
2,5784.68,0.01615,504.451
3,5016.41,0.146816,695.308
4,2259.76,0.615663,910.023
5,1934.82,0.670929,1110.5
