Iteration,Cost,Cost reduction,time (ms)
0,4606.04,0.00142163,132.351
1,4568.18,0.00962958,229.669
2,4518.84,0.0203266,331.298
3,3639.93,0.210873,439.314
4,2914.01,0.36825,547.167
5,2914.01,0.36825,651.354
