Iteration,Cost,Cost reduction,time (ms)
0,108.465,0.204924,203.777
1,43.3913,0.681931,398.845
2,17.94,0.868495,596.076
3,16.0621,0.882261,792.037
4,13.9798,0.897524,988.531
5,13.9798,0.897524,1183.84
