Iteration,Cost,Cost reduction,time (ms)
0,29.083,0.357395,104.855
1,12.3353,0.727444,183.081
2,9.1696,0.797392,265.679
3,9.1696,0.797392,347.828
4,8.61092,0.809737,403.844
5,8.40061,0.814384,493.927
