Iteration,Cost,Cost reduction,time (ms)
0,5.9212,0.938443,158.479
1,5.9212,0.938443,279.317
2,5.9212,0.938443,367.318
3,5.9212,0.938443,467.059
4,2.67969,0.972142,555.562
5,2.67969,0.972142,729.702
6,2.67969,0.972142,868.002
