Iteration,Cost,Cost reduction,time (ms)
0,92.4652,0.409944,158.783
1,50.4235,0.678229,285.816
2,50.4235,0.678229,413.613
3,50.4235,0.678229,495.523
4,49.7871,0.682289,579.378
5,49.7871,0.682289,711.18
