Iteration,Cost,Cost reduction,time (ms)
0,5650.44,0.00114466,142.756
1,5611.81,0.00797439,240.594
2,5561.76,0.0168217,341.429
3,5343.19,0.0554596,456.142
4,4394.82,0.223107,575.506
5,4216.07,0.254705,763.227
