Iteration,Cost,Cost reduction,time (ms)
0,40.23,0.323611,578.758
1,15.1312,0.745599,1095.01
2,6.34061,0.893395,1627.9
3,4.4154,0.925764,2171.52
4,4.4154,0.925764,2709.99
5,4.40385,0.925958,2800.71
