Iteration,Cost,Cost reduction,time (ms)
0,30.5714,0.357341,104.231
1,23.5372,0.505209,180.084
2,21.692,0.543999,252.197
3,18.2386,0.616596,328.131
4,17.9047,0.623615,406.193
5,17.9047,0.623615,484.52
