Iteration,Cost,Cost reduction,time (ms)
0,25.915,0.383028,187.634
1,25.8204,0.38528,361.076
2,23.6244,0.43756,533.344
3,23.6244,0.43756,693.549
4,23.6244,0.43756,757.157
5,23.6244,0.43756,806.712
