Iteration,Cost,Cost reduction,time (ms)
0,32.0409,0.254769,638.528
1,26.0195,0.39482,1279.41
2,23.584,0.451465,1963.13
3,8.98264,0.791075,2652.09
4,8.33805,0.806067,3298.2
5,8.33805,0.806067,3936.89
