Iteration,Cost,Cost reduction,time (ms)
0,4482.8,0.00144245,179.144
1,4444.16,0.0100498,337.571
2,4394.32,0.021151,506.113
3,4230.64,0.0576123,692.998
4,3297.45,0.265483,884.62
5,1639.98,0.634689,1071.72
