Iteration,Cost,Cost reduction,time (ms)
0,5305.68,0.00123391,129.858
1,5267.82,0.00836107,226.5
2,5218.49,0.0176481,327.823
3,4307.4,0.189156,436.365
4,3955.62,0.255375,548.318
5,3321.32,0.374779,656.695
