Iteration,Cost,Cost reduction,time (ms)
0,5424,0.00119269,146.354
1,5385.36,0.0083068,245.34
2,5335.48,0.0174927,349.426
3,5275.65,0.0285094,469.912
4,3742.71,0.310794,597.914
5,2421.38,0.554112,764.096
