Iteration,Cost,Cost reduction,time (ms)
0,43.0352,0.412689,153.223
1,18.0394,0.753813,261.003
2,16.1617,0.779438,382.157
3,9.6152,0.868779,508.765
4,7.83644,0.893055,657.386
5,6.90127,0.905817,822.853
