Iteration,Cost,Cost reduction,time (ms)
0,24.677,0.39261,187.487
1,13.3425,0.671592,357.787
2,10.4579,0.742594,522.942
3,10.4579,0.742594,687.648
4,9.04767,0.777304,752.788
5,9.04767,0.777304,901.572
