Iteration,Cost,Cost reduction,time (ms)
0,57.746,0.600848,571.277
1,37.1071,0.743508,1087.98
2,21.3259,0.852591,1621.88
3,21.3259,0.852591,2157.57
4,21.3259,0.852591,2246.01
5,15.9118,0.890014,2322.96
