Iteration,Cost,Cost reduction,time (ms)
0,5662.89,0.0011424,412.729
1,5624.25,0.00795808,808.737
2,5574.41,0.0167494,1205.92
3,4838.19,0.14661,1703.49
4,1883.24,0.667822,2334.94
5,1465.95,0.741426,2872.48
