Iteration,Cost,Cost reduction,time (ms)
0,39.7,0,526.674
1,39.7,0,572.661
2,39.7,0,618.251
3,39.7,0,668.304
4,13.3544,0.663618,755.347
5,13.192,0.667708,1246.36
6,13.192,0.667708,1803.69
