Iteration,Cost,Cost reduction,time (ms)
0,71.8224,0.203142,589.635
1,16.1965,0.820302,1162.15
2,9.33585,0.89642,1661.98
3,5.75022,0.936202,2191.88
4,5.75022,0.936202,2741.82
5,5.75022,0.936202,2833.96
