Iteration,Cost,Cost reduction,time (ms)
0,32.0821,0.311837,108.141
1,26.1518,0.439041,181.262
2,20.2529,0.565574,254.864
3,18.3144,0.607155,341.635
4,16.8327,0.638938,435.959
5,16.8327,0.638938,545.488
