Iteration,Cost,Cost reduction,time (ms)
0,5196.65,0.00126026,131.66
1,5158.79,0.00853654,230.045
2,5109.45,0.0180193,332.823
3,4172.2,0.198148,440.664
4,3393.72,0.347764,548.733
5,3393.72,0.347764,652.212
