Iteration,Cost,Cost reduction,time (ms)
0,160.625,0.109808,167.486
1,157.367,0.127864,296.466
2,126.912,0.296648,457.021
3,81.2196,0.549876,611.941
4,81.2196,0.549876,768.272
5,81.2196,0.549876,850.078
6,68.2418,0.6218,934.366
7,68.2418,0.6218,1098.41
