Iteration,Cost,Cost reduction,time (ms)
0,4754.97,0.00135992,179.724
1,4716.33,0.00947532,338.992
2,4666.49,0.0199414,508.105
3,4611.64,0.0314624,699.661
4,3028.78,0.363894,900.021
5,2809.45,0.409958,1117.31
