Iteration,Cost,Cost reduction,time (ms)
0,42.7221,0.272138,147.86
1,32.1562,0.452151,263.91
2,14.144,0.759028,411.699
3,13.3963,0.771765,576.998
4,8.35934,0.857581,757.168
5,5.88665,0.899708,953.31
