Iteration,Cost,Cost reduction,time (ms)
0,56.1494,0.415435,147.237
1,45.5938,0.525328,260.584
2,37.2071,0.61264,389.778
3,35.7437,0.627876,534.08
4,30.8492,0.678832,682.14
5,22.8111,0.762516,825.28
