Iteration,Cost,Cost reduction,time (ms)
0,51.5335,0.199293,149.014
1,12.9725,0.798438,254.707
2,1.82234,0.971685,365.21
3,1.49542,0.976765,480.473
4,1.28563,0.980024,597.586
5,1.28563,0.980024,713.62
