Iteration,Cost,Cost reduction,time (ms)
0,105.436,0.248405,165.403
1,68.5359,0.511446,283.79
2,24.0941,0.828247,408.881
3,6.83903,0.951248,546.307
4,4.05477,0.971096,684.728
5,2.98042,0.978754,817.938
