Iteration,Cost,Cost reduction,time (ms)
0,79.4168,0.281605,150.649
1,50.5372,0.542846,258.643
2,41.8316,0.621596,374.012
3,16.2777,0.852754,490.946
4,16.2777,0.852754,598.021
5,16.2777,0.852754,672.546
