Iteration,Cost,Cost reduction,time (ms)
0,26.0141,0.414955,112.274
1,17.2971,0.610998,191.911
2,11.6243,0.738575,275.398
3,11.4994,0.741385,370.865
4,11.4994,0.741385,467.596
5,11.1294,0.749706,521.211
