Iteration,Cost,Cost reduction,time (ms)
0,4742.51,0.00138029,129.48
1,4704.65,0.00935261,225.864
2,4655.31,0.0197414,327.401
3,3795.46,0.200798,435.82
4,3522.64,0.258244,547.739
5,2842.61,0.401437,658.599
