Iteration,Cost,Cost reduction,time (ms)
0,176.627,0,137.647
1,176.627,0,213.584
2,133.924,0.241769,287.522
3,129.276,0.268083,392.658
4,123.79,0.299142,502.05
5,115.948,0.34354,612.445
