Iteration,Cost,Cost reduction,time (ms)
0,14.6127,0.477585,7.425
1,6.64795,0.76233,11.9
2,6.64795,0.76233,15.988
3,6.64795,0.76233,18.84
4,6.64795,0.76233,21.423
