Iteration,Cost,Cost reduction,time (ms)
0,29.8525,0.236607,575.565
1,13.5951,0.652343,1143.09
2,9.9221,0.746271,1674.67
3,8.9263,0.771735,2213.13
4,4.79157,0.877469,2760.31
5,3.91376,0.899917,3307.48
