Iteration,Cost,Cost reduction,time (ms)
0,26.6869,0.384136,566.539
1,12.8492,0.703474,1146
2,12.8492,0.703474,1660.11
3,11.1902,0.74176,1755.35
4,11.1902,0.74176,2260.44
5,11.1773,0.742056,2354.9
