Iteration,Cost,Cost reduction,time (ms)
0,4312.49,0.0014993,408.046
1,4273.85,0.0104461,800.877
2,4224.02,0.0219847,1194.83
3,4197.64,0.0280921,1693.63
4,3454.46,0.200166,2226.55
5,2208.26,0.488706,3034.92
6,1679.86,0.61105,3736.72
7,1679.86,0.61105,4307.68
