Iteration,Cost,Cost reduction,time (ms)
0,4754.89,0.00137701,130.847
1,4717.03,0.00932844,228.009
2,4667.7,0.0196898,329.898
3,3772.14,0.207775,438.086
4,3357.73,0.294808,548.085
5,2714.19,0.429967,659.858
