Iteration,Cost,Cost reduction,time (ms)
0,26.2987,0.374779,184.47
1,26.2987,0.374779,348.696
2,25.4666,0.394562,410.389
3,12.633,0.699665,551.201
4,12.633,0.699665,695.25
5,12.3781,0.705724,754.386
