Iteration,Cost,Cost reduction,time (ms)
0,124.623,0.0728239,139.615
1,43.3283,0.677644,240.494
2,36.1809,0.730819,349.869
3,12.5154,0.906887,463.857
4,11.9255,0.911276,578.384
5,10.1504,0.924483,696.299
