Iteration,Cost,Cost reduction,time (ms)
0,36.177,0.00138461,114.284
1,36.0245,0.00559451,180.617
2,36.0003,0.00626154,249.6
3,36.0003,0.00626154,318.558
4,36.0003,0.00626154,363.62
5,36.0003,0.00626154,408.518
