Iteration,Cost,Cost reduction,time (ms)
0,4711.37,0.00138954,131.78
1,4673.51,0.00941441,228.252
2,4624.17,0.019871,329.322
3,3746.6,0.205879,437.788
4,3441.63,0.270521,551.024
5,2683.22,0.431272,663.643
