Iteration,Cost,Cost reduction,time (ms)
0,88.17,0.325389,578.943
1,45.7486,0.649966,1133.49
2,45.7486,0.649966,1644.84
3,45.7486,0.649966,1731.41
4,45.7486,0.649966,1803.63
5,45.7486,0.649966,1878.37
