Iteration,Cost,Cost reduction,time (ms)
0,89.0046,0.136635,597.31
1,4.86848,0.952775,1168.54
2,3.85418,0.962614,1746.27
3,3.505,0.966001,2315.6
4,3.505,0.966001,2883.24
5,3.505,0.966001,2975.3
