Iteration,Cost,Cost reduction,time (ms)
0,30.8438,0.253899,185.781
1,28.8797,0.301409,353.095
2,27.8009,0.327503,527.828
3,27.8009,0.327503,694.571
4,23.0443,0.442566,765.783
5,15.8854,0.615737,931.703
