Iteration,Cost,Cost reduction,time (ms)
0,120.863,0.203929,150.357
1,50.6534,0.666369,259.046
2,34.3586,0.773696,372.856
3,5.46815,0.963984,486.996
4,5.46815,0.963984,595.008
5,4.97652,0.967222,669.034
