Iteration,Cost,Cost reduction,time (ms)
0,26.4953,0.342174,578.425
1,11.3441,0.718348,1200.77
2,7.77917,0.806859,1873.9
3,4.15574,0.896821,2511.32
4,3.44148,0.914555,3109.86
5,3.43503,0.914715,3731.19
