Iteration,Cost,Cost reduction,time (ms)
0,420.504,0.592732,7.135
1,301.03,0.708446,11.935
2,301.03,0.708446,15.796
3,301.03,0.708446,18.463
4,224.833,0.782245,21.746
5,224.833,0.782245,26.203
