Iteration,Cost,Cost reduction,time (ms)
0,4920.7,0.00131442,178.336
1,4882.06,0.00915678,336.751
2,4832.22,0.0192721,505.997
3,4131.06,0.161576,696.09
4,1383.44,0.719223,909.473
5,1383.44,0.719223,1104.6
