Iteration,Cost,Cost reduction,time (ms)
0,96.5411,0.332474,146.655
1,47.377,0.672416,249.114
2,20.3977,0.858962,358.32
3,18.1977,0.874174,468.439
4,16.2633,0.887549,578.745
5,4.11483,0.971548,692.45
