Iteration,Cost,Cost reduction,time (ms)
0,92.1729,0.179827,140.578
1,8.71758,0.922429,251.862
2,1.39166,0.987617,361.088
3,1.23404,0.989019,475.433
4,1.1952,0.989365,590.637
5,1.1952,0.989365,705.051
