Iteration,Cost,Cost reduction,time (ms)
0,5011.62,0.00130691,133.321
1,4973.76,0.0088514,229.547
2,4924.42,0.0186837,330.643
3,3999.62,0.202974,438.564
4,1719.67,0.657312,548.549
5,1702.38,0.660757,654.576
