Iteration,Cost,Cost reduction,time (ms)
0,5662.88,0.0011422,411.565
1,5624.24,0.00795796,809.811
2,5574.4,0.0167484,1206.52
3,5532.39,0.0241594,1708.01
4,3853.13,0.320358,2246.85
5,3435.04,0.394105,3048.14
