Iteration,Cost,Cost reduction,time (ms)
0,31.1273,0.345381,111.176
1,30.1508,0.365918,187.092
2,26.4796,0.443125,264.344
3,21.345,0.551107,342.214
4,16.3628,0.655884,428.942
5,15.5603,0.672761,517.041
