Iteration,Cost,Cost reduction,time (ms)
0,21.5222,0.442263,107.748
1,14.9256,0.613211,186.055
2,12.8591,0.666762,266.221
3,6.5181,0.831087,349.413
4,3.73897,0.903106,440.474
5,3.73897,0.903106,532.506
