Iteration,Cost,Cost reduction,time (ms)
0,5807.63,0.00111414,140.597
1,5769,0.00775878,238.472
2,5719.11,0.0163393,344.141
3,5650.6,0.0281226,465.721
4,2965.52,0.489945,589.231
5,2965.52,0.489945,845.643
