Iteration,Cost,Cost reduction,time (ms)
0,103.751,0.389457,217.281
1,89.5037,0.473297,424.911
2,41.7204,0.754488,625.859
3,21.6903,0.872359,834.975
4,21.5251,0.873331,1047.73
5,21.5251,0.873331,1254.63
