Iteration,Cost,Cost reduction,time (ms)
0,54.2068,0.418028,163.072
1,14.9942,0.83902,285.122
2,14.9942,0.83902,438.342
3,14.9942,0.83902,558.163
4,14.9942,0.83902,677.655
5,14.9942,0.83902,796.983
6,14.9942,0.83902,890.82
