Iteration,Cost,Cost reduction,time (ms)
0,31.7405,0.293175,116.657
1,25.4101,0.434146,199.116
2,20.3652,0.546491,289.213
3,11.2733,0.748955,392.35
4,11.2733,0.748955,509.425
5,11.2733,0.748955,561.889
