Iteration,Cost,Cost reduction,time (ms)
0,44.8831,0.143391,101.569
1,44.8831,0.143391,172.109
2,44.8831,0.143391,220.783
3,44.8831,0.143391,272.135
4,44.8831,0.143391,323.444
5,44.8831,0.143391,376.551
