Iteration,Cost,Cost reduction,time (ms)
0,124.382,0.306848,544.515
1,107.154,0.402857,1051.15
2,75.148,0.581218,1590.71
3,65.2225,0.636531,2130.6
4,51.4905,0.713056,2677.51
5,51.4905,0.713056,3220.88
