Iteration,Cost,Cost reduction,time (ms)
0,4335.94,0.00151009,132.201
1,4298.09,0.0102285,230.065
2,4248.75,0.0215904,331.522
3,3395.56,0.218064,439.537
4,2168.28,0.500683,549.439
5,2168.28,0.500683,653.826
