Iteration,Cost,Cost reduction,time (ms)
0,5662.88,0.00114259,133.09
1,5624.25,0.00795692,231.195
2,5574.19,0.0167863,334.595
3,5541.6,0.0225353,449.861
4,4137.52,0.270196,566.586
5,3342.27,0.410467,724.991
