Iteration,Cost,Cost reduction,time (ms)
0,72.4016,0.297658,153.783
1,47.1054,0.543048,261.805
2,33.7546,0.672558,372.715
3,18.4301,0.821216,493.378
4,18.2785,0.822686,615.31
5,18.2785,0.822686,732.325
