Iteration,Cost,Cost reduction,time (ms)
0,26.4975,0.34643,603.589
1,16.7111,0.587814,1151.99
2,10.877,0.731716,1706.21
3,5.83478,0.856083,2262.27
4,5.29096,0.869497,2819.84
5,5.1835,0.872147,3385.44
