Iteration,Cost,Cost reduction,time (ms)
0,26.8483,0.325748,104.782
1,13.1144,0.670653,177.34
2,9.60295,0.758838,248.479
3,6.17232,0.844992,321.55
4,6.03399,0.848466,396.689
5,6.03399,0.848466,471.361
