Iteration,Cost,Cost reduction,time (ms)
0,29.6152,0.430577,150.322
1,15.2607,0.706576,255.659
2,8.38721,0.838736,370.379
3,4.02224,0.922663,496.113
4,3.5872,0.931027,629.242
5,3.47615,0.933163,760.275
