Iteration,Cost,Cost reduction,time (ms)
0,128.975,0.154148,155.663
1,50.158,0.67105,468.447
2,19.694,0.870842,834.878
3,14.3909,0.905621,1226.6
4,10.9523,0.928172,1621.34
5,8.25421,0.945867,2023.94
