Iteration,Cost,Cost reduction,time (ms)
0,4677.05,0.00138292,179.577
1,4638.41,0.00963322,337.322
2,4588.57,0.0202753,507.27
3,3946.42,0.157383,695.224
4,1529.5,0.673429,908.285
5,1281.95,0.726286,1104.12
