Iteration,Cost,Cost reduction,time (ms)
0,1039.498260726371,0.0,6336.808204650879
1,199.04715892881939,0.808516121239365,11361.331701278687
