Iteration,Cost,Cost reduction,time (ms)
0,92.9066,0.372773,157.73
1,63.1921,0.57338,260.436
2,63.1921,0.57338,364.092
3,60.544,0.591258,435.107
4,45.3949,0.693532,537.042
5,27.7062,0.812951,643.848
6,22.5106,0.848027,758.329
7,8.95107,0.93957,871.678
8,8.95107,0.93957,980.1
