Iteration,Cost,Cost reduction,time (ms)
0,42.7765,0.33345,791.596
1,42.7765,0.33345,1524.79
2,42.7765,0.33345,2017.24
3,42.7765,0.33345,2500.24
4,42.7699,0.333552,3007.13
