Iteration,Cost,Cost reduction,time (ms)
0,5666.03,0.00114166,413.352
1,5627.39,0.0079536,809.97
2,5577.55,0.0167395,1204.92
3,5211.76,0.0812248,1708.82
4,3369.56,0.405984,2351.43
5,3229.07,0.430751,2942.72
