Iteration,Cost,Cost reduction,time (ms)
0,31.5183,0.330729,107.196
1,13.0233,0.723458,184.715
2,13.0233,0.723458,257.793
3,11.0803,0.764718,312.462
4,11.0803,0.764718,392.49
5,11.0756,0.764817,448.634
