Iteration,Cost,Cost reduction,time (ms)
0,143.597,0.11506,202.611
1,26.4201,0.837182,395.347
2,25.1158,0.845219,600.712
3,9.66245,0.940454,812.215
4,9.66245,0.940454,1017.17
5,9.66245,0.940454,1102.63
