Iteration,Cost,Cost reduction,time (ms)
0,177.215,0,17.505
1,114.553,0.353594,74.716
2,50.463,0.715244,92.241
3,50.463,0.715244,106.922
4,50.463,0.715244,115.993
5,50.463,0.715244,125.729
6,50.463,0.715244,138.362
