Iteration,Cost,Cost reduction,time (ms)
0,4319.24,0.00149772,155.914
1,4280.61,0.0104289,257.544
2,4230.71,0.0219638,362.651
3,3911.88,0.0956691,483.918
4,1926.31,0.554684,613.536
5,1373.93,0.682381,760.721
