Iteration,Cost,Cost reduction,time (ms)
0,31.3929,0.336903,180.6
1,13.5164,0.714499,364.324
2,10.6575,0.774886,567.937
3,7.42111,0.843248,768.079
4,4.13812,0.912592,955.38
5,3.56302,0.92474,1137.93
