Iteration,Cost,Cost reduction,time (ms)
0,31.2197,0.368541,530.386
1,11.254,0.772374,1041.42
2,8.47492,0.828584,1471.49
3,8.47492,0.828584,1893.69
4,8.47492,0.828584,1977.7
