Iteration,Cost,Cost reduction,time (ms)
0,28.4179,0.397419,177.544
1,14.2378,0.698097,347.806
2,6.107,0.870505,511.097
3,5.34209,0.886725,666.24
4,5.34209,0.886725,825.029
5,3.86477,0.91805,888.201
