Iteration,Cost,Cost reduction,time (ms)
0,26.1951,0.386646,177.524
1,6.26153,0.853387,348.295
2,5.34275,0.8749,503.7
3,5.34275,0.8749,654.037
4,4.64376,0.891267,718.595
5,4.34802,0.898192,867.738
