Iteration,Cost,Cost reduction,time (ms)
0,30.5087,0.318738,593.651
1,14.6102,0.673753,1186.41
2,6.23133,0.860854,1785.73
3,5.82149,0.870006,2341.34
4,4.91559,0.890234,2894.64
5,3.35681,0.925042,3453.15
