Iteration,Cost,Cost reduction,time (ms)
0,29.4952,0.348695,186.2
1,11.7074,0.741479,378.277
2,9.99057,0.779391,573.087
3,5.4113,0.880509,765.292
4,4.94569,0.890791,949.164
5,3.74576,0.917287,1136.14
