Iteration,Cost,Cost reduction,time (ms)
0,66.4775,0.256751,224.362
1,30.5361,0.658592,448.886
2,11.606,0.87024,668.284
3,8.43104,0.905737,890.637
4,7.19222,0.919588,1117.11
5,5.21761,0.941665,1344.16
