Iteration,Cost,Cost reduction,time (ms)
0,72.53,0.350848,584.93
1,40.673,0.635972,1149.94
2,29.0354,0.74013,1716.33
3,28.2273,0.747362,2279.51
4,27.2845,0.7558,2833.65
5,27.2845,0.7558,3384.55
