Iteration,Cost,Cost reduction,time (ms)
0,48.3071,0.411082,155.905
1,41.6562,0.492163,267.126
2,30.4037,0.629344,391.567
3,29.5602,0.639627,526.323
4,28.3409,0.654493,660.083
5,28.3409,0.654493,802.912
