Iteration,Cost,Cost reduction,time (ms)
0,1038.8924081360483,0.0,6340.779066085815
1,188.71856557952708,0.8183463811058928,11666.014909744263
