Iteration,Cost,Cost reduction,time (ms)
0,5.134207436846433,0.0,322.277307510376
1,4.791992248455401,0.06665394661210455,1333.9736461639404
