Iteration,Cost,Cost reduction,time (ms)
0,121.314,0.202439,161.825
1,70.7032,0.535171,292.802
2,30.1269,0.801935,425.131
3,29.205,0.807996,568.857
4,15.8653,0.895695,711.116
5,10.2252,0.932776,863.92
