Iteration,Cost,Cost reduction,time (ms)
0,31.4592,0.293343,109.035
1,20.1741,0.546836,188.844
2,13.3324,0.70052,266.348
3,10.4751,0.764701,356.374
4,10.4152,0.766047,450.873
5,10.4152,0.766047,544.857
