Iteration,Cost,Cost reduction,time (ms)
0,64.9714,0.00205842,146.032
1,8.8634,0.863861,246.884
2,6.41608,0.901451,351.846
3,5.81883,0.910625,461.013
4,4.82187,0.925938,572.765
5,4.51197,0.930698,683.313
