Iteration,Cost,Cost reduction,time (ms)
0,18.8417,0.694533,155.842
1,18.8417,0.694533,260.557
2,18.8417,0.694533,333.542
3,18.8417,0.694533,406.149
4,18.3664,0.702238,481.113
5,17.9152,0.709553,593.929
