Iteration,Cost,Cost reduction,time (ms)
0,33.2243,0.183304,180.706
1,25.8665,0.364169,361.705
2,19.4652,0.52152,536.98
3,13.7051,0.663111,695.569
4,13.1228,0.677424,847.064
5,10.2919,0.747013,996.255
