Iteration,Cost,Cost reduction,time (ms)
0,87.4309,0.332226,173.925
1,87.4309,0.332226,296.934
2,87.4309,0.332226,367.722
3,87.4309,0.332226,438.681
4,87.4309,0.332226,509.047
5,87.4309,0.332226,579.742
6,82.1781,0.372346,647.405
7,79.9757,0.389167,775.638
8,78.9115,0.397295,902.415
9,78.9115,0.397295,1247.96
