Iteration,Cost,Cost reduction,time (ms)
0,4463.31,0.00146709,130.932
1,4425.45,0.00993711,228.666
2,4376.11,0.0209753,330.741
3,3506.91,0.215434,439.271
4,2258.23,0.494789,549.274
5,2226.28,0.501936,654.744
