Iteration,Cost,Cost reduction,time (ms)
0,60.4136,0.4054,155.907
1,57.177,0.437255,265.37
2,12.0957,0.880953,376.112
3,8.34234,0.917893,512.792
4,6.59835,0.935058,664.889
5,6.59835,0.935058,821.693
