Iteration,Cost,Cost reduction,time (ms)
0,60.3077,0.398549,568.998
1,47.1931,0.529341,1143.96
2,22.1143,0.779453,1694.33
3,15.3694,0.846721,2259.16
4,13.862,0.861753,2825.66
5,13.862,0.861753,3377.88
