Iteration,Cost,Cost reduction,time (ms)
0,4559.12,0.00141873,149.799
1,4520.49,0.00988115,249.95
2,4470.43,0.0208459,354.915
3,4430.06,0.0296881,469.928
4,3347.97,0.266697,585.118
5,2698.45,0.408961,724.036
