Iteration,Cost,Cost reduction,time (ms)
0,24.2374,0.40106,104.865
1,8.23211,0.796573,180.156
2,7.693,0.809895,264.398
3,7.38353,0.817543,356.239
4,7.38353,0.817543,443.608
5,7.38353,0.817543,491.407
