Iteration,Cost,Cost reduction,time (ms)
0,34.6914,0.453349,574.271
1,22.9578,0.638242,1137.55
2,7.2008,0.886533,1664.29
3,7.2008,0.886533,2217.24
4,7.2008,0.886533,2305.92
5,7.2008,0.886533,2384.02
