Iteration,Cost,Cost reduction,time (ms)
0,62.3027,0.316299,569.128
1,15.032,0.835041,1104.84
2,6.67173,0.926785,1627.36
3,6.67173,0.926785,2145.55
4,6.67173,0.926785,2232.17
5,6.67173,0.926785,2304.62
