Iteration,Cost,Cost reduction,time (ms)
0,44.4648,0.210371,214.522
1,44.4648,0.210371,340.167
2,15.6324,0.722392,415.413
3,15.6324,0.722392,580.951
4,15.6324,0.722392,657.195
