Iteration,Cost,Cost reduction,time (ms)
0,29.9691,0.528227,178.076
1,17.2385,0.728632,286.666
2,2.72687,0.957074,399.344
3,2.72687,0.957074,510.932
4,2.72687,0.957074,585.97
5,2.72687,0.957074,660.036
