Iteration,Cost,Cost reduction,time (ms)
0,30.6672,0.321208,119.299
1,16.9431,0.62498,198.841
2,14.8392,0.671546,284.701
3,12.2591,0.728655,381.379
4,12.2591,0.728655,486.796
5,12.2057,0.729837,542.672
