Iteration,Cost,Cost reduction,time (ms)
0,97.0585,0.253073,598.817
1,59.582,0.541479,1151.18
2,36.6687,0.717811,1704.6
3,7.66877,0.940984,2257.76
4,7.66877,0.940984,2786.65
5,7.66877,0.940984,2881.74
