Iteration,Cost,Cost reduction,time (ms)
0,4606.1,0.00140363,411.78
1,4567.46,0.00978101,808.577
2,4517.63,0.0205843,1205.21
3,4371.3,0.0523083,1706.86
4,3647.99,0.209121,2251.12
5,2203.07,0.522377,2792.73
