Iteration,Cost,Cost reduction,time (ms)
0,4999.05,0.00130968,129.516
1,4961.19,0.00887335,225.99
2,4911.86,0.018729,327.435
3,4005.15,0.199868,436.131
4,3676.81,0.265462,548.615
5,3036.61,0.393358,661.561
