Iteration,Cost,Cost reduction,time (ms)
0,26.7334,0.400875,108.594
1,22.3331,0.499491,183.291
2,21.2412,0.52396,255.48
3,21.2412,0.52396,329.704
4,20.9192,0.531178,380.444
5,19.6176,0.560347,458.437
