Iteration,Cost,Cost reduction,time (ms)
0,90.4657,0.325741,145.511
1,87.0074,0.351516,248.841
2,68.2287,0.491478,354.888
3,54.4671,0.594046,474.275
4,45.9502,0.657524,625.336
5,45.9502,0.657524,782.798
