Iteration,Cost,Cost reduction,time (ms)
0,29.9738,0.359412,105.819
1,18.8158,0.597876,181.524
2,16.3685,0.650179,256.992
3,16.3685,0.650179,345.285
4,15.9665,0.658769,399.129
5,13.5673,0.710046,491.741
