Iteration,Cost,Cost reduction,time (ms)
0,4403.25,0.00146847,178.649
1,4364.61,0.0102311,335.762
2,4314.77,0.0215325,505.433
3,4150.95,0.0586816,694.266
4,3336.95,0.243275,885.136
5,2112.95,0.520844,1078.36
