Iteration,Cost,Cost reduction,time (ms)
0,29.9176,0.345739,188.875
1,21,0.540755,375.801
2,11.2902,0.753098,550.994
3,11.2902,0.753098,718.823
4,11.2902,0.753098,788.934
5,7.1424,0.843804,841.092
