Iteration,Cost,Cost reduction,time (ms)
0,146.381,0.000364665,702.907
1,146.367,0.000456964,1371.04
2,146.367,0.000456964,2032.33
3,146.367,0.000456964,2325.68
4,146.367,0.000456964,2617.64
5,146.367,0.000456964,2912.73
6,146.367,0.000456964,3204.22
