Iteration,Cost,Cost reduction,time (ms)
0,28.2115,0.328822,107.652
1,11.8394,0.71833,187.855
2,10.9665,0.739096,277.148
3,9.91266,0.764169,369.747
4,9.61816,0.771175,463.04
5,4.05061,0.903632,556.926
