Iteration,Cost,Cost reduction,time (ms)
0,5.316338636846429,0.0,85.33740043640137
1,4.974639916114846,0.06427331742250963,394.30952072143555
