Iteration,Cost,Cost reduction,time (ms)
0,27.9023,0.347068,280.41
1,27.0045,0.368078,522.137
2,26.1062,0.389099,778.88
3,7.57271,0.822794,1040.01
4,7.57271,0.822794,1364.91
