Iteration,Cost,Cost reduction,time (ms)
0,27.7917,0.313201,107.65
1,13.1819,0.674243,183.798
2,12.7757,0.684281,261.621
3,12.7757,0.684281,336.583
4,11.2227,0.722659,393.482
5,11.2227,0.722659,476.084
