Iteration,Cost,Cost reduction,time (ms)
0,5562.86,0.00116261,177.959
1,5524.22,0.00810081,336.104
2,5474.38,0.0170487,503.206
3,4742.82,0.148405,694.068
4,1990.42,0.64261,911.112
5,1921.17,0.655045,1108.72
