Iteration,Cost,Cost reduction,time (ms)
0,30.3286,0.358108,107.994
1,15.2879,0.676438,188.982
2,8.94216,0.810743,284.911
3,8.44953,0.821169,386.302
4,5.76286,0.878031,495.033
5,5.76286,0.878031,594.091
