Iteration,Cost,Cost reduction,time (ms)
0,5676.13,0.00114004,136.031
1,5637.5,0.00793841,233.966
2,5587.6,0.0167181,339.488
3,4837.01,0.148805,460.228
4,2937.83,0.483013,584.563
5,1582.42,0.721532,738.499
