Iteration,Cost,Cost reduction,time (ms)
0,31.2269,0.304444,187.212
1,28.5111,0.364936,376.481
2,27.2873,0.392196,563.896
3,27.2873,0.392196,747.435
4,26.5255,0.409164,808.744
5,23,0.487691,983.21
