Iteration,Cost,Cost reduction,time (ms)
0,29.403,0.269042,622.709
1,23.4919,0.415991,1249.85
2,23.4919,0.415991,1855.19
3,22.0358,0.452189,1949.57
4,21.4599,0.466507,2531.59
5,19.8136,0.507435,3109.38
6,19.2208,0.52217,3700.11
7,16.8305,0.581595,4276.19
8,15.0593,0.625627,4844.79
9,7.50169,0.813508,5411.05
