Iteration,Cost,Cost reduction,time (ms)
0,29.2013,0.215628,528.469
1,24.8056,0.333701,1072.32
2,21.7212,0.416549,1604.15
3,15.1618,0.592742,2140.62
4,14.3807,0.613721,2688.87
5,14.0458,0.622718,3232.68
