Iteration,Cost,Cost reduction,time (ms)
0,5872.02,0.0011021,146.219
1,5833.38,0.00767391,245.094
2,5783.49,0.0161613,349.804
3,5730.65,0.0251509,473.107
4,4495.46,0.23527,598.129
5,2872.33,0.511384,739.7
