Iteration,Cost,Cost reduction,time (ms)
0,90.971,0.296187,228.818
1,58.4774,0.54758,450.89
2,39.6853,0.692968,682.631
3,10.9051,0.91563,916.848
4,4.40135,0.965948,1149.83
5,4.40135,0.965948,1386.25
