Iteration,Cost,Cost reduction,time (ms)
0,5871.94,0.00111557,131.858
1,5834.08,0.00755595,227.772
2,5784.74,0.0159494,330.532
3,4766.08,0.189235,438.5
4,2748.68,0.532417,548.337
5,2748.68,0.532417,652.061
