Iteration,Cost,Cost reduction,time (ms)
0,29.9293,0.312309,104.442
1,26.6629,0.387362,178.76
2,26.6629,0.387362,250.149
3,25.0838,0.423644,303.936
4,23.2303,0.466232,385.153
5,17.5582,0.596563,466.824
