Iteration,Cost,Cost reduction,time (ms)
0,132.022,0.275205,145.21
1,120.452,0.338725,253.921
2,106.631,0.414601,367.908
3,86.9032,0.522907,486.089
4,41.3938,0.77275,606.459
5,41.3938,0.77275,727.656
