Iteration,Cost,Cost reduction,time (ms)
0,30.4287,0.334714,125.432
1,19.0418,0.583674,218.374
2,12.1091,0.735249,315.02
3,6.81424,0.851015,415.477
4,6.81424,0.851015,516.252
