Iteration,Cost,Cost reduction,time (ms)
0,79.9121,0.351059,160.394
1,72.9501,0.407595,278.04
2,49.3438,0.599295,416.264
3,15.0174,0.878048,603.898
4,15.0174,0.878048,790.361
5,15.0174,0.878048,871.578
