Iteration,Cost,Cost reduction,time (ms)
0,25.6876,0.394344,104.313
1,12.4577,0.706276,176.789
2,12.4577,0.706276,249.498
3,11.2619,0.73447,296.619
4,11.2619,0.73447,375.023
5,11.2619,0.73447,424.429
