Iteration,Cost,Cost reduction,time (ms)
0,30.007,0.33614,107.553
1,16.4878,0.635231,182.608
2,8.88323,0.803472,263.768
3,7.2448,0.83972,347.177
4,6.12763,0.864435,435.816
5,6.0096,0.867046,524.23
