Iteration,Cost,Cost reduction,time (ms)
0,4953.18,0.00130568,179.075
1,4914.54,0.00909672,336.157
2,4864.7,0.0191452,504.759
3,4804.72,0.0312388,695.955
4,3448.28,0.304734,898.887
5,1824.98,0.632036,1128.8
