Iteration,Cost,Cost reduction,time (ms)
0,26.0182,0.332457,109.533
1,21.2763,0.454118,188.561
2,21.2763,0.454118,263.743
3,19.8442,0.490863,314.726
4,9.10805,0.766317,393.271
5,9.10805,0.766317,477.243
