Iteration,Cost,Cost reduction,time (ms)
0,36.6067,0.0285596,19.009
1,36.5447,0.0302026,36.056
2,31.8416,0.155011,52.071
3,31.8416,0.155011,64.743
4,31.8416,0.155011,69.295
