Iteration,Cost,Cost reduction,time (ms)
0,30.3833,0.317722,103.513
1,22.5741,0.493083,183.319
2,13.7115,0.692098,263.301
3,6.53695,0.853208,351.533
4,6.53695,0.853208,439.166
5,5.59113,0.874447,495.157
