Iteration,Cost,Cost reduction,time (ms)
0,73.9196,0.381292,150.127
1,59.4979,0.502002,256.152
2,37.5272,0.685897,367.247
3,12.5319,0.895108,482.441
4,11.6359,0.902607,608.052
5,11.5617,0.903228,740.45
