Iteration,Cost,Cost reduction,time (ms)
0,30.3678,0.314377,107.847
1,15.2177,0.656426,185.398
2,10.6995,0.758435,262.202
3,7.8142,0.823577,341.741
4,3.83841,0.913339,423.243
5,3.1143,0.929688,505.866
