Iteration,Cost,Cost reduction,time (ms)
0,74.224,0.16965,590.638
1,21.6273,0.758054,1166.96
2,6.6833,0.925233,1778.14
3,6.6833,0.925233,2411.77
4,6.6833,0.925233,2505.68
5,6.6833,0.925233,2593.33
