Iteration,Cost,Cost reduction,time (ms)
0,84.7741,0.343425,153.58
1,77.945,0.396317,262.329
2,66.9458,0.481505,378.011
3,59.6281,0.538181,499.882
4,27.2321,0.789088,628.839
5,19.7598,0.846961,761.928
