Iteration,Cost,Cost reduction,time (ms)
0,30.8328,0.350641,109.043
1,20.4017,0.570328,186.085
2,18.0714,0.619406,263.932
3,17.5978,0.629379,368.407
4,12.3985,0.738881,476.134
5,12.1011,0.745143,601.77
