Iteration,Cost,Cost reduction,time (ms)
0,4583.12,0.00141143,166.994
1,4544.49,0.00982925,267.458
2,4494.6,0.0206999,374.09
3,4480.77,0.0237125,497.512
4,3422.95,0.254193,625.434
5,1808.96,0.605858,774.352
