Iteration,Cost,Cost reduction,time (ms)
0,4877.63,0.0013427,131.232
1,4839.77,0.00909419,227.845
2,4790.43,0.0191962,329.384
3,3878.01,0.206009,437.156
4,2826.64,0.421269,547.044
5,2488.54,0.490491,651.538
