Iteration,Cost,Cost reduction,time (ms)
0,4257.11,0.00152071,140.394
1,4218.48,0.0105798,238.942
2,4168.58,0.0222845,343.215
3,3991.31,0.0638616,465.715
4,3304.69,0.224905,595.035
5,2208.55,0.481999,736.993
