Iteration,Cost,Cost reduction,time (ms)
0,19.1413,0.579554,100.6
1,19.1413,0.579554,180.575
2,19.1413,0.579554,237.438
3,19.1413,0.579554,294.761
4,19.1413,0.579554,352.265
5,19.1413,0.579554,409.739
6,7.15876,0.842755,505.513
7,6.82295,0.850131,568.924
8,6.59815,0.855069,633.201
9,6.59815,0.855069,715.279
