Iteration,Cost,Cost reduction,time (ms)
0,4642.68,0.00139323,179.251
1,4604.04,0.00970449,335.903
2,4554.2,0.0204258,504.456
3,3889.6,0.163376,697.085
4,2297.19,0.505893,910.138
5,1109.15,0.761431,1110.28
