Iteration,Cost,Cost reduction,time (ms)
0,4196.66,0.00154036,177.339
1,4158.02,0.0107338,335.839
2,4108.19,0.0225895,503.51
3,4063.48,0.0332275,689.503
4,2689.98,0.360006,887.95
5,2689.98,0.360006,1099.66
