Iteration,Cost,Cost reduction,time (ms)
0,22.9976,0.940456,12.593
1,4.31623,0.988825,41.278
2,4.31623,0.988825,55.649
3,4.31623,0.988825,73.276
4,4.31623,0.988825,82.627
5,4.31623,0.988825,89.344
6,4.31623,0.988825,94.192
