Iteration,Cost,Cost reduction,time (ms)
0,27.8941,0.36305,588.134
1,25.1119,0.42658,1118.84
2,25.057,0.427834,1645.34
3,18.9901,0.56637,2168.13
4,16.7739,0.616976,2695.07
5,16.7739,0.616976,3224.55
