Iteration,Cost,Cost reduction,time (ms)
0,26.8419,0.31668,103.331
1,11.6124,0.704382,179.242
2,10.6786,0.728153,256.389
3,10.6786,0.728153,332.369
4,10.6786,0.728153,388.291
5,10.6637,0.728533,443.539
