Iteration,Cost,Cost reduction,time (ms)
0,4776.92,0.00135442,143.859
1,4738.29,0.00943076,244.443
2,4688.39,0.0198612,349.159
3,4637.84,0.0304293,472.758
4,3645.49,0.237887,598.341
5,2786.2,0.417527,732.247
