Iteration,Cost,Cost reduction,time (ms)
0,47.8261,0.425532,152.798
1,24.5331,0.705317,255.591
2,24.5331,0.705317,363.52
3,24.5331,0.705317,436.636
4,24.5331,0.705317,510.401
5,24.5331,0.705317,587.307
