Iteration,Cost,Cost reduction,time (ms)
0,5697.86,0.00113522,152.08
1,5659.23,0.00790831,250.638
2,5609.34,0.0166531,355.94
3,5585.81,0.0207793,477.683
4,4811.13,0.156585,598.275
5,3292.64,0.422783,779.502
