Iteration,Cost,Cost reduction,time (ms)
0,4455.39,0.00146937,129.631
1,4417.53,0.00995456,226.41
2,4368.2,0.0210117,327.568
3,3510,0.213348,434.536
4,3157.83,0.292276,544.282
5,2650.33,0.406015,656.891
6,742.91,0.833501,769.135
7,662.165,0.851597,877.153
8,636.57,0.857334,985.842
9,636.57,0.857334,1091.45
