Iteration,Cost,Cost reduction,time (ms)
0,34.7285,0.24201,592.81
1,15.3849,0.664207,1165.92
2,6.73576,0.852984,1784.1
3,5.56503,0.878537,2374.75
4,3.83469,0.916303,2954.33
5,3.50431,0.923514,3537.85
