Iteration,Cost,Cost reduction,time (ms)
0,28.806,0.322344,101.712
1,27.3921,0.355606,176.433
2,22.9957,0.45903,250.844
3,21.6927,0.489683,324.458
4,21.6927,0.489683,398.269
5,21.6927,0.489683,448.268
