Iteration,Cost,Cost reduction,time (ms)
0,5033.12,0.00128483,155.868
1,4994.49,0.0089513,254.335
2,4944.6,0.0188491,359.515
3,4925.82,0.022576,481.153
4,4022.44,0.201833,614.711
5,2411.31,0.521527,775.715
