Iteration,Cost,Cost reduction,time (ms)
0,4403.26,0.00146917,144.96
1,4364.63,0.0102302,244.444
2,4314.73,0.0215452,350.278
3,4001.94,0.0924781,471.437
4,1953.97,0.556897,600.898
5,1227.56,0.721626,750.816
