Iteration,Cost,Cost reduction,time (ms)
0,53.1521,0.0231337,203.758
1,16.0235,0.705508,406.797
2,10.3496,0.809788,637.431
3,3.12922,0.942489,869.851
4,3.12922,0.942489,1087.28
5,3.12922,0.942489,1172.98
