Iteration,Cost,Cost reduction,time (ms)
0,7.8130538368464775,0.0,328.83548736572266
1,7.728701519589228,0.010796331244953494,1119.8079586029053
