Iteration,Cost,Cost reduction,time (ms)
0,98.3729,0.328404,148.346
1,89.4661,0.389211,259.327
2,49.5518,0.661708,376.802
3,41.2048,0.718693,500.32
4,41.2048,0.718693,630.728
5,41.2048,0.718693,707.753
