Iteration,Cost,Cost reduction,time (ms)
0,5107.94,0.00126607,412.502
1,5069.3,0.00882139,810.522
2,5019.46,0.0185652,1206.25
3,4882.69,0.0453086,1712.65
4,3059.39,0.401811,2276.7
5,1403.06,0.725666,2795.52
