Iteration,Cost,Cost reduction,time (ms)
0,4196.59,0.00155983,129.747
1,4158.73,0.0105675,227.609
2,4109.39,0.0223052,329.145
3,3282.12,0.219127,437.331
4,2943.84,0.29961,547.789
5,2449.68,0.417179,661.197
