Iteration,Cost,Cost reduction,time (ms)
0,4312.51,0.00150028,137.411
1,4273.88,0.010445,235.888
2,4223.98,0.0219979,340.22
3,4194.25,0.0288826,464.404
4,2841.87,0.342006,597.457
5,1687.95,0.60918,774.49
