Iteration,Cost,Cost reduction,time (ms)
0,66.8516,0.410436,587.827
1,48.4751,0.572498,1096.1
2,27.7789,0.755019,1609.19
3,22.2922,0.803405,2146.25
4,19.3029,0.829768,2720.96
5,13.405,0.881781,3277.89
