Iteration,Cost,Cost reduction,time (ms)
0,104.241,0.214099,148.126
1,73.2708,0.447594,257.019
2,22.1831,0.832757,370.603
3,22.1831,0.832757,491.306
4,22.1831,0.832757,576.463
5,22.1831,0.832757,651.503
