Iteration,Cost,Cost reduction,time (ms)
0,5305.79,0.00121963,145.284
1,5267.16,0.00849191,244.339
2,5217.09,0.0179159,349.134
3,4842.82,0.0883699,467.098
4,2781.4,0.476419,578.07
5,1280.47,0.758959,687.196
