Iteration,Cost,Cost reduction,time (ms)
0,4498.33,0.00143857,145.522
1,4459.7,0.0100139,243.688
2,4409.81,0.0210904,347.964
3,4344.22,0.0356493,472.145
4,3469.14,0.229905,598.237
5,2387.25,0.470068,769.479
