Iteration,Cost,Cost reduction,time (ms)
0,40.0013,0.475927,145.379
1,12.0337,0.842342,247.101
2,1.99711,0.973835,359.02
3,1.76707,0.976849,473.377
4,1.62213,0.978748,590.516
5,1.62213,0.978748,704.989
