Iteration,Cost,Cost reduction,time (ms)
0,54.5393,0.427201,211.493
1,52.8427,0.44502,414.818
2,24.5781,0.741869,619.735
3,24.5781,0.741869,825.611
4,24.5781,0.741869,906.752
5,24.1148,0.746735,984.931
