Iteration,Cost,Cost reduction,time (ms)
0,23.0402,0.520342,111.346
1,13.9056,0.710509,183.602
2,13.9056,0.710509,264.11
3,13.9056,0.710509,310.924
4,13.9056,0.710509,356.393
