Iteration,Cost,Cost reduction,time (ms)
0,4439.61,0.00145687,412.38
1,4400.97,0.0101477,808.489
2,4351.13,0.0213587,1203.87
3,4205.87,0.0540302,1704.18
4,2399.9,0.460223,2248.68
5,1509,0.660602,2772.41
