Iteration,Cost,Cost reduction,time (ms)
0,29.4391,0.45982,144.323
1,20.9536,0.615522,253.687
2,8.99758,0.834903,364.664
3,7.41394,0.863961,482.016
4,7.41394,0.863961,599.072
5,6.97127,0.872084,680.869
