Iteration,Cost,Cost reduction,time (ms)
0,29.0733,0.366157,111.436
1,17.3788,0.621114,188.581
2,9.21792,0.799035,266.231
3,5.80664,0.873406,359.027
4,4.4672,0.902608,455.855
5,3.45598,0.924654,556.355
