Iteration,Cost,Cost reduction,time (ms)
0,30.8205,0.350551,190.158
1,30.8205,0.350551,364.467
2,30.8205,0.350551,425.77
3,30.8205,0.350551,474.656
4,30.8205,0.350551,525.613
5,30.8205,0.350551,576.93
