Iteration,Cost,Cost reduction,time (ms)
0,33.6227,0.275405,105.49
1,22.1949,0.521683,179.001
2,18.0298,0.611443,266.413
3,17.7748,0.616939,363.393
4,17.5387,0.622028,460.066
5,16.3486,0.647676,562.263
