Iteration,Cost,Cost reduction,time (ms)
0,30.3955,0.362187,602.353
1,22.8504,0.520512,1171.4
2,5.70406,0.880307,1716.78
3,4.46755,0.906254,2258
4,3.83041,0.919624,2798.35
5,3.50758,0.926398,3356.32
