Iteration,Cost,Cost reduction,time (ms)
0,32.2677,0.290525,109.011
1,28.9485,0.363505,189.014
2,18.7049,0.588733,272.115
3,8.37065,0.815953,372.606
4,7.12047,0.843441,503.286
5,6.4981,0.857125,653.796
