Iteration,Cost,Cost reduction,time (ms)
0,87.958,0.352483,145.635
1,44.0977,0.675368,253.675
2,26.9726,0.801437,361.656
3,22.938,0.831139,480.746
4,15.6457,0.884821,596.302
5,5.37423,0.960437,704.852
