Iteration,Cost,Cost reduction,time (ms)
0,27.7066,0.368956,553.719
1,19.566,0.554368,1130.49
2,14.7927,0.663084,1687.65
3,9.91031,0.774284,2251.91
4,6.5466,0.850895,2788.04
5,5.90534,0.865501,3345.24
