Iteration,Cost,Cost reduction,time (ms)
0,58.0304,0.431657,163.342
1,30.6019,0.700288,271.828
2,22.8377,0.77633,393.494
3,22.8377,0.77633,514.793
4,22.8377,0.77633,595.495
5,22.5014,0.779623,677.405
