Iteration,Cost,Cost reduction,time (ms)
0,5627.48,0.0011496,148.85
1,5588.85,0.00800704,249.322
2,5538.96,0.0168617,354.18
3,5479.31,0.02745,477.544
4,3838.21,0.318736,598.564
5,2747.73,0.512291,722.668
