Iteration,Cost,Cost reduction,time (ms)
0,5676.04,0.00115374,130.838
1,5638.18,0.00781627,228.185
2,5588.85,0.0164983,329.532
3,4603.4,0.189913,437.878
4,4180.57,0.264321,547.687
5,3459.8,0.391159,660.451
6,2718.18,0.521666,773.034
7,2660.57,0.531804,883.195
8,1218.4,0.785591,992.301
9,1210.63,0.786958,1097.59
