Iteration,Cost,Cost reduction,time (ms)
0,60.183,0.449532,586.106
1,43.1307,0.605502,1126.37
2,38.4244,0.648549,1655.72
3,26.4541,0.758036,2210.48
4,15.6994,0.856405,2736.1
5,12.4731,0.885914,3269.37
