Iteration,Cost,Cost reduction,time (ms)
0,4366.4,0.00149916,130.812
1,4328.54,0.0101571,227.994
2,4279.2,0.0214386,329.445
3,3445.33,0.212128,442.427
4,3123.94,0.285622,554.328
5,2649.59,0.394095,666.035
