Iteration,Cost,Cost reduction,time (ms)
0,27.9326,0.30787,107.2
1,19.7991,0.509407,180.808
2,18.6771,0.537208,252.484
3,18.6771,0.537208,326.92
4,17.6228,0.563333,379.004
5,17.6228,0.563333,455.939
