Iteration,Cost,Cost reduction,time (ms)
0,4776.91,0.00135425,139.761
1,4738.28,0.00943066,239.186
2,4688.39,0.0198603,344.146
3,4649.62,0.0279647,467.105
4,3180.51,0.335094,603.774
5,3141,0.343352,796.728
