Iteration,Cost,Cost reduction,time (ms)
0,39.5519,0.378935,214.198
1,25.344,0.602034,412.619
2,22.7834,0.642243,610.621
3,11.6533,0.817013,805.536
4,3.19379,0.949849,1022.46
5,3.12371,0.95095,1244.74
