Iteration,Cost,Cost reduction,time (ms)
0,4463.39,0.00145027,142.685
1,4424.76,0.0100917,241.449
2,4374.86,0.0212556,346.552
3,4044.98,0.0950573,469.579
4,2635.03,0.410491,604.805
5,2337.42,0.477071,758.289
