Iteration,Cost,Cost reduction,time (ms)
0,5305.71,0.00123444,131.312
1,5267.85,0.00836132,227.476
2,5218.51,0.0176492,330.388
3,4263.6,0.197405,438.115
4,2775.9,0.477454,546.846
5,2771.65,0.478255,652.554
