Iteration,Cost,Cost reduction,time (ms)
0,26.6115,0.394272,587.691
1,17.9159,0.5922,1122.58
2,14.6893,0.665643,1639.57
3,14.2668,0.675261,2139.34
4,14.1819,0.677194,2640.13
5,14.1819,0.677194,3137.3
