Iteration,Cost,Cost reduction,time (ms)
0,26.7506,0.358811,108.272
1,23.6894,0.432184,186.468
2,18.8575,0.548001,279.835
3,18.782,0.54981,375.785
4,16.5272,0.603857,470.343
5,13.7621,0.670133,566.333
