Iteration,Cost,Cost reduction,time (ms)
0,98.0211,0.168871,204.148
1,98.0211,0.168871,396.848
2,47.6839,0.595685,472.709
3,45.5089,0.614127,655.914
4,39.8964,0.661715,845.301
5,32.5283,0.72419,1038.19
