Iteration,Cost,Cost reduction,time (ms)
0,3.3605,0.990844,6.528
1,1.45151,0.996045,10.826
2,1.45151,0.996045,14.664
3,1.45151,0.996045,17.3
4,1.45151,0.996045,20.691
