Iteration,Cost,Cost reduction,time (ms)
0,32.566,0.305876,580.813
1,16.4345,0.649708,1207.07
2,14.0455,0.700629,1851.38
3,10.8883,0.767922,2471.23
4,8.58346,0.817048,3066.5
5,4.71596,0.899482,3645.7
