Iteration,Cost,Cost reduction,time (ms)
0,113.954,0.15096,590.674
1,40.5428,0.697928,1150.15
2,16.1309,0.879814,1712.88
3,16.1309,0.879814,2274.95
4,16.1309,0.879814,2363.45
5,15.914,0.881429,2443.06
