Iteration,Cost,Cost reduction,time (ms)
0,4754.98,0.0013602,412.944
1,4716.34,0.00947549,808.436
2,4666.5,0.019943,1201.79
3,3977.31,0.164687,1703.93
4,1626.59,0.658383,2334.61
5,1204.77,0.746975,2869.17
