Iteration,Cost,Cost reduction,time (ms)
0,124.814,0.0292179,144.13
1,37.7296,0.706546,258.614
2,3.75299,0.97081,388.692
3,3.75299,0.97081,529.308
4,3.68281,0.971356,604.867
5,3.68281,0.971356,744
