Iteration,Cost,Cost reduction,time (ms)
0,111.618,0.360868,144.531
1,98.5631,0.435621,252.1
2,23.1193,0.867617,361.948
3,11.1646,0.93607,486.595
4,5.3699,0.969252,621.27
5,5.35871,0.969316,754.837
