Iteration,Cost,Cost reduction,time (ms)
0,4742.61,0.0013637,135.791
1,4703.97,0.00949925,233.137
2,4653.91,0.0200393,336.604
3,4602.44,0.0308784,452.76
4,1875.95,0.604987,564.894
5,676.688,0.857512,677.58
