Iteration,Cost,Cost reduction,time (ms)
0,106.643,0.330659,146.718
1,15.5988,0.902094,248.477
2,15.2691,0.904163,358.877
3,15.2691,0.904163,470.083
4,15.1187,0.905108,546.532
5,15.1187,0.905108,661.069
