Iteration,Cost,Cost reduction,time (ms)
0,26.335,0.385559,105.099
1,17.6227,0.588832,176.887
2,17.6065,0.589209,251.468
3,15.6362,0.635181,331.194
4,6.66201,0.844564,408.156
5,6.66201,0.844564,483.501
