Iteration,Cost,Cost reduction,time (ms)
0,27.0797,0.330979,102.359
1,17.7604,0.561217,175.13
2,13.0199,0.678336,248.895
3,13.0199,0.678336,323.734
4,11.7975,0.708534,375.786
5,9.92208,0.754868,453.407
