Iteration,Cost,Cost reduction,time (ms)
0,4742.6,0.00136358,412.681
1,4703.96,0.00950008,810.332
2,4654.12,0.0199941,1207.63
3,4585.71,0.0344002,1710.86
4,2476.98,0.478429,2197.64
5,1583.54,0.666558,2896.61
