Iteration,Cost,Cost reduction,time (ms)
0,52.068,0,159.682
1,16.5906,0.681366,231.794
2,12.6323,0.757389,386.415
3,10.4724,0.798871,559.577
4,10.4724,0.798871,733.373
5,10.4724,0.798871,807.298
