Iteration,Cost,Cost reduction,time (ms)
0,5355.34,0.00120798,177.807
1,5316.7,0.00841458,335.989
2,5266.86,0.0177104,505.391
3,4544.08,0.152511,685.313
4,2637.61,0.508076,902.816
5,1222.24,0.772048,1102.52
