Iteration,Cost,Cost reduction,time (ms)
0,27.6859,0.369639,113.126
1,21.7679,0.504382,189.317
2,21.7679,0.504382,263.059
3,21.7679,0.504382,313.499
4,21.7679,0.504382,364.466
5,21.7679,0.504382,415.271
