Iteration,Cost,Cost reduction,time (ms)
0,26.4144,0.338041,184.427
1,13.0373,0.67328,363.643
2,12.5721,0.684936,543.572
3,12.1873,0.69458,724.722
4,12.1873,0.69458,899.621
5,11.0778,0.722384,973.826
