Iteration,Cost,Cost reduction,time (ms)
0,4284.91,0.00150974,135.242
1,4246.27,0.010512,234.165
2,4196.38,0.0221385,339.587
3,3579.12,0.165976,460.141
4,1685.34,0.607274,584.409
5,1171.17,0.727087,732.724
