Iteration,Cost,Cost reduction,time (ms)
0,5697.8,0.00114962,132.797
1,5659.94,0.00778662,230.004
2,5610.6,0.0164363,331.793
3,4609.33,0.191963,440.747
4,2746.53,0.51852,549.975
5,2746.53,0.51852,653.84
