Iteration,Cost,Cost reduction,time (ms)
0,4510.01,0.00143452,150.09
1,4471.38,0.00998813,248.234
2,4421.48,0.0210353,352.523
3,4358.53,0.0349728,472.432
4,3203.94,0.290613,592.434
5,2852.98,0.368318,712.017
