Iteration,Cost,Cost reduction,time (ms)
0,250.626,0.39817,17.813
1,43.356,0.895889,30.396
2,4.72301,0.988659,42.999
3,2.62498,0.993697,55.409
4,2.62498,0.993697,67.216
