Iteration,Cost,Cost reduction,time (ms)
0,26.0182,0.332457,109.956
1,21.2763,0.454118,188.776
2,21.2763,0.454118,265.921
3,19.8442,0.490863,318.081
4,9.10805,0.766317,396.576
5,9.10805,0.766317,478.072
