Iteration,Cost,Cost reduction,time (ms)
0,89.7249,0.15016,136.692
1,67.2203,0.363315,233.768
2,35.2362,0.666256,340.534
3,35.2362,0.666256,441.885
4,35.2362,0.666256,513.759
5,35.2362,0.666256,585.622
6,35.2362,0.666256,655.36
