Iteration,Cost,Cost reduction,time (ms)
0,783.896,0.495829,18.474
1,783.896,0.495829,26.533
2,348.91,0.775595,32.232
3,348.91,0.775595,42.362
4,348.91,0.775595,48.389
5,348.91,0.775595,59.159
6,348.91,0.775595,66.337
