Iteration,Cost,Cost reduction,time (ms)
0,5305.78,0.00121943,138.428
1,5267.14,0.00849179,237.415
2,5217.09,0.0179147,340.981
3,5065.97,0.0463611,461.562
4,3437.07,0.352992,573.791
5,2128.61,0.599303,697.704
