Iteration,Cost,Cost reduction,time (ms)
0,29.5803,0.339424,189.238
1,16.323,0.635481,368.596
2,14.9782,0.665514,549.048
3,14.9782,0.665514,730.577
4,14.9782,0.665514,804.491
5,14.9782,0.665514,859.416
