Iteration,Cost,Cost reduction,time (ms)
0,5621.9,0.00115088,136.277
1,5583.27,0.00801508,234.251
2,5533.38,0.0168793,338.878
3,5408.69,0.0390324,461.793
4,2525.27,0.551333,593.94
5,2071.61,0.631935,762.135
