Iteration,Cost,Cost reduction,time (ms)
0,30.7571,0.331589,113.79
1,18.3091,0.602107,194.437
2,11.6227,0.747416,283.163
3,11.6227,0.747416,367.302
4,11.6227,0.747416,417.704
5,11.6227,0.747416,471.634
