Iteration,Cost,Cost reduction,time (ms)
0,4742.6,0.00136364,148.779
1,4703.97,0.00949921,248.892
2,4653.91,0.0200389,352.628
3,4630.09,0.0250545,469.642
4,3399.84,0.284106,586.343
5,2818.14,0.406592,734.464
