Iteration,Cost,Cost reduction,time (ms)
0,30.7487,0.355749,104.972
1,15.8127,0.66869,183.217
2,8.5863,0.820099,266.499
3,7.76424,0.837323,352.539
4,4.87285,0.897903,446.971
5,4.87285,0.897903,542.852
