Iteration,Cost,Cost reduction,time (ms)
0,36.5849,0.436273,150.326
1,34.627,0.466442,257.244
2,2.88289,0.955578,370.173
3,1.96033,0.969794,489.923
4,1.85252,0.971455,609.449
5,1.67548,0.974183,730.573
