Iteration,Cost,Cost reduction,time (ms)
0,119.306,0.334453,148.522
1,115.299,0.356806,259.492
2,96.4787,0.461794,372.662
3,8.88725,0.950423,499.227
4,8.88725,0.950423,605.275
5,8.88725,0.950423,680.847
