Iteration,Cost,Cost reduction,time (ms)
0,28.2254,0.336042,522.698
1,26.8368,0.368707,1086.41
2,26.2009,0.383665,1604.07
3,23.0608,0.45753,2118.42
4,22.7219,0.465502,2630.5
5,22.2891,0.475685,3145.12
