Iteration,Cost,Cost reduction,time (ms)
0,32.3233,0.300299,105.282
1,23.9086,0.482451,180.624
2,16.9018,0.634128,253.62
3,16.9018,0.634128,329.192
4,16.8847,0.634497,382.065
5,16.8847,0.634497,461.544
