Iteration,Cost,Cost reduction,time (ms)
0,43.2172,0.291484,825.196
1,37.8036,0.380236,1560.24
2,37.8036,0.380236,2401.77
3,37.8036,0.380236,2892.53
4,37.8036,0.380236,3367.58
