Iteration,Cost,Cost reduction,time (ms)
0,113.787,0.312832,141.524
1,70.0973,0.576676,244.92
2,35.2638,0.787039,353.4
3,30.9336,0.81319,473.767
4,29.7168,0.820538,586.939
5,28.3959,0.828515,702.354
