Iteration,Cost,Cost reduction,time (ms)
0,29.2989,0.326265,183.587
1,11.1937,0.742598,348.251
2,9.2558,0.78716,520.974
3,7.53917,0.826635,686.695
4,6.83468,0.842835,854.951
5,6.83468,0.842835,1015.79
