Iteration,Cost,Cost reduction,time (ms)
0,24.9273,0.383186,560.33
1,18.1147,0.551761,1059.8
2,15.899,0.606586,1550.7
3,15.2237,0.623297,2032.03
4,14.9109,0.631038,2508.47
5,14.131,0.650335,2981.25
