Iteration,Cost,Cost reduction,time (ms)
0,56.7304,0.387276,149.716
1,56.6421,0.38823,259.177
2,35.3101,0.618628,373.905
3,31.0482,0.66466,493.203
4,31.0482,0.66466,619.663
5,30.6885,0.668545,700.197
