Iteration,Cost,Cost reduction,time (ms)
0,5548.15,0.00116605,417.362
1,5509.51,0.00812251,814.584
2,5459.66,0.0170957,1209.2
3,5440.94,0.0204665,1705.17
4,4016.63,0.276886,2202.22
5,3488.81,0.371909,3159.78
