Iteration,Cost,Cost reduction,time (ms)
0,7.634047436846478,0.0,86.3792896270752
1,7.548358477268895,0.011224577825387438,389.9359703063965
