Iteration,Cost,Cost reduction,time (ms)
0,5519.22,0.00117225,144.173
1,5480.58,0.00816373,243.269
2,5430.53,0.0172223,345.766
3,5418.88,0.0193312,462.191
4,4516.76,0.182589,574.078
5,4516.76,0.182589,754.878
