Iteration,Cost,Cost reduction,time (ms)
0,56.6884,0.247275,541.737
1,35.4544,0.529226,1084.75
2,20.0088,0.734318,1645.34
3,20.0088,0.734318,2210.14
4,19.058,0.746942,2306.5
5,18.0415,0.76044,2872.55
