Iteration,Cost,Cost reduction,time (ms)
0,4366.49,0.00148092,151.348
1,4327.85,0.0103162,251.592
2,4277.8,0.0217625,355.982
3,4254.42,0.0271077,472.87
4,3010.4,0.311588,588.391
5,2679.42,0.387275,738.6
