Iteration,Cost,Cost reduction,time (ms)
0,29.5779,0.301428,104.203
1,19.2409,0.545568,179.581
2,19.2409,0.545568,248.715
3,13.9835,0.669736,300.245
4,13.8729,0.672349,377.361
5,13.8729,0.672349,454.464
