Iteration,Cost,Cost reduction,time (ms)
0,5815.85,0.00111239,419.271
1,5777.21,0.00774901,815.642
2,5727.37,0.0163094,1211.03
3,4952.54,0.149388,1709.05
4,2009.29,0.654899,2338.51
5,2009.29,0.654899,2873.09
