Iteration,Cost,Cost reduction,time (ms)
0,28.5439,0.324059,581.848
1,9.9317,0.76481,1182.06
2,7.89737,0.812984,1742.96
3,6.37327,0.849076,2298.19
4,5.05695,0.880248,2865.73
5,5.05695,0.880248,3400.11
