Iteration,Cost,Cost reduction,time (ms)
0,5815.85,0.00111261,135.056
1,5777.21,0.00774815,231.401
2,5727.15,0.0163463,333.475
3,5680.66,0.0243317,451.058
4,3906.01,0.329132,568.022
5,3754.75,0.355113,756.547
