Iteration,Cost,Cost reduction,time (ms)
0,27.3461,0.316035,580.491
1,13.3184,0.666887,1210.69
2,6.70019,0.832418,1867.2
3,4.78836,0.880236,2491.88
4,3.01042,0.924705,3100.55
5,2.96477,0.925847,3703.86
