Iteration,Cost,Cost reduction,time (ms)
0,29.6171,0.377115,105.549
1,14.1428,0.702559,182.675
2,7.54897,0.841236,264.953
3,5.87178,0.876509,352.159
4,5.50699,0.884181,444.539
5,5.46989,0.884961,541.462
