Iteration,Cost,Cost reduction,time (ms)
0,37.6928,0.228716,12.985
1,25.8245,0.471568,23.192
2,15.5109,0.68261,32.632
3,15.5109,0.68261,42.246
4,14.6617,0.699986,46.908
5,12.6919,0.740294,56.508
6,12.6919,0.740294,66.499
