Iteration,Cost,Cost reduction,time (ms)
0,5164.12,0.00125245,179.767
1,5125.48,0.00872563,338.729
2,5075.65,0.0183643,506.976
3,4360.85,0.156607,698.416
4,2480.92,0.520187,913.116
5,1380.42,0.733025,1113.19
