Iteration,Cost,Cost reduction,time (ms)
0,27.6721,0.323557,200.628
1,13.3394,0.673919,397.11
2,9.92893,0.757288,596.626
3,4.56105,0.888506,777.787
4,4.56105,0.888506,959.666
5,3.53098,0.913685,1038.57
