Iteration,Cost,Cost reduction,time (ms)
0,4552.28,0.00142176,142.969
1,4513.65,0.00989525,241.142
2,4463.75,0.0208411,345.848
3,4397.89,0.035287,467.809
4,3016.84,0.338232,596.823
5,1636.86,0.640942,768.64
