Iteration,Cost,Cost reduction,time (ms)
0,32.6817,0.293935,538.978
1,17.0698,0.63122,1110.59
2,12.9422,0.720393,1671.34
3,10.0558,0.782752,2235.66
4,8.38974,0.818746,2790.81
5,6.82163,0.852624,3343.19
