Iteration,Cost,Cost reduction,time (ms)
0,120.421,0.299214,578.918
1,102.601,0.402915,1133.56
2,67.7315,0.605839,1710.06
3,63.7515,0.629001,2280.78
4,62.6417,0.635459,2878.92
5,62.6417,0.635459,3445.03
