Iteration,Cost,Cost reduction,time (ms)
0,5854.17,0.00110532,158.371
1,5815.53,0.00769764,258.826
2,5765.63,0.0162112,364.797
3,5395.54,0.0793597,487.826
4,2701.4,0.539061,617.829
5,2701.4,0.539061,769.09
