Iteration,Cost,Cost reduction,time (ms)
0,42.7353,0,535.529
1,42.4794,0.00598821,629.834
2,32.5149,0.239157,1170.61
3,26.2432,0.385912,1702.65
4,19.0623,0.553944,2207.37
5,16.6817,0.609652,2717.06
