Iteration,Cost,Cost reduction,time (ms)
0,54.7073,0.346547,233.176
1,19.3635,0.768712,472.406
2,19.3635,0.768712,678.343
3,19.3635,0.768712,759.002
4,18.4808,0.779255,837.398
5,18.4808,0.779255,1046.62
