Iteration,Cost,Cost reduction,time (ms)
0,33.5707,0.472964,146.36
1,33.3985,0.475666,253.177
2,30.1132,0.527244,369.651
3,22.921,0.640155,485.424
4,13.624,0.786113,609.476
5,7.68328,0.879378,730.738
