Iteration,Cost,Cost reduction,time (ms)
0,62.1775,0.309281,229.024
1,30.1829,0.664703,445.579
2,20.4799,0.772492,653.302
3,15.8878,0.823505,858.855
4,6.36495,0.929293,1056.61
5,6.36495,0.929293,1254.91
