Iteration,Cost,Cost reduction,time (ms)
0,48.3855,0.539087,153.524
1,48.3855,0.539087,476.755
2,39.1331,0.627224,564.747
3,39.1331,0.627224,903.11
4,39.1331,0.627224,992.08
5,39.1331,0.627224,1070.01
