Iteration,Cost,Cost reduction,time (ms)
0,5697.88,0.00113544,414.698
1,5659.24,0.0079093,809.417
2,5609.4,0.0166469,1206.88
3,5589.52,0.0201323,1702.9
4,4022.35,0.294864,2200.34
5,3072.73,0.461337,3126.71
