Iteration,Cost,Cost reduction,time (ms)
0,5807.63,0.00111363,178.706
1,5768.99,0.00775974,336.216
2,5719.16,0.0163308,505.001
3,5449.13,0.0627742,694.292
4,4861.13,0.163907,906.658
5,2267.75,0.609956,1108.5
