Iteration,Cost,Cost reduction,time (ms)
0,40.8406,0.123627,99.191
1,40.8406,0.123627,166.194
2,40.8406,0.123627,212.075
3,40.8406,0.123627,258.474
4,40.8406,0.123627,307.834
5,40.8406,0.123627,355.185
