Iteration,Cost,Cost reduction,time (ms)
0,42.9749,0.311812,1105.72
1,32.2703,0.483233,1875.79
2,30.6913,0.508519,2669.23
3,30.6913,0.508519,3508.32
4,30.6913,0.508519,3985.02
