Iteration,Cost,Cost reduction,time (ms)
0,5697.87,0.00113529,411.34
1,5659.23,0.0079092,809.019
2,5609.39,0.0166461,1204.78
3,5243.82,0.0807324,1707.61
4,3220.63,0.435408,2349.31
5,2509.46,0.56008,2958.58
