Iteration,Cost,Cost reduction,time (ms)
0,29.493,0.396103,120.552
1,12.8554,0.736774,216.272
2,12.8554,0.736774,312.833
3,12.2673,0.748815,364.897
4,11.9029,0.756277,467.993
5,11.9029,0.756277,570.227
