Iteration,Cost,Cost reduction,time (ms)
0,29.041,0.303997,120.892
1,20.559,0.507277,201.087
2,9.05644,0.782951,283.546
3,9.05644,0.782951,379.094
4,9.05644,0.782951,432.514
5,8.98205,0.784734,487.868
