Iteration,Cost,Cost reduction,time (ms)
0,63.4321,0.32404,540.543
1,41.531,0.557427,1095.61
2,41.531,0.557427,1634.45
3,41.531,0.557427,1722.09
4,41.531,0.557427,1797.2
5,41.531,0.557427,1876
