Iteration,Cost,Cost reduction,time (ms)
0,4366.49,0.00148107,179.726
1,4327.85,0.0103173,335.872
2,4278.01,0.0217149,505.02
3,3643.77,0.166753,695.321
4,1311.19,0.70016,912.01
5,1071.94,0.754872,1118.75
