Iteration,Cost,Cost reduction,time (ms)
0,30.3777,0.323589,111.463
1,24.2712,0.45956,190.387
2,22.3441,0.502471,270.904
3,19.0703,0.575368,355.651
4,19.0703,0.575368,435.161
5,19.0703,0.575368,487.065
