Iteration,Cost,Cost reduction,time (ms)
0,38.3337,0.111848,123.876
1,38.3337,0.111848,209.752
2,38.3337,0.111848,252.164
3,38.3337,0.111848,294.642
4,38.3337,0.111848,343.559
5,14.5279,0.663403,391.403
6,14.1589,0.671954,475.01
7,14.1589,0.671954,710.186
