Iteration,Cost,Cost reduction,time (ms)
0,73.6007,0.376802,145.827
1,67.9099,0.424987,252.367
2,40.7856,0.654656,361.963
3,18.7992,0.840822,483.091
4,15.1475,0.871742,602.776
5,15.1475,0.871742,720.725
