Iteration,Cost,Cost reduction,time (ms)
0,5662.89,0.0011424,179.091
1,5624.25,0.00795807,338.931
2,5574.41,0.0167494,506.042
3,4831.86,0.147725,695.942
4,2003.6,0.646593,912.208
5,1940.09,0.657794,1107.53
