Iteration,Cost,Cost reduction,time (ms)
0,24.2278,0.430554,517.679
1,10.3538,0.756645,1202.37
2,10.3538,0.756645,1697.95
3,10.3538,0.756645,1789.64
4,10.3538,0.756645,1881.18
5,10.3538,0.756645,1972.88
6,10.3538,0.756645,2062.5
