Iteration,Cost,Cost reduction,time (ms)
0,95.0095,0.388587,157.273
1,25.163,0.838069,265.888
2,25.163,0.838069,384.26
3,25.163,0.838069,465.223
4,25.0609,0.838726,541.912
5,25.0609,0.838726,657.901
