Iteration,Cost,Cost reduction,time (ms)
0,98.6176,0.336569,220.026
1,76.9625,0.482249,430.309
2,40.6107,0.726799,636.039
3,20.7255,0.860573,836.877
4,9.7272,0.934562,1040.86
5,9.7272,0.934562,1234.75
