Iteration,Cost,Cost reduction,time (ms)
0,49.7031,0,107.574
1,49.7031,0,160.002
2,49.7031,0,205.523
3,49.7031,0,262.533
4,49.5385,0.00331344,301.324
5,48.5762,0.0226742,347.077
6,47.6935,0.0404331,386.646
7,47.6935,0.0404331,419.623
