Iteration,Cost,Cost reduction,time (ms)
0,113.729,0.318779,149.737
1,35.0239,0.790211,252.789
2,21.3357,0.872202,360.583
3,21.3357,0.872202,471.069
4,20.175,0.879154,547.662
5,19.072,0.885761,661.213
