Iteration,Cost,Cost reduction,time (ms)
0,29.4284,0.323749,187.629
1,24.3909,0.43951,376.952
2,14.6293,0.663827,562.812
3,5.04762,0.884008,748.299
4,4.39607,0.898981,945.71
5,2.78119,0.93609,1143.5
