Iteration,Cost,Cost reduction,time (ms)
0,84.2311,0.0836641,140.558
1,48.3685,0.473807,246.655
2,29.9389,0.6743,355.391
3,6.79856,0.92604,467.018
4,4.55745,0.95042,593.544
5,4.55745,0.95042,718.941
