Iteration,Cost,Cost reduction,time (ms)
0,30.3699,0.22341,102.198
1,30.3699,0.22341,169.835
2,30.3699,0.22341,214.611
3,30.3699,0.22341,261.987
4,30.3699,0.22341,308.351
5,30.3699,0.22341,357.697
