Iteration,Cost,Cost reduction,time (ms)
0,37.9495,0.145905,106.228
1,27.1551,0.388845,178.132
2,25.2,0.432846,255.871
3,15.3767,0.65393,349.092
4,7.08158,0.840621,465.287
5,7.0362,0.841642,605.594
