Iteration,Cost,Cost reduction,time (ms)
0,5468.91,0.00118276,411.613
1,5430.27,0.00823994,809.105
2,5380.43,0.0173422,1201.07
3,5025.38,0.0821881,1698.17
4,2800.76,0.488481,2346.2
5,2524.27,0.538979,2956.37
