Iteration,Cost,Cost reduction,time (ms)
0,49.3324,0.657845,151.483
1,49.3324,0.657845,338.745
2,42.3558,0.706232,434.602
3,42.3558,0.706232,662.224
4,37.477,0.740071,755.75
5,37.477,0.740071,945.372
