Iteration,Cost,Cost reduction,time (ms)
0,137.169,0.235839,215.424
1,52.5156,0.707438,432.245
2,24.9515,0.860996,642.286
3,8.38951,0.953262,853.126
4,8.38951,0.953262,1066.45
5,8.38951,0.953262,1153.02
