Iteration,Cost,Cost reduction,time (ms)
0,5424,0.0011924,145.974
1,5385.36,0.00830707,242.785
2,5335.48,0.0174925,347.437
3,5281.35,0.0274608,467.518
4,3433.68,0.367702,592.867
5,1933.53,0.643949,781.789
