Iteration,Cost,Cost reduction,time (ms)
0,26.6823,0.383886,586.524
1,16.9418,0.6088,1157.95
2,15.0891,0.651581,1707.52
3,14.7298,0.659878,2257.57
4,14.7298,0.659878,2808.47
5,14.7298,0.659878,2899.2
