Iteration,Cost,Cost reduction,time (ms)
0,153.248,0.152894,145.111
1,103.985,0.425205,268.014
2,89.9101,0.503005,382.158
3,76.4739,0.577276,502.734
4,60.4242,0.665994,634.499
5,40.5108,0.776069,769.855
