Iteration,Cost,Cost reduction,time (ms)
0,38.3658,0.250211,584.958
1,16.7342,0.67296,1158.87
2,13.5438,0.735312,1691.97
3,3.77317,0.92626,2236.19
4,3.77317,0.92626,2799.59
5,3.77317,0.92626,2892.57
