Iteration,Cost,Cost reduction,time (ms)
0,29.1925,0.334737,188.285
1,25.4728,0.419505,365.231
2,25.4728,0.419505,534.177
3,11.8975,0.72887,597.365
4,11.8975,0.72887,745.385
5,11.8975,0.72887,798.627
