Iteration,Cost,Cost reduction,time (ms)
0,36.2337,0.204006,700.256
1,36.2337,0.204006,1256.7
2,36.2337,0.204006,1335.93
3,36.2337,0.204006,1414.73
4,36.2337,0.204006,1503.9
5,36.2337,0.204006,1581.49
6,36.2337,0.204006,1726.09
