Iteration,Cost,Cost reduction,time (ms)
0,97.0659,0.403913,536.955
1,68.4925,0.579384,1095.69
2,64.751,0.60236,1647.08
3,58.1706,0.642771,2194.18
4,55.8513,0.657014,2743.33
5,55.8513,0.657014,3286.29
