Iteration,Cost,Cost reduction,time (ms)
0,46.1028,0.388302,532.3
1,22.6012,0.700125,1064.26
2,2.20724,0.970714,1622.22
3,2.20724,0.970714,2225.98
4,2.20724,0.970714,2319.22
5,2.20724,0.970714,2401.75
