Iteration,Cost,Cost reduction,time (ms)
0,34.0128,0.287886,564.269
1,24.0565,0.496337,1125.55
2,10.7072,0.775827,1674.36
3,8.38679,0.824409,2212.17
4,7.07721,0.851827,2743.43
5,5.44242,0.886054,3290.46
