Iteration,Cost,Cost reduction,time (ms)
0,24.4804,0.376414,107.78
1,23.3299,0.405722,178.105
2,23.2263,0.408359,244.592
3,18.7051,0.523527,311.658
4,18.5087,0.52853,380.63
5,18.3428,0.532758,449.491
6,18.3097,0.533599,518.651
