Iteration,Cost,Cost reduction,time (ms)
0,8.00584,0.956768,23.838
1,8.00584,0.956768,35.637
2,7.87216,0.95749,43.564
3,7.87216,0.95749,56.533
4,0.727423,0.996072,60.923
5,0.727423,0.996072,69.632
6,0.727423,0.996072,75.557
