Iteration,Cost,Cost reduction,time (ms)
0,5548.12,0.00116554,412.518
1,5509.48,0.0081222,809.25
2,5459.65,0.0170929,1209.38
3,5134.39,0.0756492,1719.79
4,4062.93,0.268546,2290.71
5,2749.29,0.505041,2851.27
