Iteration,Cost,Cost reduction,time (ms)
0,35.4406,0.441544,147.011
1,35.1651,0.445885,252.735
2,33.0674,0.47894,366.608
3,29.252,0.539061,479.209
4,2.47594,0.960985,597.228
5,2.19637,0.965391,726.652
