Iteration,Cost,Cost reduction,time (ms)
0,49.5308,0.396163,591.593
1,38.845,0.526435,1106.42
2,24.8436,0.697129,1609.63
3,13.594,0.834273,2152.42
4,12.3264,0.849727,2692.34
5,9.97902,0.878344,3250.93
