Iteration,Cost,Cost reduction,time (ms)
0,103.808,0.33294,168.081
1,73.4053,0.528306,278.706
2,56.182,0.63898,407.227
3,33.0177,0.787832,541.488
4,32.2498,0.792766,693.625
5,29.4839,0.81054,842.432
