Iteration,Cost,Cost reduction,time (ms)
0,4776.92,0.00135385,157.761
1,4738.28,0.00943107,258.692
2,4688.23,0.0198952,363.343
3,4664.32,0.0248918,480.44
4,3369.4,0.295605,597.058
5,3191.36,0.332825,754.831
