Iteration,Cost,Cost reduction,time (ms)
0,5033.14,0.00128507,145.848
1,4994.5,0.00895149,242.673
2,4944.61,0.0188504,347.251
3,4928.41,0.022066,469.573
4,3659.85,0.273784,611.738
5,2499.39,0.504051,787.804
