Iteration,Cost,Cost reduction,time (ms)
0,91.7351,0.303613,146.13
1,85.3138,0.352359,253.041
2,67.7628,0.485593,366.242
3,47.7193,0.637749,484.754
4,41.6814,0.683585,598.701
5,18.6164,0.858678,713.454
