Iteration,Cost,Cost reduction,time (ms)
0,130.388,0.254505,213.973
1,17.0341,0.902608,418.578
2,15.2582,0.912761,622.771
3,11.3649,0.935021,828.876
4,7.25926,0.958495,1036.54
5,6.9817,0.960082,1241.23
