Iteration,Cost,Cost reduction,time (ms)
0,27.7836,0.324727,106.016
1,22.4282,0.454889,179.609
2,19.2177,0.532919,250.687
3,17.0253,0.586205,324.933
4,16.6807,0.594581,401.19
5,16.651,0.595301,478.975
