Iteration,Cost,Cost reduction,time (ms)
0,88.317,0.308423,219.669
1,63.2469,0.504737,429.83
2,43.9793,0.655615,642.227
3,22.1346,0.826672,850.126
4,8.76886,0.931334,1043.05
5,7.75799,0.93925,1237.81
