Iteration,Cost,Cost reduction,time (ms)
0,33.774,0.42865,217.899
1,17.5286,0.703471,419.41
2,8.72088,0.85247,626.128
3,4.52605,0.923433,813.025
4,4.52605,0.923433,1001.9
5,4.52605,0.923433,1077.51
