Iteration,Cost,Cost reduction,time (ms)
0,4179.42,0.00156663,134.322
1,4141.56,0.0106111,230.956
2,4092.21,0.0223982,333.076
3,3254.02,0.222638,441.437
4,2522.96,0.397283,550.443
5,2076.77,0.503873,656.403
