Iteration,Cost,Cost reduction,time (ms)
0,4456.82,0.00145106,179.452
1,4418.18,0.0101085,337.762
2,4368.34,0.0212752,505.072
3,3744.04,0.161148,695.795
4,1477.54,0.668958,912.335
5,1096.79,0.754264,1112
