Iteration,Cost,Cost reduction,time (ms)
0,27.9091,0.350536,103.342
1,25.9768,0.395502,180.58
2,23.2441,0.459094,256.462
3,9.38045,0.78171,329.382
4,9.38045,0.78171,398.571
