Iteration,Cost,Cost reduction,time (ms)
0,4284.89,0.00150897,164.252
1,4246.25,0.0105119,265.509
2,4196.2,0.0221749,369.628
3,3993.77,0.0693476,483.314
4,2796.78,0.348277,601.398
5,2424.74,0.434971,772.111
