Iteration,Cost,Cost reduction,time (ms)
0,107.301,0.93063,6.56
1,61.3091,0.960364,10.521
2,61.3091,0.960364,14.295
3,61.3091,0.960364,17.194
4,61.3091,0.960364,20.191
