Iteration,Cost,Cost reduction,time (ms)
0,5011.69,0.00129056,413.998
1,4973.05,0.00899073,811.13
2,4923.21,0.0189225,1204.68
3,4823.78,0.0387369,1704.63
4,2962.23,0.409699,2209.78
5,2734.8,0.455019,2967.52
