Iteration,Cost,Cost reduction,time (ms)
0,61.5027,0.384516,144.84
1,51.172,0.4879,252.029
2,28.8672,0.711114,362.239
3,6.8305,0.931644,481.595
4,5.72695,0.942688,600.55
5,5.72695,0.942688,724.14
