Iteration,Cost,Cost reduction,time (ms)
0,29.6961,0.300878,110.982
1,17.9004,0.57858,189.547
2,17.9004,0.57858,263.175
3,16.4501,0.612723,313.479
4,9.88868,0.767195,395.665
5,9.88868,0.767195,480.573
