Iteration,Cost,Cost reduction,time (ms)
0,26.3104,0.337529,110.665
1,23.0117,0.420587,190.288
2,22.0173,0.445625,267.683
3,21.4862,0.458998,347.639
4,21.4862,0.458998,425.95
5,21.4862,0.458998,476.94
