Iteration,Cost,Cost reduction,time (ms)
0,84.5675,0.430072,224.485
1,53.0383,0.642558,421.168
2,27.347,0.8157,616.634
3,27.347,0.8157,819.534
4,27.347,0.8157,899.952
5,27.347,0.8157,973.473
