Iteration,Cost,Cost reduction,time (ms)
0,27.2995,0.367106,103.295
1,17.2768,0.599466,173.435
2,17.2768,0.599466,241.992
3,17.2768,0.599466,289.903
4,17.262,0.59981,340.004
5,17.262,0.59981,414.485
