Iteration,Cost,Cost reduction,time (ms)
0,30.6656,0.333892,105.997
1,13.3219,0.710627,180.567
2,13.3219,0.710627,256.2
3,13.2866,0.711394,311.609
4,13.2866,0.711394,392.942
5,13.2128,0.712997,452.741
