Iteration,Cost,Cost reduction,time (ms)
0,30.1048,0.357344,106.246
1,14.0177,0.700759,188.307
2,11.4204,0.756206,280.526
3,10.698,0.771626,371.553
4,8.33667,0.822035,467.074
5,8.33667,0.822035,564.564
