Iteration,Cost,Cost reduction,time (ms)
0,4608.06,0.00140349,137.338
1,4569.43,0.00977552,233.408
2,4519.38,0.020622,334.754
3,4312,0.065562,450.25
4,3484.56,0.244874,568.089
5,2629.56,0.430157,757.2
