Iteration,Cost,Cost reduction,time (ms)
0,5650.46,0.0011448,178.446
1,5611.82,0.00797549,336.065
2,5561.98,0.0167856,503.667
3,4827.11,0.146693,696.829
4,2134.85,0.622614,914.767
5,1395,0.753401,1120.56
