Iteration,Cost,Cost reduction,time (ms)
0,5627.48,0.00114936,176.344
1,5588.84,0.00800794,332.616
2,5539.01,0.0168534,499.468
3,5475.12,0.028193,687.647
4,3309.16,0.412641,889.047
5,2094.43,0.628248,1089.85
6,1116.84,0.801767,1290.57
7,883.652,0.843156,1491.61
8,856.55,0.847967,1696.36
9,828.589,0.852929,1902.3
