Iteration,Cost,Cost reduction,time (ms)
0,4742.59,0.00136329,176.809
1,4703.95,0.00949991,334.899
2,4654.11,0.0199927,503.368
3,4606.32,0.0300565,690.555
4,3166.34,0.333271,888.525
5,2821.23,0.405939,1101.57
