Iteration,Cost,Cost reduction,time (ms)
0,5342.51,0.00121103,156.672
1,5303.88,0.00843346,254.402
2,5253.99,0.0177602,358.928
3,5218.66,0.0243647,480.155
4,3073.64,0.425379,618.967
5,2680.78,0.498824,774.008
6,1564.74,0.70747,976.961
7,954.592,0.821538,1202.99
8,840.03,0.842955,1446.45
9,840.03,0.842955,1706.47
