Iteration,Cost,Cost reduction,time (ms)
0,68.6735,0.388158,150.57
1,67.8626,0.395383,260.786
2,49.2189,0.561487,378.372
3,14.9983,0.866373,500.298
4,14.2571,0.872978,627.459
5,12.7555,0.886355,753.836
