Iteration,Cost,Cost reduction,time (ms)
0,5676.13,0.00114012,135.705
1,5637.5,0.00793846,234.61
2,5587.61,0.0167185,339.402
3,4839.5,0.148366,460.539
4,2898.48,0.489938,584.859
5,1897.14,0.66615,734.602
