Iteration,Cost,Cost reduction,time (ms)
0,4378.53,0.00147647,413.937
1,4339.89,0.0102886,809.685
2,4290.06,0.0216526,1207.26
3,4147.32,0.0542045,1708.3
4,3426.45,0.2186,2248.77
5,1573.9,0.641073,2791.33
