Iteration,Cost,Cost reduction,time (ms)
0,398.886,0.609527,7.075
1,342.653,0.664574,11.593
2,314.909,0.691732,15.669
3,314.361,0.692269,19.761
4,314.361,0.692269,23.792
