Iteration,Cost,Cost reduction,time (ms)
0,112.844,0.038086,140.878
1,35.296,0.699126,241.244
2,24.9812,0.787053,353.996
3,11.7294,0.900015,464.901
4,10.1582,0.913409,578.147
5,10.1582,0.913409,687.62
