Iteration,Cost,Cost reduction,time (ms)
0,77.4768,0.373707,150.134
1,66.4583,0.462776,260.443
2,51.9103,0.580377,371.321
3,8.38134,0.932248,486.42
4,5.54841,0.955149,608.849
5,3.39066,0.972591,724.136
