Iteration,Cost,Cost reduction,time (ms)
0,5468.91,0.00118279,412.587
1,5430.27,0.00823995,810.556
2,5380.43,0.0173423,1206.43
3,5277.56,0.03613,1706.86
4,3197.45,0.416033,2209.08
5,2818.85,0.485179,2961.67
