Iteration,Cost,Cost reduction,time (ms)
0,4540.34,0.00142508,140.725
1,4501.71,0.00992158,239.297
2,4451.82,0.0208955,343.552
3,4129.58,0.0917669,467.055
4,3924.82,0.1368,614.446
5,2322,0.489315,775.071
