Iteration,Cost,Cost reduction,time (ms)
0,138.16,0.0808483,137.419
1,50.8244,0.661875,238.166
2,29.1646,0.805973,353.817
3,12.8371,0.914597,471.163
4,7.02672,0.953253,593.998
5,4.65113,0.969057,714.128
