Iteration,Cost,Cost reduction,time (ms)
0,5392.35,0.00119962,412.022
1,5353.71,0.00835684,807.532
2,5303.87,0.0175886,1206.7
3,4581.89,0.151318,1704.61
4,1839.59,0.659262,2333.74
5,1026.55,0.809857,2876.76
