Iteration,Cost,Cost reduction,time (ms)
0,4593.05,0.00142584,130.318
1,4555.19,0.00965688,226.702
2,4505.85,0.0203839,330.111
3,3625.04,0.211881,437.964
4,1552.35,0.662503,547.907
5,1515.24,0.670571,653.988
