Iteration,Cost,Cost reduction,time (ms)
0,4373.08,0.00149738,132.136
1,4335.22,0.0101419,229.393
2,4285.88,0.0214077,331.131
3,3425.66,0.217821,438.523
4,2581.29,0.410616,547.636
5,2199.61,0.497766,652.135
