Iteration,Cost,Cost reduction,time (ms)
0,5807.65,0.00111445,144.615
1,5769.02,0.00775897,243.464
2,5719.12,0.0163409,347.757
3,5365.53,0.0771578,471.504
4,4273.1,0.26505,620.282
5,3811.28,0.344479,793.918
