Iteration,Cost,Cost reduction,time (ms)
0,5519.21,0.00117172,410.555
1,5480.57,0.00816474,807.345
2,5430.74,0.0171828,1203.6
3,5408.61,0.0211881,1710.65
4,3299.75,0.402835,2241.99
5,2731.2,0.505727,3115.41
