Iteration,Cost,Cost reduction,time (ms)
0,33.106,0.222872,576.594
1,13.9983,0.671405,1160.27
2,10.3386,0.757311,1804.16
3,6.68077,0.843176,2458.57
4,6.68077,0.843176,3085.16
5,6.67192,0.843384,3183.41
