Iteration,Cost,Cost reduction,time (ms)
0,28.9223,0.406122,177.596
1,11.0294,0.773527,348.074
2,11.0294,0.773527,508.415
3,9.11897,0.812755,575.092
4,6.20099,0.872672,731.18
5,6.20099,0.872672,889.683
