Iteration,Cost,Cost reduction,time (ms)
0,60.7608,0.333329,151.069
1,49.21,0.460065,261.551
2,22.1108,0.757399,383.842
3,19.7608,0.783183,520.889
4,17.8151,0.804532,657.102
5,15.7469,0.827224,773.3
