Iteration,Cost,Cost reduction,time (ms)
0,4559.03,0.0014362,130.547
1,4521.17,0.00972869,227.798
2,4471.83,0.0205358,329.358
3,3597.83,0.211969,437.556
4,3099.88,0.321033,546.057
5,2003.48,0.561178,655.685
