Iteration,Cost,Cost reduction,time (ms)
0,44.4861,0.26132,159.265
1,30.4077,0.495088,279.452
2,4.84186,0.919602,398.195
3,4.05599,0.932651,533.501
4,3.59348,0.940331,672.572
5,3.03995,0.949522,812.432
