Iteration,Cost,Cost reduction,time (ms)
0,4257.11,0.00151903,179.336
1,4218.47,0.010582,336.839
2,4168.63,0.0222718,506.633
3,3511.77,0.176334,696.54
4,2036.52,0.522346,911.604
5,1076.6,0.747489,1110.73
