Iteration,Cost,Cost reduction,time (ms)
0,5548.13,0.00116578,144.964
1,5509.49,0.00812231,257.774
2,5459.65,0.0170942,376.664
3,5300.8,0.0456921,514.567
4,4551.84,0.180529,661.402
5,2424.38,0.563537,798.563
6,2080.74,0.625402,936.505
7,1473.78,0.734674,1074.06
8,1421.34,0.744116,1215.89
9,1153.59,0.792318,1348.94
