Iteration,Cost,Cost reduction,time (ms)
0,31.039,0.316846,104.63
1,17.826,0.607659,179.749
2,17.826,0.607659,249.773
3,17.826,0.607659,300.99
4,17.826,0.607659,352.548
5,17.826,0.607659,403.887
