Iteration,Cost,Cost reduction,time (ms)
0,4439.59,0.00145624,178.596
1,4400.94,0.0101474,334.993
2,4351.11,0.0213552,503.489
3,4008.36,0.0984471,692.566
4,3635.79,0.182245,896.919
5,2649.84,0.404003,1099.95
