Iteration,Cost,Cost reduction,time (ms)
0,78.5939,0.254489,228.133
1,26.7315,0.746435,467.43
2,7.42326,0.929586,670.679
3,7.42326,0.929586,872.058
4,4.99066,0.952661,953.795
5,4.99066,0.952661,1151.99
