Iteration,Cost,Cost reduction,time (ms)
0,29.4186,0.33457,601.231
1,19.4609,0.559806,1155.94
2,16.8222,0.619492,1682.46
3,13.6177,0.691976,2106.02
4,11.9965,0.728647,2512.67
5,10.3744,0.765337,2923.06
