Iteration,Cost,Cost reduction,time (ms)
0,4953.17,0.00130555,136.725
1,4914.54,0.00909577,234.146
2,4864.49,0.0191871,339.945
3,4838.14,0.0244989,457.156
4,3077.9,0.379412,572.858
5,3077.9,0.379412,737.474
