Iteration,Cost,Cost reduction,time (ms)
0,25.3868,0.372129,110.969
1,11.0365,0.727044,190.819
2,10.3888,0.743061,281.527
3,10.3882,0.743078,370.295
4,10.3882,0.743078,460.019
5,9.83542,0.756749,516.796
