Iteration,Cost,Cost reduction,time (ms)
0,30.2012,0.353284,188.947
1,12.5804,0.73061,380.988
2,9.30983,0.800643,563.988
3,8.12419,0.826032,745.934
4,4.01187,0.914092,928.484
5,4.01187,0.914092,1097.97
