Iteration,Cost,Cost reduction,time (ms)
0,75.0562,0.445314,222.602
1,68.1957,0.496014,426.345
2,12.9064,0.904618,623.831
3,12.8001,0.905404,815.131
4,12.8001,0.905404,1004.61
5,8.97143,0.933699,1084.23
