Iteration,Cost,Cost reduction,time (ms)
0,29.4751,0.363626,588.09
1,23.6493,0.489405,1150.83
2,20.319,0.561308,1669.05
3,19.7628,0.573316,2181.79
4,9.28373,0.799562,2691.43
5,9.28373,0.799562,3197.25
