Iteration,Cost,Cost reduction,time (ms)
0,27.1636,0.327924,190.382
1,27.1636,0.327924,367.796
2,22.4348,0.444922,432.889
3,21.6945,0.46324,602.14
4,19.0389,0.528944,768.847
5,19.0389,0.528944,915.255
