Iteration,Cost,Cost reduction,time (ms)
0,130.563,0.140133,594.196
1,45.8155,0.698266,1189.09
2,13.3819,0.911869,1815.21
3,13.3819,0.911869,2384.51
4,13.3819,0.911869,2473.51
5,13.3819,0.911869,2550.8
