Iteration,Cost,Cost reduction,time (ms)
0,29.8067,0.345513,103.335
1,24.9823,0.451447,175.694
2,20.5158,0.54952,246.758
3,19.9434,0.562088,319.697
4,19.7768,0.565746,395.363
5,19.5735,0.570211,472.447
