Iteration,Cost,Cost reduction,time (ms)
0,5.044927436846436,0.0,31.987905502319336
1,4.702454083524689,0.06788469360737237,198.1513500213623
