Iteration,Cost,Cost reduction,time (ms)
0,31.4053,0.52079,10.132
1,13.9524,0.787102,18.189
2,13.9524,0.787102,25.412
3,13.9524,0.787102,29.817
4,13.281,0.797347,34.76
5,12.9574,0.802285,42.819
6,11.6153,0.822763,50.834
7,11.6153,0.822763,57.902
