Iteration,Cost,Cost reduction,time (ms)
0,4196.61,0.00156022,134.001
1,4158.75,0.0105677,232
2,4109.41,0.0223066,332.296
3,3269.84,0.222052,440.917
4,2558.89,0.391199,550.531
5,2118.25,0.496034,657.085
