Iteration,Cost,Cost reduction,time (ms)
0,24.2768,0.409274,102.612
1,8.80238,0.785812,175.646
2,8.80238,0.785812,246.411
3,7.04088,0.828675,298.647
4,5.62281,0.86318,378.098
5,5.62281,0.86318,454.785
