Iteration,Cost,Cost reduction,time (ms)
0,4980.48,0.00130061,138.168
1,4941.86,0.0090449,234.653
2,4891.95,0.0190528,336.611
3,4867.91,0.0238741,459.168
4,3435.11,0.311184,592.034
5,2564.03,0.485854,764.626
