Iteration,Cost,Cost reduction,time (ms)
0,4535.15,0.00142661,146.456
1,4496.51,0.00993287,246.115
2,4446.62,0.0209192,351.578
3,4418.88,0.027026,472.382
4,4059.1,0.106245,600.407
5,2681.8,0.409506,740.295
