Iteration,Cost,Cost reduction,time (ms)
0,26.7285,0.312858,530.035
1,8.69686,0.776419,1037.35
2,8.69686,0.776419,1500.22
3,8.2232,0.788596,1588.42
4,7.71433,0.801678,2031.8
5,6.3997,0.835475,2502.02
