Iteration,Cost,Cost reduction,time (ms)
0,89.1875,0.282484,526.829
1,60.3641,0.514369,1095.75
2,50.4967,0.593753,1651.39
3,34.5683,0.721897,2197.18
4,28.8019,0.768288,2732.9
5,20.6791,0.833636,3272.38
