Iteration,Cost,Cost reduction,time (ms)
0,26.9325,0.351433,108.553
1,13.4282,0.676634,186.396
2,13.4282,0.676634,269.537
3,13.2423,0.68111,322.843
4,13.1327,0.683749,414.557
5,10.682,0.742765,522.223
