Iteration,Cost,Cost reduction,time (ms)
0,29.0059,0.339141,106.261
1,25.2099,0.425628,184.37
2,25.2099,0.425628,263.421
3,22.9454,0.477222,317.702
4,12.8975,0.706149,406.343
5,10.6796,0.756682,505.251
