Iteration,Cost,Cost reduction,time (ms)
0,111.709,0.333683,148.246
1,111.709,0.333683,251.694
2,111.709,0.333683,325.369
3,111.709,0.333683,397.304
4,111.709,0.333683,469.132
5,111.709,0.333683,542.014
