Iteration,Cost,Cost reduction,time (ms)
0,90.585,0.367333,149.044
1,57.6438,0.597402,256.53
2,25.3752,0.822773,372.023
3,18.2432,0.872585,492.357
4,16.8083,0.882607,616.557
5,15.2088,0.893778,735.645
