Iteration,Cost,Cost reduction,time (ms)
0,5343.09,0.00121065,134.806
1,5304.46,0.00843237,232.625
2,5254.58,0.0177568,336.373
3,5183.93,0.0309636,457.196
4,3273.08,0.38816,583.016
5,2941.05,0.450227,811.301
