Iteration,Cost,Cost reduction,time (ms)
0,34.0743,0.190123,102.777
1,16.04,0.618761,175.045
2,9.57604,0.772397,251.066
3,8.68064,0.793679,329.942
4,8.68064,0.793679,407.975
5,8.52436,0.797393,461.89
