Iteration,Cost,Cost reduction,time (ms)
0,90.6135,0.137271,587.327
1,41.066,0.609011,1157.34
2,34.0168,0.676127,1726.23
3,34.0168,0.676127,2289.99
4,33.7945,0.678243,2378.37
5,33.7945,0.678243,2925.94
