Iteration,Cost,Cost reduction,time (ms)
0,98.3168,0.424038,169.55
1,70.6217,0.586282,286.917
2,23.1227,0.864542,431.337
3,9.87064,0.942176,583.589
4,5.60201,0.967182,728.111
5,5.60201,0.967182,871.637
