Iteration,Cost,Cost reduction,time (ms)
0,25.8823,0.592976,217.131
1,16.6423,0.738284,412.544
2,9.93105,0.843825,612.631
3,6.16161,0.903103,823.01
4,6.16161,0.903103,1035.8
5,4.12963,0.935058,1121.69
