Iteration,Cost,Cost reduction,time (ms)
0,107.863,0.292226,230.048
1,63.7188,0.581889,452.066
2,49.303,0.676483,668.444
3,28.7979,0.811034,887.873
4,5.49953,0.963913,1080.05
5,5.49953,0.963913,1273.1
