Iteration,Cost,Cost reduction,time (ms)
0,46.8799,0.730149,166.531
1,46.6324,0.731574,262.901
2,28.0283,0.838663,360.732
3,28.0283,0.838663,480.019
4,28.0283,0.838663,552.882
5,28.0283,0.838663,644.169
6,28.0283,0.838663,775.897
