Iteration,Cost,Cost reduction,time (ms)
0,4942.8,0.00130867,415.983
1,4904.16,0.00911597,811.604
2,4854.32,0.0191867,1208.32
3,4835.65,0.0229581,1705.45
4,3564.59,0.279776,2203.76
5,2262.65,0.542831,3153.49
