Iteration,Cost,Cost reduction,time (ms)
0,57.6589,0.378917,565.081
1,41.9313,0.548329,1070.18
2,19.1388,0.793843,1602.41
3,19.1388,0.793843,2127.19
4,19.1388,0.793843,2218.27
5,19.1388,0.793843,2292.76
