Iteration,Cost,Cost reduction,time (ms)
0,4540.24,0.00144174,130.976
1,4502.38,0.00976869,226.881
2,4453.04,0.0206197,327.71
3,3604.5,0.207243,435.503
4,3301.55,0.273872,546.898
5,2663,0.414312,658.218
