Iteration,Cost,Cost reduction,time (ms)
0,5113.8,0.00126488,152.885
1,5075.17,0.00881061,253.428
2,5025.11,0.0185868,357.673
3,4986.88,0.0260525,474.76
4,3873.45,0.243507,590.01
5,3208.54,0.373366,741.378
