Iteration,Cost,Cost reduction,time (ms)
0,5041.42,0.00128328,152.303
1,5002.79,0.00893685,251.452
2,4952.9,0.0188205,356.152
3,4936.47,0.0220739,478.555
4,3818.97,0.243453,606.259
5,2814.54,0.442433,752.965
