Iteration,Cost,Cost reduction,time (ms)
0,23.6549,0.408347,102.264
1,16.2756,0.592917,172.302
2,16.2756,0.592917,242.771
3,16.2756,0.592917,290.325
4,16.2756,0.592917,339.682
5,16.2756,0.592917,389.523
