Iteration,Cost,Cost reduction,time (ms)
0,128.327,0.0775285,205.449
1,70.2903,0.49472,402.638
2,25.1863,0.818949,596.304
3,23.1994,0.833232,794.162
4,16.5339,0.881146,989.758
5,6.30652,0.954666,1188.37
