Iteration,Cost,Cost reduction,time (ms)
0,5355.33,0.00120772,177.788
1,5316.69,0.00841442,336.817
2,5266.85,0.0177091,505.571
3,5087.62,0.051137,694.283
4,4215.15,0.213855,885.831
5,2067.5,0.614402,1080.03
