Iteration,Cost,Cost reduction,time (ms)
0,4535.12,0.00142583,140.432
1,4496.49,0.00993267,237.027
2,4446.44,0.0209529,340.01
3,4243.49,0.0656396,454.66
4,3156.51,0.304977,572.008
5,2541.02,0.4405,757.897
