Iteration,Cost,Cost reduction,time (ms)
0,4454.89,0.00145191,135.759
1,4416.26,0.0101113,232.445
2,4366.2,0.021331,334.885
3,4354.55,0.0239431,451.75
4,3564.6,0.201008,562.751
5,2862.45,0.358393,756.532
