Iteration,Cost,Cost reduction,time (ms)
0,34.6121,0.267482,583.455
1,15.9622,0.662181,1154.81
2,8.66219,0.816676,1697.39
3,7.80253,0.83487,2259.65
4,4.8393,0.897583,2802.74
5,4.16996,0.911748,3313.95
