Iteration,Cost,Cost reduction,time (ms)
0,4199.73,0.0015584,129.78
1,4161.87,0.0105595,226.226
2,4112.53,0.0222889,327.891
3,3305.23,0.214216,436.253
4,3053.72,0.27401,547.351
5,2471.19,0.4125,657.625
