Iteration,Cost,Cost reduction,time (ms)
0,5601.78,0.00115481,144.068
1,5563.14,0.008044,243.277
2,5513.08,0.0169695,347.312
3,5474.39,0.0238698,463.77
4,3948.72,0.295909,579.758
5,2916.06,0.480041,726.197
