Iteration,Cost,Cost reduction,time (ms)
0,53.4683,0.185923,866.271
1,53.4683,0.185923,1626.07
2,53.4683,0.185923,2123.17
3,53.4683,0.185923,2598.91
4,53.4683,0.185923,3085.13
