Iteration,Cost,Cost reduction,time (ms)
0,95.7377,0.338045,144.445
1,83.6086,0.421909,252.056
2,50.3143,0.652114,367.148
3,41.0812,0.715954,489.435
4,27.0183,0.813189,609.278
5,12.2808,0.915087,735.633
