Iteration,Cost,Cost reduction,time (ms)
0,47.7964,0.343047,213.627
1,30.2562,0.584134,426.357
2,13.8697,0.809363,640.043
3,13.8697,0.809363,856.717
4,13.8697,0.809363,948.759
5,13.8697,0.809363,1027.63
