Iteration,Cost,Cost reduction,time (ms)
0,30.1591,0.361531,104.27
1,16.6571,0.647369,177.752
2,16.6571,0.647369,248.553
3,16.6571,0.647369,300.741
4,16.6571,0.647369,353.002
5,16.6571,0.647369,408.186
