Iteration,Cost,Cost reduction,time (ms)
0,5627.5,0.00114962,179.462
1,5588.86,0.00800811,339.331
2,5539.01,0.0168549,507.007
3,4829.19,0.142845,696.178
4,2849.41,0.494245,910.053
5,2510.25,0.554444,1105.72
