Iteration,Cost,Cost reduction,time (ms)
0,5519.23,0.00117193,178.243
1,5480.58,0.00816487,335.945
2,5430.75,0.017184,504.47
3,5366.68,0.028779,694.402
4,3876.7,0.298424,898.627
5,2645.36,0.521263,1130.35
