Iteration,Cost,Cost reduction,time (ms)
0,53.5729,0.111925,531.129
1,12.4285,0.793973,1078.35
2,6.11131,0.898693,1636.14
3,2.81103,0.953402,2132.77
4,2.21357,0.963306,2644.61
5,2.21357,0.963306,3166.21
