Iteration,Cost,Cost reduction,time (ms)
0,16.1681,0,16.537
1,16.1681,0,40.757
2,13.4623,0.167355,51.68
3,5.97656,0.630349,59.355
4,5.97656,0.630349,90.282
5,4.13496,0.744252,100.495
6,4.13496,0.744252,108.337
