Iteration,Cost,Cost reduction,time (ms)
0,26.8569,0.388754,556.335
1,16.9175,0.614969,1069.93
2,12.6831,0.711341,1572.79
3,12.5462,0.714455,2074.57
4,12.5462,0.714455,2575.95
5,10.3734,0.763909,2667.17
