Iteration,Cost,Cost reduction,time (ms)
0,73.0842,0.201496,148.892
1,26.153,0.714257,261.861
2,5.13731,0.943871,374.721
3,4.9631,0.945774,483.945
4,4.92794,0.946158,595.566
5,4.86033,0.946897,707.326
