Iteration,Cost,Cost reduction,time (ms)
0,4942.8,0.00130869,412.685
1,4904.16,0.00911599,809.178
2,4854.32,0.0191867,1208.66
3,4753.6,0.0395368,1712.14
4,2780.59,0.438183,2287.39
5,2304.85,0.534306,2820.46
