Iteration,Cost,Cost reduction,time (ms)
0,119.655,0.291007,158.84
1,113.727,0.326133,282.755
2,89.5734,0.469251,412.476
3,89.5734,0.469251,541.386
4,89.5734,0.469251,627.2
5,89.5734,0.469251,713.551
