Iteration,Cost,Cost reduction,time (ms)
0,5468.92,0.00118284,180.082
1,5430.28,0.00823998,337.433
2,5380.44,0.0173426,505.086
3,4659.37,0.149035,694.156
4,1932.97,0.646972,912.414
5,1190.64,0.782548,1112.97
