Iteration,Cost,Cost reduction,time (ms)
0,27.5453,0.608513,150.021
1,8.65484,0.876993,258.859
2,8.65484,0.876993,373.046
3,8.65484,0.876993,458.206
4,8.65484,0.876993,542.465
5,8.65484,0.876993,626.892
