Iteration,Cost,Cost reduction,time (ms)
0,28.5375,0.276613,599.135
1,13.0095,0.670228,1209.95
2,11.5793,0.706481,1841.93
3,6.57138,0.833425,2395.46
4,5.75764,0.854052,2985.3
5,5.22055,0.867666,3571.27
