Iteration,Cost,Cost reduction,time (ms)
0,5872,0.00110136,177.533
1,5833.36,0.00767472,337.014
2,5783.53,0.0161516,502.018
3,5733.28,0.0246987,696.822
4,3916.2,0.333807,890.802
5,2712.73,0.538532,1109.9
