Iteration,Cost,Cost reduction,time (ms)
0,5343.11,0.00121041,179.781
1,5304.46,0.0084336,338.726
2,5254.63,0.017749,507.292
3,5195.82,0.0287417,699.102
4,3481.02,0.349291,900.563
5,3148.77,0.411399,1115.44
