Iteration,Cost,Cost reduction,time (ms)
0,4535.05,0.00144354,129.948
1,4497.19,0.00977993,226.556
2,4447.86,0.0206423,328.736
3,3585,0.210631,438.317
4,3258.42,0.28254,550.489
5,2717.29,0.401691,662.684
