Iteration,Cost,Cost reduction,time (ms)
0,27.8384,0.410838,109.779
1,16.8377,0.643653,185.458
2,15.7783,0.666073,269.3
3,15.4936,0.672099,351.526
4,14.7611,0.687601,436.099
5,14.0214,0.703257,523.694
