Iteration,Cost,Cost reduction,time (ms)
0,44.5845,0.326872,841.107
1,36.905,0.442815,1584.5
2,26.9862,0.592568,2410.14
3,26.9862,0.592568,3229.41
4,26.9862,0.592568,3713.9
