Iteration,Cost,Cost reduction,time (ms)
0,4639.55,0.00139352,179.602
1,4600.91,0.00971059,337.991
2,4551.08,0.0204361,506.016
3,4505.21,0.030308,693.941
4,3023.34,0.349264,889.735
5,2394.32,0.484652,1103.2
