Iteration,Cost,Cost reduction,time (ms)
0,99.2938,0.317845,559.656
1,62.8505,0.568213,1073.9
2,39.9779,0.725349,1628.32
3,39.2644,0.730251,2173.86
4,36.3522,0.750258,2735.47
5,22.1714,0.847681,3292.18
