Iteration,Cost,Cost reduction,time (ms)
0,2.7313,0.989239,6.46
1,1.25737,0.995046,11.045
2,1.18913,0.995315,15.16
3,1.18913,0.995315,19.155
4,1.18913,0.995315,22.227
