Iteration,Cost,Cost reduction,time (ms)
0,60.0142,0.284747,561.52
1,25.8694,0.691687,1091.99
2,12.0062,0.85691,1646.29
3,10.5508,0.874254,2224.11
4,10.5508,0.874254,2785.26
5,10.5355,0.874437,2872.37
