Iteration,Cost,Cost reduction,time (ms)
0,25.9973,0.341673,530.301
1,12.6002,0.680926,1034.11
2,10.3573,0.737722,1495.3
3,10.3573,0.737722,1952.78
4,9.39659,0.762051,2044
5,8.02236,0.796851,2484.19
