Iteration,Cost,Cost reduction,time (ms)
0,60.3477,0.347871,155.834
1,51.2954,0.445692,271.338
2,33.2321,0.640888,396.498
3,27.6086,0.701656,530.9
4,5.61238,0.939351,655.03
5,5.61238,0.939351,788.184
