Iteration,Cost,Cost reduction,time (ms)
0,4877.71,0.00132599,179.684
1,4839.07,0.00923738,337.265
2,4789.23,0.0194417,506.477
3,4117.35,0.157003,694.784
4,1707.59,0.650385,912.19
5,1545.73,0.683524,1108.29
