Iteration,Cost,Cost reduction,time (ms)
0,109.069,0.314781,144.585
1,97.2395,0.389097,251.743
2,84.4702,0.46932,363.528
3,79.997,0.497423,482.121
4,76.8555,0.517159,601.723
5,59.9819,0.623166,720.155
