Iteration,Cost,Cost reduction,time (ms)
0,70.9533,0.211791,598.161
1,29.4418,0.672936,1194.49
2,4.54754,0.949482,1772.38
3,4.54754,0.949482,2354.22
4,3.73392,0.95852,2448.66
5,3.73392,0.95852,2997.28
