Iteration,Cost,Cost reduction,time (ms)
0,100.477,0.268621,209.828
1,52.0824,0.620889,415.637
2,39.4015,0.713194,620.885
3,39.4015,0.713194,819.112
4,39.4015,0.713194,898.825
5,38.7428,0.717989,976.461
