Iteration,Cost,Cost reduction,time (ms)
0,82.8427,0.315022,154.372
1,48.1383,0.601973,261.18
2,48.0419,0.60277,381.227
3,48.0419,0.60277,503.452
4,48.0419,0.60277,581.877
5,48.0419,0.60277,657.698
