Iteration,Cost,Cost reduction,time (ms)
0,16.5667,0.862604,173.879
1,8.11494,0.932699,285.98
2,6.73555,0.944139,388.126
3,5.18548,0.956994,490.112
4,3.37616,0.972,594.023
5,2.39995,0.980096,699.859
6,1.42812,0.988156,806.645
7,1.33697,0.988912,914.182
8,1.33163,0.988956,1020.43
