Iteration,Cost,Cost reduction,time (ms)
0,4606.13,0.00140412,180.67
1,4567.49,0.0097813,338.75
2,4517.64,0.0205867,507.777
3,3864.37,0.162215,696.383
4,1377.83,0.701291,914.174
5,1156.91,0.749184,1118.67
