Iteration,Cost,Cost reduction,time (ms)
0,27.6188,0.335698,103.417
1,20.5272,0.50627,175.446
2,20.5272,0.50627,244.955
3,20.5004,0.506915,298.054
4,19.8245,0.523172,375.529
5,19.8245,0.523172,450.586
