Iteration,Cost,Cost reduction,time (ms)
0,65.6805,0.46795,581.365
1,65.1729,0.472061,1136.92
2,29.2474,0.763079,1690.65
3,16.6998,0.864721,2235.31
4,16.6998,0.864721,2773.46
5,16.6998,0.864721,2863.68
