Iteration,Cost,Cost reduction,time (ms)
0,5548.12,0.00116566,411.935
1,5509.48,0.00812227,809.586
2,5459.65,0.0170935,1205.76
3,5444.12,0.019889,1711.05
4,3790.59,0.317576,2205.06
5,2660.17,0.521087,3069
