Iteration,Cost,Cost reduction,time (ms)
0,111.163,0.306102,215.863
1,66.3639,0.585746,426.075
2,50.0893,0.687335,638.952
3,25.9792,0.837834,852.1
4,22.6321,0.858727,1061.86
5,15.5429,0.902979,1269.74
