Iteration,Cost,Cost reduction,time (ms)
0,21.415,0.528797,182.424
1,7.17891,0.84204,360.069
2,7.00545,0.845857,543.701
3,7.00545,0.845857,721.457
4,6.69685,0.852647,798.974
5,6.16477,0.864354,966.887
