Iteration,Cost,Cost reduction,time (ms)
0,27.1015,0.315842,109.61
1,24.1984,0.389128,188.556
2,15.5868,0.606522,270.243
3,14.1222,0.643496,364.992
4,13.486,0.659555,463.053
5,6.23731,0.842543,574.401
