Iteration,Cost,Cost reduction,time (ms)
0,28.5485,0.345685,105.517
1,5.46422,0.874763,184.616
2,5.46422,0.874763,260.253
3,5.46422,0.874763,308.435
4,5.46422,0.874763,356.791
5,5.46422,0.874763,405.286
