Iteration,Cost,Cost reduction,time (ms)
0,27.4336,0.382058,109.29
1,22.2355,0.499144,181.226
2,21.1314,0.524014,251.175
3,21.1314,0.524014,323.046
4,20.5405,0.537325,373.405
5,17.1535,0.613616,449.519
