Iteration,Cost,Cost reduction,time (ms)
0,44.2632,0.280153,135.999
1,5.15353,0.916189,234.73
2,3.13536,0.94901,342.565
3,2.3784,0.96132,448.457
4,1.36553,0.977793,558.716
5,1.34311,0.978157,667.841
