Iteration,Cost,Cost reduction,time (ms)
0,4168.94,0.00155069,177.565
1,4130.29,0.0108052,335.864
2,4080.46,0.02274,503.33
3,3849.12,0.0781449,695.745
4,3196.4,0.234471,908.176
5,1706.03,0.591409,1113.13
