Iteration,Cost,Cost reduction,time (ms)
0,7.226781836846482,0.0,30.305147171020508
1,7.137974046159766,0.01228870508224289,220.21031379699707
