Iteration,Cost,Cost reduction,time (ms)
0,28.3748,0.360344,591.248
1,11.7002,0.736242,1190.97
2,7.8019,0.824121,1773.99
3,7.22078,0.837221,2339.45
4,7.22078,0.837221,2899.77
5,6.34656,0.856929,2992.13
