Iteration,Cost,Cost reduction,time (ms)
0,72.0565,0.358017,213.087
1,46.3272,0.587251,409.888
2,17.976,0.839844,618.641
3,10.7712,0.904034,841.9
4,6.94142,0.938156,1077.81
5,5.33682,0.952452,1305.59
