Iteration,Cost,Cost reduction,time (ms)
0,35.2194,0.206894,103.938
1,19.9719,0.550254,175.283
2,19.9719,0.550254,246.675
3,19.9719,0.550254,296.104
4,19.9719,0.550254,346.449
5,19.9719,0.550254,397.621
