Iteration,Cost,Cost reduction,time (ms)
0,32.7578,0.296649,175.09
1,20.5554,0.55865,349.769
2,20.5554,0.55865,519.608
3,17.483,0.624617,587.483
4,16.9287,0.636519,758.449
5,14.8352,0.68147,925.576
