Iteration,Cost,Cost reduction,time (ms)
0,144.164,0.171383,211.607
1,85.9642,0.5059,419.194
2,68.4881,0.606348,620.275
3,44.5796,0.743768,825.091
4,12.5582,0.927819,1043.35
5,11.3954,0.934502,1257.51
