Iteration,Cost,Cost reduction,time (ms)
0,5548.06,0.0011805,131.073
1,5510.2,0.00799646,227.925
2,5460.86,0.0168793,329.696
3,4480.25,0.193419,438.66
4,3909.63,0.296147,546.895
5,2172.4,0.608903,654.968
