Iteration,Cost,Cost reduction,time (ms)
0,25.9112,0.375762,111.978
1,15.2813,0.631852,189.57
2,11.5491,0.721765,273.422
3,6.57501,0.841599,367.259
4,6.1659,0.851455,457.165
5,3.94617,0.904931,554.614
