Iteration,Cost,Cost reduction,time (ms)
0,43.2109,0.411242,189.447
1,20.0661,0.726595,303.536
2,10.9432,0.850897,437.66
3,10.1003,0.862382,585.213
4,10.1003,0.862382,734.514
5,9.01321,0.877193,825.56
