Iteration,Cost,Cost reduction,time (ms)
0,25.8184,0.366872,108.331
1,13.8793,0.659648,185.704
2,4.97248,0.878063,266.843
3,4.9193,0.879367,358.669
4,4.70596,0.884599,456.056
5,4.38176,0.892549,561.506
