Iteration,Cost,Cost reduction,time (ms)
0,19.8394,0.517601,107.935
1,18.5417,0.549156,190.019
2,15.641,0.619686,281.177
3,13.8552,0.663108,377.061
4,11.6484,0.716767,473.96
5,10.3822,0.747555,577.358
