Iteration,Cost,Cost reduction,time (ms)
0,19.7758,0.643222,10.746
1,5.4423,0.901815,24.183
2,5.4423,0.901815,36.913
3,5.4423,0.901815,45.963
4,4.99013,0.909973,53.604
5,4.99013,0.909973,60.828
6,4.37087,0.921145,68.814
7,4.37087,0.921145,76.089
