Iteration,Cost,Cost reduction,time (ms)
0,146.262,0,61.743
1,129.607,0.113869,101.611
2,114.916,0.214311,150.428
3,69.8475,0.522448,186.906
4,69.8475,0.522448,236.54
5,60.4377,0.586783,264.95
6,55.4086,0.621168,315.64
7,49.5585,0.661165,351.685
8,49.5585,0.661165,404.178
