Iteration,Cost,Cost reduction,time (ms)
0,31.9978,0.299142,104.087
1,19.8754,0.564664,176.337
2,8.71643,0.809081,253.287
3,6.69427,0.853374,334.689
4,6.69427,0.853374,413.162
5,6.69427,0.853374,463.225
