Iteration,Cost,Cost reduction,time (ms)
0,4336.02,0.00149186,140.067
1,4297.38,0.0103882,238.815
2,4247.49,0.0218774,343.516
3,3592.61,0.172686,464.637
4,2510.75,0.42182,589.489
5,1646.69,0.620796,736.478
