Iteration,Cost,Cost reduction,time (ms)
0,31.2922,0.461536,157.512
1,10.9737,0.811169,262.442
2,6.24735,0.892498,370.492
3,4.24683,0.926922,493.853
4,2.16936,0.96267,624.289
5,2.16936,0.96267,742.64
