Iteration,Cost,Cost reduction,time (ms)
0,25.7632,0.360668,114.005
1,15.8547,0.606554,193.337
2,9.42283,0.766166,278.859
3,7.00813,0.826088,378.52
4,6.78706,0.831574,476.611
5,6.2331,0.845321,576.313
