Iteration,Cost,Cost reduction,time (ms)
0,93.6809,0.371716,536.289
1,68.4224,0.541116,1091.88
2,11.3177,0.924096,1652.32
3,8.36024,0.943931,2115.8
4,8.36024,0.943931,2614.6
5,8.36024,0.943931,2702.55
