Iteration,Cost,Cost reduction,time (ms)
0,28.6478,0.37168,108.437
1,20.1872,0.557243,185.276
2,7.44601,0.83669,259.627
3,7.44601,0.83669,341.477
4,7.44601,0.83669,391.994
5,7.44601,0.83669,442.532
