Iteration,Cost,Cost reduction,time (ms)
0,40.4497,0.186372,109.6
1,26.5369,0.466222,187.556
2,26.5369,0.466222,279.975
3,14.8464,0.701371,328.802
4,14.8464,0.701371,426.106
5,13.5276,0.727898,475.708
