Iteration,Cost,Cost reduction,time (ms)
0,122.412,0.279642,150.973
1,116.837,0.312449,261.067
2,53.7341,0.683791,382.529
3,39.0514,0.770194,514.242
4,30.2991,0.821699,657.948
5,24.5874,0.855311,825.58
