Iteration,Cost,Cost reduction,time (ms)
0,4665.25,0.00138734,142.903
1,4626.62,0.00965594,240.849
2,4576.73,0.020337,344.884
3,3950.85,0.154307,467.69
4,1899.51,0.593405,593.642
5,1899.51,0.593405,745.155
