Iteration,Cost,Cost reduction,time (ms)
0,32.0246,0.294103,104.579
1,18.1938,0.598967,178.118
2,18.1938,0.598967,251.676
3,18.1496,0.59994,305.021
4,18.1496,0.59994,383.497
5,18.1468,0.600001,438.613
