Iteration,Cost,Cost reduction,time (ms)
0,31.4731,0.326278,585.205
1,21.1568,0.547112,1175.39
2,9.22603,0.802505,1797.21
3,4.87281,0.895691,2462.76
4,4.37519,0.906343,3071.48
5,3.47672,0.925576,3667.72
