Iteration,Cost,Cost reduction,time (ms)
0,5232.35,0.00125118,128.741
1,5194.49,0.0084781,225.606
2,5145.16,0.0178951,326.627
3,4235.39,0.19155,434.608
4,3894.1,0.256696,545.174
5,3306.52,0.368854,656.992
