Iteration,Cost,Cost reduction,time (ms)
0,8.6205,0.97743,17.703
1,2.57314,0.993263,30.179
2,1.36229,0.996433,43.127
3,1.36229,0.996433,54.902
4,1.36229,0.996433,60.425
