Iteration,Cost,Cost reduction,time (ms)
0,18.6838,0.538396,125.161
1,15.5377,0.616124,237.441
2,15.1603,0.62545,502.012
3,11.7909,0.708694,604.943
4,11.7909,0.708694,823.344
5,11.7909,0.708694,980.932
6,11.7909,0.708694,1132.16
