Iteration,Cost,Cost reduction,time (ms)
0,30.8489,0.321275,102.753
1,27.3185,0.39895,175.926
2,27.3185,0.39895,245.926
3,27.3185,0.39895,294.831
4,25.257,0.444306,347.232
5,25.0288,0.449327,423.374
