Iteration,Cost,Cost reduction,time (ms)
0,5392.36,0.00119992,147.341
1,5353.73,0.00835604,248.169
2,5303.67,0.017629,352.365
3,4911.97,0.0901815,469.686
4,2979.34,0.448152,583.972
5,1833.61,0.66037,698.084
