Iteration,Cost,Cost reduction,time (ms)
0,5676.14,0.00113978,416.748
1,5637.5,0.00793956,812.644
2,5587.66,0.0167106,1209.23
3,5569.21,0.0199567,1705.21
4,4077.75,0.282417,2203.84
5,2416.03,0.574838,3166.58
