Iteration,Cost,Cost reduction,time (ms)
0,4373.14,0.0014787,154.871
1,4334.51,0.0103001,253.78
2,4284.62,0.02169,358.502
3,4228.34,0.0345411,478.708
4,2385.51,0.455314,604.452
5,2353.24,0.462684,870.43
