Iteration,Cost,Cost reduction,time (ms)
0,5423.94,0.00120765,132.162
1,5386.08,0.00817932,228.297
2,5336.74,0.017265,329.861
3,4365.8,0.19606,437.956
4,1857.66,0.657921,546.872
5,1819.33,0.664979,653.429
