Iteration,Cost,Cost reduction,time (ms)
0,115.071,0.174411,151.497
1,58.424,0.580832,258.331
2,15.2297,0.890733,364.36
3,9.3285,0.933072,473.529
4,6.8725,0.950693,582.02
5,6.8725,0.950693,692.1
