Iteration,Cost,Cost reduction,time (ms)
0,5733.85,0.00112871,136.439
1,5695.22,0.00785867,234.546
2,5645.33,0.0165508,339.111
3,5615.65,0.0217203,461.08
4,5196.62,0.0947188,588.09
5,4116.78,0.282832,731.441
