Iteration,Cost,Cost reduction,time (ms)
0,30.0716,0.317466,182.799
1,18.8736,0.571626,378.513
2,14.7097,0.666135,563.419
3,14.5632,0.66946,745.742
4,5.45482,0.876192,929.876
5,4.69443,0.893451,1115.29
