Iteration,Cost,Cost reduction,time (ms)
0,4677.03,0.00138237,412.7
1,4638.38,0.00963289,810.739
2,4588.55,0.0202726,1203.75
3,4441.18,0.0517383,1704.35
4,3721.46,0.20541,2243.55
5,1973.62,0.578601,2786.16
