Iteration,Cost,Cost reduction,time (ms)
0,1039.8760570805648,0.0,4240.694284439087
1,82.72770943148636,0.9204446444668194,12429.391622543335
