Iteration,Cost,Cost reduction,time (ms)
0,30.6405,0.302789,109.226
1,22.4945,0.488147,185.178
2,17.1487,0.60979,259.458
3,17.1487,0.60979,337.323
4,17.1487,0.60979,390.092
5,17.1487,0.60979,443.051
