Iteration,Cost,Cost reduction,time (ms)
0,54.8527,0.368524,577.408
1,27.022,0.688917,1116.33
2,22.0399,0.746272,1640.44
3,21.4603,0.752944,2169.02
4,16.6274,0.808582,2718.33
5,16.6274,0.808582,3253.25
