Iteration,Cost,Cost reduction,time (ms)
0,28.9773,0.335398,109.072
1,8.44713,0.806263,183.383
2,7.36485,0.831085,262.979
3,7.36485,0.831085,341.937
4,7.36485,0.831085,394.474
5,7.36485,0.831085,447.161
