Iteration,Cost,Cost reduction,time (ms)
0,4776.92,0.0013539,410.765
1,4738.28,0.00943199,807.566
2,4688.44,0.0198512,1203.93
3,4591.34,0.0401504,1703.76
4,2776.16,0.419626,2204.84
5,1956.34,0.591015,2959.55
