Iteration,Cost,Cost reduction,time (ms)
0,98.4391,0.348764,207.06
1,39.2672,0.740223,383.129
2,32.1979,0.786991,559.924
3,8.38758,0.944511,730.166
4,8.08229,0.946531,894.263
5,7.00979,0.953626,1061.54
6,7.00979,0.953626,1227.09
