Iteration,Cost,Cost reduction,time (ms)
0,4960.58,0.00130454,143.591
1,4921.95,0.00908219,243.683
2,4872.05,0.0191278,349.102
3,4819.85,0.0296377,471.351
4,3452.32,0.304957,598.379
5,2472.09,0.502304,736.581
