Iteration,Cost,Cost reduction,time (ms)
0,5519.14,0.00118645,132.258
1,5481.28,0.00803819,228.771
2,5431.95,0.0169661,330.492
3,4469.2,0.191197,438.615
4,4088.4,0.26011,550.285
5,3415.32,0.38192,663.14
