Iteration,Cost,Cost reduction,time (ms)
0,115.255,0.319787,576.908
1,86.3397,0.490438,1148.44
2,85.5607,0.495036,1676.74
3,41.7726,0.753465,2223.15
4,41.7726,0.753465,2772.28
5,37.6929,0.777543,2862.22
