Iteration,Cost,Cost reduction,time (ms)
0,4611.55,0.0014031,138.107
1,4572.92,0.00976789,235.36
2,4523.03,0.0205712,338.176
3,4504.8,0.0245196,463.08
4,3221.93,0.302314,596.816
5,3177.67,0.3119,747.458
