Iteration,Cost,Cost reduction,time (ms)
0,27.1525,0.334359,105.208
1,11.6741,0.713812,183.666
2,11.3931,0.720698,262.278
3,11.3931,0.720698,336.459
4,11.3793,0.721039,394.391
5,11.3793,0.721039,477.391
