Iteration,Cost,Cost reduction,time (ms)
0,29.4282,0.352108,103.867
1,14.9825,0.670144,174.835
2,14.9825,0.670144,250.543
3,14.9825,0.670144,297.894
4,13.9952,0.691882,347.767
5,9.40864,0.792859,433.98
