Iteration,Cost,Cost reduction,time (ms)
0,27.7712,0.368892,572.943
1,16.2131,0.631554,1175.06
2,13.7513,0.687498,1703.01
3,6.12275,0.860859,2239.3
4,4.00071,0.909083,2783.57
5,4.00071,0.909083,3270.6
