Iteration,Cost,Cost reduction,time (ms)
0,26.8721,0.358846,102.988
1,26.4035,0.370027,174.863
2,21.6171,0.484227,250.195
3,17.9666,0.571327,328.201
4,17.9666,0.571327,402.687
5,17.9666,0.571327,454.168
