Iteration,Cost,Cost reduction,time (ms)
0,75.0542,0.329076,147.154
1,62.0939,0.444931,255.347
2,20.3667,0.817938,366.144
3,8.20096,0.92669,484.739
4,6.37428,0.943019,599.27
5,6.37428,0.943019,712.431
