Iteration,Cost,Cost reduction,time (ms)
0,64.2097,0.477856,218.209
1,30.9038,0.748694,424.827
2,20.5072,0.833238,629.704
3,12.3148,0.899858,836.065
4,8.42824,0.931463,1042.12
5,8.06364,0.934428,1249.7
