Iteration,Cost,Cost reduction,time (ms)
0,65.9283,0.402143,155.786
1,51.6788,0.531362,260.068
2,36.0455,0.673128,374.068
3,20.7544,0.811793,501.856
4,13.976,0.873261,623.036
5,12.5618,0.886086,747.707
