Iteration,Cost,Cost reduction,time (ms)
0,98.03,0.351748,201.664
1,70.7817,0.531936,315.789
2,24.0463,0.840987,446.716
3,20.7638,0.862693,582.61
4,16.7242,0.889406,726.048
5,16.7242,0.889406,881.474
