Iteration,Cost,Cost reduction,time (ms)
0,4960.49,0.00132005,130.952
1,4922.63,0.00894235,228.243
2,4873.29,0.0188752,329.797
3,3958.07,0.203133,437.11
4,3451.14,0.305193,544.781
5,2530.36,0.49057,653.914
