Iteration,Cost,Cost reduction,time (ms)
0,41.221,0.14712,104.101
1,14.3345,0.703413,183.432
2,14.3345,0.703413,258.283
3,11.5244,0.761554,305.943
4,9.49151,0.803617,383.395
5,9.49151,0.803617,457.313
