Iteration,Cost,Cost reduction,time (ms)
0,32.9592,0.307824,109.32
1,17.2446,0.637847,189.699
2,9.56699,0.799084,280.633
3,9.37116,0.803196,382.285
4,9.26561,0.805413,483.323
5,9.04221,0.810104,584.695
