Iteration,Cost,Cost reduction,time (ms)
0,46.6674,0.235781,220.351
1,26.6569,0.563471,429.127
2,6.42357,0.894809,626.413
3,5.01927,0.917805,821.15
4,4.04632,0.933738,1016.1
5,3.73961,0.938761,1213.46
