Iteration,Cost,Cost reduction,time (ms)
0,71.078,0.381981,214.186
1,15.2354,0.867529,408.443
2,9.06286,0.921199,609.605
3,4.72219,0.958941,808.52
4,4.16022,0.963827,1010.39
5,4.16022,0.963827,1210.27
