Iteration,Cost,Cost reduction,time (ms)
0,4742.62,0.00136391,135.548
1,4703.98,0.00949937,234.7
2,4653.92,0.0200405,337.729
3,4612.7,0.0287194,452.674
4,3456.74,0.272126,568.539
5,2940.94,0.380737,709.97
