Iteration,Cost,Cost reduction,time (ms)
0,47.1059,0,38.883
1,2.28243,0.951547,59.927
2,2.28243,0.951547,68.822
3,2.28243,0.951547,74.278
4,2.22908,0.952679,79.463
5,2.22908,0.952679,86.484
6,2.08629,0.955711,90.99
7,2.08629,0.955711,97.258
