Iteration,Cost,Cost reduction,time (ms)
0,41.1094,0.0429661,108.298
1,24.1371,0.438084,185.337
2,12.8926,0.699858,267.273
3,12.8926,0.699858,340.042
4,11.0914,0.741791,388.167
5,10.5134,0.755246,464.481
