Iteration,Cost,Cost reduction,time (ms)
0,78.471,0.366473,149.954
1,66.2,0.465541,259.134
2,52.3243,0.577565,381.297
3,22.9699,0.814555,506.858
4,22.8235,0.815737,646.944
5,21.7765,0.82419,788.706
