Iteration,Cost,Cost reduction,time (ms)
0,4611.57,0.00140234,178.631
1,4572.93,0.00976969,334.839
2,4523.09,0.0205618,504.352
3,3851.31,0.166029,696.387
4,1440.44,0.688084,913.911
5,1307.43,0.716887,1112.74
