Iteration,Cost,Cost reduction,time (ms)
0,23.1756,0.416173,581.587
1,16.1508,0.593139,1102.35
2,13.9207,0.649318,1615.38
3,13.9207,0.649318,2152.5
4,11.6756,0.705874,2247.01
5,8.5581,0.784409,2742.78
