Iteration,Cost,Cost reduction,time (ms)
0,4218.33,0.00153312,167.959
1,4179.69,0.0106781,270.317
2,4129.63,0.0225269,375.969
3,4087.09,0.0325973,492.661
4,1739.69,0.58822,606.274
5,1093.99,0.741055,730.541
