Iteration,Cost,Cost reduction,time (ms)
0,4284.89,0.00150927,131.921
1,4246.25,0.0105118,228.886
2,4196.2,0.0221751,331.064
3,4196.2,0.0221751,442.727
4,4196.2,0.0221751,513.875
5,4196.2,0.0221751,583.035
