Iteration,Cost,Cost reduction,time (ms)
0,77.889,0.391909,575.109
1,67.177,0.475539,1139.65
2,49.9838,0.609769,1676.63
3,44.3937,0.653412,2226.26
4,39.2455,0.693604,2792.61
5,39.2455,0.693604,3351.01
