Iteration,Cost,Cost reduction,time (ms)
0,80.3708,0.340891,149.663
1,80.3708,0.340891,264.122
2,80.3708,0.340891,359.64
3,80.3708,0.340891,454.621
4,80.3708,0.340891,550.809
