Iteration,Cost,Cost reduction,time (ms)
0,25.875,0.31418,102.131
1,21.814,0.421816,176.111
2,12.6924,0.663587,250.038
3,5.56855,0.852404,332.03
4,5.56855,0.852404,410.797
5,5.02934,0.866696,459.732
