Iteration,Cost,Cost reduction,time (ms)
0,99.7404,0.320002,141.745
1,80.9642,0.448012,253.292
2,5.36213,0.963443,378.63
3,5.36213,0.963443,500.383
4,4.09273,0.972097,596.748
5,3.04441,0.979244,726.14
