Iteration,Cost,Cost reduction,time (ms)
0,4980.47,0.00129846,179.163
1,4941.83,0.00904689,336.984
2,4892,0.0190399,499.01
3,4188.43,0.160123,694.795
4,1712.54,0.656596,912.039
5,1686.03,0.661911,1112.31
