Iteration,Cost,Cost reduction,time (ms)
0,5666.05,0.0011419,145.232
1,5627.41,0.00795299,244.232
2,5577.35,0.0167783,348.395
3,5168.95,0.0887746,466.94
4,4771.62,0.158819,581.553
5,2786.09,0.508845,696.604
