Iteration,Cost,Cost reduction,time (ms)
0,65.7891,0.353261,152.152
1,55.6411,0.453022,266.164
2,51.0782,0.497876,382.008
3,40.626,0.600626,497.519
4,7.85895,0.922743,612.937
5,7.85895,0.922743,743.349
