Iteration,Cost,Cost reduction,time (ms)
0,27.9544,0.316634,105.079
1,20.0563,0.509707,178.358
2,19.7448,0.517322,250.346
3,19.7448,0.517322,323.516
4,19.7448,0.517322,373.176
5,19.7448,0.517322,423
