Iteration,Cost,Cost reduction,time (ms)
0,35.471,0.218314,187.261
1,15.6536,0.655037,383.25
2,12.4226,0.726239,566.145
3,8.42309,0.814378,744.481
4,7.57751,0.833012,922.998
5,5.38181,0.881399,1095.54
