Iteration,Cost,Cost reduction,time (ms)
0,29.3924,0.314656,113.142
1,26.9885,0.370708,186.228
2,25.8608,0.397002,257.658
3,24.8233,0.421194,332.905
4,24.8233,0.421194,411.31
