Iteration,Cost,Cost reduction,time (ms)
0,106.327,0.330602,151.114
1,97.3988,0.386808,260.206
2,41.5341,0.738514,378.6
3,40.8497,0.742823,505.584
4,39.8579,0.749068,632.109
5,19.6585,0.876237,761.195
