Iteration,Cost,Cost reduction,time (ms)
0,4179.6,0.00156621,132.21
1,4141.74,0.0106104,229.946
2,4092.4,0.0223963,331.772
3,3263.17,0.220486,440.123
4,2925.75,0.301088,549.391
5,2476.47,0.408413,661.99
