Iteration,Cost,Cost reduction,time (ms)
0,54.8095,0.250388,148.685
1,18.6279,0.745233,255.175
2,9.52021,0.869795,361.268
3,6.31849,0.913584,468.084
4,2.4538,0.96644,576.892
5,2.4538,0.96644,683.628
