Iteration,Cost,Cost reduction,time (ms)
0,4196.67,0.00154062,177.043
1,4158.03,0.010734,333.843
2,4108.2,0.0225905,500.951
3,4051.96,0.0359695,688.146
4,2504.84,0.404056,888.551
5,1441.71,0.656994,1088.53
6,1201.65,0.714107,1297.79
7,760.902,0.818968,1506.45
8,704.167,0.832467,1714.05
9,660.538,0.842847,1943.72
