Iteration,Cost,Cost reduction,time (ms)
0,4482.81,0.00144269,179.917
1,4444.17,0.01005,337.936
2,4394.33,0.0211522,506.726
3,3718.68,0.171655,695.055
4,1359.65,0.697135,912.138
5,1161.03,0.741378,1117.97
