Iteration,Cost,Cost reduction,time (ms)
0,77.4777,0.3724,148.467
1,68.7703,0.442933,256.379
2,68.7703,0.442933,373.261
3,68.7703,0.442933,453.708
4,68.7703,0.442933,531.136
5,68.7703,0.442933,608.68
