Iteration,Cost,Cost reduction,time (ms)
0,82.2194,0.183603,147.684
1,50.7521,0.496058,258.151
2,33.4755,0.667605,370.71
3,13.9431,0.861552,504.211
4,4.07612,0.959526,661.38
5,3.58568,0.964396,868.153
