Iteration,Cost,Cost reduction,time (ms)
0,154.426,0.0393694,152.477
1,53.4895,0.667261,261.052
2,5.0726,0.968445,386.147
3,2.31077,0.985626,508.493
4,2.31077,0.985626,632.053
5,2.23567,0.986093,718.05
