Iteration,Cost,Cost reduction,time (ms)
0,30.3428,0.362365,109.526
1,16.0492,0.662737,186.957
2,5.81351,0.877833,271.753
3,5.81351,0.877833,364.194
4,5.81351,0.877833,416.487
5,5.81351,0.877833,468.254
