Iteration,Cost,Cost reduction,time (ms)
0,55.303,0.412714,151.921
1,39.1992,0.583727,261.673
2,15.7079,0.833191,379.312
3,12.2696,0.869704,508.256
4,9.38939,0.90029,649.925
5,8.27403,0.912135,795.512
