Iteration,Cost,Cost reduction,time (ms)
0,4920.61,0.0013308,133.022
1,4882.75,0.00901475,229.536
2,4833.41,0.0190288,331.676
3,3918.33,0.204751,441.688
4,3398.49,0.310255,549.936
5,1529.74,0.68953,658.65
