Iteration,Cost,Cost reduction,time (ms)
0,31.2966,0.318024,587.496
1,22.3797,0.512331,1188.98
2,8.94622,0.805055,1771.54
3,8.94622,0.805055,2340.2
4,8.94622,0.805055,2433.96
5,8.94622,0.805055,2498.43
