Iteration,Cost,Cost reduction,time (ms)
0,48.6324,0.0803181,104.437
1,12.7855,0.758215,178.777
2,7.14501,0.864881,254.045
3,7.14501,0.864881,334.66
4,6.7137,0.873038,385.279
5,6.7137,0.873038,464.821
