Iteration,Cost,Cost reduction,time (ms)
0,147.322,0.0852043,211.177
1,35.1179,0.781936,417
2,8.08418,0.949801,612.67
3,5.42221,0.966331,804.57
4,4.95549,0.969229,1001.83
5,4.64415,0.971162,1199.66
