Iteration,Cost,Cost reduction,time (ms)
0,21.6243,0.439618,103.07
1,12.1135,0.686084,174.164
2,9.81625,0.745617,248.605
3,6.38537,0.834526,333.853
4,6.38537,0.834526,420.247
5,4.69618,0.878301,472.228
