Iteration,Cost,Cost reduction,time (ms)
0,5066.44,0.00127649,152.266
1,5027.81,0.00889273,255.228
2,4977.75,0.0187592,359.517
3,4954.55,0.0233336,476.808
4,3247.62,0.359812,591.991
5,2653.54,0.476921,773.793
