Iteration,Cost,Cost reduction,time (ms)
0,4611.48,0.00141977,131.053
1,4573.62,0.00961814,226.86
2,4524.29,0.0203012,328.061
3,3645.99,0.210491,436.865
4,3228.73,0.300843,545.926
5,2695.6,0.416289,659.358
