Iteration,Cost,Cost reduction,time (ms)
0,5468.91,0.00118267,412.86
1,5430.27,0.00823988,808.232
2,5380.43,0.0173417,1205.46
3,5338.88,0.0249303,1711.93
4,3711.82,0.322089,2250.85
5,3249.99,0.406435,3053.43
