Iteration,Cost,Cost reduction,time (ms)
0,35.8651,0.284432,109.275
1,20.7668,0.585668,185.386
2,20.7668,0.585668,261.449
3,20.7668,0.585668,310.191
4,20.7668,0.585668,357.491
5,20.7668,0.585668,406.423
