Iteration,Cost,Cost reduction,time (ms)
0,79.4481,0.373213,214.516
1,69.9402,0.448223,428.6
2,19.7642,0.844075,642.734
3,16.8177,0.867321,842.542
4,13.501,0.893487,1044.2
5,11.2766,0.911036,1245.87
