Iteration,Cost,Cost reduction,time (ms)
0,53.9265,0.144106,169.094
1,38.6445,0.386655,282.291
2,1.33103,0.978875,401.036
3,1.33103,0.978875,523.697
4,1.1277,0.982102,609.983
5,0.954722,0.984847,737.086
