Iteration,Cost,Cost reduction,time (ms)
0,26.7401,0.359362,633.275
1,11.4969,0.724558,1271.03
2,3.73403,0.91054,1949.75
3,3.06404,0.926592,2556.01
4,2.51638,0.939713,3178.64
5,2.15398,0.948395,3788.2
