Iteration,Cost,Cost reduction,time (ms)
0,4218.32,0.00153291,413.857
1,4179.68,0.0106791,804.435
2,4129.84,0.0224759,1203.32
3,4067.02,0.0373456,1704.63
4,2419.16,0.42739,2229.94
5,1763.97,0.582472,2976.46
