Iteration,Cost,Cost reduction,time (ms)
0,4608.07,0.00140303,180.111
1,4569.42,0.00977684,336.902
2,4519.59,0.0205755,504.343
3,4474.24,0.0304037,692.116
4,2958.36,0.358906,888.452
5,1374.22,0.702197,1100.5
