Iteration,Cost,Cost reduction,time (ms)
0,25.1594,0.433463,106.846
1,25.1594,0.433463,177.444
2,25.1594,0.433463,221.761
3,25.1594,0.433463,266.186
4,25.1594,0.433463,311.696
5,25.1594,0.433463,356.412
6,25.1594,0.433463,427.031
