Iteration,Cost,Cost reduction,time (ms)
0,31.7141,0.285639,603.92
1,18.7975,0.576585,1177.7
2,11.9466,0.730902,1686.4
3,11.605,0.738598,2233.91
4,7.66961,0.827242,2783.95
5,7.66961,0.827242,3295.42
