Iteration,Cost,Cost reduction,time (ms)
0,5232.45,0.00123649,131.926
1,5193.81,0.00861064,230.168
2,5143.76,0.0181655,332.811
3,4718.61,0.0993181,449.699
4,2416.83,0.538679,560.616
5,1373.29,0.737867,673.075
