Iteration,Cost,Cost reduction,time (ms)
0,54.8385,0.393946,216.961
1,32.8611,0.636832,416.541
2,21.1859,0.765862,625.539
3,18.6814,0.793541,836.402
4,16.6777,0.815684,1043.52
5,16.6777,0.815684,1246.87
