Iteration,Cost,Cost reduction,time (ms)
0,4552.27,0.00142051,179.103
1,4513.63,0.00989672,337.978
2,4463.79,0.0208289,507.297
3,4404.66,0.0337987,697.776
4,3465.03,0.239915,899.945
5,2793.87,0.387139,1129.72
