Iteration,Cost,Cost reduction,time (ms)
0,4196.68,0.00154087,413.505
1,4158.04,0.0107341,812.062
2,4108.2,0.022592,1207.8
3,3473.6,0.173573,1705.62
4,1315.6,0.686998,2335.5
5,1087.47,0.741273,2877.53
