Iteration,Cost,Cost reduction,time (ms)
0,54.0808,0.300718,89.666
1,33.3678,0.568545,200.565
2,33.3678,0.568545,364.198
3,33.3678,0.568545,443.284
4,24.2826,0.686018,484.45
5,24.2826,0.686018,533.113
6,22.1626,0.713431,562.541
7,18.0823,0.76619,588.997
8,18.0823,0.76619,623.028
