Iteration,Cost,Cost reduction,time (ms)
0,26.2119,0.348156,184.296
1,20.8218,0.482198,366.589
2,20.8218,0.482198,530.568
3,13.9715,0.652554,598.608
4,13.9715,0.652554,747.022
5,11.5205,0.713505,809.59
