Iteration,Cost,Cost reduction,time (ms)
0,66.5686,0.368915,153.592
1,30.2784,0.712954,261.443
2,16.9374,0.839429,380.862
3,9.92333,0.905925,520.173
4,5.07008,0.951935,658.872
5,2.82286,0.973239,795.355
