Iteration,Cost,Cost reduction,time (ms)
0,88.4689,0.35603,528.875
1,52.9009,0.614931,1092.41
2,46.5053,0.661485,1638.71
3,42.1588,0.693124,2198.62
4,36.4164,0.734923,2760.7
5,36.4164,0.734923,3310.58
