Iteration,Cost,Cost reduction,time (ms)
0,5872.02,0.00110222,143.244
1,5833.39,0.00767399,243.72
2,5783.5,0.0161618,347.885
3,5763.39,0.0195823,470.235
4,3973.96,0.323985,610.312
5,3860.05,0.343361,791.603
