Iteration,Cost,Cost reduction,time (ms)
0,120.978,0.301696,143.231
1,98.1965,0.433196,253.752
2,39.026,0.774736,365.782
3,34.4302,0.801264,480.512
4,34.4302,0.801264,588.73
