Iteration,Cost,Cost reduction,time (ms)
0,30.9777,0.324416,106.34
1,15.8036,0.655343,184.335
2,12.3703,0.73022,272.12
3,8.19408,0.821298,358.463
4,7.52169,0.835962,444.851
5,6.80691,0.85155,534.764
