Iteration,Cost,Cost reduction,time (ms)
0,27.3515,0.362957,180.066
1,24.3473,0.432927,355.956
2,11.7511,0.726305,533.807
3,11.7511,0.726305,705.308
4,11.0323,0.743048,777.315
5,6.95921,0.837913,946.942
