Iteration,Cost,Cost reduction,time (ms)
0,4403.18,0.00148713,132.114
1,4365.32,0.0100726,229.268
2,4315.98,0.0212617,330.088
3,3462.13,0.21489,437.497
4,2566.87,0.417909,547.748
5,2371.12,0.462299,653.765
