Iteration,Cost,Cost reduction,time (ms)
0,101.837,0.215251,175.56
1,32.8569,0.746806,328.782
2,12.9139,0.900486,479.179
3,12.9139,0.900486,645.537
4,12.9139,0.900486,728.819
5,12.9139,0.900486,810.446
