Iteration,Cost,Cost reduction,time (ms)
0,26.854,0.344924,595.034
1,11.4549,0.72057,1240.84
2,4.42032,0.892171,1882.11
3,3.79993,0.907304,2512.84
4,3.35419,0.918178,3135
5,2.92443,0.928662,3764.92
