Iteration,Cost,Cost reduction,time (ms)
0,39.2954,0.0992528,557.007
1,14.955,0.657195,1128.94
2,8.00604,0.816482,1667.05
3,5.0548,0.884131,2166.45
4,4.29722,0.901497,2597.65
5,4.18287,0.904118,3036.42
