Iteration,Cost,Cost reduction,time (ms)
0,170.082,0.868995,7.011
1,87.2336,0.932809,11.955
2,47.9621,0.963057,16.786
3,16.5744,0.987234,21.794
4,14.1788,0.989079,26.401
5,14.1788,0.989079,31.011
