Iteration,Cost,Cost reduction,time (ms)
0,28.7204,0.311544,110.128
1,19.1696,0.540485,185.181
2,18.4812,0.556988,265.934
3,14.4987,0.652452,349.672
4,7.55861,0.818813,433.329
5,7.55861,0.818813,512.425
