Iteration,Cost,Cost reduction,time (ms)
0,4872.89,0.00134401,134
1,4835.03,0.00910303,231.759
2,4785.69,0.0192149,333.073
3,3868.6,0.207163,440.738
4,2614.51,0.464178,549.138
5,2343.15,0.519792,653.774
