Iteration,Cost,Cost reduction,time (ms)
0,5.0894186368464345,0.0,320.2524185180664
1,4.74707433154054,0.06726589611382838,1324.1064548492432
