Iteration,Cost,Cost reduction,time (ms)
0,4403.26,0.00147102,136.606
1,4364.64,0.0102287,233.598
2,4314.73,0.021547,337.607
3,3720.98,0.156192,460.653
4,2230.47,0.494194,590.303
5,1373.46,0.68854,745.841
