Iteration,Cost,Cost reduction,time (ms)
0,29.3234,0.300007,108.44
1,25.4273,0.393013,188.15
2,24.4542,0.416242,267.493
3,23.7518,0.433009,349.309
4,5.00571,0.880506,430.768
5,4.79411,0.885557,520.979
