Iteration,Cost,Cost reduction,time (ms)
0,35.8744,0.186599,533.346
1,16.632,0.622893,1108.44
2,8.50973,0.807054,1664.86
3,6.09844,0.861727,2227.97
4,4.13231,0.906306,2812.77
5,3.6704,0.916779,3377.36
