Iteration,Cost,Cost reduction,time (ms)
0,30.3098,0.313207,184.438
1,13.9011,0.685015,364.66
2,7.57588,0.828337,557.791
3,3.30265,0.925165,749.973
4,3.30265,0.925165,941.892
5,3.21112,0.927239,1019.74
