Iteration,Cost,Cost reduction,time (ms)
0,29.6535,0.362462,108.529
1,13.8005,0.703295,189.731
2,12.0997,0.73986,281.12
3,10.8824,0.766032,374.186
4,9.60658,0.793462,463.389
5,5.7266,0.87688,554.619
