Iteration,Cost,Cost reduction,time (ms)
0,36.0389,0.403676,156.415
1,29.2371,0.516225,275.531
2,18.0241,0.701762,403.143
3,7.457,0.876612,529.612
4,5.3758,0.911049,660.476
5,3.99354,0.93392,793.509
