Iteration,Cost,Cost reduction,time (ms)
0,51.7075,0.437485,147.402
1,20.7826,0.773911,258.038
2,14.1502,0.846063,377.601
3,4.68256,0.949059,501.749
4,3.89823,0.957592,623.019
5,3.89823,0.957592,743.174
