Iteration,Cost,Cost reduction,time (ms)
0,4665.23,0.00138591,411.842
1,4626.59,0.00965724,807.668
2,4576.76,0.0203237,1201.69
3,4555.17,0.0249447,1707.02
4,2865.9,0.386541,2241.38
5,1970.89,0.578123,3135.8
