Iteration,Cost,Cost reduction,time (ms)
0,4510,0.00143384,179.915
1,4471.36,0.00998936,336.851
2,4421.52,0.021024,507.128
3,3790.1,0.160829,695.978
4,2239.03,0.504254,913.9
5,1774.86,0.607025,1116.71
