Iteration,Cost,Cost reduction,time (ms)
0,5650.39,0.00115931,134.786
1,5612.53,0.0078519,230.765
2,5563.19,0.0165739,331.599
3,4569.27,0.192273,439.375
4,1878.08,0.668006,548.143
5,1878.08,0.668006,651.955
