Iteration,Cost,Cost reduction,time (ms)
0,28.4279,0.276814,109.582
1,15.7739,0.598724,186.725
2,10.1773,0.741097,266.908
3,7.09793,0.819434,363.435
4,6.27653,0.840329,464.497
5,5.99317,0.847538,566.223
