Iteration,Cost,Cost reduction,time (ms)
0,114.222,0.320272,573.321
1,91.5791,0.455019,1147.81
2,70.5867,0.579943,1685.51
3,45.2203,0.730897,2224.49
4,38.7292,0.769525,2755.98
5,38.7292,0.769525,3319.22
