Iteration,Cost,Cost reduction,time (ms)
0,4336.02,0.00149129,180.798
1,4297.38,0.0103896,338.036
2,4247.54,0.0218664,506.993
3,3575.42,0.176644,696.604
4,1545.79,0.644032,911.151
5,862.698,0.801336,1107.16
