Iteration,Cost,Cost reduction,time (ms)
0,28.7081,0.349942,133.147
1,24.5791,0.443438,207.207
2,24.5791,0.443438,282.397
3,23.276,0.472946,332.932
4,23.2549,0.473423,411.92
5,23.2549,0.473423,491.231
