Iteration,Cost,Cost reduction,time (ms)
0,36.1613,0.186456,177.114
1,20.7896,0.532282,353.351
2,12.7088,0.714082,531.539
3,12.7088,0.714082,708.788
4,11.4744,0.741854,782.825
5,8.09098,0.817972,949.69
