Iteration,Cost,Cost reduction,time (ms)
0,83.588,0.444024,217.95
1,83.588,0.444024,416.933
2,83.149,0.446944,494.102
3,82.4288,0.451735,699.926
4,65.0279,0.567475,903.179
5,65.0279,0.567475,1105.65
