Iteration,Cost,Cost reduction,time (ms)
0,27.6511,0.299733,101.98
1,11.9247,0.698005,174.41
2,7.19203,0.817861,248.217
3,7.12621,0.819528,324.573
4,7.08494,0.820573,402.827
5,7.08494,0.820573,479.787
