Iteration,Cost,Cost reduction,time (ms)
0,57.2404,0.283298,150.617
1,12.4436,0.844195,260.572
2,8.37327,0.895159,367.733
3,8.37327,0.895159,477.277
4,8.37327,0.895159,553.017
5,8.37327,0.895159,629.359
