Iteration,Cost,Cost reduction,time (ms)
0,65.0872,0.377372,155.233
1,53.5113,0.488108,263.791
2,44.3645,0.575607,391.039
3,26.1667,0.749688,527.302
4,26.1667,0.749688,685.828
5,25.6656,0.754482,767.508
