Iteration,Cost,Cost reduction,time (ms)
0,26.5537,0.336735,592.711
1,19.4344,0.514562,1183.6
2,16.6824,0.583301,1700.51
3,10.1873,0.745538,2239.11
4,9.36148,0.766166,2796.26
5,9.36148,0.766166,3348.73
