Iteration,Cost,Cost reduction,time (ms)
0,29.4369,0.340335,584.217
1,19.2227,0.56923,1128.26
2,11.5639,0.740861,1665.78
3,5.90583,0.867654,2192.4
4,5.66335,0.873088,2730.45
5,4.72843,0.894039,3272.38
