Iteration,Cost,Cost reduction,time (ms)
0,5305.79,0.00121919,420.113
1,5267.15,0.00849303,816.823
2,5217.31,0.0178753,1212.68
3,4517.46,0.149618,1710.17
4,1889.22,0.644367,2339.7
5,1008.81,0.810098,2886.29
