Iteration,Cost,Cost reduction,time (ms)
0,54.5405,0.197773,220.429
1,51.727,0.239157,336.732
2,21.2528,0.687397,464.016
3,15.797,0.767645,606.621
4,7.76016,0.885857,748.423
5,4.46275,0.934358,888.133
