Iteration,Cost,Cost reduction,time (ms)
0,65.1339,0.502525,145.694
1,32.0494,0.755215,257.737
2,11.0417,0.915667,379.126
3,8.56321,0.934597,500.809
4,8.56321,0.934597,618.923
