Iteration,Cost,Cost reduction,time (ms)
0,27.7572,0.316645,105.132
1,24.2615,0.402706,179.254
2,18.2996,0.549482,250.2
3,18.2996,0.549482,323.907
4,18.2996,0.549482,373.391
5,18.2996,0.549482,423.324
