Iteration,Cost,Cost reduction,time (ms)
0,88.3206,0.251123,143.865
1,77.0393,0.346778,251.924
2,10.6769,0.90947,362.8
3,3.47203,0.97056,488.895
4,3.1331,0.973434,621.739
5,3.1331,0.973434,753.063
