Iteration,Cost,Cost reduction,time (ms)
0,28.2379,0.359418,584.537
1,11.7667,0.733071,1181.02
2,9.49906,0.784512,1735.89
3,9.0614,0.79444,2285.76
4,9.0614,0.79444,2824.54
5,8.71439,0.802312,2879.87
