Iteration,Cost,Cost reduction,time (ms)
0,4482.81,0.00144279,412.161
1,4444.17,0.01005,807.698
2,4394.33,0.0211526,1203.3
3,4298.87,0.0424163,1704.15
4,2401.31,0.465103,2278.72
5,1807.36,0.597406,2816.79
