Iteration,Cost,Cost reduction,time (ms)
0,43.4573,0.00310603,532.948
1,17.5804,0.596711,1104.8
2,6.58298,0.848989,1673.25
3,3.93419,0.909751,2209.8
4,3.93419,0.909751,2760.93
5,3.77365,0.913434,2853.33
