Iteration,Cost,Cost reduction,time (ms)
0,29.164,0.379206,106.833
1,18.2637,0.611233,182.654
2,18.2637,0.611233,260.108
3,18.2637,0.611233,311.112
4,18.2566,0.611385,363.922
5,18.2566,0.611385,446.304
