Iteration,Cost,Cost reduction,time (ms)
0,4199.82,0.00153945,180.507
1,4161.18,0.0107259,339.237
2,4111.34,0.0225735,507.547
3,3454.07,0.178832,698.96
4,1357.98,0.677155,915.554
5,1310.09,0.688541,1109.53
