Iteration,Cost,Cost reduction,time (ms)
0,4168.93,0.00155064,413.21
1,4130.29,0.0108051,808.846
2,4080.46,0.0227395,1206.06
3,4059.83,0.0276804,1709.92
4,2509.66,0.398942,2244.25
5,1298,0.689132,3135.94
