Iteration,Cost,Cost reduction,time (ms)
0,5143.55,0.00127325,130.779
1,5105.69,0.00862455,228.121
2,5056.35,0.0182051,329.053
3,4122.8,0.199474,436.464
4,3346.91,0.350128,544.659
5,3346.91,0.350128,648.065
