Iteration,Cost,Cost reduction,time (ms)
0,107.644,0.323489,579.002
1,73.0696,0.540781,1114.5
2,63.8976,0.598424,1642.7
3,25.7003,0.838482,2176.34
4,25.7003,0.838482,2726.59
5,25.7003,0.838482,2815.65
