Iteration,Cost,Cost reduction,time (ms)
0,24.8906,0.402118,112.501
1,13.943,0.665084,184.038
2,13.4694,0.676461,261.815
3,13.4694,0.676461,343.485
4,13.4694,0.676461,395.288
5,13.4694,0.676461,447.06
