Iteration,Cost,Cost reduction,time (ms)
0,27.8318,0.384791,107.081
1,18.5076,0.590899,180.823
2,18.1747,0.598256,257.062
3,17.9314,0.603636,336.493
4,15.4848,0.657715,429.875
5,13.0574,0.711372,525.665
