Iteration,Cost,Cost reduction,time (ms)
0,120.365,0.196649,576.787
1,63.3487,0.577192,1126.13
2,35.185,0.765164,1699.99
3,8.35383,0.944244,2320.58
4,8.35383,0.944244,2949.99
5,7.62767,0.949091,3051.72
