Iteration,Cost,Cost reduction,time (ms)
0,50.022,0.41113,147.532
1,50.022,0.41113,257.25
2,50.022,0.41113,337.413
3,50.022,0.41113,415.956
4,50.022,0.41113,494.733
5,50.022,0.41113,574.396
