Iteration,Cost,Cost reduction,time (ms)
0,102.261,0.180364,145.977
1,64.0553,0.486586,253.965
2,46.7702,0.625128,371.254
3,10.7445,0.913881,496.416
4,10.7445,0.913881,625.091
5,10.7445,0.913881,708.455
