Iteration,Cost,Cost reduction,time (ms)
0,92.5936,0.404043,160.68
1,72.3746,0.534177,264.36
2,29.9956,0.80694,378.88
3,27.083,0.825686,501.863
4,26.729,0.827965,628.434
5,15.9878,0.897098,754.008
