Iteration,Cost,Cost reduction,time (ms)
0,32.6363,0.217323,566.743
1,19.5504,0.531146,1085.72
2,15.1086,0.637669,1580.24
3,10.4504,0.749381,2080.27
4,10.4504,0.749381,2578.55
5,10.4504,0.749381,2670.49
