Iteration,Cost,Cost reduction,time (ms)
0,5305.79,0.00121914,181.829
1,5267.15,0.008493,341.265
2,5217.31,0.017875,510.412
3,4514.81,0.150115,701.213
4,2145.14,0.596191,916.987
5,1854.58,0.650887,1114.17
