Iteration,Cost,Cost reduction,time (ms)
0,5335.46,0.00122748,130.974
1,5297.6,0.0083147,228.399
2,5248.26,0.017551,330.084
3,4288.77,0.197163,438.074
4,3735.19,0.300791,545.673
5,1047.86,0.803846,654.709
