Iteration,Cost,Cost reduction,time (ms)
0,29.7299,0.348972,581.652
1,13.3893,0.706801,1188.63
2,5.52757,0.878957,1756.6
3,4.99725,0.89057,2316.93
4,4.60928,0.899066,2877.09
5,4.43157,0.902957,3437.7
