Iteration,Cost,Cost reduction,time (ms)
0,36.2276,0.692749,16.721
1,17.433,0.852149,28.809
2,12.0734,0.897604,40.765
3,7.83093,0.933585,52.632
4,7.83093,0.933585,63.479
