Iteration,Cost,Cost reduction,time (ms)
0,36.3222,0.232143,109.96
1,23.2078,0.509385,189.65
2,13.4622,0.715407,278.021
3,9.34649,0.802414,379.825
4,9.34649,0.802414,481.165
5,8.55409,0.819166,540.677
