Iteration,Cost,Cost reduction,time (ms)
0,5143.64,0.00125817,153.897
1,5105.01,0.00875936,254.454
2,5055.11,0.0184479,359.576
3,5023.88,0.0245114,484.109
4,3490.48,0.322254,617.677
5,3490.48,0.322254,778.633
