Iteration,Cost,Cost reduction,time (ms)
0,99.8946,0.287834,568.097
1,59.857,0.57327,1087.59
2,55.4741,0.604516,1607.57
3,55.4741,0.604516,2133.76
4,55.4741,0.604516,2221.69
5,55.4741,0.604516,2297.85
