Iteration,Cost,Cost reduction,time (ms)
0,4373.14,0.00147843,413.084
1,4334.5,0.0103014,809.733
2,4284.67,0.02168,1205.83
3,3652.07,0.166122,1709.31
4,1523.39,0.652164,2341.79
5,911.496,0.791878,2875.44
