Iteration,Cost,Cost reduction,time (ms)
0,5143.63,0.0012574,412.28
1,5104.98,0.00876034,809.509
2,5055.15,0.0184372,1206.08
3,4984.26,0.0322025,1707.38
4,2957.82,0.425677,2198.04
5,2437.96,0.526619,2991.2
