Iteration,Cost,Cost reduction,time (ms)
0,4482.81,0.00144263,178.585
1,4444.17,0.0100499,335.925
2,4394.33,0.0211519,503.764
3,3721.75,0.17097,695.16
4,1279.79,0.714923,910.401
5,1084.85,0.758347,1105.33
