Iteration,Cost,Cost reduction,time (ms)
0,38.4502,0.279487,146.195
1,8.78446,0.835389,251.403
2,8.71247,0.836738,396.049
3,8.71247,0.836738,536.479
4,8.71247,0.836738,614.059
5,8.71247,0.836738,688.127
