Iteration,Cost,Cost reduction,time (ms)
0,116.396,0.0718755,212.699
1,42.6884,0.65961,416.165
2,7.37665,0.94118,615.031
3,7.27421,0.941997,825.339
4,5.50333,0.956117,1044.8
5,4.74872,0.962135,1265.79
6,4.56849,0.963572,1481.83
7,4.56849,0.963572,1703.23
