Iteration,Cost,Cost reduction,time (ms)
0,73.8512,0.375209,147.662
1,62.3854,0.472212,255.853
2,50.917,0.569236,368.044
3,50.917,0.569236,484.781
4,50.917,0.569236,562.008
5,50.4962,0.572796,640.826
