Iteration,Cost,Cost reduction,time (ms)
0,153.806,0.0432263,216.51
1,99.1488,0.38323,429.652
2,37.5129,0.766646,633.225
3,8.24956,0.948682,847.516
4,4.91249,0.969441,1074.09
5,4.91249,0.969441,1296.92
