Iteration,Cost,Cost reduction,time (ms)
0,4463.37,0.00144854,177.987
1,4424.73,0.0100934,335.511
2,4374.9,0.0212421,502.792
3,4135.54,0.0747926,693.217
4,3467.14,0.224327,905.239
5,1924.89,0.569362,1105.53
