Iteration,Cost,Cost reduction,time (ms)
0,4942.78,0.0013084,143.991
1,4904.14,0.00911484,243.221
2,4854.26,0.0191937,348.202
3,4749.81,0.0402979,497.937
4,3823.63,0.227433,615.763
5,2516.95,0.491449,740.754
