Iteration,Cost,Cost reduction,time (ms)
0,4942.8,0.00130867,180.987
1,4904.16,0.00911597,338.954
2,4854.32,0.0191867,506.91
3,4180.69,0.155292,696.662
4,1643.44,0.667943,915.852
5,1210.64,0.755391,1109.52
