Iteration,Cost,Cost reduction,time (ms)
0,5335.53,0.00121247,144.879
1,5296.9,0.00844456,242.036
2,5247.01,0.0177832,346.458
3,4548.06,0.148623,469.669
4,3571.06,0.331514,597.917
5,3315.21,0.379407,782.575
