Iteration,Cost,Cost reduction,time (ms)
0,4677.05,0.00138291,149.382
1,4638.41,0.00963229,249.174
2,4588.36,0.0203206,354.04
3,4544.14,0.0297621,472.673
4,3277.21,0.30027,589.556
5,2663.78,0.431246,763.326
