Iteration,Cost,Cost reduction,time (ms)
0,30.2462,0.362788,184.99
1,20.3795,0.570655,356.385
2,13.2107,0.721685,528.988
3,6.85075,0.855672,707.244
4,6.85075,0.855672,879.347
5,6.65149,0.85987,954.346
