Iteration,Cost,Cost reduction,time (ms)
0,101.179,0.330499,144.522
1,61.3169,0.594266,250.545
2,20.3294,0.865481,363.57
3,15.9902,0.894193,481.121
4,15.1673,0.899638,599.117
5,6.70861,0.955609,708.562
