Iteration,Cost,Cost reduction,time (ms)
0,48.7973,0.398036,150.802
1,21.6896,0.732437,266.27
2,5.18157,0.93608,404.965
3,5.18157,0.93608,542.582
4,5.14943,0.936477,620.748
5,5.14943,0.936477,761.372
