Iteration,Cost,Cost reduction,time (ms)
0,27.5135,0.355612,102.664
1,21.4743,0.497054,174.743
2,21.4743,0.497054,244.624
3,20.8669,0.511279,293.435
4,18.8841,0.55772,369.264
5,18.8841,0.55772,443.647
