Iteration,Cost,Cost reduction,time (ms)
0,4196.67,0.0015406,178.33
1,4158.03,0.0107339,336.599
2,4108.2,0.0225905,505.937
3,3473.73,0.17354,695.744
4,1471.97,0.649792,909.013
5,688.812,0.83612,1106.29
