Iteration,Cost,Cost reduction,time (ms)
0,124.121,0.310936,148.163
1,105.459,0.414543,256.438
2,69.6153,0.613528,368.277
3,41.8795,0.767504,488.078
4,34.074,0.810837,606.555
5,34.074,0.810837,714.064
