Iteration,Cost,Cost reduction,time (ms)
0,4199.84,0.00154044,140.784
1,4161.2,0.0107247,239.306
2,4111.31,0.022587,343.793
3,3801.6,0.0962152,468.27
4,3391.37,0.193743,615.618
5,2229.44,0.469978,779.593
