Iteration,Cost,Cost reduction,time (ms)
0,70.0711,0.215524,585.589
1,39.366,0.559281,1153.96
2,21.2073,0.762576,1691.95
3,13.6182,0.847538,2221.7
4,6.51765,0.927032,2779.76
5,6.51765,0.927032,3327.43
