Iteration,Cost,Cost reduction,time (ms)
0,4179.68,0.00154698,178.177
1,4141.04,0.0107776,337.781
2,4091.2,0.022683,505.241
3,3433.09,0.179895,695.079
4,1880.97,0.55067,912.214
5,1504.86,0.640516,1109.58
