Iteration,Cost,Cost reduction,time (ms)
0,100.545,0.365301,146.085
1,100.545,0.365301,250.948
2,100.545,0.365301,322.467
3,100.545,0.365301,395.038
4,100.545,0.365301,466.879
5,100.545,0.365301,539.587
