Iteration,Cost,Cost reduction,time (ms)
0,27.8348,0.385949,189.009
1,18.7075,0.587302,366.758
2,14.6254,0.677355,544.109
3,14.289,0.684777,722.121
4,9.7878,0.784076,903.216
5,4.66673,0.897049,1084.94
