Iteration,Cost,Cost reduction,time (ms)
0,5.17549,0.869005,564.867
1,5.17549,0.869005,1256.14
2,5.17549,0.869005,1450.12
3,5.17549,0.869005,1643.33
4,5.17549,0.869005,1836.26
5,5.17549,0.869005,2033.08
6,3.12293,0.920956,2157.97
7,3.12293,0.920956,2658.48
