Iteration,Cost,Cost reduction,time (ms)
0,72.0796,0.35351,149.843
1,57.2025,0.486944,258.728
2,25.6714,0.76975,378.254
3,22.3562,0.799485,510.714
4,17.8841,0.839595,646.067
5,13.3342,0.880404,784.341
