Iteration,Cost,Cost reduction,time (ms)
0,111.239,0.140193,584.95
1,24.4432,0.81107,1156.65
2,13.724,0.893923,1708.32
3,8.2877,0.935942,2265.04
4,8.2877,0.935942,2802.1
5,8.2877,0.935942,2887.84
