Iteration,Cost,Cost reduction,time (ms)
0,32.7094,0.306466,104.552
1,15.8272,0.664418,179.277
2,15.1189,0.679435,252.108
3,14.9214,0.683623,329.921
4,13.3456,0.717035,409.913
5,7.69948,0.836749,490.834
