Iteration,Cost,Cost reduction,time (ms)
0,114.888,0.354223,151.407
1,112.621,0.366961,260.784
2,91.5947,0.485151,384.057
3,89.0346,0.499541,520.082
4,72.6476,0.591652,670.972
5,59.155,0.667493,837
