Iteration,Cost,Cost reduction,time (ms)
0,5621.82,0.00116494,132.166
1,5583.96,0.00789163,228.125
2,5534.62,0.0166571,329.021
3,4549.36,0.191709,437.472
4,3993,0.290558,545.625
5,2704.98,0.519404,655.254
