Iteration,Cost,Cost reduction,time (ms)
0,107.91,0.31881,220.75
1,32.9767,0.791831,425.617
2,25.7486,0.837459,634.856
3,23.9875,0.848577,828.149
4,14.6626,0.907441,1026.74
5,11.5028,0.927387,1226.28
