Iteration,Cost,Cost reduction,time (ms)
0,32.1737,0.309448,103.116
1,32.1737,0.309448,172.343
2,29.0275,0.376977,223.221
3,29.0275,0.376977,295.794
4,28.941,0.378832,345.766
5,17.4527,0.625409,425.242
