Iteration,Cost,Cost reduction,time (ms)
0,80.4448,0.341293,147.346
1,61.865,0.49343,252.579
2,21.1902,0.826488,365.057
3,20.553,0.831706,479.875
4,20.553,0.831706,589.658
5,20.4173,0.832817,670.784
