Iteration,Cost,Cost reduction,time (ms)
0,53.2395,0.0249042,140.411
1,23.1043,0.576838,245.635
2,18.9359,0.653183,375.328
3,15.7076,0.712311,529.713
4,15.7076,0.712311,705.739
5,15.7076,0.712311,788.28
