Iteration,Cost,Cost reduction,time (ms)
0,4179.48,0.00154693,416.151
1,4140.84,0.010778,814.085
2,4091,0.0226832,1209.82
3,4043.71,0.033982,1713.51
4,2533.17,0.394841,2301.99
5,1402.75,0.664892,2972.6
