Iteration,Cost,Cost reduction,time (ms)
0,4606.13,0.00140419,414.647
1,4567.49,0.00978134,810.204
2,4517.65,0.0205871,1206.25
3,4498.14,0.0248162,1702.33
4,3237.04,0.298219,2201.88
5,2160.46,0.531619,3120.77
