Iteration,Cost,Cost reduction,time (ms)
0,4373.16,0.00147941,138.885
1,4334.53,0.0103003,236.624
2,4284.63,0.0216931,340.907
3,4264.51,0.0262874,462.827
4,2355.72,0.462119,591.791
5,2214.03,0.494473,747.542
