Iteration,Cost,Cost reduction,time (ms)
0,137.259,0.113735,549.32
1,51.3504,0.668437,1101
2,11.0665,0.928545,1623.83
3,9.87823,0.936218,2174.56
4,9.87823,0.936218,2723.83
5,9.87823,0.936218,2815.91
