Iteration,Cost,Cost reduction,time (ms)
0,30.6912,0.312353,103.405
1,26.6929,0.401936,178.078
2,19.5974,0.560914,254.32
3,5.58822,0.874794,332.357
4,5.58822,0.874794,411.299
5,5.58822,0.874794,464.948
