Iteration,Cost,Cost reduction,time (ms)
0,68.3009,0.360622,148.744
1,68.3009,0.360622,258.288
2,68.3009,0.360622,338.279
3,68.3009,0.360622,416.957
4,68.3009,0.360622,496.829
5,68.3009,0.360622,577.122
