Iteration,Cost,Cost reduction,time (ms)
0,21.5316,0.832596,149.983
1,21.5316,0.832596,252.303
2,21.5316,0.832596,329.27
3,21.5316,0.832596,408.016
4,21.5316,0.832596,487.537
5,21.5316,0.832596,567.908
