Iteration,Cost,Cost reduction,time (ms)
0,100.432,0.354669,224.302
1,37.454,0.759338,434.841
2,33.6596,0.783719,640.37
3,15.7391,0.898868,848.07
4,8.08585,0.948044,1070.16
5,7.3659,0.95267,1288.36
