Iteration,Cost,Cost reduction,time (ms)
0,33.784,0.432028,152.108
1,32.0468,0.461234,259.308
2,20.3226,0.65834,371.557
3,15.9528,0.731803,491.819
4,12.2234,0.794502,609.948
5,11.5691,0.805502,735.827
