Iteration,Cost,Cost reduction,time (ms)
0,40.4763,0.124671,322.287
1,23.7848,0.485637,582.646
2,23.7848,0.485637,853.364
3,23.7848,0.485637,1026.17
4,23.7848,0.485637,1184.2
