Iteration,Cost,Cost reduction,time (ms)
0,31.3917,0.321848,582.243
1,27.0378,0.415905,1151.15
2,21.4158,0.537357,1671.72
3,20.9452,0.547523,2175.46
4,20.9452,0.547523,2670.56
5,20.9452,0.547523,2762.19
