Iteration,Cost,Cost reduction,time (ms)
0,5143.61,0.00125831,134.463
1,5104.98,0.00875845,234.603
2,5055.09,0.0184457,339.21
3,4977.4,0.0335302,458.645
4,2088.66,0.594442,581.531
5,1716.34,0.666735,810.251
