Iteration,Cost,Cost reduction,time (ms)
0,25.7587,0.360347,111.021
1,24.4867,0.391934,191.009
2,22.1808,0.449194,278.843
3,21.3197,0.470576,374.589
4,21.3197,0.470576,467.124
5,20.3623,0.494352,524.879
