Iteration,Cost,Cost reduction,time (ms)
0,60.647,0.368694,528.22
1,30.2531,0.685079,1094.34
2,21.5459,0.775717,1661.13
3,18.0004,0.812624,2217.29
4,16.2428,0.83092,2770.98
5,13.1657,0.862951,3313.52
