Iteration,Cost,Cost reduction,time (ms)
0,86.5444,0.333278,180.834
1,52.6245,0.59459,292.189
2,9.21117,0.929039,422.463
3,4.80554,0.962979,556.081
4,4.80554,0.962979,686.646
5,4.68306,0.963923,768.713
