Iteration,Cost,Cost reduction,time (ms)
0,87.8471,0.177745,212.534
1,56.0132,0.475712,416.745
2,8.45146,0.920894,628.028
3,6.1421,0.942509,860.61
4,4.09426,0.961677,1093.58
5,3.69052,0.965456,1326.91
