Iteration,Cost,Cost reduction,time (ms)
0,24.0401,0.516326,12.755
1,21.6578,0.564258,22.987
2,15.3877,0.690408,33.157
3,15.3877,0.690408,41.774
4,15.3877,0.690408,46.113
