Iteration,Cost,Cost reduction,time (ms)
0,31.6643,0.287337,101.471
1,11.6601,0.737569,172.993
2,9.95659,0.775909,245.649
3,5.72327,0.871187,320.43
4,5.30326,0.88064,397.417
5,5.27401,0.881299,475.295
