Iteration,Cost,Cost reduction,time (ms)
0,101.994,0.0159214,153.779
1,29.1483,0.718765,270.765
2,21.9817,0.787911,390.667
3,18.2758,0.823668,523.38
4,7.9724,0.923079,645.348
5,5.80626,0.943979,773.578
