Iteration,Cost,Cost reduction,time (ms)
0,103.119,0.125433,67.306
1,103.119,0.125433,120.472
2,103.119,0.125433,148.645
3,103.119,0.125433,172.283
4,103.119,0.125433,198.051
5,103.119,0.125433,224.054
6,103.119,0.125433,237.872
