Iteration,Cost,Cost reduction,time (ms)
0,5815.82,0.00111195,177.13
1,5777.18,0.00774874,335.667
2,5727.35,0.016307,502.833
3,4972.48,0.145959,695.006
4,2715.9,0.533535,910.819
5,1155.19,0.801592,1109.71
