Iteration,Cost,Cost reduction,time (ms)
0,36.8881,0.22121,99.599
1,36.8881,0.22121,173.491
2,36.8881,0.22121,226.27
3,36.8881,0.22121,281.298
4,36.8881,0.22121,341.336
5,36.8881,0.22121,397.141
