Iteration,Cost,Cost reduction,time (ms)
0,34.7103,0.453052,222.193
1,8.84408,0.860639,429.531
2,5.66288,0.910767,628.32
3,3.94529,0.937832,824.716
4,3.49216,0.944972,1024.72
5,3.24042,0.948939,1220.24
