Iteration,Cost,Cost reduction,time (ms)
0,23.5248,0.38466,179.281
1,12.9997,0.659965,361.29
2,8.04428,0.789585,537.386
3,5.70986,0.850647,703.589
4,4.7673,0.875301,875.533
5,4.7673,0.875301,1043.44
