Iteration,Cost,Cost reduction,time (ms)
0,1.59387,0.971245,7.124
1,0.610745,0.988981,12.123
2,0.540313,0.990252,16.925
3,0.522252,0.990578,21.244
4,0.510054,0.990798,25.403
5,0.474956,0.991431,29.866
6,0.440675,0.99205,34.023
7,0.43283,0.992191,39.141
8,0.43283,0.992191,43.33
