Iteration,Cost,Cost reduction,time (ms)
0,253.314,0.822643,17.913
1,143.147,0.899776,30.752
2,74.9993,0.947489,43.43
3,7.67932,0.994623,56.046
4,2.30372,0.998387,68.607
5,2.30372,0.998387,80.484
