Iteration,Cost,Cost reduction,time (ms)
0,46.0789,0,182.518
1,45.8808,0.00429825,235.85
2,34.8485,0.243722,411.951
3,33.6877,0.268913,587.626
4,29.9166,0.350753,759.215
5,28.8471,0.373962,931.98
