Iteration,Cost,Cost reduction,time (ms)
0,74.4988,0.441927,196.824
1,44.9071,0.6636,306.625
2,41.7443,0.687292,428.518
3,10.6067,0.920545,554.926
4,10.6067,0.920545,687.293
5,8.42805,0.936865,767.573
