Iteration,Cost,Cost reduction,time (ms)
0,68.2668,0.389781,159.269
1,47.7607,0.573079,276.609
2,18.259,0.836787,423.916
3,14.9493,0.866372,581.494
4,12.2211,0.890759,754.494
5,5.68228,0.949208,915.755
