Iteration,Cost,Cost reduction,time (ms)
0,96.8522,0.335073,205.032
1,95.7869,0.342387,320.586
2,28.8432,0.80198,435.826
3,26.9398,0.815048,558.176
4,26.9398,0.815048,681.094
5,9.56865,0.934308,763.797
