Iteration,Cost,Cost reduction,time (ms)
0,74.6774,0.331199,147.256
1,40.1664,0.640275,253.044
2,40.1664,0.640275,370.609
3,39.4898,0.646335,452.422
4,14.1714,0.873082,566.191
5,13.7863,0.876532,687.646
