Iteration,Cost,Cost reduction,time (ms)
0,34.6215,0.205984,540.789
1,15.4023,0.646761,1119.57
2,15.1348,0.652896,1713.66
3,7.59222,0.825879,2279.02
4,7.06853,0.837889,2845.87
5,5.83122,0.866266,3454.38
