Iteration,Cost,Cost reduction,time (ms)
0,25.5256,0.788741,198.442
1,25.5256,0.788741,408.141
2,25.5256,0.788741,532.755
3,25.5256,0.788741,592.835
4,25.5256,0.788741,627.451
5,25.5256,0.788741,647.699
6,23.6874,0.803955,782.392
7,23.6874,0.803955,810.402
