Iteration,Cost,Cost reduction,time (ms)
0,4179.39,0.00156597,129.872
1,4141.53,0.0106108,226.251
2,4092.19,0.0223972,327.497
3,3287.05,0.214742,435.485
4,3033.8,0.275241,548.514
5,2437.51,0.417692,659.603
