Iteration,Cost,Cost reduction,time (ms)
0,70.7119,0.318442,541.371
1,43.3172,0.582487,1065.45
2,17.0368,0.835791,1626.55
3,9.13167,0.911984,2192.16
4,6.67724,0.935641,2751.72
5,4.59854,0.955677,3352.16
