Iteration,Cost,Cost reduction,time (ms)
0,57.6786,0.495743,68.574
1,26.4031,0.76917,174.603
2,26.4031,0.76917,311.374
3,26.4031,0.76917,403.932
4,26.4031,0.76917,481.486
5,26.4031,0.76917,537.298
6,26.4031,0.76917,586.362
