Iteration,Cost,Cost reduction,time (ms)
0,24.883,0.415219,178.28
1,18.9681,0.554226,344.662
2,13.6599,0.678977,553.995
3,13.6599,0.678977,835.014
4,13.6599,0.678977,1028.42
5,13.6599,0.678977,1222.54
6,13.6599,0.678977,1413.74
