Iteration,Cost,Cost reduction,time (ms)
0,102.185,0.39768,575.076
1,33.3265,0.803559,1117.35
2,33.3265,0.803559,1608.25
3,33.3265,0.803559,1694.36
4,32.1133,0.81071,1770.98
5,14.201,0.916293,2264.61
