Iteration,Cost,Cost reduction,time (ms)
0,4794.92,0.00134882,184.545
1,4756.28,0.00939663,340.188
2,4706.44,0.0197768,507.039
3,4030.19,0.160622,698.353
4,1696.67,0.646629,912.326
5,1696.67,0.646629,1107.8
