Iteration,Cost,Cost reduction,time (ms)
0,26.603,0.316712,103.012
1,11.4023,0.707136,177.366
2,11.1806,0.712831,253.048
3,10.6744,0.725831,332.733
4,9.57381,0.7541,412.838
5,8.07683,0.79255,493.19
