Iteration,Cost,Cost reduction,time (ms)
0,30.6809,0.36211,605.344
1,17.5335,0.635459,1179.21
2,5.56949,0.884204,1785.11
3,3.8998,0.918919,2394.96
4,3.08676,0.935823,2986.72
5,3.08676,0.935823,3608.03
