Iteration,Cost,Cost reduction,time (ms)
0,35.6257,0.481314,146.332
1,26.1802,0.618834,254.675
2,7.29292,0.89382,384.73
3,4.56575,0.933526,523.459
4,4.56575,0.933526,668.601
5,4.56575,0.933526,749.184
