Iteration,Cost,Cost reduction,time (ms)
0,30.3458,0.357743,112.025
1,13.3088,0.718325,193.045
2,10.9823,0.767564,283.117
3,8.22959,0.825824,380.822
4,5.32957,0.887202,480.358
5,4.31229,0.908732,582.423
