Iteration,Cost,Cost reduction,time (ms)
0,24.3958,0.438422,124.174
1,17.4682,0.597893,197.952
2,16.4703,0.620864,271.369
3,16.4703,0.620864,353.901
4,13.9745,0.678316,405.835
5,13.585,0.687281,490.965
