Iteration,Cost,Cost reduction,time (ms)
0,49.4788,0.170416,139.746
1,14.0169,0.764986,249.964
2,2.5332,0.957527,369.209
3,1.44555,0.975763,489.749
4,1.43451,0.975948,608.44
5,1.43451,0.975948,725.445
