Iteration,Cost,Cost reduction,time (ms)
0,4702.79,0.00137552,152.179
1,4664.16,0.00957907,250.403
2,4614.27,0.0201727,354.953
3,4554.09,0.0329516,476.932
4,2200.68,0.532691,601.077
5,1490.5,0.683497,837.368
