Iteration,Cost,Cost reduction,time (ms)
0,29.0832,0.442041,155.912
1,16.8168,0.67737,263.4
2,8.59872,0.835034,380.093
3,3.23212,0.937992,505.086
4,1.89125,0.963716,632.827
5,1.89125,0.963716,758.112
