Iteration,Cost,Cost reduction,time (ms)
0,33.0526,0.381885,20.173
1,22.9536,0.570745,35.096
2,15.5788,0.708662,50.776
3,9.53882,0.821615,64.667
4,7.88494,0.852544,79.04
5,7.51418,0.859477,92.441
6,6.98576,0.86936,105.847
7,6.98576,0.86936,117.981
