Iteration,Cost,Cost reduction,time (ms)
0,4593.13,0.00140806,414.726
1,4554.48,0.00980893,809.969
2,4504.64,0.0206448,1207.76
3,3867.18,0.159237,1706.15
4,1481.36,0.677938,2335.33
5,861.776,0.812641,2875.17
