Iteration,Cost,Cost reduction,time (ms)
0,4168.94,0.00155074,412.875
1,4130.3,0.0108052,809.329
2,4080.46,0.0227403,1203.87
3,3456.46,0.172187,1712.2
4,1410.97,0.662078,2347.09
5,909.586,0.782157,2880.03
