Iteration,Cost,Cost reduction,time (ms)
0,43.8604,0.467697,146.82
1,9.17021,0.888708,248.937
2,5.65602,0.931357,358.747
3,1.94802,0.976358,469.912
4,1.60928,0.980469,582.874
5,1.60928,0.980469,692.708
