Iteration,Cost,Cost reduction,time (ms)
0,4447.88,0.00145426,136.42
1,4409.24,0.0101277,235.183
2,4359.35,0.0213283,342.877
3,4345.69,0.0243947,465.032
4,3303.43,0.258381,593.62
5,1924.88,0.567865,743.671
