Iteration,Cost,Cost reduction,time (ms)
0,26.6025,0.322719,102.786
1,16.8273,0.571589,175.243
2,16.8273,0.571589,245.811
3,14.9614,0.619094,297.261
4,14.5485,0.629604,375.529
5,8.03091,0.795539,454.562
