Iteration,Cost,Cost reduction,time (ms)
0,31.0921,0.336587,105.71
1,20.0143,0.572956,182.364
2,20.0143,0.572956,257.897
3,14.1019,0.699108,314.009
4,13.5388,0.711122,397.75
5,13.5388,0.711122,477.491
