Iteration,Cost,Cost reduction,time (ms)
0,24.9047,0.427735,186.599
1,17.771,0.591656,352.51
2,15.8269,0.636328,516.124
3,14.663,0.663072,681.314
4,5.59076,0.871535,844.949
5,5.59076,0.871535,1014
