Iteration,Cost,Cost reduction,time (ms)
0,103.452,0.315457,150.305
1,97.1423,0.35721,260.945
2,86.0546,0.430578,381.108
3,33.2022,0.780301,509.144
4,30.5028,0.798163,677.349
5,30.5028,0.798163,842.61
