Iteration,Cost,Cost reduction,time (ms)
0,41.5206,0.118914,103.947
1,21.0723,0.552836,178.149
2,21.0723,0.552836,250.868
3,17.4654,0.629376,305.703
4,14.2181,0.698286,387.779
5,14.2181,0.698286,468.463
