Iteration,Cost,Cost reduction,time (ms)
0,61.401,0.227522,162.339
1,13.6343,0.828469,289.416
2,9.05445,0.886087,422.719
3,9.05445,0.886087,548.285
4,9.05445,0.886087,622.245
5,9.05445,0.886087,708.701
