Iteration,Cost,Cost reduction,time (ms)
0,26.69,0.315228,104.473
1,21.934,0.437251,183.589
2,21.934,0.437251,261.5
3,21.934,0.437251,309.504
4,21.934,0.437251,359.928
5,21.934,0.437251,410.286
