Iteration,Cost,Cost reduction,time (ms)
0,5854.16,0.00110506,178.996
1,5815.51,0.00769833,335.766
2,5765.67,0.0162025,504.693
3,5011.41,0.144903,694.51
4,2511.59,0.571447,911.737
5,1366.12,0.766898,1110.69
