Iteration,Cost,Cost reduction,time (ms)
0,31.116,0.315349,108.551
1,27.377,0.397619,186.387
2,25.5846,0.437058,262.969
3,24.4757,0.461457,344.948
4,11.9286,0.737534,435.964
5,6.95489,0.846971,546.295
