Iteration,Cost,Cost reduction,time (ms)
0,341.426,0.763063,16.416
1,88.7238,0.938429,40.708
2,43.3398,0.969924,53.037
3,43.3398,0.969924,107.383
4,43.3398,0.969924,146.095
5,22.5363,0.984361,170.372
6,6.54636,0.995457,198.801
7,6.54636,0.995457,222.415
