Iteration,Cost,Cost reduction,time (ms)
0,30.4429,0.31449,104.286
1,15.3301,0.654799,181.614
2,10.2542,0.769098,262.052
3,6.69536,0.849235,344.966
4,6.29335,0.858287,425.887
5,6.29335,0.858287,505.465
