Iteration,Cost,Cost reduction,time (ms)
0,5650.45,0.0011445,178.117
1,5611.8,0.0079753,336.854
2,5561.97,0.0167842,505.986
3,5510.77,0.0258352,692.28
4,3835.74,0.321938,887.487
5,2200.68,0.610976,1101.64
