Iteration,Cost,Cost reduction,time (ms)
0,99.1461,0.356563,218.151
1,49.0486,0.681685,442.694
2,8.21879,0.946662,667.205
3,7.48455,0.951427,896.157
4,7.48455,0.951427,1121.92
5,5.33646,0.965368,1216.02
