Iteration,Cost,Cost reduction,time (ms)
0,41.2699,0.284751,224.048
1,19.6915,0.658727,441.99
2,12.3033,0.786772,640.576
3,9.91858,0.828101,841.437
4,6.12181,0.893903,1057.27
5,3.30953,0.942642,1280.29
