Iteration,Cost,Cost reduction,time (ms)
0,5.316338636846429,0.0,332.4136734008789
1,4.974639916114841,0.06427331742251063,1377.7246475219727
