Iteration,Cost,Cost reduction,time (ms)
0,101.656,0.241111,155.811
1,19.8161,0.852067,268.169
2,8.39482,0.93733,385.351
3,7.4829,0.944138,514.248
4,5.08504,0.962039,646.234
5,3.47169,0.974083,780.965
