Iteration,Cost,Cost reduction,time (ms)
0,26.4586,0.38905,188.134
1,16.4181,0.620893,363.018
2,15.261,0.647613,539.566
3,14.6995,0.660577,712.525
4,9.42882,0.782282,887.595
5,9.42882,0.782282,1066.53
