Iteration,Cost,Cost reduction,time (ms)
0,114.315,0.135144,187.674
1,57.9341,0.561698,306.504
2,23.8288,0.819722,439.149
3,9.83388,0.925602,613.223
4,9.83388,0.925602,838.544
5,9.83388,0.925602,926.568
