Iteration,Cost,Cost reduction,time (ms)
0,1038.7748088179837,0.0,4232.698678970337
1,96.95507899967646,0.9066640063114342,12089.475393295288
