Iteration,Cost,Cost reduction,time (ms)
0,119.203,0.310572,146.573
1,106.664,0.383095,254.062
2,92.5129,0.46494,368.4
3,63.5495,0.632453,482.51
4,28.0794,0.837599,596.195
5,28.032,0.837873,706.667
