Iteration,Cost,Cost reduction,time (ms)
0,28.2599,0.390431,183.416
1,28.2599,0.390431,338.533
2,28.2599,0.390431,397.519
3,28.2599,0.390431,447.555
4,28.2599,0.390431,498.457
5,28.2599,0.390431,549.68
