Iteration,Cost,Cost reduction,time (ms)
0,98.6655,0.30677,154.631
1,95.8692,0.326417,263.047
2,57.228,0.597912,374.973
3,45.6068,0.679563,496.469
4,38.4348,0.729954,614.259
5,38.4348,0.729954,734.064
