Iteration,Cost,Cost reduction,time (ms)
0,5650.46,0.00114476,134.898
1,5611.82,0.00797471,231.785
2,5561.77,0.0168228,334.75
3,5232.16,0.0750898,453.975
4,4262.84,0.246441,571.449
5,3327.1,0.411856,743.321
