Iteration,Cost,Cost reduction,time (ms)
0,137.146,0.219299,186.587
1,35.7548,0.796467,304.458
2,35.7548,0.796467,423.124
3,35.579,0.797468,499.932
4,35.579,0.797468,618.553
5,35.579,0.797468,693.944
