Iteration,Cost,Cost reduction,time (ms)
0,91.0429,0.229135,146.334
1,16.5773,0.859639,272.32
2,12.5789,0.893494,414.239
3,9.50748,0.9195,560.229
4,8.41141,0.92878,711.21
5,4.0034,0.966103,867.791
