Iteration,Cost,Cost reduction,time (ms)
0,37.9844,0.201519,10.552
1,26.5217,0.442478,18.324
2,26.5217,0.442478,25.78
3,26.5217,0.442478,30.499
4,21.8816,0.540019,36.23
5,21.8816,0.540019,43.381
