Iteration,Cost,Cost reduction,time (ms)
0,4776.93,0.00135405,179.687
1,4738.29,0.00943208,337.365
2,4688.44,0.019852,506.254
3,4030.98,0.157298,697.101
4,1554.51,0.675021,912.121
5,1081.57,0.773892,1106.05
