Iteration,Cost,Cost reduction,time (ms)
0,32.4136,0.326831,105.662
1,15.5341,0.677387,184.902
2,15.5341,0.677387,256.917
3,14.344,0.702102,308.286
4,14.344,0.702102,386.246
5,14.0927,0.707321,440.862
