Iteration,Cost,Cost reduction,time (ms)
0,32.7711,0.301696,103.659
1,17.8828,0.618943,176.275
2,17.8828,0.618943,247.479
3,17.8828,0.618943,299.404
4,17.8828,0.618943,351.066
5,17.8828,0.618943,402.48
