Iteration,Cost,Cost reduction,time (ms)
0,10.4359,0.784077,106.552
1,10.4359,0.784077,321.107
2,10.4359,0.784077,514.467
3,10.4359,0.784077,667.369
4,10.4359,0.784077,854.553
5,10.4359,0.784077,1047.63
6,8.33528,0.827539,1199.5
7,8.33528,0.827539,1262.63
