Iteration,Cost,Cost reduction,time (ms)
0,82.6834,0.130594,207.276
1,39.1676,0.588158,406.03
2,26.3435,0.723001,611.139
3,20.7856,0.781442,824.405
4,12.8623,0.864754,1036.45
5,6.68407,0.929718,1234.9
