Iteration,Cost,Cost reduction,time (ms)
0,116.522,0.306719,145.592
1,79.3119,0.528109,250.979
2,67.0303,0.601183,359.911
3,19.9962,0.881027,472.116
4,19.4667,0.884177,590.465
5,18.9877,0.887027,709.042
