Iteration,Cost,Cost reduction,time (ms)
0,80.629,0.36446,140.319
1,67.7857,0.465694,249.449
2,41.3445,0.674111,369.237
3,23.003,0.818684,491.856
4,21.9768,0.826773,614.047
5,19.0655,0.84972,739.649
