Iteration,Cost,Cost reduction,time (ms)
0,31.9438,0.263071,178.974
1,31.9438,0.263071,333.13
2,31.9438,0.263071,391.872
3,31.9438,0.263071,441.549
4,31.9438,0.263071,490.062
5,31.9438,0.263071,539.441
