Iteration,Cost,Cost reduction,time (ms)
0,59.0428,0.0144243,735.85
1,59.0428,0.0144243,1425.78
2,59.0428,0.0144243,1717.22
3,59.0428,0.0144243,2008.2
4,59.0428,0.0144243,2298.18
5,59.0428,0.0144243,2589.88
6,59.0428,0.0144243,2879.57
