Iteration,Cost,Cost reduction,time (ms)
0,28.8808,0.35205,108.339
1,19.5651,0.56105,183.48
2,7.0472,0.841893,257.98
3,5.87295,0.868238,336.886
4,5.87295,0.868238,417.651
5,5.56598,0.875125,469.798
