Iteration,Cost,Cost reduction,time (ms)
0,54.0472,0.12766,150.834
1,48.2068,0.221926,259.276
2,34.6135,0.441327,381.689
3,24.5647,0.603517,514.252
4,9.52981,0.846186,650.382
5,8.35794,0.8651,788.565
