Iteration,Cost,Cost reduction,time (ms)
0,30.6395,0.308877,104.731
1,18.9504,0.572545,180.051
2,14.658,0.669365,263.355
3,13.5817,0.693644,350.725
4,10.7187,0.758222,441.458
5,7.93938,0.820915,534.952
