Iteration,Cost,Cost reduction,time (ms)
0,33.1025,0.441721,149.698
1,27.2849,0.539836,253.137
2,24.9751,0.57879,360.575
3,5.12831,0.91351,469.632
4,3.82186,0.935544,576.979
5,3.54878,0.940149,685.946
