Iteration,Cost,Cost reduction,time (ms)
0,29.7685,0.3254,585.999
1,18.9952,0.569539,1160.54
2,17.1107,0.612244,1682.87
3,10.2774,0.767099,2200.28
4,10.2774,0.767099,2711.24
5,9.71813,0.779772,2806.25
