Iteration,Cost,Cost reduction,time (ms)
0,33.9588,0.27748,106.694
1,16.5826,0.647183,183.808
2,16.5826,0.647183,259.123
3,15.2717,0.675073,306.966
4,15.2717,0.675073,388.67
5,15.2717,0.675073,440.304
