Iteration,Cost,Cost reduction,time (ms)
0,5488.53,0.00119326,132.412
1,5450.67,0.00808308,229.028
2,5401.33,0.0170622,333.838
3,4427.12,0.19435,441.563
4,3869.2,0.29588,550.078
5,2778.68,0.494334,658.935
