Iteration,Cost,Cost reduction,time (ms)
0,5392.35,0.00120111,137.8
1,5353.73,0.008355,238
2,5303.82,0.0175988,342.741
3,5257.95,0.026096,465.426
4,2355.86,0.563636,584.449
5,1551.73,0.712581,750.273
