Iteration,Cost,Cost reduction,time (ms)
0,28.1521,0.325166,103.325
1,20.2702,0.514104,176.77
2,15.2589,0.63423,251.396
3,8.59397,0.793994,328.605
4,8.59397,0.793994,403.518
5,8.59397,0.793994,455.616
