Iteration,Cost,Cost reduction,time (ms)
0,29.7431,0.402801,484.893
1,29.1758,0.414191,888.575
2,28.2377,0.433027,1341.44
3,28.2377,0.433027,1817.1
4,28.2377,0.433027,1863.27
5,28.2377,0.433027,1906.66
6,28.1922,0.43394,1951.97
