Iteration,Cost,Cost reduction,time (ms)
0,5554.78,0.00116434,151.555
1,5516.15,0.00811173,251.357
2,5466.27,0.0170811,356.13
3,5403.98,0.0282806,477.009
4,3183.95,0.427476,599.565
5,3072.76,0.44747,728.477
