Iteration,Cost,Cost reduction,time (ms)
0,34.6436,0.224318,270.896
1,15.2413,0.658743,502.726
2,12.6523,0.716711,732.655
3,11.0911,0.751667,963.055
4,4.45104,0.90034,1194.79
5,4.23663,0.90514,1429.28
6,3.98293,0.910821,1663.82
7,3.1331,0.929849,1898.52
8,2.7187,0.939127,2131.42
9,2.71831,0.939136,2362.89
