Iteration,Cost,Cost reduction,time (ms)
0,34.0417,0.465813,582.621
1,17.4469,0.726221,1177.94
2,14.9995,0.764626,1732.84
3,10.8953,0.82903,2277.26
4,9.10062,0.857192,2833.67
5,9.10062,0.857192,3369.28
