Iteration,Cost,Cost reduction,time (ms)
0,124.73,0.029873,143.636
1,35.8981,0.720792,256.567
2,20.1462,0.843307,390
3,14.2324,0.889303,517.189
4,11.0998,0.913668,640.297
5,3.50411,0.972746,764.989
