Iteration,Cost,Cost reduction,time (ms)
0,5562.87,0.00116283,178.359
1,5524.23,0.00810094,336.08
2,5474.39,0.0170498,505.394
3,4737.3,0.149397,694.189
4,3202.3,0.425014,907.717
5,2144.52,0.614942,1106.94
