Iteration,Cost,Cost reduction,time (ms)
0,5793.68,0.00111676,177.957
1,5755.04,0.00777872,335.113
2,5705.19,0.0163725,504.008
3,4944.59,0.147508,692.278
4,3058.5,0.472686,904.779
5,2205.97,0.61967,1103.45
