Iteration,Cost,Cost reduction,time (ms)
0,24.8693,0.419787,115.35
1,21.3764,0.501278,190.798
2,7.74449,0.819317,265.923
3,7.74449,0.819317,358.008
4,7.74449,0.819317,410.097
5,7.74449,0.819317,461.768
