Iteration,Cost,Cost reduction,time (ms)
0,4366.5,0.0014811,181.19
1,4327.86,0.0103173,339.472
2,4278.01,0.021715,507.552
3,3646.01,0.16624,696.967
4,1444.2,0.669743,911.373
5,1284.7,0.706219,1104.02
