Iteration,Cost,Cost reduction,time (ms)
0,77.6501,0.257481,224.944
1,26.6512,0.745151,440.72
2,11.1168,0.893697,661.918
3,8.85183,0.915355,861.527
4,8.10763,0.922472,1047.37
5,5.80037,0.944535,1240.2
