Iteration,Cost,Cost reduction,time (ms)
0,28.3695,0.335517,105.707
1,19.329,0.547268,181.22
2,11.193,0.737832,258.556
3,11.193,0.737832,336.054
4,10.8239,0.746479,390.431
5,10.8239,0.746479,469.861
