Iteration,Cost,Cost reduction,time (ms)
0,15.8997,0.879585,13.382
1,9.35252,0.92917,23.101
2,6.36675,0.951782,33.045
3,6.36675,0.951782,42.886
4,6.36675,0.951782,47.056
