Iteration,Cost,Cost reduction,time (ms)
0,33.0856,0.150711,109.527
1,23.2365,0.403532,182.926
2,12.4648,0.680036,257.691
3,12.4648,0.680036,336.38
4,10.7308,0.724546,385.652
5,8.96809,0.769794,462.924
