Iteration,Cost,Cost reduction,time (ms)
0,47.923,0.219993,140.518
1,25.3755,0.586983,245.008
2,25.3755,0.586983,356.091
3,25.3755,0.586983,432.414
4,25.3755,0.586983,506.095
5,25.3755,0.586983,580.089
