Iteration,Cost,Cost reduction,time (ms)
0,5343.11,0.00121051,178.368
1,5304.47,0.00843366,336.211
2,5254.63,0.0177497,505.047
3,5190.77,0.0296887,687.201
4,3792.97,0.29098,897.573
5,2376.01,0.555851,1135.02
