Iteration,Cost,Cost reduction,time (ms)
0,4877.71,0.00132613,178.447
1,4839.07,0.00923747,335.074
2,4789.23,0.0194424,502.192
3,4143.97,0.151554,694.029
4,1890.07,0.613023,905.135
5,1180.21,0.758361,1110.08
