Iteration,Cost,Cost reduction,time (ms)
0,27.5074,0.344838,109.135
1,17.2404,0.589373,185.779
2,11.1139,0.735293,268.852
3,10.8089,0.742558,359.842
4,7.95731,0.810475,453.062
5,7.65238,0.817738,542.577
