Iteration,Cost,Cost reduction,time (ms)
0,4482.8,0.00144297,138.486
1,4444.16,0.0100485,234.655
2,4394.11,0.0211989,337.947
3,4366.9,0.0272584,453.917
4,3231.09,0.280265,569.342
5,3231.09,0.280265,710.732
