Iteration,Cost,Cost reduction,time (ms)
0,54.5537,0.408047,148.527
1,52.3056,0.432441,259.479
2,45.7807,0.503242,373.759
3,24.1542,0.737907,490.109
4,23.4192,0.745882,615.153
5,20.6744,0.775666,754.196
