Iteration,Cost,Cost reduction,time (ms)
0,22.4818,0.447428,94.631
1,18.4155,0.547371,206.96
2,18.1416,0.554103,318.53
3,18.1416,0.554103,376.924
4,18.1416,0.554103,413.722
5,18.1416,0.554103,450.539
6,18.1416,0.554103,487.241
