Iteration,Cost,Cost reduction,time (ms)
0,28.0333,0.378814,187.667
1,18.3976,0.592331,363.833
2,14.9726,0.668225,539.496
3,14.9726,0.668225,714.696
4,14.9726,0.668225,784.114
5,14.9726,0.668225,835.906
