Iteration,Cost,Cost reduction,time (ms)
0,78.4568,0.3636,214.645
1,69.8348,0.433537,423.281
2,43.4464,0.647586,632.361
3,43.4464,0.647586,827.902
4,18.493,0.849994,934.486
5,18.493,0.849994,1179
