Iteration,Cost,Cost reduction,time (ms)
0,149.712,0.155354,141.787
1,90.8648,0.487358,248.448
2,76.717,0.567177,367.241
3,66.8008,0.623123,496.637
4,60.76,0.657204,633.313
5,57.0547,0.678108,781.065
