Iteration,Cost,Cost reduction,time (ms)
0,5601.75,0.00115481,134.822
1,5563.12,0.00804345,230.476
2,5513.07,0.0169681,332.653
3,5288.37,0.0570342,448.257
4,4595.33,0.180609,565.401
5,3732.94,0.334382,767.804
