Iteration,Cost,Cost reduction,time (ms)
0,57.2218,0.0683718,204.697
1,7.92316,0.871003,396.247
2,5.44113,0.911413,594.063
3,3.57745,0.941756,795.735
4,3.3912,0.944788,1005.4
5,3.3912,0.944788,1214.59
