Iteration,Cost,Cost reduction,time (ms)
0,26.6606,0.354996,105.076
1,24.2999,0.41211,183.083
2,23.214,0.438381,262.28
3,22.3116,0.460212,346.62
4,21.3926,0.482446,431.794
5,20.5535,0.502746,517.787
