Iteration,Cost,Cost reduction,time (ms)
0,30.0857,0.314491,103.884
1,14.6739,0.665652,175.22
2,14.6739,0.665652,242.787
3,13.4506,0.693525,294.359
4,13.4506,0.693525,367.76
5,11.3649,0.741048,421.669
