Iteration,Cost,Cost reduction,time (ms)
0,25.1254,0.431035,109.885
1,15.0351,0.65953,188.359
2,14.8884,0.662853,266.431
3,14.8884,0.662853,358.601
4,14.8546,0.663617,410.881
5,13.227,0.700474,505.695
