Iteration,Cost,Cost reduction,time (ms)
0,41.4709,0.0646411,522.239
1,37.7229,0.149176,1062.76
2,21.5812,0.513246,1599.72
3,10.0051,0.774339,2138.45
4,8.64248,0.805072,2676.37
5,8.64248,0.805072,3208.74
