Iteration,Cost,Cost reduction,time (ms)
0,69.2893,0.382941,563.855
1,29.8096,0.734529,1072.31
2,29.8096,0.734529,1592.31
3,29.8096,0.734529,1674.11
4,26.7002,0.76222,1755.01
5,26.7002,0.76222,2280.93
