Iteration,Cost,Cost reduction,time (ms)
0,4677.05,0.00138277,179.176
1,4638.4,0.00963313,335.04
2,4588.57,0.0202745,503.973
3,3947.44,0.157164,692.933
4,1928.05,0.588334,907.52
5,1590.37,0.660434,1107.89
