Iteration,Cost,Cost reduction,time (ms)
0,102.805,0.219851,562.661
1,33.5556,0.745359,1125.05
2,23.1984,0.823956,1641.55
3,19.1587,0.854612,2167.64
4,18.3532,0.860725,2682.87
5,18.3532,0.860725,3195.81
