Iteration,Cost,Cost reduction,time (ms)
0,42.5533,0.181963,145.971
1,24.1061,0.536588,252.335
2,20.5486,0.604976,367.842
3,9.1111,0.82485,487.28
4,9.1111,0.82485,603.589
5,5.94828,0.885651,688.263
