Iteration,Cost,Cost reduction,time (ms)
0,27.794,0.356593,190.34
1,23.5183,0.455572,369.561
2,14.8154,0.657036,554.783
3,7.54669,0.8253,738.613
4,7.54669,0.8253,919.07
5,6.1513,0.857603,995.22
