Iteration,Cost,Cost reduction,time (ms)
0,38.6872,0.429103,209.477
1,18.5019,0.726972,414.807
2,13.7593,0.796958,617.316
3,3.67691,0.945741,817.841
4,2.92571,0.956826,1031.96
5,2.13939,0.96843,1247.69
