Iteration,Cost,Cost reduction,time (ms)
0,32.5992,0.297278,121.981
1,19.3687,0.582479,202.784
2,12.0415,0.740428,285.815
3,12.0415,0.740428,366.336
4,12.0415,0.740428,416.501
5,12.0415,0.740428,466.242
