Iteration,Cost,Cost reduction,time (ms)
0,4583.03,0.00142865,131.231
1,4545.17,0.0096778,227.861
2,4495.84,0.0204276,330.008
3,3620.18,0.211219,437.783
4,3128.09,0.318438,546.126
5,2307.1,0.49732,654.539
