Iteration,Cost,Cost reduction,time (ms)
0,134.343,0.0322081,147.041
1,33.8237,0.756337,265.814
2,33.8237,0.756337,378.231
3,33.8237,0.756337,456.24
4,33.7393,0.756945,531.737
5,33.7393,0.756945,646.097
