Iteration,Cost,Cost reduction,time (ms)
0,79.6723,0.331166,572.655
1,62.5096,0.475244,1126.37
2,44.813,0.623803,1661.74
3,39.8597,0.665386,2221.26
4,39.8597,0.665386,2777.66
5,39.8597,0.665386,2865.81
