Iteration,Cost,Cost reduction,time (ms)
0,63.8358,0.331732,148.926
1,61.3279,0.357986,260.789
2,4.21952,0.955828,381.651
3,2.13988,0.977599,548.55
4,2.13988,0.977599,733.4
5,2.13988,0.977599,818.301
