Iteration,Cost,Cost reduction,time (ms)
0,5554.81,0.00116465,412.835
1,5516.16,0.00811278,810.016
2,5466.32,0.0170752,1207.38
3,5446.46,0.020646,1702.73
4,3915.17,0.295995,2201.51
5,2564.36,0.538891,3136.56
