Iteration,Cost,Cost reduction,time (ms)
0,28.1094,0.320162,103.87
1,20.5189,0.503741,178.908
2,18.387,0.555302,252.491
3,18.387,0.555302,327.635
4,18.2045,0.559717,380.748
5,17.8581,0.568094,458.743
