Iteration,Cost,Cost reduction,time (ms)
0,50.2651,0.256398,5395.01
1,38.9575,0.423678,10967.3
2,23.1572,0.657422,16520.8
3,22.2214,0.671265,22189.4
4,15.9628,0.763853,27871.3
5,13.2738,0.803633,33670.3
6,12.8175,0.810383,39425
7,12.8175,0.810383,45263.9
