Iteration,Cost,Cost reduction,time (ms)
0,4872.96,0.0013277,134.179
1,4834.32,0.00924511,232.077
2,4784.43,0.01947,336.809
3,4090.85,0.161615,457.45
4,2648.68,0.457176,581.921
5,1773.06,0.636625,722.537
