Iteration,Cost,Cost reduction,time (ms)
0,127.513,0.056293,147.462
1,75.1097,0.444122,273.791
2,41.9931,0.689214,407.384
3,15.5774,0.884713,572.849
4,10.1402,0.924954,764.387
5,9.69697,0.928234,950.661
