Iteration,Cost,Cost reduction,time (ms)
0,26.1093,0.346744,106.121
1,11.8618,0.703217,185.634
2,10.7141,0.731933,271.927
3,9.08543,0.772683,355.995
4,9.08543,0.772683,440.241
5,9.00893,0.774596,493.81
