Iteration,Cost,Cost reduction,time (ms)
0,4439.6,0.00145687,147.742
1,4400.96,0.0101463,247.251
2,4350.91,0.0214049,351.325
3,4057.29,0.0874434,470.466
4,3024.57,0.31972,587.159
5,2760.91,0.379022,737.215
