Iteration,Cost,Cost reduction,time (ms)
0,26.013,0.33643,108.955
1,26.013,0.33643,184.674
2,22.4839,0.426453,236.139
3,15.6218,0.6015,322.731
4,8.87825,0.773523,419.671
5,6.94051,0.822953,535.437
