Iteration,Cost,Cost reduction,time (ms)
0,30.1796,0.430264,223.506
1,10.2455,0.806584,439.708
2,8.94037,0.831222,643.042
3,2.97356,0.943864,845.935
4,2.97356,0.943864,1054.59
5,2.97356,0.943864,1137.41
