Iteration,Cost,Cost reduction,time (ms)
0,49.4633,0.351235,584.436
1,23.7386,0.688642,1138.05
2,23.7386,0.688642,1687.65
3,23.7386,0.688642,1775.96
4,22.0116,0.711294,1853.17
5,16.0346,0.789688,2405.98
