Iteration,Cost,Cost reduction,time (ms)
0,5601.76,0.0011547,157.949
1,5563.12,0.00804359,262.687
2,5513.07,0.0169681,366.321
3,5277.32,0.0590043,479.908
4,4426.93,0.210637,596.004
5,3418.23,0.390498,759.461
