Iteration,Cost,Cost reduction,time (ms)
0,27.3306,0.401851,110.168
1,15.6236,0.658066,186.834
2,14.8306,0.675421,273.008
3,14.8306,0.675421,361.094
4,12.9617,0.716323,414.778
5,12.9617,0.716323,506.898
