Iteration,Cost,Cost reduction,time (ms)
0,5355.33,0.00120824,132.709
1,5316.7,0.00841341,230.093
2,5266.64,0.0177498,333.288
3,5226.79,0.025182,450.87
4,3789.23,0.293292,564.3
5,2356.2,0.560559,716.875
