Iteration,Cost,Cost reduction,time (ms)
0,25.7964,0.401064,527.036
1,21.3221,0.504949,1068.13
2,18.9035,0.561103,1588.3
3,10.2904,0.76108,2098.75
4,9.55368,0.778185,2616.53
5,6.11864,0.857939,3127.67
