Iteration,Cost,Cost reduction,time (ms)
0,59.9293,0.40996,563.756
1,31.0382,0.69441,1070.49
2,31.0382,0.69441,1583.26
3,31.0382,0.69441,1670.12
4,26.5617,0.738484,1744.87
5,26.5617,0.738484,2257.53
