Iteration,Cost,Cost reduction,time (ms)
0,5872,0.0011014,410.339
1,5833.36,0.00767475,807.207
2,5783.53,0.0161516,1199.71
3,5761.72,0.019861,1703.39
4,3396.6,0.422197,2236.79
5,2971.1,0.49458,3096.82
