Iteration,Cost,Cost reduction,time (ms)
0,36.8801,0.201192,107.017
1,23.2547,0.496312,183.484
2,22.2833,0.517352,265.604
3,18.7957,0.592893,354.604
4,18.7957,0.592893,455.762
5,11.3766,0.753588,507.983
