Iteration,Cost,Cost reduction,time (ms)
0,5305.79,0.00121924,146.855
1,5267.15,0.00849225,246.588
2,5217.1,0.0179155,349.936
3,5169.86,0.0268073,468.895
4,3658.3,0.311348,587.438
5,3383.4,0.363097,781.127
