Iteration,Cost,Cost reduction,time (ms)
0,29.0192,0.331337,186.841
1,27.3159,0.370585,358.752
2,23.8476,0.450501,525.063
3,20.1432,0.535859,689.259
4,14.5185,0.665463,857.06
5,14.5185,0.665463,1019.26
