Iteration,Cost,Cost reduction,time (ms)
0,5305.79,0.00121911,179.259
1,5267.14,0.00849298,337.916
2,5217.31,0.0178749,504.64
3,4520.06,0.149127,695.967
4,3031.67,0.429308,909.758
5,1650.87,0.689234,1108.07
