Iteration,Cost,Cost reduction,time (ms)
0,27.9539,0.373543,105.558
1,15.6853,0.648486,180.649
2,14.8306,0.667643,254.25
3,14.8306,0.667643,334.889
4,14.8306,0.667643,385.037
5,14.8306,0.667643,435.029
