Iteration,Cost,Cost reduction,time (ms)
0,4742.61,0.00136402,147.816
1,4703.98,0.00949924,247.152
2,4653.92,0.0200405,350.554
3,3840.3,0.19136,471.12
4,3041.59,0.359544,583.383
5,1732.19,0.63526,770.013
