Iteration,Cost,Cost reduction,time (ms)
0,5854.15,0.00110544,144.112
1,5815.52,0.00769729,242.615
2,5765.46,0.0162391,346.534
3,5559.24,0.0514258,465.011
4,2713.48,0.536999,577.264
5,1743.94,0.702431,688.698
