Iteration,Cost,Cost reduction,time (ms)
0,112.526,0.312709,151.684
1,83.4083,0.490556,258.046
2,72.0532,0.559911,375.73
3,32.5809,0.801001,492.668
4,22.7199,0.86123,650.501
5,9.77932,0.940269,797.456
