Iteration,Cost,Cost reduction,time (ms)
0,5066.46,0.00127679,410.463
1,5027.82,0.00889378,808.08
2,4977.98,0.018719,1203.79
3,4791.84,0.0554102,1705.78
4,4158.41,0.180275,2243.7
5,4158.41,0.180275,2811.65
