Iteration,Cost,Cost reduction,time (ms)
0,36.8869,0.131696,99.687
1,36.8869,0.131696,173.5
2,36.8869,0.131696,227.035
3,36.8869,0.131696,282.921
4,36.8869,0.131696,339.882
5,36.8869,0.131696,398.094
