Iteration,Cost,Cost reduction,time (ms)
0,494.331,0.619243,7.239
1,401.116,0.691042,11.263
2,401.116,0.691042,15.283
3,401.116,0.691042,17.833
4,401.116,0.691042,20.492
