Iteration,Cost,Cost reduction,time (ms)
0,103.946,0.414901,227.488
1,99.7228,0.438673,431.707
2,60.7434,0.658083,652.923
3,45.8659,0.741827,865.297
4,11.8288,0.933417,1079.08
5,9.16183,0.948429,1271.01
