Iteration,Cost,Cost reduction,time (ms)
0,5562.86,0.00116265,178.637
1,5524.22,0.00810083,337.152
2,5474.38,0.0170487,505.185
3,5415.45,0.0276312,696.393
4,3711.8,0.333528,897.71
5,2759.94,0.50444,1105.76
