Iteration,Cost,Cost reduction,time (ms)
0,5232.44,0.00123582,179.067
1,5193.8,0.00861164,337.705
2,5143.96,0.0181234,507.345
3,5095.46,0.0273812,693.345
4,3414.52,0.348239,889.427
5,2587.97,0.506011,1106.51
