Iteration,Cost,Cost reduction,time (ms)
0,26.7775,0.351675,189.293
1,14.2785,0.654295,369.552
2,10.8661,0.736914,556.44
3,5.04708,0.877803,738.878
4,4.33318,0.895087,928.51
5,3.6542,0.911526,1115.47
