Iteration,Cost,Cost reduction,time (ms)
0,26.0011,0.403988,110.522
1,15.6838,0.640488,181.611
2,9.10453,0.791301,257.404
3,5.62508,0.871059,336.977
4,5.10975,0.882872,418.017
5,5.10975,0.882872,502.714
