Iteration,Cost,Cost reduction,time (ms)
0,37.1119,0.360792,578.277
1,26.1484,0.549625,1110.33
2,24.0445,0.585862,1642.8
3,20.1522,0.652902,2165.07
4,5.74642,0.901025,2680.1
5,5.74642,0.901025,3176.41
