Iteration,Cost,Cost reduction,time (ms)
0,4168.94,0.00155085,409.36
1,4130.3,0.0108052,802.355
2,4080.47,0.0227405,1192.85
3,4055.29,0.0287694,1691.44
4,2279.19,0.454142,2229.06
5,1495.39,0.641858,2986.7
6,1004.01,0.759542,3538.25
7,798.513,0.808758,4095
8,798.513,0.808758,4662.92
