Iteration,Cost,Cost reduction,time (ms)
0,30.2542,0.32062,110.309
1,20.541,0.538737,190.256
2,14.8041,0.667563,271.371
3,12.6247,0.716502,363.524
4,10.9921,0.753164,462.105
5,7.14479,0.839559,561.877
