Iteration,Cost,Cost reduction,time (ms)
0,53.5325,0.442293,203.994
1,52.7887,0.450042,318.644
2,38.9488,0.594228,436.562
3,12.3489,0.871347,567.696
4,11.4996,0.880196,722.01
5,11.3861,0.881378,872.319
