Iteration,Cost,Cost reduction,time (ms)
0,81.4528,0.206787,151.924
1,37.5649,0.634181,266.914
2,19.6029,0.809101,394.088
3,19.6029,0.809101,518.94
4,19.6029,0.809101,595.151
5,19.6029,0.809101,668.888
