Iteration,Cost,Cost reduction,time (ms)
0,4456.82,0.00145113,179.27
1,4418.18,0.0101085,336.793
2,4368.34,0.0212756,505.509
3,3741.57,0.161703,694.606
4,1869.62,0.581112,910.623
5,1238.81,0.722445,1107.33
