Iteration,Cost,Cost reduction,time (ms)
0,4455.48,0.00145132,415.586
1,4416.84,0.0101114,811.419
2,4367,0.0212807,1208.25
3,4301.28,0.0360096,1711.81
4,2353.69,0.472497,2199.5
5,1569.59,0.648227,3011.48
