Iteration,Cost,Cost reduction,time (ms)
0,5387.15,0.00121556,130.5
1,5349.29,0.00823493,228.64
2,5299.95,0.0173822,329.966
3,4340.36,0.195292,438.467
4,3924.28,0.272434,548.354
5,3324.83,0.383573,660.205
