Iteration,Cost,Cost reduction,time (ms)
0,4606.11,0.00140376,178.92
1,4567.47,0.00978109,337.452
2,4517.63,0.020585,507.596
3,3875.62,0.159773,699.747
4,1229.15,0.733523,915.25
5,1229.15,0.733523,1113.14
