Iteration,Cost,Cost reduction,time (ms)
0,46.8884,0.145698,104.239
1,42.1355,0.232294,178.961
2,16.2655,0.703644,254.774
3,14.0409,0.744177,348.949
4,14.0409,0.744177,441.903
5,12.1293,0.779006,494.468
