Iteration,Cost,Cost reduction,time (ms)
0,27.1296,0.329953,601.009
1,23.9096,0.409481,1185.02
2,22.7279,0.438666,1737.35
3,20.1811,0.501565,2271.64
4,18.7711,0.53639,2797.95
5,17.3022,0.57267,3306.42
