Iteration,Cost,Cost reduction,time (ms)
0,5011.68,0.00129035,178.745
1,4973.04,0.00899061,338.266
2,4923.2,0.0189213,505.463
3,4865.6,0.0303999,696.414
4,3218.78,0.358573,898.15
5,2947.16,0.4127,1118.12
