Iteration,Cost,Cost reduction,time (ms)
0,4615.76,0.00140134,138.12
1,4577.12,0.00975938,237.113
2,4527.24,0.0205519,342.395
3,4373.82,0.0537424,464.694
4,2673.7,0.421557,589.213
5,2673.7,0.421557,747.85
