Iteration,Cost,Cost reduction,time (ms)
0,50.0583,0.400542,194.197
1,25.8999,0.689844,308.346
2,16.715,0.799835,432.426
3,10.4355,0.875033,553.902
4,10.4355,0.875033,675.584
5,9.79633,0.882687,756.292
