Iteration,Cost,Cost reduction,time (ms)
0,89.2685,0.327164,151.25
1,86.0635,0.35132,262.809
2,75.6503,0.429807,384.387
3,38.4699,0.710044,511.955
4,29.1333,0.780416,650.093
5,27.8895,0.789791,804.152
