Iteration,Cost,Cost reduction,time (ms)
0,5342.53,0.00121136,137.297
1,5303.89,0.00843365,233.021
2,5254,0.0177618,335.914
3,5027.85,0.0600404,458.044
4,4187.33,0.217177,599.477
5,3230.56,0.396045,748.679
