Iteration,Cost,Cost reduction,time (ms)
0,5775.61,0.00112033,147.835
1,5736.97,0.00780206,248.267
2,5687.08,0.0164308,354.205
3,5668.39,0.0196624,475.43
4,4351.69,0.247384,607.272
5,3292.78,0.43052,741.053
