Iteration,Cost,Cost reduction,time (ms)
0,23.663,0.410621,180.704
1,15.3965,0.616515,348.198
2,12.6162,0.685766,513.035
3,12.6162,0.685766,655.841
4,10.8546,0.729642,720.821
5,10.8546,0.729642,857.192
