Iteration,Cost,Cost reduction,time (ms)
0,123.449,0.324018,210.196
1,123.449,0.324018,417.529
2,78.9075,0.56792,499.318
3,58.6597,0.678793,707.81
4,25.5808,0.859925,925.022
5,25.5808,0.859925,1134.24
