Iteration,Cost,Cost reduction,time (ms)
0,1039.1311779721773,0.0,8646.642446517944
1,602.3712151538557,0.42031263432076116,14079.47325706482
