Iteration,Cost,Cost reduction,time (ms)
0,4615.77,0.001401,178.013
1,4577.13,0.00976076,337.808
2,4527.29,0.0205427,506.001
3,4466.79,0.0336323,697.056
4,3601.21,0.220895,900.399
5,2912.77,0.369835,1130.38
