Iteration,Cost,Cost reduction,time (ms)
0,5066.45,0.00127674,136.321
1,5027.82,0.00889288,236.921
2,4977.76,0.0187606,339.693
3,4629.41,0.0874285,456.734
4,1824.16,0.640413,566.565
5,1782.72,0.648582,678.387
