Iteration,Cost,Cost reduction,time (ms)
0,5387.23,0.00120061,181.341
1,5348.59,0.00836467,339.061
2,5298.76,0.0176045,506.723
3,5236.84,0.0290844,699.222
4,3480.71,0.354673,902.3
5,2753.45,0.489507,1122.22
