Iteration,Cost,Cost reduction,time (ms)
0,0.11248,0.838462,6.175
1,0.0912362,0.868971,10.681
2,0.0790165,0.886521,15.378
3,0.067548,0.902991,19.489
4,0.067548,0.902991,23.23
