Iteration,Cost,Cost reduction,time (ms)
0,4608.08,0.00140391,137.354
1,4569.45,0.00977577,235.613
2,4519.56,0.0205876,340.318
3,3844.85,0.166799,460.603
4,2485.17,0.46145,586.469
5,1633,0.64612,736.651
