Iteration,Cost,Cost reduction,time (ms)
0,93.6512,0.310872,145.168
1,80.418,0.408248,254.166
2,63.6822,0.531397,372.835
3,13.5016,0.900649,503.046
4,13.5016,0.900649,618.992
5,13.5016,0.900649,696.509
