Iteration,Cost,Cost reduction,time (ms)
0,28.7376,0.413439,582.138
1,17.2471,0.647971,1111.99
2,5.8854,0.879874,1637.32
3,5.8854,0.879874,2145.66
4,5.8854,0.879874,2233.41
5,5.8854,0.879874,2306.61
