Iteration,Cost,Cost reduction,time (ms)
0,33.5218,0.168171,105.632
1,15.112,0.625003,182.873
2,15.112,0.625003,261.55
3,15.0916,0.625508,314.701
4,14.2118,0.64734,402.029
5,10.5761,0.737558,496.004
