Iteration,Cost,Cost reduction,time (ms)
0,23.5846,0.409554,105.407
1,8.28509,0.792581,179.688
2,8.12931,0.796481,255.381
3,8.12931,0.796481,328.65
4,8.056,0.798316,379.12
