Iteration,Cost,Cost reduction,time (ms)
0,31.8175,0.306619,102.744
1,20.0584,0.562879,176.575
2,17.9588,0.608634,250.534
3,15.443,0.66346,328.037
4,15.443,0.66346,406.243
5,15.443,0.66346,459.691
