Iteration,Cost,Cost reduction,time (ms)
0,4373.07,0.00149697,130.829
1,4335.21,0.0101417,227.89
2,4285.87,0.0214064,329.283
3,3439.46,0.214668,437.573
4,3087.77,0.29497,548.835
5,2574.63,0.412134,662.514
