Iteration,Cost,Cost reduction,time (ms)
0,24.4991,0.531597,217.443
1,17.6785,0.662,414.063
2,9.09046,0.826197,616.604
3,3.45852,0.933876,814.277
4,3.45852,0.933876,1006.85
5,3.0472,0.94174,1086.69
