Iteration,Cost,Cost reduction,time (ms)
0,4463.38,0.0014488,179.039
1,4424.74,0.0100935,337.071
2,4374.9,0.0212433,505.877
3,3713.84,0.169137,696.783
4,2001.5,0.552223,913.467
5,1330.02,0.702447,1109.76
