Iteration,Cost,Cost reduction,time (ms)
0,115.072,0.304091,170.318
1,111.597,0.325105,281.635
2,45.5761,0.724374,393.868
3,34.6674,0.790346,522.635
4,7.54358,0.954379,661.536
5,3.3672,0.979637,803.775
