Iteration,Cost,Cost reduction,time (ms)
0,4366.5,0.00148116,412.512
1,4327.86,0.0103174,809.473
2,4278.02,0.0217153,1204.51
3,4182.75,0.0434996,1706.6
4,2360.34,0.460244,2283.44
5,1724.81,0.605576,2822.41
