Iteration,Cost,Cost reduction,time (ms)
0,30.9374,0.40556,154.95
1,23.8849,0.541069,260.881
2,21.6361,0.584278,370.791
3,8.59211,0.834909,486.011
4,5.95177,0.885641,608.601
5,3.59534,0.930918,737.49
