Iteration,Cost,Cost reduction,time (ms)
0,42.5747,0.189831,579.028
1,13.5865,0.741458,1148.78
2,8.43985,0.839395,1706.15
3,7.38782,0.859414,2257.71
4,6.40685,0.878082,2812.82
5,6.40685,0.878082,3362.07
