Iteration,Cost,Cost reduction,time (ms)
0,44.3331,0.356796,578.655
1,16.5757,0.759512,1112.87
2,11.3964,0.834655,1679.12
3,4.70683,0.931711,2245.41
4,4.70683,0.931711,2802.77
5,4.70683,0.931711,2891.97
