Iteration,Cost,Cost reduction,time (ms)
0,31.5825,0.332898,108.499
1,10.8276,0.771293,183.198
2,10.4541,0.779184,263.56
3,6.8714,0.854859,350.145
4,5.39567,0.88603,447.53
5,5.39567,0.88603,557.803
