Iteration,Cost,Cost reduction,time (ms)
0,76.9987,0.265137,162.041
1,51.2746,0.510644,297.762
2,51.2746,0.510644,436.216
3,51.2746,0.510644,517.121
4,51.2746,0.510644,597.311
5,51.2746,0.510644,676.211
