Iteration,Cost,Cost reduction,time (ms)
0,4642.65,0.00139287,140.947
1,4604.01,0.00970293,240.208
2,4553.97,0.0204683,341.966
3,4352.18,0.0638706,456.479
4,3099.41,0.333336,573.548
5,2586.61,0.443635,741.569
