Iteration,Cost,Cost reduction,time (ms)
0,5807.64,0.00111425,134.596
1,5769.01,0.00775889,230.991
2,5718.95,0.016369,334.114
3,5522.7,0.050122,451.304
4,2554.5,0.560638,563.099
5,1967.56,0.66159,673.456
