Iteration,Cost,Cost reduction,time (ms)
0,4606.13,0.00140422,146.947
1,4567.49,0.00978041,247.454
2,4517.43,0.0206332,351.419
3,4497.02,0.0250582,466.915
4,3567.21,0.226638,582.107
5,2387.58,0.482379,728.311
