Iteration,Cost,Cost reduction,time (ms)
0,92.6497,0.3001,148.293
1,85.3344,0.355361,256.304
2,80.3307,0.393161,371.319
3,8.6846,0.934394,491.065
4,8.6846,0.934394,611.197
5,8.5847,0.935149,696.862
