Iteration,Cost,Cost reduction,time (ms)
0,5041.34,0.00129915,132.47
1,5003.48,0.00879925,228.785
2,4954.14,0.0185737,330.019
3,4020.49,0.203533,437.764
4,2972.03,0.411234,550.418
5,2456.36,0.51339,654.12
