Iteration,Cost,Cost reduction,time (ms)
0,20.3777,0.53701,98.456
1,20.3777,0.53701,174.06
2,20.3777,0.53701,226.71
3,20.3777,0.53701,278.993
4,20.3777,0.53701,331.492
5,20.3777,0.53701,383.821
6,20.3777,0.53701,437.532
