Iteration,Cost,Cost reduction,time (ms)
0,65.268,0.404152,156.452
1,60.4141,0.448465,266.911
2,33.678,0.692546,386.738
3,33.678,0.692546,511.417
4,28.0354,0.744058,592.19
5,28.0354,0.744058,715.379
