Iteration,Cost,Cost reduction,time (ms)
0,4593.1,0.00140819,139.276
1,4554.47,0.00980728,237.03
2,4504.58,0.0206528,340.684
3,4486.75,0.0245307,461.011
4,2644.29,0.425101,594.504
5,2524.41,0.451165,744.493
