Iteration,Cost,Cost reduction,time (ms)
0,4447.78,0.00147188,128.828
1,4409.92,0.00997157,224.926
2,4360.59,0.0210476,325.968
3,3503.24,0.213521,432.81
4,3151.83,0.292414,541.908
5,2632.42,0.409022,654.216
6,741.898,0.833444,766.593
7,715.524,0.839365,872.798
8,639.954,0.85633,981.135
9,639.954,0.85633,1088.82
