Iteration,Cost,Cost reduction,time (ms)
0,53.0744,0.412668,147.506
1,44.5518,0.50698,255.114
2,15.0888,0.833024,377.305
3,8.29814,0.908171,523.614
4,7.90026,0.912574,676.759
5,7.90026,0.912574,827.028
