Iteration,Cost,Cost reduction,time (ms)
0,65.6439,0.418785,148.705
1,44.4177,0.606723,257.229
2,19.749,0.825141,382.002
3,12.7004,0.88755,526.052
4,12.7004,0.88755,668.611
5,12.7004,0.88755,750.263
