Iteration,Cost,Cost reduction,time (ms)
0,5815.83,0.00111207,155.317
1,5777.19,0.00774804,255.388
2,5727.14,0.0163442,359.956
3,5706.64,0.0198651,472.866
4,4435.7,0.238154,590.641
5,2738.74,0.529613,822.055
