Iteration,Cost,Cost reduction,time (ms)
0,26.835,0.32456,595.161
1,23.6298,0.405235,1143.36
2,20.9136,0.473603,1666.95
3,17.1336,0.568745,2203.81
4,16.588,0.582478,2749.63
5,7.11991,0.820791,3281.47
