Iteration,Cost,Cost reduction,time (ms)
0,51.0761,0.133565,151.75
1,23.271,0.605239,263.431
2,20.4702,0.652752,400.96
3,20.4702,0.652752,529.352
4,14.8945,0.747336,609.802
5,14.8945,0.747336,737.851
