Iteration,Cost,Cost reduction,time (ms)
0,2.02715,0.118068,23.529
1,0.833078,0.63756,37.726
2,0.833078,0.63756,51.324
3,0.833078,0.63756,61.765
4,0.833078,0.63756,69.629
5,0.691653,0.699088,76.494
6,0.626666,0.727362,83.205
7,0.590561,0.74307,89.638
8,0.551914,0.759884,98.446
9,0.480636,0.790894,112.076
