Iteration,Cost,Cost reduction,time (ms)
0,38.6703,0.175992,180.71
1,38.6703,0.175992,347.452
2,26.4535,0.436314,408.691
3,20.7986,0.556812,564.034
4,15.7012,0.665429,724.509
5,15.7012,0.665429,883.74
