Iteration,Cost,Cost reduction,time (ms)
0,30.5861,0.327011,586.294
1,15.513,0.658665,1163.64
2,9.52685,0.790379,1715.02
3,9.52685,0.790379,2264.75
4,8.72252,0.808077,2359.1
5,6.63126,0.854091,2898.67
