Iteration,Cost,Cost reduction,time (ms)
0,23.2502,0,36.47
1,4.47122,0.807691,50.717
2,4.47122,0.807691,70.817
3,4.47122,0.807691,84.83
4,2.79448,0.879808,93.371
5,2.79448,0.879808,102.157
6,2.57483,0.889256,106.805
7,2.57483,0.889256,114.311
