Iteration,Cost,Cost reduction,time (ms)
0,47.5315,0.282905,206.793
1,25.3445,0.617634,408.214
2,16.0579,0.757739,616.6
3,14.8842,0.775446,822.731
4,10.6007,0.84007,1030.26
5,10.6007,0.84007,1234.05
