Iteration,Cost,Cost reduction,time (ms)
0,4456.72,0.00146872,130.24
1,4418.86,0.0099515,227.377
2,4369.52,0.0210055,327.888
3,3540.04,0.206851,435.191
4,3182.46,0.286967,549.206
5,2739.7,0.386168,662.865
