Iteration,Cost,Cost reduction,time (ms)
0,27.4908,0.319828,104.981
1,24.0594,0.404727,178.399
2,22.5447,0.442203,248.92
3,22.5447,0.442203,320.475
4,21.2785,0.473531,370.913
5,21.2785,0.473531,446.598
