Iteration,Cost,Cost reduction,time (ms)
0,36.6917,0.485088,110.578
1,35.4128,0.503036,222.406
2,35.4128,0.503036,289.083
3,35.4128,0.503036,318.051
4,35.4128,0.503036,353.657
5,35.4128,0.503036,378.436
6,34.9061,0.510147,410.481
7,32.1554,0.548749,445.39
8,28.4324,0.600995,489.322
9,23.2341,0.673946,530.975
