Iteration,Cost,Cost reduction,time (ms)
0,31.0527,0.316743,106.909
1,26.8959,0.408205,185.188
2,25.7501,0.433417,264.774
3,22.2504,0.510421,344.738
4,8.47811,0.813455,424.728
5,8.47811,0.813455,511.347
