Iteration,Cost,Cost reduction,time (ms)
0,5143.61,0.00125733,152.459
1,5104.98,0.00875921,250.885
2,5054.93,0.0184774,354.566
3,4838.35,0.0605297,469.161
4,3610.21,0.299001,587.404
5,2125.07,0.587372,762.247
