Iteration,Cost,Cost reduction,time (ms)
0,76.8724,0.405114,210.941
1,55.9026,0.567392,414.046
2,34.7056,0.731426,639.367
3,34.7056,0.731426,860.25
4,34.6804,0.731622,952.706
