Iteration,Cost,Cost reduction,time (ms)
0,25.9837,0.362713,561.736
1,14.548,0.643191,1140.19
2,9.64086,0.763545,1688.11
3,7.11894,0.825398,2240.66
4,7.11894,0.825398,2793.34
5,7.11894,0.825398,2887.55
