Iteration,Cost,Cost reduction,time (ms)
0,28.4336,0.327863,101.954
1,20.4516,0.516548,174.59
2,13.0762,0.690893,249.051
3,3.65469,0.913607,325.491
4,3.65469,0.913607,400.863
5,3.55654,0.915928,453.647
