Iteration,Cost,Cost reduction,time (ms)
0,73.8089,0.204728,147.067
1,42.2212,0.545077,255.556
2,21.6259,0.766986,378.014
3,16.4801,0.822431,502.293
4,15.3068,0.835073,633.294
5,7.41835,0.920069,763.913
