Iteration,Cost,Cost reduction,time (ms)
0,31.8638,0.293905,108.264
1,24.4961,0.457172,189.038
2,11.979,0.734548,266.918
3,11.979,0.734548,347.224
4,11.979,0.734548,394.337
5,11.979,0.734548,440.488
