Iteration,Cost,Cost reduction,time (ms)
0,31.5737,0.219442,524.898
1,23.2143,0.426103,1088.93
2,10.1784,0.748373,1607.64
3,8.30382,0.794715,2176.61
4,8.30382,0.794715,2727.6
5,7.17614,0.822593,2821.05
