Iteration,Cost,Cost reduction,time (ms)
0,5697.86,0.00113517,179.337
1,5659.22,0.00790913,338.086
2,5609.39,0.0166454,506.739
3,4855.93,0.148731,698.389
4,2714.66,0.524106,914.594
5,1006.82,0.8235,1112.98
