Iteration,Cost,Cost reduction,time (ms)
0,4168.95,0.00155099,142.504
1,4130.31,0.0108043,241.898
2,4080.26,0.0227921,346.17
3,4057.58,0.0282226,464.003
4,2886.66,0.308654,579.749
5,2083.53,0.501002,722.653
