Iteration,Cost,Cost reduction,time (ms)
0,35.1578,0.230548,101.751
1,28.069,0.38569,173.931
2,20.6734,0.547547,246.101
3,19.2053,0.579679,321.151
4,10.9968,0.759327,399.255
5,10.9968,0.759327,474.585
