Iteration,Cost,Cost reduction,time (ms)
0,104.275,0.328255,581.772
1,73.7215,0.52508,1155.81
2,64.5034,0.584464,1673.55
3,44.8989,0.710758,2218.64
4,21.7257,0.860041,2775.79
5,21.7257,0.860041,3350.96
