Iteration,Cost,Cost reduction,time (ms)
0,53.2232,0.0196198,139.424
1,19.4286,0.642121,243.126
2,6.46694,0.880878,354.812
3,3.6733,0.932337,470.178
4,3.6733,0.932337,583.833
5,3.32645,0.938726,659.433
