Iteration,Cost,Cost reduction,time (ms)
0,5768.55,0.00112124,178.162
1,5729.91,0.0078123,336.507
2,5680.08,0.0164414,505.589
3,5619.76,0.0268859,696.885
4,3874.44,0.329105,897.515
5,3162.9,0.452315,1104.25
