Iteration,Cost,Cost reduction,time (ms)
0,106.096,0.0522808,169.431
1,106.096,0.0522808,286.206
2,83.1812,0.256968,361.932
3,81.0311,0.276174,512.696
4,31.5365,0.718294,667.115
5,22.0634,0.802914,823.355
6,22.0634,0.802914,980.822
