Iteration,Cost,Cost reduction,time (ms)
0,70.1124,0.374114,569.095
1,45.7247,0.591821,1083.79
2,26.8993,0.759873,1617.86
3,26.8993,0.759873,2160.97
4,25.7284,0.770326,2254.37
5,25.7284,0.770326,2791.69
