Iteration,Cost,Cost reduction,time (ms)
0,31.0884,0.37867,15.706
1,18.5753,0.628755,26.085
2,18.5474,0.629313,35.623
3,16.9258,0.661722,45.793
4,16.9258,0.661722,56.928
