Iteration,Cost,Cost reduction,time (ms)
0,5468.91,0.00118275,135.118
1,5430.27,0.0082391,233.172
2,5380.22,0.0173807,336.085
3,5054.54,0.0768603,454.665
4,3997.53,0.269909,572.029
5,2344.11,0.571882,727.635
