Iteration,Cost,Cost reduction,time (ms)
0,4842.95,0.00133564,410.946
1,4804.31,0.00930368,809.331
2,4754.47,0.0195818,1204.14
3,4572.36,0.0571351,1706.58
4,3970.09,0.181328,2243.05
5,1708.92,0.647605,2815.7
