Iteration,Cost,Cost reduction,time (ms)
0,5733.76,0.00114213,130.75
1,5695.9,0.00773768,227.309
2,5646.57,0.0163322,329.929
3,4656.24,0.188852,437.72
4,4237.51,0.261799,547.728
5,3583.34,0.375759,660.903
