Iteration,Cost,Cost reduction,time (ms)
0,25.6212,0.380677,114.596
1,10.6269,0.743123,188.033
2,10.6269,0.743123,262.478
3,10.5989,0.743802,310.386
4,8.57694,0.792676,394.149
5,8.57694,0.792676,483.817
