Iteration,Cost,Cost reduction,time (ms)
0,43.4691,0.121117,98.979
1,43.4691,0.121117,163.888
2,43.4691,0.121117,208.56
3,43.4691,0.121117,253.333
4,43.4691,0.121117,298.86
5,43.4691,0.121117,346.366
