Iteration,Cost,Cost reduction,time (ms)
0,37.583,0.162224,100.051
1,37.583,0.162224,165.668
2,37.583,0.162224,211.677
3,37.583,0.162224,256.578
4,37.583,0.162224,305.191
5,37.583,0.162224,351.528
