Iteration,Cost,Cost reduction,time (ms)
0,30.4001,0.327442,107.864
1,12.4162,0.72531,184.634
2,9.6283,0.786988,268.511
3,5.84387,0.870713,355.52
4,5.84387,0.870713,447.852
5,5.78438,0.872029,502.337
