Iteration,Cost,Cost reduction,time (ms)
0,5033.14,0.00128497,179.329
1,4994.5,0.0089524,337.592
2,4944.66,0.0188414,506.237
3,4882.52,0.0311706,697.209
4,3575.66,0.29049,898.963
5,3223.23,0.360422,1138.1
