Iteration,Cost,Cost reduction,time (ms)
0,30.7776,0.34809,609.168
1,15.1411,0.679291,1236.97
2,6.74695,0.857091,1938.07
3,6.13397,0.870074,2627.42
4,4.18654,0.911323,3291.86
5,3.40858,0.927802,3923.35
