Iteration,Cost,Cost reduction,time (ms)
0,31.1916,0.276338,115.392
1,20.1944,0.531479,195.961
2,5.88992,0.86335,279.013
3,5.10209,0.881629,373.262
4,4.97647,0.884543,469.547
5,4.96703,0.884762,566.414
