Iteration,Cost,Cost reduction,time (ms)
0,30.9054,0.321189,107.587
1,29.9934,0.341219,185.811
2,29.9934,0.341219,263.651
3,25.1804,0.446934,316.891
4,22.174,0.512966,402.271
5,17.8704,0.607492,496.95
