Iteration,Cost,Cost reduction,time (ms)
0,33.3744,0.289394,108.775
1,15.7217,0.665254,183.878
2,9.61918,0.795189,265.208
3,9.61918,0.795189,343.469
4,6.6816,0.857736,394.021
5,6.31735,0.865491,478.335
