Iteration,Cost,Cost reduction,time (ms)
0,512.271,0.0464459,91.033
1,512.271,0.0464459,155.228
2,512.271,0.0464459,196.816
3,512.271,0.0464459,240.287
4,512.271,0.0464459,282.45
5,512.271,0.0464459,326.074
