Iteration,Cost,Cost reduction,time (ms)
0,2.06173,0.922125,18.126
1,0.536016,0.979754,30.951
2,0.433752,0.983616,43.914
3,0.421955,0.984062,57.002
4,0.414829,0.984331,69.504
5,0.400252,0.984882,81.814
6,0.400252,0.984882,93.58
