Iteration,Cost,Cost reduction,time (ms)
0,4842.86,0.00135217,131.364
1,4805,0.0091593,228.919
2,4755.66,0.0193338,330.16
3,3851.36,0.205811,437.903
4,3327.98,0.313737,545.579
5,2621.68,0.459384,654.733
