Iteration,Cost,Cost reduction,time (ms)
0,39.5121,0.518303,221.118
1,7.51256,0.908413,405.318
2,7.51256,0.908413,594.444
3,7.31891,0.910774,670.082
4,7.30776,0.91091,859.675
5,7.30776,0.91091,1052.96
