Iteration,Cost,Cost reduction,time (ms)
0,116.237,0.304798,148.142
1,105.727,0.367656,256.307
2,84.2087,0.496355,367.903
3,56.8796,0.659808,495.691
4,52.9616,0.683241,614.622
5,10.2688,0.938583,734.972
