Iteration,Cost,Cost reduction,time (ms)
0,5676.14,0.00114027,149.922
1,5637.51,0.00793854,247.169
2,5587.61,0.0167194,352.093
3,5521.34,0.0283814,471.759
4,2203.98,0.612154,593.522
5,1759.12,0.690439,775.83
