Iteration,Cost,Cost reduction,time (ms)
0,63.8133,0.522796,221.354
1,27.1908,0.796664,422.245
2,16.7478,0.874758,623.904
3,13.9055,0.896013,824.551
4,13.2063,0.901242,1027.63
5,10.1666,0.923973,1227.52
