Iteration,Cost,Cost reduction,time (ms)
0,32.1369,0.316253,107.63
1,18.2252,0.612239,186.623
2,18.2252,0.612239,263.974
3,18.1234,0.614404,317.33
4,12.7407,0.728927,401.815
5,8.85867,0.811522,488.315
