Iteration,Cost,Cost reduction,time (ms)
0,31.6103,0.308809,138.102
1,17.0728,0.626686,244.595
2,12.0329,0.736888,357.702
3,6.16844,0.865121,473.261
4,4.94136,0.891952,592.458
5,4.57991,0.899856,707.836
6,4.24641,0.907148,823.831
7,3.39379,0.925792,940.492
8,3.00752,0.934238,1055.89
9,2.81384,0.938473,1171.25
