Iteration,Cost,Cost reduction,time (ms)
0,4929.03,0.00131222,148.687
1,4890.39,0.00914046,248.266
2,4840.34,0.0192826,351.958
3,4802.48,0.0269532,468.291
4,3785.71,0.232965,584.79
5,2930.51,0.406238,726.125
