Iteration,Cost,Cost reduction,time (ms)
0,107.571,0.323751,147.294
1,84.2068,0.47063,260.12
2,27.4864,0.827205,378.193
3,26.1267,0.835753,500.657
4,25.5675,0.839269,620.308
5,25.5675,0.839269,736.043
