Iteration,Cost,Cost reduction,time (ms)
0,31.8251,0.299883,103.733
1,18.1275,0.601216,175.426
2,10.4571,0.769956,251.262
3,10.4571,0.769956,325.018
4,6.93572,0.847422,378.433
5,6.93572,0.847422,453.031
