Iteration,Cost,Cost reduction,time (ms)
0,27.4634,0.409343,101.912
1,19.4958,0.580701,172.356
2,16.3293,0.648805,244.185
3,16.2168,0.651224,320.479
4,16.2168,0.651224,397.427
5,16.2168,0.651224,447.78
