Iteration,Cost,Cost reduction,time (ms)
0,27.9384,0.356922,116.635
1,13.8862,0.680373,191.883
2,10.4745,0.758902,272.148
3,8.51189,0.804076,356.064
4,5.45717,0.874389,440.758
5,5.45717,0.874389,524.557
