Iteration,Cost,Cost reduction,time (ms)
0,36.1678,0.106449,110.474
1,14.9492,0.63067,191.574
2,14.9492,0.63067,271.993
3,14.9492,0.63067,324.068
4,14.9492,0.63067,375.629
5,14.9492,0.63067,427.302
