Iteration,Cost,Cost reduction,time (ms)
0,4535.13,0.00142579,413.782
1,4496.49,0.009934,804.555
2,4446.66,0.0209069,1205.95
3,4398.05,0.0316105,1709.82
4,3199.18,0.295585,2294.45
5,1677.65,0.630604,2919.48
