Iteration,Cost,Cost reduction,time (ms)
0,33.0291,0.378439,147.828
1,23.5655,0.556531,254.384
2,23.5655,0.556531,367.163
3,23.5655,0.556531,444.983
4,23.5655,0.556531,522.439
5,23.5655,0.556531,600.484
