Iteration,Cost,Cost reduction,time (ms)
0,72.078,0.358023,141.806
1,47.0889,0.580594,248.243
2,26.5551,0.763482,374.541
3,26.5551,0.763482,484.476
4,25.0741,0.776673,561.766
5,25.0741,0.776673,675.629
