Iteration,Cost,Cost reduction,time (ms)
0,41.2573,0.170128,105.65
1,24.3286,0.510641,180.261
2,8.67135,0.82558,259.996
3,8.67135,0.82558,355.346
4,8.67135,0.82558,405.083
5,8.67135,0.82558,454.095
