Iteration,Cost,Cost reduction,time (ms)
0,4447.87,0.00145433,139.249
1,4409.23,0.0101273,236.959
2,4359.34,0.0213277,340.879
3,4309.99,0.0324068,462.425
4,2384.52,0.464674,593.274
5,1834.84,0.588078,748.211
