Iteration,Cost,Cost reduction,time (ms)
0,69.4636,0.222506,154.014
1,21.6558,0.75761,262.504
2,2.40191,0.973116,371.308
3,1.76243,0.980273,481.847
4,1.76243,0.980273,592.992
5,1.76243,0.980273,666.752
