Iteration,Cost,Cost reduction,time (ms)
0,25.9403,0.36731,110.707
1,11.917,0.709341,189.28
2,11.7122,0.714336,267.541
3,11.7122,0.714336,347.971
4,9.57747,0.766403,402.266
5,8.72656,0.787157,496.566
