Iteration,Cost,Cost reduction,time (ms)
0,5.27035943684643,0.0,30.829668045043945
1,4.928531670513269,0.06485853013047949,177.9191493988037
