Iteration,Cost,Cost reduction,time (ms)
0,27.7019,0.336847,114.91
1,24.3611,0.416822,193.353
2,20.8613,0.500602,277.031
3,20.0374,0.520325,363.82
4,19.3013,0.537948,452.62
5,17.6063,0.578523,540.062
