Iteration,Cost,Cost reduction,time (ms)
0,4.50009,0.717308,36.035
1,3.46712,0.782198,48.348
2,3.46712,0.782198,59.899
3,3.46712,0.782198,66.378
4,3.46712,0.782198,86.374
5,3.46712,0.782198,96.698
6,3.46712,0.782198,101.807
