Iteration,Cost,Cost reduction,time (ms)
0,4199.82,0.0015395,144.152
1,4161.18,0.0107249,237.77
2,4111.13,0.0226241,332.363
3,4087.29,0.0282927,436.553
4,3460.83,0.177227,538.865
5,2097.78,0.501276,643.589
6,1445.57,0.656333,757.656
7,1191.8,0.716663,885.971
8,819.373,0.805203,1006.27
9,819.373,0.805203,1128.64
