Iteration,Cost,Cost reduction,time (ms)
0,4606.12,0.00140396,178.098
1,4567.48,0.00978121,336.618
2,4517.64,0.0205859,504.831
3,3868.55,0.161306,694.126
4,2442.3,0.470515,909.875
5,1377.46,0.70137,1111.63
