Iteration,Cost,Cost reduction,time (ms)
0,5387.16,0.00121566,132.812
1,5349.3,0.00823498,231.666
2,5299.96,0.0173822,331.955
3,4336.97,0.19592,439.451
4,3795.34,0.296341,548.518
5,2760.72,0.488161,658.07
