Iteration,Cost,Cost reduction,time (ms)
0,5872.02,0.00110166,411.609
1,5833.37,0.0076749,809.743
2,5783.54,0.016153,1204.57
3,5410.46,0.0796174,1709.29
4,3136.88,0.46638,2355.44
5,3062.49,0.479035,2964.47
