Iteration,Cost,Cost reduction,time (ms)
0,25.7373,0.35416,110.735
1,16.2312,0.592703,187.199
2,16.2312,0.592703,261.077
3,13.9963,0.648784,312.768
4,13.9963,0.648784,396.675
5,13.9963,0.648784,448.222
