Iteration,Cost,Cost reduction,time (ms)
0,76.8553,0.16859,221.718
1,10.987,0.881144,443.071
2,5.63617,0.939029,674.579
3,5.63617,0.939029,885.444
4,5.2975,0.942692,975.986
5,5.2975,0.942692,1197.88
