Iteration,Cost,Cost reduction,time (ms)
0,4942.79,0.00130899,146.37
1,4904.16,0.00911467,245.605
2,4854.26,0.0191954,353.613
3,4784.38,0.0333153,474.494
4,3196.62,0.354123,597.396
5,2265.67,0.542221,800.215
