Iteration,Cost,Cost reduction,time (ms)
0,4168.86,0.00157014,130.282
1,4131,0.0106377,226.967
2,4081.67,0.0224527,329.367
3,3260.44,0.219134,437.046
4,2939.16,0.29608,548.66
5,2467.42,0.409061,661.881
