Iteration,Cost,Cost reduction,time (ms)
0,26.828,0.338278,190.418
1,13.8039,0.659522,374.262
2,13.3993,0.669501,553.8
3,7.93649,0.804243,734.786
4,6.40968,0.841903,912.969
5,6.40968,0.841903,1097.56
