Iteration,Cost,Cost reduction,time (ms)
0,5733.86,0.00112835,178.752
1,5695.22,0.00785974,335.297
2,5645.38,0.0165426,503.652
3,4907.63,0.145062,693.449
4,2304.61,0.598524,901.195
5,1235.97,0.784687,1107.43
