Iteration,Cost,Cost reduction,time (ms)
0,4498.31,0.00143773,137.748
1,4459.67,0.0100137,235.972
2,4409.79,0.0210873,339.816
3,4392.02,0.0250317,460.784
4,2794.58,0.379642,594.169
5,2566.82,0.430201,757.818
