Iteration,Cost,Cost reduction,time (ms)
0,29.2631,0.311071,103.727
1,17.2832,0.593109,177.962
2,17.2832,0.593109,248.884
3,16.4373,0.613023,299.779
4,16.4373,0.613023,376.841
5,14.6346,0.655464,431.607
