Iteration,Cost,Cost reduction,time (ms)
0,4284.9,0.00150931,144.362
1,4246.27,0.0105121,244.069
2,4196.21,0.0221764,349.687
3,3906.68,0.089643,468.12
4,3040.05,0.291591,583.717
5,3040.05,0.291591,744.951
