Iteration,Cost,Cost reduction,time (ms)
0,30.5389,0.326478,109.953
1,24.6912,0.455446,187.888
2,21.8796,0.517456,263.559
3,18.3108,0.596164,343.627
4,14.0036,0.691157,428.285
5,13.4042,0.704376,512.431
