Iteration,Cost,Cost reduction,time (ms)
0,32.4811,0.447196,151.1
1,28.85,0.508994,262.663
2,2.34474,0.960094,379.378
3,2.34474,0.960094,511.046
4,2.29785,0.960892,590.661
5,2.05128,0.965089,725.005
