Iteration,Cost,Cost reduction,time (ms)
0,38.3684,0.454675,146.457
1,37.684,0.464402,253.442
2,25.9364,0.631369,362.661
3,19.482,0.723105,475.726
4,19.482,0.723105,585.198
5,19.482,0.723105,665.434
