Iteration,Cost,Cost reduction,time (ms)
0,43.59,0.384119,551.371
1,33.8228,0.522119,1067.05
2,13.0283,0.815924,1600.92
3,7.27709,0.897182,2124.5
4,7.27709,0.897182,2652.5
5,6.17635,0.912735,2745.05
