Iteration,Cost,Cost reduction,time (ms)
0,24.4161,0.372154,601.797
1,21.8546,0.438021,1149.68
2,18.9445,0.512852,1666.26
3,13.6803,0.648218,2180.41
4,5.04714,0.870216,2599.41
5,5.04471,0.870278,3016.74
