Iteration,Cost,Cost reduction,time (ms)
0,27.8387,0.302348,576.007
1,12.7716,0.679938,1170.67
2,6.84435,0.828477,1812.69
3,4.0127,0.89944,2409.61
4,3.65891,0.908306,3014.88
5,2.98098,0.925295,3610.82
