Iteration,Cost,Cost reduction,time (ms)
0,50.8442,0,107.012
1,50.8442,0,171.429
2,50.8442,0,214.446
3,50.2997,0.010709,245.879
4,48.0861,0.0542454,289.208
5,48.0861,0.0542454,343.977
6,48.0237,0.0554726,395.868
