Iteration,Cost,Cost reduction,time (ms)
0,5196.71,0.00124562,155.833
1,5158.09,0.00866917,255.435
2,5108.19,0.0182584,360.248
3,5058.58,0.0277928,482.709
4,4206.57,0.191541,619.907
5,2068.47,0.602461,808.777
