Iteration,Cost,Cost reduction,time (ms)
0,5387.17,0.00121591,132.828
1,5349.31,0.0082351,230.035
2,5299.97,0.0173828,331.667
3,4325.3,0.198087,439.443
4,1748.29,0.675866,549.227
5,1733.8,0.678553,655.93
