Iteration,Cost,Cost reduction,time (ms)
0,107.277,0.317438,145.422
1,103.28,0.34287,252.573
2,79.571,0.493721,362.738
3,68.5065,0.56412,475.546
4,68.5065,0.56412,585.968
5,68.5065,0.56412,664.694
