Iteration,Cost,Cost reduction,time (ms)
0,4953.2,0.00130598,413.111
1,4914.56,0.0090969,810.71
2,4864.71,0.0191466,1207.24
3,4850.28,0.0220575,1710.04
4,3071.61,0.380682,2211.67
5,2021.03,0.592508,3020.51
