Iteration,Cost,Cost reduction,time (ms)
0,2144.8,0.000226674,104.82
1,2136.66,0.00402477,189.585
2,2136.66,0.00402477,281.442
3,2136.66,0.00402477,328.3
4,2136.66,0.00402477,374.765
5,2136.66,0.00402477,420.107
