Iteration,Cost,Cost reduction,time (ms)
0,11.8458,0.783348,152.159
1,10.7851,0.802748,338.756
2,10.7851,0.802748,522.851
3,8.68577,0.841143,607.451
4,8.40058,0.846359,794.84
5,8.0891,0.852056,999.291
