Iteration,Cost,Cost reduction,time (ms)
0,27.3417,0.410462,181.848
1,13.007,0.719546,347.678
2,12.0198,0.740832,516.284
3,12.0198,0.740832,676.003
4,12.0198,0.740832,742.267
5,12.0198,0.740832,789.802
