Iteration,Cost,Cost reduction,time (ms)
0,132.397,0,24.201
1,70.5883,0.466844,37.242
2,7.9138,0.940227,52.497
3,7.9138,0.940227,66.778
4,7.9138,0.940227,74.596
5,4.0051,0.969749,83.794
6,4.0051,0.969749,89.854
