Iteration,Cost,Cost reduction,time (ms)
0,4319.16,0.00151612,132.994
1,4281.3,0.0102683,229.397
2,4231.96,0.0216746,330.62
3,3374.01,0.220011,439.173
4,1429.9,0.669443,548.597
5,1383.88,0.680081,654.075
