Iteration,Cost,Cost reduction,time (ms)
0,63.395,0.0236699,138.415
1,9.92373,0.847167,237.436
2,7.87085,0.878783,345.903
3,3.8302,0.941012,455.619
4,3.8302,0.941012,561.096
5,3.54207,0.945449,635.616
