Iteration,Cost,Cost reduction,time (ms)
0,5232.43,0.00123606,144.037
1,5193.8,0.0086106,241.916
2,5143.75,0.018164,345.42
3,4926.73,0.0595892,460.415
4,3762.78,0.281763,577.967
5,3088.58,0.410453,747.045
