Iteration,Cost,Cost reduction,time (ms)
0,655.533,0.588983,15.791
1,626.387,0.607257,30.849
2,626.387,0.607257,39.75
3,408.934,0.743599,53.365
4,408.934,0.743599,60.919
5,408.934,0.743599,70.205
6,408.934,0.743599,79.787
