Iteration,Cost,Cost reduction,time (ms)
0,69.014,0.256168,235.727
1,15.9015,0.828613,475.325
2,7.45566,0.919643,718.086
3,5.90719,0.936332,960.078
4,3.55733,0.961659,1198.38
5,2.69124,0.970994,1438.59
