Iteration,Cost,Cost reduction,time (ms)
0,5033.14,0.00128509,414.589
1,4994.5,0.00895247,811.59
2,4944.66,0.0188421,1207.64
3,4275.2,0.151682,1707.02
4,2396.78,0.524413,2334.62
5,1805.48,0.641742,2890
