Iteration,Cost,Cost reduction,time (ms)
0,93.5763,0.342505,213.957
1,79.2995,0.442818,424.638
2,52.8909,0.628373,632.085
3,32.624,0.770774,853.081
4,20.0178,0.859349,1086.44
5,14.3381,0.899257,1314.25
