Iteration,Cost,Cost reduction,time (ms)
0,69.1659,0.331963,228.505
1,15.5071,0.850225,468.66
2,8.86092,0.914417,681.684
3,5.4244,0.947609,892.387
4,5.4244,0.947609,1098.32
5,3.29122,0.968212,1181.51
