Iteration,Cost,Cost reduction,time (ms)
0,102.389,0.300809,154.094
1,100.017,0.317006,269.874
2,44.533,0.695893,391.07
3,21.3197,0.854412,542.12
4,18.8187,0.871491,727.575
5,11.5303,0.921262,920.773
