Iteration,Cost,Cost reduction,time (ms)
0,28.9457,0.275124,110.126
1,28.1974,0.293863,187.322
2,13.6583,0.657962,282.985
3,13.6583,0.657962,396.525
4,11.9029,0.701922,450.833
5,9.05706,0.773188,565.386
