Iteration,Cost,Cost reduction,time (ms)
0,4702.72,0.00139231,132.104
1,4664.86,0.00943183,231.432
2,4615.52,0.0199081,333.27
3,3724.85,0.209039,441.537
4,3255.41,0.308722,550.46
5,2371.06,0.496512,660.486
