Iteration,Cost,Cost reduction,time (ms)
0,67.5739,0.360257,208.833
1,33.7737,0.680254,412.858
2,33.7737,0.680254,589.748
3,29.9386,0.716562,663.166
4,24.6325,0.766796,837.394
5,14.0543,0.866944,1018.02
