Iteration,Cost,Cost reduction,time (ms)
0,4942.8,0.00130872,415.889
1,4904.16,0.009116,814.179
2,4854.32,0.0191869,1209.88
3,4839.65,0.0221498,1712.61
4,2871.88,0.419738,2214.62
5,2090.73,0.577568,3044.99
