Iteration,Cost,Cost reduction,time (ms)
0,24.1222,0.421681,105.546
1,24.1222,0.421681,178.326
2,24.1222,0.421681,220.392
3,24.1222,0.421681,262.816
4,24.1222,0.421681,304.918
5,24.1222,0.421681,346.978
6,24.1222,0.421681,388.842
