Iteration,Cost,Cost reduction,time (ms)
0,35.0204,0.192005,2149.11
1,25.0793,0.421368,4332.52
2,18.2944,0.577909,6563.12
3,16.7069,0.614537,8818.76
4,14.5376,0.664586,11077.5
5,7.89198,0.817915,13361.2
6,7.45506,0.827996,15639.9
7,6.85904,0.841748,17979.5
8,5.1656,0.880819,20358.2
9,5.02607,0.884038,22765.2
