Iteration,Cost,Cost reduction,time (ms)
0,26.9102,0.339848,324.767
1,14.7593,0.63793,576.173
2,13.0977,0.678692,835.556
3,13.0977,0.678692,1106.9
4,13.0977,0.678692,1254.84
