Iteration,Cost,Cost reduction,time (ms)
0,5662.88,0.00114271,132.185
1,5624.25,0.00795696,230.188
2,5574.19,0.0167868,332.617
3,4797.45,0.153794,449.464
4,3890.43,0.313779,567.019
5,3770.01,0.33502,739.888
