Iteration,Cost,Cost reduction,time (ms)
0,95.9049,0.00154407,142.134
1,51.0495,0.468529,247.978
2,24.9132,0.740631,356.502
3,19.5569,0.796395,480.67
4,11.175,0.883658,604.924
5,10.9698,0.885794,729.759
