Iteration,Cost,Cost reduction,time (ms)
0,31.8609,0.385089,154.019
1,23.8948,0.538835,263.936
2,22.6137,0.563559,377.885
3,8.78768,0.830399,504.376
4,2.94164,0.943227,636.06
5,2.89712,0.944086,778.27
