Iteration,Cost,Cost reduction,time (ms)
0,31.1095,0.235981,591.993
1,12.6353,0.689688,1179.35
2,10.8392,0.733799,1742.97
3,10.8392,0.733799,2298.5
4,10.5457,0.741007,2395.77
5,10.3962,0.744679,2921.26
