Iteration,Cost,Cost reduction,time (ms)
0,27.6197,0.305623,121.901
1,14.7631,0.628846,204.189
2,14.7631,0.628846,283.348
3,13.3622,0.664066,338.247
4,13.2659,0.666487,424.247
5,13.2659,0.666487,508.933
