Iteration,Cost,Cost reduction,time (ms)
0,5343.12,0.00121255,138.467
1,5304.5,0.00843169,236.118
2,5254.59,0.0177614,340.55
3,4580.62,0.143746,464.324
4,3268.71,0.38898,590.113
5,1880.91,0.648403,743.719
