Iteration,Cost,Cost reduction,time (ms)
0,30.3072,0.478484,146.597
1,19.0003,0.673049,249.339
2,11.6006,0.800382,355.603
3,3.9861,0.931409,465.54
4,3.93968,0.932207,576.453
5,2.43772,0.958053,687.513
