Iteration,Cost,Cost reduction,time (ms)
0,26.2485,0.388914,105.978
1,17.0946,0.602024,181.284
2,10.325,0.759626,256.866
3,10.325,0.759626,337.732
4,8.35659,0.805452,390.276
5,6.71468,0.843677,474.022
