Iteration,Cost,Cost reduction,time (ms)
0,38.3423,0.395775,221.689
1,18.846,0.703011,420.416
2,8.61153,0.864293,625.912
3,3.91582,0.938292,822.667
4,3.6083,0.943138,1023.61
5,3.6083,0.943138,1222.81
