Iteration,Cost,Cost reduction,time (ms)
0,26.4966,0.381822,106.186
1,15.515,0.638026,178.733
2,15.515,0.638026,253.03
3,15.515,0.638026,302.678
4,15.515,0.638026,352.862
5,15.515,0.638026,402.888
