Iteration,Cost,Cost reduction,time (ms)
0,6.33411,0.903671,168.528
1,6.33411,0.903671,303.6
2,6.33411,0.903671,380.305
3,6.33411,0.903671,455.754
4,6.33411,0.903671,533.039
5,6.33411,0.903671,609.03
6,6.33411,0.903671,683.982
