Iteration,Cost,Cost reduction,time (ms)
0,101.767,0.287581,585.646
1,67.8567,0.524968,1140.73
2,31.9328,0.776454,1640.6
3,27.5986,0.806796,2163.16
4,27.5986,0.806796,2705.88
5,27.5986,0.806796,2795.17
