Iteration,Cost,Cost reduction,time (ms)
0,98.3826,0.36536,530.878
1,33.3125,0.785109,1067.26
2,10.8709,0.929875,1666.39
3,9.30364,0.939985,2209.27
4,9.30364,0.939985,2751.2
5,9.30364,0.939985,2841.23
