Iteration,Cost,Cost reduction,time (ms)
0,59.0266,0,420.655
1,47.0741,0.202493,714.593
2,46.9928,0.20387,1106.74
3,46.9928,0.20387,1496.79
4,46.9928,0.20387,1792.81
5,46.9928,0.20387,2085.08
6,46.9928,0.20387,2378.04
