Iteration,Cost,Cost reduction,time (ms)
0,25.2991,0.344025,578.499
1,18.2067,0.527924,1129.67
2,16.4824,0.572633,1656.1
3,16.4824,0.572633,2172.45
4,16.4824,0.572633,2268.33
5,16.4298,0.573996,2330.46
