Iteration,Cost,Cost reduction,time (ms)
0,4540.35,0.00142459,410.077
1,4501.71,0.00992291,808.471
2,4451.86,0.0208855,1205.81
3,4307.05,0.0527338,1704.57
4,3559.8,0.217079,2250.98
5,1224.4,0.730713,2769.34
