Iteration,Cost,Cost reduction,time (ms)
0,5113.81,0.00126501,180.013
1,5075.17,0.00881154,339.204
2,5025.33,0.0185461,507.086
3,4370.85,0.146367,699.041
4,1571.78,0.69303,911.447
5,1326.13,0.741005,1108.76
