Iteration,Cost,Cost reduction,time (ms)
0,5775.59,0.00111984,177.927
1,5736.95,0.00780276,335.969
2,5687.11,0.0164215,504.819
3,4971.02,0.140269,698.275
4,2098.39,0.637086,916.827
5,2001.86,0.653781,1113.46
