Iteration,Cost,Cost reduction,time (ms)
0,28.0142,0.370657,569.232
1,18.4434,0.585667,1157.56
2,15.1515,0.659619,1705.59
3,10.6009,0.761849,2253.09
4,10.3182,0.7682,2815.8
5,8.37659,0.811819,3379.69
