Iteration,Cost,Cost reduction,time (ms)
0,5041.4,0.00128263,410.687
1,5002.76,0.00893758,804.096
2,4952.93,0.0188092,1201.57
3,4777.82,0.0534995,1706.23
4,4050.53,0.197578,2232.72
5,2501.21,0.504502,2792.29
