Iteration,Cost,Cost reduction,time (ms)
0,164.879,0.0451219,149.558
1,93.7374,0.457129,270.054
2,65.9614,0.617991,393.507
3,35.1328,0.796532,533.583
4,28.1671,0.836873,686.204
5,19.4114,0.887581,871.044
