Iteration,Cost,Cost reduction,time (ms)
0,45.5281,0.223103,140.573
1,27.8507,0.524752,245.729
2,3.64953,0.937724,356.99
3,3.37617,0.942389,471.689
4,2.88344,0.950797,587.867
5,2.06379,0.964783,704.365
