Iteration,Cost,Cost reduction,time (ms)
0,4373.17,0.00147894,413.209
1,4334.53,0.0103017,812.108
2,4284.68,0.0216824,1209.32
3,4270.2,0.0249887,1712.1
4,2502.05,0.428709,2210.96
5,1920.02,0.561604,2983.97
