Iteration,Cost,Cost reduction,time (ms)
0,118.83,0.308898,150.387
1,106.736,0.379234,259.216
2,80.5964,0.531259,389.91
3,49.3231,0.713141,536.257
4,41.6508,0.757763,702.687
5,29.6667,0.827461,880.153
