Iteration,Cost,Cost reduction,time (ms)
0,5355.32,0.00120761,413.311
1,5316.68,0.00841436,812.307
2,5266.85,0.0177086,1210.84
3,4557.08,0.150083,1716.19
4,1944.23,0.637393,2351.12
5,900.162,0.832116,2885.87
