Iteration,Cost,Cost reduction,time (ms)
0,101.309,0.216357,140.009
1,74.8642,0.420913,245.01
2,58.6606,0.546251,357.527
3,13.736,0.89375,483.994
4,8.00912,0.938048,619.417
5,8.00912,0.938048,753.924
