Iteration,Cost,Cost reduction,time (ms)
0,5820.01,0.00111274,134.772
1,5781.39,0.00774204,232.968
2,5731.31,0.0163362,335.34
3,5705.92,0.0206949,451.522
4,4386.21,0.247196,564.704
5,905.762,0.844544,680.705
