Iteration,Cost,Cost reduction,time (ms)
0,5488.6,0.00117875,151.923
1,5449.96,0.00820919,257.651
2,5400.08,0.0172875,366.903
3,5234.7,0.0473826,490.356
4,3238.75,0.410608,613.87
5,2430.83,0.557635,759.653
