Iteration,Cost,Cost reduction,time (ms)
0,83.7132,0.196874,209.18
1,38.4748,0.630881,416.522
2,21.2992,0.79566,639.031
3,6.85258,0.934258,861.257
4,3.51839,0.966245,1088.5
5,2.732,0.97379,1321.77
