Iteration,Cost,Cost reduction,time (ms)
0,30.0948,0.3652,106.268
1,20.0958,0.576114,179.653
2,15.5729,0.671516,253
3,10.7425,0.773406,329.622
4,10.1802,0.785266,408.659
5,7.93046,0.83272,487.69
