Iteration,Cost,Cost reduction,time (ms)
0,25.321,0.432305,105.979
1,16.6557,0.626582,176.629
2,16.6557,0.626582,250.92
3,15.1198,0.661016,300.799
4,13.5311,0.696634,378.064
5,11.9123,0.732927,457.965
