Iteration,Cost,Cost reduction,time (ms)
0,40.1581,0.368928,580.971
1,18.5311,0.70879,1146.14
2,13.1283,0.793692,1690.76
3,10.6424,0.832758,2238.61
4,8.17811,0.871484,2788.28
5,8.17811,0.871484,3338.47
