Iteration,Cost,Cost reduction,time (ms)
0,25.5073,0.402084,544.775
1,13.3032,0.688161,1059.36
2,12.9089,0.697402,1552.41
3,6.84848,0.839465,2042.99
4,6.49928,0.847651,2530.7
5,6.49928,0.847651,3015.88
