Iteration,Cost,Cost reduction,time (ms)
0,31.155,0.3542,101.466
1,7.72825,0.839804,171.079
2,7.72825,0.839804,238.894
3,7.72825,0.839804,285.459
4,7.72825,0.839804,333.195
5,7.72825,0.839804,381.155
