Iteration,Cost,Cost reduction,time (ms)
0,45.3801,0,92.093
1,45.3801,0,147.868
2,44.9728,0.00897595,201.328
3,44.093,0.0283625,247.658
4,44.093,0.0283625,332.59
5,42.9015,0.0546178,372.967
6,42.9015,0.0546178,410.992
