Iteration,Cost,Cost reduction,time (ms)
0,99.1127,0.251069,540.198
1,55.5586,0.580179,1083.28
2,42.221,0.680963,1630.49
3,42.221,0.680963,2197.29
4,42.221,0.680963,2290.8
5,42.0222,0.682465,2373.13
