Iteration,Cost,Cost reduction,time (ms)
0,134.283,0.239526,145.34
1,113.726,0.355945,257.157
2,60.0596,0.65987,373.195
3,44.0109,0.750757,512.138
4,44.0109,0.750757,690.551
5,44.0109,0.750757,784.632
