Iteration,Cost,Cost reduction,time (ms)
0,126.289,0.223321,153.776
1,94.4579,0.419083,277.503
2,45.3817,0.720902,621.504
3,45.3817,0.720902,988.271
4,45.3817,0.720902,1088.71
5,45.3817,0.720902,1184.07
