Iteration,Cost,Cost reduction,time (ms)
0,5554.79,0.0011643,413.068
1,5516.14,0.00811257,809.432
2,5466.31,0.0170735,1204.79
3,4740.11,0.147655,1711.82
4,2042.65,0.6327,2343.79
5,1352.29,0.756838,2884.99
