Iteration,Cost,Cost reduction,time (ms)
0,42.9792,0.328474,759.053
1,34.3888,0.462693,1456.2
2,27.6678,0.567706,2151.66
3,27.6678,0.567706,2872.52
4,27.6678,0.567706,3351.26
