Iteration,Cost,Cost reduction,time (ms)
0,117.051,0.301641,155.002
1,112.719,0.327488,266.913
2,68.8016,0.589511,386.986
3,57.5652,0.65655,518.328
4,57.3766,0.657675,652.545
5,57.3766,0.657675,793.413
