Iteration,Cost,Cost reduction,time (ms)
0,4665.24,0.00138608,413.29
1,4626.6,0.00965734,809.556
2,4576.77,0.0203246,1208.64
3,4526.23,0.0311413,1713.54
4,3506.05,0.249516,2299.64
5,1467.5,0.685877,2973.26
