Iteration,Cost,Cost reduction,time (ms)
0,36.0154,0.0884264,134.353
1,21.7215,0.450214,231.453
2,19.8589,0.497357,329.28
3,15.4287,0.609489,429.428
4,15.4287,0.609489,536.183
