Iteration,Cost,Cost reduction,time (ms)
0,5873.17,0.00110164,181.383
1,5834.53,0.00767353,339.219
2,5784.69,0.0161508,509.158
3,5041.42,0.142565,699.431
4,1930.56,0.671654,910.32
5,1304.48,0.778137,1109.23
