Iteration,Cost,Cost reduction,time (ms)
0,116.008,0.375471,145.276
1,114.245,0.384961,251.775
2,82.73,0.554621,367.835
3,76.825,0.586411,483.506
4,62.8701,0.661538,599.252
5,38.0341,0.795243,723.558
