Iteration,Cost,Cost reduction,time (ms)
0,28.8796,0.298632,105.114
1,23.9111,0.419297,181.63
2,17.9545,0.563957,255.768
3,17.9545,0.563957,325.259
4,16.3102,0.603891,375.969
5,16.3102,0.603891,446.682
