Iteration,Cost,Cost reduction,time (ms)
0,4953.19,0.00130631,135.83
1,4914.56,0.00909561,235.008
2,4864.66,0.0191555,339.368
3,4167.65,0.159692,460.555
4,2651.67,0.465353,585.119
5,2068.53,0.582929,753.31
