Iteration,Cost,Cost reduction,time (ms)
0,32.0195,0.255267,2171.76
1,28.0372,0.347889,4408.8
2,12.0476,0.719788,6742.45
3,8.2992,0.806971,9165.84
4,7.50636,0.825412,11596.6
5,5.91897,0.862332,14115.6
6,4.73255,0.889927,16609.9
7,4.73255,0.889927,19097.1
