Iteration,Cost,Cost reduction,time (ms)
0,4199.83,0.0015396,148.438
1,4161.19,0.010725,247.339
2,4111.14,0.0226248,350.622
3,4088.89,0.0279133,468.22
4,2674.21,0.364238,584.318
5,2674.21,0.364238,749.728
