Iteration,Cost,Cost reduction,time (ms)
0,29.3489,0.448708,149.011
1,28.3828,0.466856,256.288
2,24.1474,0.546414,366.546
3,14.2988,0.731411,488.966
4,6.07112,0.88596,618.509
5,2.20731,0.958538,752.708
