Iteration,Cost,Cost reduction,time (ms)
0,106.09,0.399925,187.136
1,87.9047,0.502787,299.871
2,80.9869,0.541916,435.639
3,75.075,0.575355,580.921
4,75.075,0.575355,750.977
5,73.8229,0.582438,835.884
