Iteration,Cost,Cost reduction,time (ms)
0,26.9271,0.366546,176.579
1,16.3511,0.615345,349.364
2,11.6194,0.726657,525.226
3,8.33836,0.803842,694.451
4,8.33836,0.803842,858.325
5,8.33836,0.803842,922.843
