Iteration,Cost,Cost reduction,time (ms)
0,26.0763,0.407341,178.51
1,12.9351,0.706012,351.046
2,2.75689,0.937342,519.166
3,2.75689,0.937342,678.155
4,2.75689,0.937342,743.507
5,2.75689,0.937342,793.452
