Iteration,Cost,Cost reduction,time (ms)
0,5392.33,0.00119969,134.165
1,5353.7,0.00835551,231.047
2,5303.65,0.0176264,333.534
3,5284.39,0.0211943,450.592
4,3265.56,0.395133,566.078
5,3265.56,0.395133,756.168
