Iteration,Cost,Cost reduction,time (ms)
0,156.388,0.094565,422.838
1,156.388,0.094565,604.924
2,156.388,0.094565,680.709
3,152.536,0.116865,773.542
4,91.8511,0.468212,941.538
5,54.5695,0.684061,1107.62
6,50.3131,0.708704,1300.76
7,46.7802,0.729158,1496.92
8,44.228,0.743935,1693.97
9,38.6913,0.77599,1879
