Iteration,Cost,Cost reduction,time (ms)
0,31.0564,0.299959,108.107
1,18.6911,0.578685,190.461
2,15.809,0.643649,282.265
3,13.8414,0.688002,384.486
4,11.859,0.732688,488.963
5,11.4916,0.740969,601.624
