Iteration,Cost,Cost reduction,time (ms)
0,160.003,0.806121,6.658
1,73.9973,0.910336,10.705
2,29.2859,0.964514,15.023
3,9.50058,0.988488,19.359
4,2.79822,0.996609,23.591
5,2.68462,0.996747,27.987
6,1.41947,0.99828,32.235
7,1.41947,0.99828,36.265
