Iteration,Cost,Cost reduction,time (ms)
0,29.7465,0.322219,187.276
1,25.5925,0.416869,358.048
2,25.5925,0.416869,522.008
3,25.1922,0.425989,594.566
4,17.9049,0.592032,758.24
5,17.9049,0.592032,919.233
