Iteration,Cost,Cost reduction,time (ms)
0,78.6146,0.349122,148.564
1,74.8723,0.380106,257.486
2,53.87,0.553992,371.214
3,49.8982,0.586876,492.074
4,19.1613,0.841357,617.433
5,19.1613,0.841357,739.692
