Iteration,Cost,Cost reduction,time (ms)
0,4642.66,0.00139283,179.64
1,4604.02,0.00970425,324.616
2,4554.19,0.0204234,474.072
3,4495.54,0.0330385,642.719
4,2790.57,0.399766,820.603
5,1770,0.619283,997.064
6,906.59,0.804998,1173.11
7,894.065,0.807692,1349.22
8,851.263,0.816899,1522.76
9,851.263,0.816899,1697.09
