Iteration,Cost,Cost reduction,time (ms)
0,30.8208,0.33826,110.712
1,17.0292,0.634374,190.652
2,12.4537,0.732613,272.106
3,8.40906,0.819453,368.1
4,5.76285,0.876268,467.58
5,5.03927,0.891804,578.212
