Iteration,Cost,Cost reduction,time (ms)
0,32.175,0.324292,112.095
1,22.7666,0.521879,185.525
2,10.6257,0.77685,261.953
3,8.72663,0.816732,342.599
4,8.57044,0.820012,426.768
5,8.57044,0.820012,509.343
