Iteration,Cost,Cost reduction,time (ms)
0,5343.11,0.00121092,146.14
1,5304.47,0.00843252,245.255
2,5254.59,0.0177583,350.13
3,5236,0.0212318,473.415
4,3646.38,0.318381,605.437
5,3617.84,0.323717,757.555
