Iteration,Cost,Cost reduction,time (ms)
0,5232.36,0.00125131,129.419
1,5194.5,0.00847816,225.603
2,5145.17,0.0178948,328.218
3,4218.93,0.194694,435.764
4,3896.81,0.25618,547.368
5,3100.34,0.40821,660.002
