Iteration,Cost,Cost reduction,time (ms)
0,26.537,0.359938,108.022
1,25.3714,0.388053,184.797
2,22.421,0.459214,262.452
3,18.2092,0.560801,348.186
4,18.2092,0.560801,444.274
5,18.0899,0.56368,499.251
