Iteration,Cost,Cost reduction,time (ms)
0,4920.69,0.00131436,178.709
1,4882.05,0.00915675,337
2,4832.21,0.0192718,506.439
3,4127.17,0.162364,696.443
4,1420.46,0.711708,915.439
5,1209.37,0.75455,1117.37
