Iteration,Cost,Cost reduction,time (ms)
0,29.191,0.348436,105.713
1,12.1395,0.729038,184.357
2,4.2982,0.904061,271.907
3,4.05037,0.909593,379.165
4,3.59202,0.919824,487.108
5,3.4112,0.92386,595.822
