Iteration,Cost,Cost reduction,time (ms)
0,34.0182,0.138795,104.924
1,10.0463,0.745666,178.397
2,8.89797,0.774739,255.172
3,8.34286,0.788792,334.402
4,8.34286,0.788792,415.817
5,5.53122,0.859972,467.226
