Iteration,Cost,Cost reduction,time (ms)
0,41.4337,0.0902984,108.01
1,32.1405,0.294335,184.249
2,27.5335,0.395485,268.494
3,21.4268,0.529561,359.952
4,17.7309,0.610706,462.394
5,17.7309,0.610706,565.688
