Iteration,Cost,Cost reduction,time (ms)
0,106.47,0.175019,454.369
1,23.8838,0.814937,884.006
2,10.3124,0.920095,1321.29
3,10.3124,0.920095,1751.49
4,10.1639,0.921246,1834.76
5,7.40561,0.942618,2260.87
