Iteration,Cost,Cost reduction,time (ms)
0,116.037,0.314125,150.47
1,114.85,0.32114,260.233
2,63.2868,0.625923,376.605
3,32.7215,0.806589,514.843
4,21.7061,0.871699,648.202
5,17.7891,0.894852,789.59
