Iteration,Cost,Cost reduction,time (ms)
0,5488.62,0.00117865,415.807
1,5449.98,0.00821048,811.207
2,5400.13,0.0172807,1205.22
3,5377.94,0.0213203,1707.17
4,4353.88,0.207678,2207.78
5,2639.2,0.519718,3075.14
