Iteration,Cost,Cost reduction,time (ms)
0,27.0208,0.472347,161.376
1,26.7653,0.477338,271.723
2,23.5179,0.540752,386.157
3,21.7625,0.57503,506.555
4,13.6427,0.73359,628.778
5,10.3653,0.79759,755.678
