Iteration,Cost,Cost reduction,time (ms)
0,28.1768,0.481193,145.103
1,14.378,0.735265,249.371
2,3.97347,0.926838,356.933
3,0.976857,0.982014,467.127
4,0.900266,0.983424,577.228
5,0.900266,0.983424,685.142
