Iteration,Cost,Cost reduction,time (ms)
0,33.1377,0.201403,553.138
1,14.7866,0.643653,1143.84
2,10.8914,0.737524,1712.54
3,10.0585,0.757596,2284.76
4,9.74913,0.765052,2845.79
5,9.12632,0.780062,3366.4
