Iteration,Cost,Cost reduction,time (ms)
0,33.9646,0.362884,175.223
1,9.41228,0.823442,336.709
2,8.82014,0.83455,480.789
3,8.82014,0.83455,624.402
4,7.68324,0.855876,684.44
5,7.16343,0.865627,823.657
