Iteration,Cost,Cost reduction,time (ms)
0,29.1222,0.365369,105.751
1,25.8351,0.437001,181.356
2,14.8213,0.677014,261.567
3,14.8213,0.677014,360.403
4,11.976,0.739018,411.767
5,11.976,0.739018,512.055
