Iteration,Cost,Cost reduction,time (ms)
0,4559.12,0.0014187,181.022
1,4520.48,0.00988208,337.808
2,4470.64,0.0207993,506.879
3,3837.35,0.159508,696.892
4,1365.23,0.700975,908.433
5,1119.96,0.754696,1106.27
