Iteration,Cost,Cost reduction,time (ms)
0,122.081,0.00365866,12.895
1,119.74,0.0227642,23.537
2,119.74,0.0227642,34.441
3,119.74,0.0227642,38.614
4,119.74,0.0227642,42.651
