Iteration,Cost,Cost reduction,time (ms)
0,5232.37,0.00125158,135.49
1,5194.51,0.00847828,232.404
2,5145.18,0.0178957,333.24
3,4197.72,0.198745,441.492
4,3659.68,0.301446,551.243
5,1682.92,0.678767,661.111
