Iteration,Cost,Cost reduction,time (ms)
0,29.215,0.334941,175.406
1,27.6677,0.370165,351.321
2,19.7084,0.551352,524.35
3,14.2794,0.67494,698.923
4,7.07978,0.838834,880.483
5,5.16741,0.882368,1064.31
