Iteration,Cost,Cost reduction,time (ms)
0,99.2973,0.385662,222.187
1,84.2229,0.478925,437.438
2,40.7481,0.747897,645.221
3,7.54324,0.953331,854.221
4,7.54324,0.953331,1059.71
5,7.54324,0.953331,1142.05
