Iteration,Cost,Cost reduction,time (ms)
0,1039.252348490242,0.0,3210.7481956481934
1,803.6032519081069,0.22674867843644586,8302.639961242676
