Iteration,Cost,Cost reduction,time (ms)
0,4942.72,0.0013251,134.298
1,4904.86,0.00897462,230.644
2,4855.52,0.0189438,330.493
3,3933.19,0.205301,438.152
4,1641.66,0.668304,548.353
5,1638.87,0.668867,654.767
