Iteration,Cost,Cost reduction,time (ms)
0,113.266,0.259271,10.532
1,32.9566,0.784472,18.436
2,23.1481,0.848617,26.453
3,8.6662,0.943325,34.058
4,8.6662,0.943325,41.23
