Iteration,Cost,Cost reduction,time (ms)
0,4456.73,0.00146908,131.446
1,4418.87,0.00995166,229.229
2,4369.53,0.0210057,330.64
3,3514.86,0.212496,438.559
4,3023.71,0.322538,547.222
5,2632.33,0.410226,658.735
