Iteration,Cost,Cost reduction,time (ms)
0,64.0641,0.00393807,146.934
1,13.0685,0.796813,254.758
2,5.56509,0.913475,360.928
3,3.96826,0.938302,472.505
4,3.94985,0.938588,588.637
5,3.94985,0.938588,707.257
