Iteration,Cost,Cost reduction,time (ms)
0,26.1926,0.335131,107.307
1,14.6665,0.627707,183.295
2,8.02023,0.796416,258.33
3,4.52766,0.88507,337.077
4,4.52766,0.88507,416.529
5,4.40643,0.888148,472.185
