Iteration,Cost,Cost reduction,time (ms)
0,23.3504,0.374612,113.486
1,13.7476,0.631801,186.874
2,13.7476,0.631801,260.897
3,13.7274,0.632343,311.966
4,13.7274,0.632343,390.162
5,13.7034,0.632985,441.492
