Iteration,Cost,Cost reduction,time (ms)
0,82.8198,0.465723,221.876
1,63.843,0.588144,424.557
2,55.8173,0.639918,618.202
3,26.2036,0.830958,822.105
4,24.8903,0.839431,1041.87
5,13.8682,0.910535,1261.11
