Iteration,Cost,Cost reduction,time (ms)
0,20.8588,0.462678,100.514
1,13.7334,0.646227,169.745
2,13.7334,0.646227,238.92
3,13.7334,0.646227,287.166
4,13.7334,0.646227,335.636
5,13.7334,0.646227,384.97
