Iteration,Cost,Cost reduction,time (ms)
0,99.812,0.286451,565.455
1,60.6326,0.566542,1089.28
2,56.9141,0.593125,1615.6
3,56.9141,0.593125,2129.71
4,56.9141,0.593125,2218.88
5,55.1514,0.605727,2294.71
