Iteration,Cost,Cost reduction,time (ms)
0,25.3893,0.33806,107.714
1,20.1902,0.473609,181.692
2,20.1902,0.473609,256.096
3,20.1902,0.473609,305.614
4,20.1902,0.473609,355.466
5,20.1902,0.473609,406.548
