Iteration,Cost,Cost reduction,time (ms)
0,42.8925,0.313132,5334.09
1,39.5659,0.366404,11150.9
2,30.0792,0.518321,16951.7
3,13.8578,0.778086,22711.6
4,11.3559,0.81815,28821.1
5,9.50166,0.847843,34866.3
6,9.50166,0.847843,40943.5
