Iteration,Cost,Cost reduction,time (ms)
0,25.9387,0.361528,113.652
1,16.8972,0.584082,187.661
2,16.7011,0.588907,264.81
3,12.9727,0.680681,343.051
4,12.9727,0.680681,426.562
5,12.9727,0.680681,479.326
