Iteration,Cost,Cost reduction,time (ms)
0,53.1989,0.407315,147.322
1,51.0358,0.431414,259.247
2,35.6068,0.603307,376.672
3,30.2541,0.662941,503.349
4,17.6313,0.803571,630.335
5,17.6313,0.803571,756.485
