Iteration,Cost,Cost reduction,time (ms)
0,27.3788,0.327605,105.057
1,26.6479,0.345553,178.272
2,26.6479,0.345553,250.875
3,21.8978,0.462211,301.292
4,20.0998,0.506368,379.608
5,14.6651,0.63984,458.442
