Iteration,Cost,Cost reduction,time (ms)
0,414.196,0.706965,6.868
1,398.758,0.717887,11.486
2,359.815,0.745439,16.159
3,359.815,0.745439,20.396
4,359.815,0.745439,23.267
