Iteration,Cost,Cost reduction,time (ms)
0,36.2558,0.243219,101.119
1,25.5282,0.467139,171.085
2,25.5282,0.467139,242.163
3,18.8148,0.607271,290.707
4,18.8148,0.607271,359.138
5,18.8148,0.607271,405.729
