Iteration,Cost,Cost reduction,time (ms)
0,22.2423,0.423517,559.261
1,7.87691,0.795844,1076.82
2,5.2033,0.865139,1575.27
3,5.2033,0.865139,2067
4,5.2033,0.865139,2148.92
5,4.07292,0.894437,2211.24
