Iteration,Cost,Cost reduction,time (ms)
0,5554.8,0.0011646,144.677
1,5516.16,0.00811193,244.712
2,5466.11,0.0171129,348.578
3,5439.95,0.021816,465.435
4,4083.71,0.265688,583.182
5,3354.18,0.396869,737.416
