Iteration,Cost,Cost reduction,time (ms)
0,29.9058,0.302952,111.23
1,14.0473,0.672583,191.969
2,11.789,0.725221,273.275
3,9.48999,0.778806,364.035
4,9.48999,0.778806,470.628
5,9.48999,0.778806,523.951
