Iteration,Cost,Cost reduction,time (ms)
0,29.2119,0.350998,574.5
1,14.3167,0.681926,1197.92
2,10.0254,0.777265,1867.89
3,6.58621,0.853674,2509.14
4,4.43776,0.901406,3137.85
5,4.21931,0.906259,3773.27
