Iteration,Cost,Cost reduction,time (ms)
0,32.0373,0.467978,154.516
1,19.2369,0.680545,259.728
2,18.6958,0.689531,380.4
3,16.8538,0.72012,503.338
4,16.8538,0.72012,627.537
5,16.2132,0.730758,706.361
