Iteration,Cost,Cost reduction,time (ms)
0,31.5726,0.322355,103.769
1,23.2056,0.501938,178.745
2,20.0743,0.569143,255.634
3,7.48917,0.83926,331.616
4,7.48917,0.83926,408.511
5,7.48917,0.83926,459.345
