Iteration,Cost,Cost reduction,time (ms)
0,28.5449,0.45013,145.754
1,22.9894,0.557148,250.916
2,21.4121,0.587532,358.975
3,13.3705,0.74244,469.474
4,8.19874,0.842065,580.152
5,3.89008,0.925064,695.569
