Iteration,Cost,Cost reduction,time (ms)
0,27.4726,0.314884,597.001
1,12.2711,0.693983,1197.23
2,5.88225,0.853308,1828.95
3,4.65826,0.883832,2435.83
4,3.21527,0.919817,3013.18
5,3.21527,0.919817,3589
