Iteration,Cost,Cost reduction,time (ms)
0,4624.79,0.0013983,178.518
1,4586.15,0.00974178,336.886
2,4536.31,0.020503,504.02
3,3850.62,0.16856,694.316
4,2094.05,0.547844,910.593
5,1955.69,0.57772,1108.56
