Iteration,Cost,Cost reduction,time (ms)
0,26.6176,0.291219,99.551
1,21.3182,0.432332,172.732
2,3.9747,0.894161,246.082
3,3.9747,0.894161,320.416
4,3.9747,0.894161,371.079
5,3.9747,0.894161,422.58
