Iteration,Cost,Cost reduction,time (ms)
0,5011.68,0.00129075,135.876
1,4973.04,0.00898952,233.749
2,4923.16,0.0189309,338.408
3,4291.67,0.144772,460.105
4,3617.19,0.279179,586.871
5,2516.64,0.498493,763.439
