Iteration,Cost,Cost reduction,time (ms)
0,24.5882,0.433372,102.584
1,19.4074,0.552762,172.944
2,19.4074,0.552762,244.371
3,19.4074,0.552762,293.45
4,19.3941,0.553068,343.635
5,19.3941,0.553068,419.974
