Iteration,Cost,Cost reduction,time (ms)
0,4702.79,0.00137503,178.479
1,4664.15,0.00958034,337.207
2,4614.32,0.0201626,505.545
3,3927.02,0.166108,696.887
4,1503.04,0.680833,910.323
5,1284.49,0.727241,1108.66
