Iteration,Cost,Cost reduction,time (ms)
0,4.4293,0.92939,158.729
1,4.4293,0.92939,296.858
2,1.65155,0.973672,408.705
3,1.60279,0.974449,518.572
4,1.60279,0.974449,680.417
5,1.60279,0.974449,796.494
6,1.60279,0.974449,912.236
