Iteration,Cost,Cost reduction,time (ms)
0,29.803,0.324832,549.365
1,16.511,0.625954,1106.36
2,7.92648,0.820431,1708.17
3,7.2595,0.835541,2312.81
4,5.40751,0.877496,2908.42
5,3.58055,0.918885,3478.54
