Iteration,Cost,Cost reduction,time (ms)
0,40.1365,0.0946412,542.382
1,18.4,0.584952,1107.45
2,10.9853,0.752205,1671.5
3,8.56735,0.806746,2217.67
4,7.78072,0.82449,2757.92
5,6.27507,0.858453,3306.61
6,6.27507,0.858453,3869.04
