Iteration,Cost,Cost reduction,time (ms)
0,4702.81,0.00137536,414.48
1,4664.17,0.00958054,811.316
2,4614.32,0.0201644,1208.55
3,4596.37,0.0239761,1706.68
4,3329.62,0.292967,2203.39
5,1945.32,0.586918,3156.62
