Iteration,Cost,Cost reduction,time (ms)
0,7.45771943684648,0.0,30.768871307373047
1,7.370693835918209,0.011669197489289074,216.3839340209961
