Iteration,Cost,Cost reduction,time (ms)
0,5666.02,0.0011414,150.482
1,5627.38,0.0079527,250.092
2,5577.33,0.0167758,354.216
3,5542.27,0.0229559,468.633
4,3415.82,0.397827,585.299
5,2758.9,0.513635,735.165
