Iteration,Cost,Cost reduction,time (ms)
0,77.0682,0.353606,146.567
1,65.5571,0.450153,255.919
2,59.0832,0.504452,369.629
3,15.4702,0.870247,500.805
4,15.4702,0.870247,629.181
5,15.4702,0.870247,711.479
