Iteration,Cost,Cost reduction,time (ms)
0,79.4155,0.257612,192.281
1,38.3537,0.641464,323.033
2,19.6428,0.816376,463.214
3,10.3626,0.903129,609.739
4,6.90872,0.935416,760.119
5,5.13814,0.951968,934.276
