Iteration,Cost,Cost reduction,time (ms)
0,50.8946,0.23516,532.213
1,29.4874,0.556866,1091.99
2,19.2534,0.710662,1637.05
3,13.6833,0.794369,2226.18
4,11.8316,0.822196,2825.39
5,7.93198,0.880799,3416.43
