Iteration,Cost,Cost reduction,time (ms)
0,28.9905,0.304571,175.836
1,19.9379,0.521724,359.055
2,13.0833,0.686156,529.7
3,9.10078,0.781689,697.409
4,9.10078,0.781689,861.979
5,8.16618,0.804108,931.364
