Iteration,Cost,Cost reduction,time (ms)
0,5488.62,0.00117863,414.803
1,5449.98,0.00821047,812.343
2,5400.13,0.0172806,1208.75
3,4652.15,0.153399,1712.3
4,2038.39,0.629053,2340.04
5,959.805,0.825334,2880.91
