Iteration,Cost,Cost reduction,time (ms)
0,5697.87,0.00113578,146.651
1,5659.24,0.0079082,245.713
2,5609.18,0.0166843,349.745
3,5455.17,0.0436836,466.005
4,2798.25,0.509453,579.027
5,1689.22,0.703872,691.134
