Iteration,Cost,Cost reduction,time (ms)
0,32.5385,0.296904,107.577
1,29.5492,0.361497,189.428
2,25.2947,0.453428,277.446
3,25.2947,0.453428,364.579
4,23.1384,0.500023,419.618
5,21.4034,0.537512,507.907
