Iteration,Cost,Cost reduction,time (ms)
0,30.6607,0.328985,106.903
1,13.3573,0.707673,181.508
2,13.0787,0.713771,258.316
3,13.0787,0.713771,337.068
4,11.6064,0.745993,393.487
5,11.6064,0.745993,476.281
