Iteration,Cost,Cost reduction,time (ms)
0,4447.88,0.00145401,415.826
1,4409.24,0.0101288,813.291
2,4359.4,0.0213181,1207.72
3,3688.4,0.171957,1706.67
4,1585.9,0.643967,2336.96
5,851.364,0.808869,2878.82
