Iteration,Cost,Cost reduction,time (ms)
0,5697.87,0.00113522,154.333
1,5659.23,0.0079084,254.978
2,5609.18,0.0166828,360.089
3,5454.63,0.0437752,476.126
4,3333.74,0.415579,586.362
5,2784.74,0.511821,695.783
