Iteration,Cost,Cost reduction,time (ms)
0,85.325,0.34741,222.326
1,71.2392,0.455143,434.887
2,37.3082,0.714656,635.565
3,12.1004,0.907453,844.845
4,12.1004,0.907453,1064.12
5,11.8497,0.90937,1157.11
