Iteration,Cost,Cost reduction,time (ms)
0,5107.93,0.00126599,412.207
1,5069.29,0.00882134,808.773
2,5019.46,0.0185647,1204.1
3,5004.15,0.0215584,1708.5
4,3446.6,0.3261,2203.46
5,2384.66,0.533736,3065.48
