Iteration,Cost,Cost reduction,time (ms)
0,4.54026,0.960341,161.223
1,4.37695,0.961767,268.066
2,4.37695,0.961767,384.816
3,4.37695,0.961767,468.226
4,4.37695,0.961767,545.002
5,4.37695,0.961767,624.221
6,4.37695,0.961767,697.143
