Iteration,Cost,Cost reduction,time (ms)
0,33.9794,0.236278,603.592
1,14.0414,0.684405,1206.94
2,12.6735,0.715149,1763.01
3,5.46092,0.87726,2304.54
4,5.46092,0.87726,2837.58
5,5.23211,0.882403,2932.64
