Iteration,Cost,Cost reduction,time (ms)
0,5335.54,0.00121223,412.541
1,5296.9,0.00844562,810.762
2,5247.06,0.0177749,1206.24
3,5175.76,0.0311219,1706.38
4,2834.13,0.469465,2195.86
5,2349.81,0.560126,2962.72
