Iteration,Cost,Cost reduction,time (ms)
0,5873.08,0.00111519,131.246
1,5835.22,0.0075544,228.329
2,5785.88,0.0159456,329.188
3,4774.28,0.187997,438.228
4,4188.17,0.287682,546.745
5,2765.27,0.529687,655.447
