Iteration,Cost,Cost reduction,time (ms)
0,113.699,0.0529722,144.321
1,23.3401,0.805594,246.026
2,21.8726,0.817817,352.654
3,17.9276,0.850676,469.908
4,15.3919,0.871797,584.179
5,15.3919,0.871797,698.742
