Iteration,Cost,Cost reduction,time (ms)
0,5335.52,0.00121201,178.111
1,5296.88,0.00844549,338.492
2,5247.05,0.0177736,506.133
3,4867.3,0.0888621,696.955
4,4391.61,0.177908,902.818
5,1703.82,0.681053,1104.83
