Iteration,Cost,Cost reduction,time (ms)
0,29.9267,0.322584,189.394
1,26.9723,0.389458,374.509
2,26.9723,0.389458,546.979
3,26.5841,0.398246,613.814
4,17.4759,0.604417,780.056
5,17.4759,0.604417,955.796
