Iteration,Cost,Cost reduction,time (ms)
0,5820.01,0.00111203,154.028
1,5781.38,0.00774251,254.434
2,5731.49,0.016306,361.192
3,5708.8,0.0201997,484.679
4,4151.02,0.287561,616.972
5,2892.22,0.503608,782.328
