Iteration,Cost,Cost reduction,time (ms)
0,45.479,0,106.293
1,25.9408,0.42961,155.558
2,24.0714,0.470714,248.355
3,24.0714,0.470714,351.787
4,21.4647,0.52803,406.147
5,21.4647,0.52803,505.929
