Iteration,Cost,Cost reduction,time (ms)
0,84.6145,0.198909,152.119
1,36.9524,0.650152,265.359
2,5.92069,0.943946,388.376
3,5.03142,0.952365,514.791
4,3.21548,0.969557,640.39
5,2.96838,0.971897,765.368
