Iteration,Cost,Cost reduction,time (ms)
0,74.164,0.347788,150.237
1,23.4619,0.793671,258.452
2,20.7775,0.817278,377.168
3,11.4072,0.899683,503.106
4,11.4072,0.899683,628.367
5,10.0838,0.911321,709.55
