Iteration,Cost,Cost reduction,time (ms)
0,4373.16,0.00147944,136.497
1,4334.53,0.0103003,234.012
2,4284.47,0.0217315,337.083
3,3496.45,0.201657,457.11
4,2886,0.341043,569.432
5,1736.01,0.603619,721.259
