Iteration,Cost,Cost reduction,time (ms)
0,153.247,0.0132982,143.394
1,75.0511,0.516774,257.941
2,64.1786,0.586778,376.449
3,60.956,0.607527,497.256
4,5.5256,0.964423,615.293
5,4.61156,0.970308,726.612
