Iteration,Cost,Cost reduction,time (ms)
0,4378.56,0.00147715,178.675
1,4339.92,0.010289,336.498
2,4290.08,0.0216561,505.005
3,3651.96,0.167178,694.851
4,2107.51,0.519387,908.229
5,1106.88,0.747577,1107.11
