Iteration,Cost,Cost reduction,time (ms)
0,4447.88,0.00145466,138.214
1,4409.25,0.0101275,237.527
2,4359.35,0.0213291,343.523
3,4028.38,0.0956311,466.245
4,2602.4,0.415764,596.739
5,2279.82,0.488182,754.074
