Iteration,Cost,Cost reduction,time (ms)
0,35.1372,0.194157,113.436
1,22.446,0.48522,189.823
2,17.4011,0.600922,268.57
3,10.6626,0.755462,358.718
4,10.4357,0.760666,470.22
5,9.42795,0.783778,584.802
