Iteration,Cost,Cost reduction,time (ms)
0,100.223,0.359973,70.268
1,100.223,0.359973,150.898
2,100.223,0.359973,193.102
3,50.0506,0.680375,257.565
4,50.0506,0.680375,314.486
5,50.0506,0.680375,352.67
6,42.9666,0.725614,383.177
7,42.9666,0.725614,426.245
