Iteration,Cost,Cost reduction,time (ms)
0,20.9056,0.521113,107.567
1,20.1945,0.537402,175.728
2,20.1945,0.537402,250.306
3,20.1945,0.537402,294.507
4,20.1945,0.537402,338.803
5,20.1945,0.537402,393.066
6,19.263,0.55874,448.024
7,19.263,0.55874,528.843
