Iteration,Cost,Cost reduction,time (ms)
0,4702.8,0.00137526,146.201
1,4664.16,0.00957956,244.251
2,4614.11,0.0202089,347.065
3,4569.81,0.0296159,463.116
4,3220.83,0.316067,577.554
5,2674.52,0.432074,738.886
