Iteration,Cost,Cost reduction,time (ms)
0,5775.61,0.00112015,406.486
1,5736.97,0.00780296,810.412
2,5687.13,0.016423,1205.61
3,5663.64,0.0204849,1705.67
4,4638.84,0.197722,2208.32
5,3063.36,0.470198,3068.74
