Iteration,Cost,Cost reduction,time (ms)
0,29.5956,0.326319,106.865
1,19.4745,0.556704,181.353
2,12.3952,0.71785,258.814
3,12.3952,0.71785,351.544
4,11.9149,0.728784,402.519
5,11.9149,0.728784,497.186
