Iteration,Cost,Cost reduction,time (ms)
0,132.677,0.260861,149.631
1,118.311,0.340896,263.439
2,16.2678,0.909373,373.332
3,14.9736,0.916583,495.686
4,14.9736,0.916583,617.12
5,14.6346,0.918471,694.853
