Iteration,Cost,Cost reduction,time (ms)
0,28.0186,0.331691,114.729
1,24.8063,0.408313,190.482
2,24.8063,0.408313,281.017
3,24.8063,0.408313,333.306
4,24.758,0.409464,387.446
5,24.758,0.409464,479.115
