Iteration,Cost,Cost reduction,time (ms)
0,27.8161,0.328559,110.492
1,27.8161,0.328559,187.791
2,24.599,0.406215,240.133
3,23.6799,0.428401,344.469
4,22.396,0.459392,448.544
5,20.7574,0.498945,552.76
