Iteration,Cost,Cost reduction,time (ms)
0,5793.67,0.00111671,153.881
1,5755.04,0.00777793,254.947
2,5704.98,0.0164087,359.772
3,5683.76,0.0200674,475.028
4,4526.49,0.21959,594.161
5,4526.49,0.21959,728.829
