Iteration,Cost,Cost reduction,time (ms)
0,45.984,0.362407,585.632
1,23.9867,0.667412,1103.39
2,23.202,0.678293,1661.26
3,17.5125,0.75718,2228.66
4,17.5125,0.75718,2789.4
