Iteration,Cost,Cost reduction,time (ms)
0,5355.33,0.00120782,138.417
1,5316.69,0.00841361,235.049
2,5266.64,0.0177489,337.498
3,4941.06,0.0784703,454.578
4,3820.61,0.28744,572.172
5,3527.31,0.342142,717.284
