Iteration,Cost,Cost reduction,time (ms)
0,24.2351,0.537382,219.027
1,16.2498,0.689811,419.864
2,13.1501,0.748981,617.947
3,12.8957,0.753838,822.754
4,5.72196,0.890775,1032.15
5,4.09912,0.921753,1255.82
