Iteration,Cost,Cost reduction,time (ms)
0,88.4049,0.289865,153.425
1,52.8012,0.575861,263.024
2,51.3881,0.587212,382.601
3,44.6011,0.64173,505.375
4,37.7509,0.696756,634.09
5,15.0056,0.879463,759.284
