Iteration,Cost,Cost reduction,time (ms)
0,59.4163,0.471914,211.941
1,59.4163,0.471914,418.443
2,59.4163,0.471914,495.642
3,59.4163,0.471914,571.471
4,59.4163,0.471914,648.428
5,59.4163,0.471914,724.475
