Iteration,Cost,Cost reduction,time (ms)
0,77.0714,0.352606,145.494
1,28.4799,0.760771,247.211
2,24.1949,0.796764,364.936
3,16.7806,0.859045,483.121
4,16.7806,0.859045,602.634
5,16.7806,0.859045,687.394
