Iteration,Cost,Cost reduction,time (ms)
0,33.456,0.712647,154.13
1,16.4349,0.858841,311.051
2,5.55179,0.952316,498.082
3,3.61388,0.96896,696.616
4,3.61388,0.96896,869.205
5,3.28323,0.9718,962.278
