Iteration,Cost,Cost reduction,time (ms)
0,308.24,0.587572,7.082
1,237.438,0.682306,11.716
2,106.993,0.856842,16.265
3,61.5547,0.917639,21.045
4,8.30487,0.988888,26.036
5,2.644,0.996462,30.91
6,2.3515,0.996854,35.632
7,2.27488,0.996956,40.189
8,2.07674,0.997221,45.123
9,2.07674,0.997221,49.475
