Iteration,Cost,Cost reduction,time (ms)
0,31.9397,0.324504,556.51
1,26.5502,0.438487,1170.25
2,14.7734,0.687557,1761.64
3,9.94391,0.789695,2325.85
4,4.95808,0.895141,2912.19
5,4.86378,0.897135,3523.65
