Iteration,Cost,Cost reduction,time (ms)
0,74.2124,0.340688,585.747
1,41.1368,0.634536,1155.76
2,39.7035,0.64727,1706.51
3,18.3961,0.836567,2246.21
4,17.9569,0.840469,2804.81
5,8.80723,0.921756,3376.61
