Iteration,Cost,Cost reduction,time (ms)
0,29.7968,0.359381,107.192
1,13.8949,0.701266,186.804
2,11.5092,0.752557,275.582
3,9.18155,0.8026,362.469
4,4.00589,0.913875,450.772
5,2.70731,0.941794,542.648
