Iteration,Cost,Cost reduction,time (ms)
0,5621.89,0.0011508,141.263
1,5583.25,0.00801475,240.374
2,5533.37,0.0168779,345.638
3,5516.33,0.0199051,464.952
4,4527.64,0.195568,591.919
5,2719.94,0.516743,765.19
