Iteration,Cost,Cost reduction,time (ms)
0,30.2093,0.300291,187.74
1,29.1483,0.324867,375.737
2,14.5628,0.662697,544.957
3,8.16389,0.810908,716.625
4,5.88465,0.8637,896.529
5,5.88465,0.8637,1070.6
