Iteration,Cost,Cost reduction,time (ms)
0,33.925,0.42785,155.094
1,21.1352,0.643551,267.354
2,11.3428,0.808702,381.754
3,7.84657,0.867666,503.501
4,7.26061,0.877549,625.795
5,6.9452,0.882868,750.688
