Iteration,Cost,Cost reduction,time (ms)
0,26.5101,0.36347,109.417
1,12.122,0.708942,187.956
2,10.6592,0.744065,276.843
3,5.76116,0.86167,362.64
4,4.89194,0.88254,454.897
5,4.106,0.901411,549.059
