Iteration,Cost,Cost reduction,time (ms)
0,36.3769,0.622474,154.715
1,21.553,0.77632,331.105
2,17.3886,0.819538,531.745
3,17.3886,0.819538,755.016
4,17.3886,0.819538,841.084
5,17.3886,0.819538,924.297
