Iteration,Cost,Cost reduction,time (ms)
0,344.075,0.539625,12.67
1,138.63,0.814512,37.691
2,123.909,0.834209,58.681
3,62.1271,0.916873,77.074
4,62.1271,0.916873,93.191
5,62.1271,0.916873,98.829
6,62.1271,0.916873,107.931
