Iteration,Cost,Cost reduction,time (ms)
0,4455.47,0.00145118,138.995
1,4416.83,0.0101104,238.424
2,4366.78,0.0213273,341.775
3,4327.55,0.0301205,459.208
4,3486.83,0.218541,574.874
5,2993.98,0.328997,740.849
