Iteration,Cost,Cost reduction,time (ms)
0,30.8724,0.326058,105.959
1,24.5943,0.463108,178.069
2,22.6289,0.506014,249.066
3,22.6289,0.506014,321.563
4,22.564,0.50743,373.687
5,22.564,0.50743,448.456
