Iteration,Cost,Cost reduction,time (ms)
0,33.405,0.2459,574.457
1,11.4919,0.740576,1173.96
2,4.47938,0.89888,1750.25
3,4.17476,0.905757,2287.44
4,3.79785,0.914266,2805.51
5,3.79785,0.914266,3314.26
