Iteration,Cost,Cost reduction,time (ms)
0,33.0569,0.281369,270.781
1,23.4796,0.489572,500.013
2,17.2416,0.62518,731.396
3,17.1094,0.628055,967.828
4,13.9901,0.695865,1210.47
5,11.4599,0.75087,1450.33
6,11.4599,0.75087,1696.17
