Iteration,Cost,Cost reduction,time (ms)
0,27.6358,0.360159,571.779
1,19.342,0.552182,1102.23
2,17.2211,0.601287,1612.64
3,9.90049,0.770778,2119.24
4,9.90049,0.770778,2602.76
5,8.73402,0.797785,2697.18
