Iteration,Cost,Cost reduction,time (ms)
0,5650.45,0.00114457,178.759
1,5611.81,0.00797535,336.383
2,5561.98,0.0167845,503.734
3,5294.33,0.0640978,693.115
4,4704.11,0.168434,906.089
5,3279.1,0.420339,1108.38
