Iteration,Cost,Cost reduction,time (ms)
0,109.849,0.311904,222.617
1,73.7862,0.537802,433.149
2,41.3606,0.740916,641.135
3,9.84933,0.938304,864.766
4,7.4117,0.953573,1085.74
5,7.4117,0.953573,1305.75
