Iteration,Cost,Cost reduction,time (ms)
0,23.2166,0.397094,104.246
1,15.8767,0.587703,178.218
2,15.8767,0.587703,252.606
3,15.8767,0.587703,304.34
4,15.6163,0.594465,358.555
5,15.6163,0.594465,437.838
