Iteration,Cost,Cost reduction,time (ms)
0,5554.81,0.00116473,412.646
1,5516.17,0.00811283,807.944
2,5466.32,0.0170757,1204.08
3,5305.24,0.0460417,1705.83
4,4339.22,0.219746,2253.28
5,1834.4,0.670149,2768.91
