Iteration,Cost,Cost reduction,time (ms)
0,27.2132,0.296697,103.629
1,24.036,0.37881,177.316
2,9.56188,0.752881,252.898
3,9.34606,0.758459,329.79
4,7.63478,0.802685,407.099
5,7.15957,0.814967,487.212
