Iteration,Cost,Cost reduction,time (ms)
0,4593.11,0.00140834,150.87
1,4554.48,0.00980749,249.273
2,4504.42,0.0206903,352.37
3,4375.38,0.0487445,466.545
4,2938.44,0.361152,576.49
5,894.991,0.805419,691.346
6,647.829,0.859155,846.813
7,647.829,0.859155,973.483
