Iteration,Cost,Cost reduction,time (ms)
0,22.2973,0.401149,103.81
1,13.0226,0.650245,177.904
2,11.364,0.69479,253.744
3,8.77211,0.764403,347.914
4,8.77211,0.764403,435.788
5,8.77211,0.764403,486.759
