Iteration,Cost,Cost reduction,time (ms)
0,25.3674,0.427373,176.891
1,9.90208,0.776477,332.109
2,9.90208,0.776477,474.644
3,9.90208,0.776477,539.396
4,9.90208,0.776477,590.83
