Iteration,Cost,Cost reduction,time (ms)
0,81.6868,0.35482,149.9
1,49.1566,0.611751,264.028
2,37.1803,0.706342,409.862
3,34.6994,0.725937,561.361
4,34.6994,0.725937,707.96
5,29.9701,0.76329,794.459
