Iteration,Cost,Cost reduction,time (ms)
0,63.0355,0.000178612,375.398
1,63.0355,0.000178612,507.415
2,63.0355,0.000178612,616.334
3,6.77058,0.89261,727.683
4,6.22201,0.901311,852.642
5,5.74067,0.908946,978.035
6,5.74067,0.908946,1114.32
