Iteration,Cost,Cost reduction,time (ms)
0,30.8664,0.365395,102.928
1,30.8664,0.365395,173.76
2,30.8664,0.365395,220.74
3,30.8523,0.365685,269.816
4,30.8523,0.365685,342.797
5,30.7694,0.367389,394.489
