Iteration,Cost,Cost reduction,time (ms)
0,22.4201,0.207644,23.466
1,9.50438,0.664103,44.098
2,9.50438,0.664103,60.506
3,9.50438,0.664103,67.475
4,9.50438,0.664103,75.275
