Iteration,Cost,Cost reduction,time (ms)
0,4953.18,0.00130563,148.854
1,4914.54,0.00909665,262.424
2,4864.7,0.0191448,382.416
3,4715.39,0.049251,521.951
4,3885.5,0.216578,668.892
5,3596.74,0.274801,801.718
6,2094.55,0.577682,938.336
7,1974.39,0.60191,1080.69
8,864.584,0.825677,1226.36
9,864.584,0.825677,1370.65
