Iteration,Cost,Cost reduction,time (ms)
0,99.7456,0.228302,147.848
1,64.5307,0.500747,255.548
2,54.6081,0.577515,368.208
3,17.9709,0.860965,487.58
4,14.2814,0.889509,605.103
5,8.69528,0.932728,724.397
