Iteration,Cost,Cost reduction,time (ms)
0,8.96876,0.829012,527.789
1,8.96876,0.829012,1022.53
2,8.96876,0.829012,1112.79
3,8.96876,0.829012,1173.99
4,8.96876,0.829012,1220.31
5,8.96876,0.829012,1266.79
