Iteration,Cost,Cost reduction,time (ms)
0,28.048,0.349755,191.025
1,28.048,0.349755,364.553
2,25.0267,0.419798,430.669
3,25.0267,0.419798,602.401
4,25.0267,0.419798,663.824
5,24.8929,0.422899,715.859
