Iteration,Cost,Cost reduction,time (ms)
0,24.3742,0.385553,103.204
1,15.284,0.614708,174.322
2,15.284,0.614708,244.121
3,15.284,0.614708,292.087
4,15.284,0.614708,340.42
5,15.284,0.614708,389.403
