Iteration,Cost,Cost reduction,time (ms)
0,28.8136,0.359752,535.412
1,11.1492,0.75226,1035.69
2,11.1385,0.752498,1504.81
3,11.1385,0.752498,1964.86
4,11.1385,0.752498,2049.6
5,11.1385,0.752498,2110.68
