Iteration,Cost,Cost reduction,time (ms)
0,45.803,0.881605,6.198
1,45.803,0.881605,10.057
2,45.803,0.881605,12.782
3,45.803,0.881605,16.351
4,45.803,0.881605,19.376
