Iteration,Cost,Cost reduction,time (ms)
0,33.2373,0,90.125
1,33.2373,0,145.019
2,33.2373,0,200.114
3,26.3851,0.206158,237.97
4,26.3851,0.206158,294.965
5,26.3851,0.206158,335.659
6,26.3851,0.206158,371.907
