Iteration,Cost,Cost reduction,time (ms)
0,4366.5,0.00148116,178.373
1,4327.86,0.0103174,337.511
2,4278.02,0.0217153,504.547
3,3673.19,0.160026,696.499
4,1661.04,0.620157,906.513
5,966.593,0.778962,1110.13
