Iteration,Cost,Cost reduction,time (ms)
0,151.147,0.0373637,207.883
1,39.1331,0.750766,400.359
2,36.7741,0.76579,604.345
3,34.5217,0.780135,814.837
4,31.4719,0.799559,1014.39
5,9.83792,0.937343,1211.5
