Iteration,Cost,Cost reduction,time (ms)
0,26.1692,0.320958,103.816
1,25.606,0.335569,176.488
2,25.606,0.335569,245.563
3,19.8537,0.484831,296.767
4,10.6205,0.724418,372.755
5,7.68486,0.800592,449.351
