Iteration,Cost,Cost reduction,time (ms)
0,474.876,0.576753,13.848
1,474.876,0.576753,28.004
2,427.579,0.618908,35.634
3,41.8926,0.962662,47.554
4,41.8926,0.962662,54.512
5,22.5147,0.979933,61.536
6,22.5147,0.979933,69.006
