Iteration,Cost,Cost reduction,time (ms)
0,25.9293,0.360114,596.152
1,13.8681,0.657762,1202.8
2,9.66372,0.761518,1824.97
3,9.31731,0.770067,2449.31
4,9.03507,0.777032,3067.16
5,8.26405,0.796059,3686.42
