Iteration,Cost,Cost reduction,time (ms)
0,28.4006,0.324808,103.965
1,24.5076,0.417359,180.485
2,24.5076,0.417359,250.237
3,24.5076,0.417359,298.707
4,24.5076,0.417359,348.674
5,24.5076,0.417359,395.888
