Iteration,Cost,Cost reduction,time (ms)
0,8.93858,0.587162,20.997
1,8.93858,0.587162,42.239
2,2.82544,0.869504,54.95
3,2.82544,0.869504,78.46
4,2.82544,0.869504,94.081
5,2.82544,0.869504,111.617
6,1.57525,0.927245,118.266
7,1.28765,0.940528,129.637
8,0.964154,0.955469,137.832
9,0.86344,0.960121,147.567
