Iteration,Cost,Cost reduction,time (ms)
0,26.6807,0.427476,104.054
1,26.6807,0.427476,172.611
2,26.6807,0.427476,218.568
3,25.6053,0.450552,267.665
4,25.6053,0.450552,341.102
5,25.6053,0.450552,390.514
