Iteration,Cost,Cost reduction,time (ms)
0,5666.01,0.00114132,416.687
1,5627.37,0.00795339,813.405
2,5577.54,0.0167376,1210.85
3,5247.04,0.0750009,1717.95
4,4075.23,0.28158,2289.02
5,3066.13,0.459474,2851.22
