Iteration,Cost,Cost reduction,time (ms)
0,31.2767,0.365607,589.45
1,17.9816,0.635274,1146.03
2,11.4403,0.767954,1655.72
3,10.4736,0.787562,2185.45
4,9.1746,0.813909,2716.86
5,9.1746,0.813909,3256.03
