Iteration,Cost,Cost reduction,time (ms)
0,5232.45,0.00123611,410.846
1,5193.81,0.00861182,806.219
2,5143.97,0.0181248,1204.25
3,5102.82,0.025981,1706.6
4,3972.97,0.241644,2252.12
5,2701.8,0.484284,2857.05
