Iteration,Cost,Cost reduction,time (ms)
0,69.6761,0.0522419,143.646
1,29.8838,0.59351,254.349
2,19.2049,0.738768,375.041
3,16.0833,0.78123,508.713
4,6.81614,0.907285,664.71
5,4.18107,0.943128,823.839
