Iteration,Cost,Cost reduction,time (ms)
0,45.9409,0,107.785
1,45.9409,0,155.317
2,45.7849,0.00339559,205.758
3,42.8346,0.0676154,283.836
4,29.7819,0.351734,365.4
5,16.928,0.631528,455.055
