Iteration,Cost,Cost reduction,time (ms)
0,63.8935,0.12346,142.338
1,29.6243,0.593591,250.314
2,26.2417,0.639996,365.368
3,23.5288,0.677214,491.511
4,17.6197,0.75828,628.347
5,10.9957,0.849153,787.709
