Iteration,Cost,Cost reduction,time (ms)
0,4373.15,0.00147852,413.645
1,4334.51,0.0103014,812.925
2,4284.67,0.0216802,1210.49
3,4235.95,0.032804,1717.9
4,2690.86,0.385595,2304.54
5,1767.72,0.596377,2987.56
