Iteration,Cost,Cost reduction,time (ms)
0,72.0275,0.353971,219.492
1,50.3322,0.548561,419.375
2,35.7621,0.679243,628.988
3,26.195,0.765052,836.615
4,26.195,0.765052,1047.15
5,26.195,0.765052,1130.92
