Iteration,Cost,Cost reduction,time (ms)
0,46.8609,0.876996,16.476
1,46.8609,0.876996,38.343
2,34.6883,0.908948,48.798
3,5.91177,0.984482,64.194
4,5.91177,0.984482,77.371
5,5.91177,0.984482,86.281
6,5.91177,0.984482,93.404
