Iteration,Cost,Cost reduction,time (ms)
0,4403.26,0.00146878,179.82
1,4364.62,0.0102313,337.628
2,4314.78,0.0215342,505.787
3,3698.74,0.161233,693.965
4,1954.65,0.556743,909.393
5,841.246,0.80923,1105.25
