Iteration,Cost,Cost reduction,time (ms)
0,35.848,0,100.897
1,35.848,0,150.147
2,19.2285,0.463611,186.294
3,19.2285,0.463611,241.072
4,19.2285,0.463611,283.938
5,19.1508,0.465777,315.724
6,18.1006,0.495073,364.022
7,18.1006,0.495073,422.52
