Iteration,Cost,Cost reduction,time (ms)
0,28.999,0.364038,102.98
1,17.9051,0.607332,177.499
2,17.9051,0.607332,248.927
3,17.9051,0.607332,299.94
4,17.9051,0.607332,351.328
5,17.903,0.607378,403.899
