Iteration,Cost,Cost reduction,time (ms)
0,126.057,0.657925,6.624
1,50.3023,0.863497,10.619
2,22.0019,0.940294,14.665
3,4.06732,0.988963,19.007
4,1.9922,0.994594,23.147
5,0.913302,0.997522,28.133
6,0.913302,0.997522,32.614
