Iteration,Cost,Cost reduction,time (ms)
0,28.486,0.347227,175.75
1,26.274,0.397916,354.031
2,20.0866,0.539703,532.736
3,12.3358,0.717317,717.522
4,6.96548,0.840382,896.116
5,3.54857,0.918682,1074.28
