Iteration,Cost,Cost reduction,time (ms)
0,13.586,0.627489,13.974
1,10.4471,0.713554,23.155
2,10.4471,0.713554,32.626
3,10.4471,0.713554,37.11
4,10.4471,0.713554,41.747
