Iteration,Cost,Cost reduction,time (ms)
0,5554.79,0.00116483,139.741
1,5516.16,0.00811155,239.84
2,5466.27,0.0170824,344.215
3,5447.88,0.0203885,468.469
4,3686.8,0.337057,603.071
5,2703.2,0.513924,758.104
