Iteration,Cost,Cost reduction,time (ms)
0,117.654,0.229971,586.751
1,70.4302,0.539044,1139.19
2,16.8089,0.889988,1657.58
3,16.8089,0.889988,2161.96
4,16.8089,0.889988,2250.88
5,16.8089,0.889988,2326.18
