Iteration,Cost,Cost reduction,time (ms)
0,4639.57,0.00139423,137.812
1,4600.93,0.00970973,235.637
2,4551.04,0.0204481,340.325
3,4437.75,0.0448335,463.399
4,3644.41,0.21559,596.931
5,3353.1,0.278289,737.624
