Iteration,Cost,Cost reduction,time (ms)
0,104.547,0.370677,215.973
1,51.3762,0.690739,420.946
2,51.3762,0.690739,622.299
3,48.3819,0.708764,706.143
4,44.9419,0.729471,907.846
5,43.3568,0.739012,1115.03
