Iteration,Cost,Cost reduction,time (ms)
0,36.4545,0.205421,345.87
1,28.22,0.384905,611.948
2,20.4998,0.553178,904.189
3,20.4998,0.553178,1266.53
4,20.4998,0.553178,1432.78
