Iteration,Cost,Cost reduction,time (ms)
0,81.0785,0.213486,603.225
1,32.499,0.684738,1184.18
2,19.9517,0.806455,1748.73
3,19.9517,0.806455,2271.88
4,19.9517,0.806455,2359.3
5,19.9517,0.806455,2434
