Iteration,Cost,Cost reduction,time (ms)
0,4702.81,0.00137533,415.844
1,4664.16,0.00958052,812.602
2,4614.32,0.0201643,1209
3,4587.53,0.0258532,1709.48
4,2267.01,0.518607,2229.8
5,1981.71,0.57919,3000.94
