Iteration,Cost,Cost reduction,time (ms)
0,21.3612,0.450141,12.257
1,14.3315,0.631093,21.945
2,13.1634,0.661161,31.95
3,11.8646,0.694594,42.169
4,10.0918,0.740227,51.915
5,8.44221,0.782689,61.371
6,7.076,0.817857,71.106
7,7.076,0.817857,79.914
