Iteration,Cost,Cost reduction,time (ms)
0,25.3861,0.454106,173.309
1,25.3861,0.454106,327.312
2,25.3861,0.454106,383.379
3,25.3861,0.454106,430.276
4,25.3861,0.454106,477.518
5,25.3861,0.454106,524.006
