Iteration,Cost,Cost reduction,time (ms)
0,77.9182,0.399226,160.51
1,24.0428,0.814622,265.338
2,8.99216,0.930668,390.464
3,8.70189,0.932906,517.27
4,8.70189,0.932906,640.988
5,8.50592,0.934417,717.379
