Iteration,Cost,Cost reduction,time (ms)
0,25.0625,0.398568,182.618
1,11.9575,0.713052,348.531
2,10.5303,0.7473,514.005
3,7.6519,0.816375,681.701
4,5.53489,0.867178,852.351
5,4.57906,0.890115,1020.92
