Iteration,Cost,Cost reduction,time (ms)
0,27.0483,0.384397,114.225
1,17.1292,0.610149,188.978
2,17.1292,0.610149,262.467
3,17.1206,0.610346,312.97
4,17.1206,0.610346,389.184
5,17.1206,0.610346,440.937
