Iteration,Cost,Cost reduction,time (ms)
0,27.0594,0.350536,187.137
1,11.8262,0.716154,370.577
2,10.5068,0.747823,564.402
3,9.27764,0.777324,751.61
4,4.33923,0.895852,939.976
5,4.33923,0.895852,1123.47
