Iteration,Cost,Cost reduction,time (ms)
0,5164.13,0.00125359,142.415
1,5125.5,0.00872414,240.49
2,5075.43,0.0184074,343.674
3,5029.81,0.0272313,461.31
4,3927.3,0.240456,576.028
5,2274.91,0.560031,727.622
