Iteration,Cost,Cost reduction,time (ms)
0,5627.49,0.00115132,136.294
1,5588.87,0.00800613,235.036
2,5538.96,0.0168649,340.482
3,5513.05,0.0214644,463.553
4,2813.09,0.500691,590.097
5,2260.37,0.598797,763.444
