Iteration,Cost,Cost reduction,time (ms)
0,5627.49,0.00114996,137.073
1,5588.86,0.008007,236.052
2,5538.96,0.0168629,341.315
3,4848.47,0.139422,461.936
4,3045.75,0.459396,586.46
5,2091.66,0.628742,735.226
