Iteration,Cost,Cost reduction,time (ms)
0,49.0517,0.327612,148.204
1,25.9144,0.644772,256.699
2,6.71245,0.907988,365.802
3,6.70564,0.908081,476.948
4,6.65132,0.908826,588.499
5,6.65132,0.908826,699.176
