Iteration,Cost,Cost reduction,time (ms)
0,68.243,0.607058,53.22
1,68.243,0.607058,145.118
2,68.243,0.607058,192.398
3,68.243,0.607058,227.617
4,67.5223,0.611208,258.3
5,52.552,0.697407,290.591
6,43.8944,0.747257,327.75
7,43.8944,0.747257,370.495
