Iteration,Cost,Cost reduction,time (ms)
0,108.914,0.315964,147.869
1,76.735,0.518066,256.946
2,70.3578,0.558118,371.698
3,69.3031,0.564742,489.566
4,49.2477,0.6907,618.289
5,10.7539,0.93246,779.509
