Iteration,Cost,Cost reduction,time (ms)
0,29.687,0.32951,185.519
1,14.1545,0.680315,376.413
2,11.0775,0.749811,578.893
3,9.85758,0.777363,767.067
4,6.35961,0.856366,947.439
5,4.06535,0.908183,1130.06
