Iteration,Cost,Cost reduction,time (ms)
0,125.362,0.0777166,203.843
1,65.4804,0.518262,409.716
2,46.565,0.657423,621.146
3,4.83134,0.964456,835.413
4,4.83134,0.964456,1059.55
5,4.83134,0.964456,1150.27
