Iteration,Cost,Cost reduction,time (ms)
0,44.878,0.31545,157.466
1,24.702,0.623206,278.103
2,3.16407,0.951737,403.215
3,3.16407,0.951737,562.352
4,2.93169,0.955281,645.895
5,2.71732,0.958551,807.612
