Iteration,Cost,Cost reduction,time (ms)
0,25.1412,0.40946,100.998
1,15.1884,0.643242,169.916
2,15.1884,0.643242,239.38
3,15.1884,0.643242,286.584
4,15.1884,0.643242,334.643
5,15.1884,0.643242,383.001
