Iteration,Cost,Cost reduction,time (ms)
0,4920.67,0.00131434,142.661
1,4882.04,0.00915538,240.821
2,4831.99,0.0193134,343.784
3,4622.09,0.0619143,458.524
4,3809.32,0.226872,578.092
5,3045.95,0.381802,769.5
