Iteration,Cost,Cost reduction,time (ms)
0,89.0767,0.319241,147.429
1,87.1864,0.333688,255.214
2,37.1485,0.716097,366.775
3,37.1485,0.716097,492.881
4,37.1485,0.716097,575.541
5,28.735,0.780396,669.751
