Iteration,Cost,Cost reduction,time (ms)
0,28.137,0.338827,108.472
1,22.889,0.462147,187.682
2,17.3182,0.593051,275.14
3,16.001,0.624004,366.349
4,15.9371,0.625505,455.738
5,13.1784,0.69033,548.449
