Iteration,Cost,Cost reduction,time (ms)
0,517.342,0.660515,17.133
1,517.342,0.660515,28.96
2,430.363,0.717592,38.664
3,430.363,0.717592,50.528
4,418.893,0.725118,64.479
5,418.893,0.725118,83.444
6,416.948,0.726395,107.163
