Iteration,Cost,Cost reduction,time (ms)
0,27.9773,0.381574,183.93
1,18.5177,0.590674,356.664
2,13.8104,0.694728,531.648
3,13.8104,0.694728,707.439
4,11.7711,0.739806,777.327
5,11.1563,0.753396,949.92
