Iteration,Cost,Cost reduction,time (ms)
0,4842.93,0.00133525,411.711
1,4804.29,0.00930345,809.419
2,4754.46,0.0195797,1205.82
3,4738.81,0.0228061,1710.95
4,3306.12,0.318242,2201.42
5,1749.82,0.639168,3090.92
