Iteration,Cost,Cost reduction,time (ms)
0,33.6155,0.616496,18.921
1,21.6628,0.752859,31.651
2,13.8888,0.841549,43.198
3,11.7792,0.865617,56.674
4,11.2679,0.87145,70.639
5,10.5505,0.879634,84.537
6,10.1201,0.884545,101.766
7,9.13359,0.895799,121.089
8,7.82072,0.910777,140.324
9,7.1603,0.918311,158.575
