Iteration,Cost,Cost reduction,time (ms)
0,154.165,0.132841,593.594
1,51.9845,0.707593,1154.81
2,34.0993,0.808195,1679.37
3,33.09,0.813872,2209.35
4,28.0593,0.842169,2742.79
5,19.8789,0.888184,3285.29
