Iteration,Cost,Cost reduction,time (ms)
0,4482.8,0.00144243,175.484
1,4444.16,0.0100498,331.421
2,4394.32,0.0211507,498.308
3,4336.89,0.033944,687.375
4,2676.96,0.403699,887.276
5,1406.73,0.686646,1085.41
6,940.456,0.79051,1287.78
7,862.37,0.807904,1487.57
8,724.446,0.838627,1684.15
9,724.446,0.838627,1903.54
