Iteration,Cost,Cost reduction,time (ms)
0,29.8805,0.228502,525.591
1,21.0688,0.456015,1082.52
2,16.626,0.570727,1646.36
3,6.86756,0.822684,2208.62
4,5.7977,0.850307,2779.62
5,5.7977,0.850307,3350.2
