Iteration,Cost,Cost reduction,time (ms)
0,41.9647,0.30378,145.809
1,13.9959,0.767799,250.12
2,8.10587,0.865519,354.748
3,6.56858,0.891023,463.377
4,6.56858,0.891023,571.396
5,6.02404,0.900057,646.571
