Iteration,Cost,Cost reduction,time (ms)
0,24.2169,0.72372,123.198
1,24.2169,0.72372,241.278
2,24.2169,0.72372,334.658
3,24.1489,0.724497,414.826
4,22.1875,0.746873,497.176
5,22.1875,0.746873,600.452
6,20.0008,0.77182,659.201
7,19.7332,0.774873,780.997
8,18.2141,0.792203,852.481
9,17.8573,0.796274,936.02
