Iteration,Cost,Cost reduction,time (ms)
0,75.0328,0.334252,151.128
1,60.9715,0.459014,259.246
2,27.9397,0.752098,385.521
3,15.9905,0.85812,527.624
4,5.78084,0.948708,694.909
5,4.59054,0.959269,869.823
