Iteration,Cost,Cost reduction,time (ms)
0,33.5266,0.302104,108.991
1,21.3338,0.555912,190.034
2,19.3449,0.597312,275.758
3,18.4263,0.616434,367.006
4,11.7172,0.756092,459.701
5,7.22157,0.849674,552.301
