Iteration,Cost,Cost reduction,time (ms)
0,4482.71,0.00146017,129.345
1,4444.84,0.00989386,225.87
2,4395.51,0.0208838,326.53
3,3556.92,0.207681,434.329
4,3290.43,0.267044,545.735
5,2680.21,0.402972,656.71
