Iteration,Cost,Cost reduction,time (ms)
0,44.7764,0.882468,13.719
1,13.332,0.965005,47.468
2,1.90247,0.995006,76.077
3,1.90247,0.995006,88.979
4,1.90247,0.995006,97.572
5,1.90247,0.995006,105.006
6,1.90247,0.995006,110.499
