Iteration,Cost,Cost reduction,time (ms)
0,1995.05,0.000307811,140.804
1,1976.85,0.00942868,277.014
2,1974.68,0.0105156,416.917
3,1974.68,0.0105156,552.818
4,1974.68,0.0105156,610.792
5,1974.68,0.0105156,656.92
