Iteration,Cost,Cost reduction,time (ms)
0,53.8609,0.266484,589.958
1,32.8594,0.552498,1152.47
2,13.4778,0.81645,1694.46
3,13.4778,0.81645,2208.18
4,9.98652,0.863997,2298.36
5,7.06704,0.903756,2808.3
