Iteration,Cost,Cost reduction,time (ms)
0,77.846,0.40233,164.52
1,43.9143,0.662844,279.025
2,31.0902,0.761302,417.729
3,14.3351,0.889941,556.856
4,14.3351,0.889941,703.498
5,10.4411,0.919837,787.071
