Iteration,Cost,Cost reduction,time (ms)
0,27.2089,0.181373,12.497
1,27.2089,0.181373,22.002
2,25.9753,0.218489,26.655
3,25.9753,0.218489,35.07
4,25.9753,0.218489,39.525
