Iteration,Cost,Cost reduction,time (ms)
0,29.8771,0.306503,104.53
1,29.0027,0.326799,178.642
2,29.0027,0.326799,249.197
3,22.5694,0.476127,302.431
4,18.8331,0.562852,381.669
5,18.2969,0.575298,460.541
