Iteration,Cost,Cost reduction,time (ms)
0,65.8775,0.384957,531.246
1,33.591,0.68639,1051.32
2,16.4912,0.846035,1595.4
3,12.1132,0.886909,2155.61
4,8.2961,0.922546,2715.2
5,6.38827,0.940358,3219.41
