Iteration,Cost,Cost reduction,time (ms)
0,5.362615436846427,0.0,40.994882583618164
1,5.021045833029406,0.06369459228235963,227.42009162902832
