Iteration,Cost,Cost reduction,time (ms)
0,26.6759,0.315591,539.359
1,23.8329,0.388533,1140.98
2,22.8812,0.41295,1735.42
3,20.1112,0.484017,2327.21
4,20.1112,0.484017,2888.54
5,18.7561,0.518784,2985.71
