Iteration,Cost,Cost reduction,time (ms)
0,4593.12,0.00140854,139.119
1,4554.49,0.00980761,237.562
2,4504.6,0.0206549,343.049
3,4454.63,0.0315181,466.466
4,3491.25,0.240966,590.473
5,1595.42,0.653138,724.344
