Iteration,Cost,Cost reduction,time (ms)
0,25.1369,0.420749,106
1,16.5196,0.619325,177.431
2,16.0497,0.630154,252.78
3,14.439,0.667269,351.695
4,14.439,0.667269,464.886
5,13.2336,0.695046,518.04
