Iteration,Cost,Cost reduction,time (ms)
0,5387.16,0.00121572,132.706
1,5349.3,0.00823501,229.818
2,5299.96,0.0173828,331.203
3,4335.35,0.196222,438.552
4,3788.26,0.297653,548.851
5,1244.84,0.769206,658.515
