Iteration,Cost,Cost reduction,time (ms)
0,47.9837,0.236018,5347.12
1,43.8483,0.30186,10933.9
2,14.8915,0.762903,16441.4
3,10.5,0.832821,22566.4
4,7.33932,0.883146,28808.9
5,7.33932,0.883146,35089.5
