Iteration,Cost,Cost reduction,time (ms)
0,4872.94,0.00132687,412.034
1,4834.3,0.00924612,808.044
2,4784.47,0.0194586,1205.81
3,4635.34,0.0500217,1708.95
4,3725.67,0.236451,2250.04
5,2463.79,0.495065,2789.85
