Iteration,Cost,Cost reduction,time (ms)
0,135.635,0.250254,139.65
1,56.0227,0.690324,240.686
2,43.7981,0.757898,367.762
3,41.9083,0.768344,488.622
4,39.9739,0.779036,611.37
5,39.9739,0.779036,732.155
