Iteration,Cost,Cost reduction,time (ms)
0,26.9658,0.316191,106.045
1,11.7555,0.701898,181.957
2,11.7555,0.701898,256.774
3,10.0234,0.745823,311.111
4,6.06637,0.846167,392.383
5,5.49424,0.860675,474.689
