Iteration,Cost,Cost reduction,time (ms)
0,60.099,0.366248,581.012
1,53.8229,0.43243,1120.72
2,45.9034,0.515942,1693.62
3,14.6356,0.845666,2274.48
4,14.6356,0.845666,2825.07
5,14.6356,0.845666,2918.51
