Iteration,Cost,Cost reduction,time (ms)
0,26.97,0.369394,102.66
1,21.3952,0.499743,174.756
2,21.3952,0.499743,243.804
3,21.3952,0.499743,292.272
4,21.3952,0.499743,341.967
5,21.3952,0.499743,392.12
