Iteration,Cost,Cost reduction,time (ms)
0,4373.07,0.00149706,133.427
1,4335.21,0.0101417,228.954
2,4285.88,0.0214064,330.94
3,3434.24,0.21586,437.968
4,3032.36,0.307622,546.642
5,2575.7,0.41189,660.272
