Iteration,Cost,Cost reduction,time (ms)
0,62.9369,0.402221,151.96
1,43.6122,0.585769,257.133
2,12.6889,0.87948,368.624
3,9.57137,0.909091,482.542
4,9.19113,0.912702,592.446
5,9.19008,0.912712,706.381
