Iteration,Cost,Cost reduction,time (ms)
0,31.0744,0.309055,184.166
1,29.3656,0.34705,365.641
2,29.3656,0.34705,538.804
3,28.5557,0.365059,614.802
4,28.0875,0.375468,786.86
5,28.0875,0.375468,958.173
