Iteration,Cost,Cost reduction,time (ms)
0,4456.74,0.00146925,132.232
1,4418.88,0.00995174,228.353
2,4369.54,0.0210062,329.234
3,3509.87,0.213614,437.857
4,2398.97,0.462513,547.47
5,2387.21,0.465146,653.106
