Iteration,Cost,Cost reduction,time (ms)
0,4642.68,0.00139323,145.395
1,4604.05,0.00970356,244.927
2,4553.99,0.0204713,348.71
3,4513.51,0.0291766,464.713
4,3194.88,0.312805,581.418
5,2607.27,0.439196,721.202
