Iteration,Cost,Cost reduction,time (ms)
0,167.524,0.043829,147.882
1,76.8452,0.561393,258.554
2,63.9769,0.634841,392.765
3,37.1218,0.788121,526.862
4,12.6235,0.92795,748.212
5,12.6235,0.92795,1013.21
