Iteration,Cost,Cost reduction,time (ms)
0,5815.85,0.00111246,179.096
1,5777.21,0.00774905,335.713
2,5727.37,0.0163097,504.506
3,4980.49,0.144588,695.382
4,2308.74,0.603469,906.322
5,1459.7,0.749293,1111.11
