Iteration,Cost,Cost reduction,time (ms)
0,28.2967,0.303941,104.254
1,16.5637,0.592556,176.574
2,15.0784,0.629093,251.932
3,15.0784,0.629093,325.695
4,14.7859,0.636287,379.953
5,8.24214,0.797255,461.632
