Iteration,Cost,Cost reduction,time (ms)
0,79.9774,0.000467522,143.589
1,10.1029,0.873737,247.846
2,6.83499,0.914578,355.442
3,6.64073,0.917006,464.134
4,6.29684,0.921304,572.597
5,5.60706,0.929925,683.034
