Iteration,Cost,Cost reduction,time (ms)
0,5627.41,0.00116396,132.453
1,5589.55,0.00788388,228.717
2,5540.21,0.0166414,329.64
3,4556.31,0.191279,438.129
4,2967.98,0.473199,547.174
5,2959.69,0.474671,653.361
