Iteration,Cost,Cost reduction,time (ms)
0,4403.25,0.00146843,413.757
1,4364.6,0.0102311,801.967
2,4314.77,0.0215322,1204.24
3,4264.8,0.0328631,1709.76
4,2790.96,0.36709,2291.65
5,1158.71,0.737238,2972.93
