Iteration,Cost,Cost reduction,time (ms)
0,4639.58,0.00139408,415.448
1,4600.93,0.00971092,812.738
2,4551.09,0.0204389,1207.92
3,4533.2,0.0242896,1705.1
4,3280.09,0.294005,2197.38
5,2675.77,0.424076,3150.19
