Iteration,Cost,Cost reduction,time (ms)
0,26.1592,0.338769,112.062
1,21.6053,0.45388,183.603
2,18.7729,0.525475,256.855
3,18.4886,0.532662,347.523
4,7.36486,0.813837,439.463
5,7.36486,0.813837,543.113
