Iteration,Cost,Cost reduction,time (ms)
0,28.611,0.316161,103.575
1,15.5858,0.627481,178.54
2,15.5858,0.627481,249.756
3,15.4108,0.631664,302.155
4,14.7705,0.646967,381.769
5,8.73782,0.791155,463.436
