Iteration,Cost,Cost reduction,time (ms)
0,26.3262,0.423902,113.06
1,19.9787,0.562804,195.518
2,14.6664,0.679053,275.065
3,6.79636,0.851275,357.979
4,6.79636,0.851275,439.243
5,6.79636,0.851275,488.153
