Iteration,Cost,Cost reduction,time (ms)
0,25.6981,0.418231,185.698
1,12.527,0.716406,358.119
2,12.527,0.716406,525.246
3,12.527,0.716406,588.474
4,12.527,0.716406,636.347
