Iteration,Cost,Cost reduction,time (ms)
0,31.8875,0.325609,106.8
1,23.6261,0.50033,186.678
2,11.4452,0.757944,271.664
3,5.36011,0.886639,363.366
4,5.36011,0.886639,460.48
5,4.81412,0.898186,519.974
