Iteration,Cost,Cost reduction,time (ms)
0,20.6628,0.48359,118.27
1,14.7138,0.632268,191.307
2,14.7138,0.632268,265.947
3,13.231,0.669328,317.079
4,7.05279,0.823735,398.129
5,6.16652,0.845884,483.7
