Iteration,Cost,Cost reduction,time (ms)
0,33.2654,0.35193,559.237
1,15.1175,0.705483,1081
2,8.95064,0.825625,1633.04
3,7.05608,0.862535,2202.54
4,7.05608,0.862535,2749.95
