Iteration,Cost,Cost reduction,time (ms)
0,4920.7,0.00131451,178.862
1,4882.06,0.00915683,337.044
2,4832.22,0.0192726,505.072
3,4130.53,0.161684,697.1
4,1858.38,0.622831,913.494
5,1161.02,0.764364,1109.95
