Iteration,Cost,Cost reduction,time (ms)
0,31.2598,0.327062,189.04
1,26.9445,0.419957,366.401
2,26.9445,0.419957,539.676
3,25.7484,0.445708,608.426
4,19.9037,0.571528,772.049
5,14.2113,0.69407,935.388
