Iteration,Cost,Cost reduction,time (ms)
0,68.4566,0.35981,141.164
1,52.7229,0.506948,252.708
2,26.1795,0.755176,376.691
3,19.2971,0.819538,500.959
4,9.1073,0.914831,625.62
5,9.1073,0.914831,749.699
