Iteration,Cost,Cost reduction,time (ms)
0,5488.6,0.00117836,415.626
1,5449.96,0.0082103,812.279
2,5400.13,0.0172791,1209.2
3,5258.7,0.0430166,1715.43
4,3276.13,0.403806,2281.02
5,2320.09,0.577788,2790.35
