Iteration,Cost,Cost reduction,time (ms)
0,5854.13,0.00110515,152.88
1,5815.5,0.00769712,251.651
2,5765.62,0.0162088,357.208
3,5701.41,0.0271649,477.767
4,2978.86,0.491716,604.067
5,2440.22,0.583623,753.052
