Iteration,Cost,Cost reduction,time (ms)
0,5196.72,0.00124457,411.456
1,5158.08,0.00867094,808.103
2,5108.25,0.0182491,1203.49
3,5036.99,0.0319443,1705.04
4,3082.38,0.407599,2195.63
5,1744.3,0.664764,2921.62
