Iteration,Cost,Cost reduction,time (ms)
0,4999.13,0.00129358,415.79
1,4960.49,0.00901313,811.797
2,4910.66,0.0189687,1204.9
3,4895.11,0.0220752,1709.92
4,3451.36,0.310501,2203.18
5,2061.87,0.588088,3091.66
