Iteration,Cost,Cost reduction,time (ms)
0,89.0391,0.344583,220.504
1,70.9753,0.477551,435.427
2,32.1593,0.763275,642.336
3,6.38646,0.952989,846.628
4,6.38646,0.952989,1040.98
5,5.96268,0.956109,1121.76
