Iteration,Cost,Cost reduction,time (ms)
0,79.4607,0.352247,219.341
1,51.8277,0.577508,422.662
2,12.2326,0.900282,630.152
3,10.228,0.916623,843.814
4,10.228,0.916623,1057.68
5,10.228,0.916623,1141.31
