Iteration,Cost,Cost reduction,time (ms)
0,4665.23,0.00138586,415.414
1,4626.59,0.00965721,810.858
2,4576.76,0.0203238,1207.88
3,4429.53,0.0518381,1710.39
4,3704.06,0.207129,2251.87
5,2183.59,0.532593,2791.76
