Iteration,Cost,Cost reduction,time (ms)
0,29.5078,0.320161,519.565
1,13.8669,0.680517,1159.94
2,10.0287,0.768946,1827.74
3,6.53383,0.849465,2453.29
4,3.33721,0.923113,3055.19
5,3.33721,0.923113,3684.93
