Iteration,Cost,Cost reduction,time (ms)
0,33.5239,0.471746,156.146
1,23.9499,0.622609,265.881
2,17.6752,0.721483,393.979
3,9.08515,0.85684,525.044
4,9.08515,0.85684,660.516
5,9.08515,0.85684,742.976
