Iteration,Cost,Cost reduction,time (ms)
0,27.0276,0.323567,600.983
1,13.42,0.66413,1218.66
2,12.3251,0.691533,1776.39
3,9.10836,0.772041,2330.21
4,5.75123,0.856061,2782.14
5,5.75123,0.856061,3244.14
