Iteration,Cost,Cost reduction,time (ms)
0,28.8484,0.318657,107.625
1,17.49,0.58692,182.329
2,17.1258,0.595522,260.303
3,17.1258,0.595522,345.237
4,15.487,0.634226,398.993
5,8.63066,0.79616,486.928
