Iteration,Cost,Cost reduction,time (ms)
0,5.18098,0.942691,169.25
1,3.58756,0.960316,283.193
2,3.53004,0.960952,386.023
3,3.53004,0.960952,488.23
4,3.53004,0.960952,556.111
5,3.53004,0.960952,623.917
6,3.53004,0.960952,691.418
