Iteration,Cost,Cost reduction,time (ms)
0,65.5125,0.179725,592.317
1,31.218,0.609123,1141.65
2,15.3089,0.808319,1701.1
3,4.38871,0.945049,2255.42
4,4.38871,0.945049,2790.27
5,4.38871,0.945049,2882.33
