Iteration,Cost,Cost reduction,time (ms)
0,5342.53,0.00121095,180.465
1,5303.89,0.00843479,336.489
2,5254.04,0.0177533,504.191
3,4515.72,0.155783,693.51
4,2748.53,0.486161,908.498
5,1404.05,0.737512,1106.78
