Iteration,Cost,Cost reduction,time (ms)
0,38.3323,0.19943,262.885
1,38.3323,0.19943,485.462
2,32.9546,0.311744,636.437
3,32.9546,0.311744,858.346
4,32.9546,0.311744,1007.97
