Iteration,Cost,Cost reduction,time (ms)
0,92.6558,0.154037,591.32
1,34.0103,0.689481,1170.2
2,19.3967,0.822905,1729.86
3,16.7515,0.847056,2274.37
4,16.7515,0.847056,2806.5
5,16.7515,0.847056,2891.48
