Iteration,Cost,Cost reduction,time (ms)
0,77.8725,0.308458,582.787
1,46.2792,0.58902,1127.3
2,18.3465,0.837075,1646.31
3,18.323,0.837284,2178.14
4,14.1632,0.874225,2702.93
5,14.1632,0.874225,3237.95
