Iteration,Cost,Cost reduction,time (ms)
0,4540.26,0.00144219,132.211
1,4502.4,0.0097689,230.394
2,4453.06,0.0206206,331.987
3,3577.49,0.213187,439.494
4,2805.32,0.383014,547.673
5,2805.32,0.383014,651.895
