Iteration,Cost,Cost reduction,time (ms)
0,29.3409,0.37712,577.892
1,18.8719,0.599368,1144.47
2,13.9229,0.704431,1723.19
3,7.94747,0.831283,2299.48
4,7.24671,0.846159,2921.3
5,7.24671,0.846159,3545.88
