Iteration,Cost,Cost reduction,time (ms)
0,5343.03,0.00122569,131.562
1,5305.17,0.0083029,228.385
2,5255.84,0.0175256,331.179
3,4303.33,0.195578,439.471
4,3742.76,0.300366,547.522
5,2860.71,0.465247,658.194
