Iteration,Cost,Cost reduction,time (ms)
0,102.974,0.319054,144.302
1,86.6049,0.4273,252.448
2,23.4449,0.844964,369.739
3,16.3439,0.891921,486.096
4,9.69071,0.935917,600.236
5,9.69071,0.935917,711.558
