Iteration,Cost,Cost reduction,time (ms)
0,31.3257,0.323649,113.176
1,16.5062,0.643615,189.644
2,13.3043,0.712748,273.52
3,5.74019,0.876064,366.05
4,5.74019,0.876064,469.64
5,5.74019,0.876064,517.2
