Iteration,Cost,Cost reduction,time (ms)
0,18.4517,0.607932,201.286
1,18.4517,0.607932,514.199
2,18.4517,0.607932,713.532
3,18.4517,0.607932,909.801
4,18.4517,0.607932,1106.12
5,18.4517,0.607932,1302.11
6,18.4517,0.607932,1498.86
