Iteration,Cost,Cost reduction,time (ms)
0,4953.17,0.00130575,136.098
1,4914.54,0.00909555,233.514
2,4864.65,0.0191533,337.418
3,4796.82,0.0328304,459.319
4,2316.52,0.532926,579.151
5,1394.6,0.718811,781.695
