Iteration,Cost,Cost reduction,time (ms)
0,117.875,0.287141,581.28
1,80.7114,0.51189,1157.59
2,54.3719,0.671181,1687.04
3,32.4807,0.80357,2208.64
4,22.9205,0.861386,2710
5,17.0563,0.896851,3224.86
