Iteration,Cost,Cost reduction,time (ms)
0,56.1946,0.232562,150.548
1,17.9473,0.754898,259.938
2,13.0001,0.822461,373.791
3,13.0001,0.822461,487.024
4,12.431,0.830233,561.419
5,10.2068,0.860608,675.404
