Iteration,Cost,Cost reduction,time (ms)
0,4179.48,0.00154684,414.193
1,4140.84,0.010778,807.963
2,4091,0.022683,1203.66
3,3461.72,0.173014,1710.62
4,1430.2,0.658334,2341.27
5,1382.94,0.669624,2880.45
