Iteration,Cost,Cost reduction,time (ms)
0,5621.81,0.00116477,130.763
1,5583.95,0.00789154,227.978
2,5534.62,0.0166567,329.287
3,4565.31,0.188874,438.193
4,4231.66,0.248155,549.94
5,3395.79,0.396665,661.871
