Iteration,Cost,Cost reduction,time (ms)
0,123.157,0.318636,211.99
1,100.268,0.445266,416.015
2,76.4118,0.577251,623.339
3,73.589,0.592868,829.296
4,37.0302,0.79513,1042.61
5,37.0302,0.79513,1259.07
