Iteration,Cost,Cost reduction,time (ms)
0,26.1511,0.339114,569.296
1,18.1544,0.541205,1103.56
2,15.8479,0.599495,1638.49
3,11.9811,0.697216,2135.5
4,11.9811,0.697216,2636.3
5,11.0767,0.720072,2730.65
