Iteration,Cost,Cost reduction,time (ms)
0,47.8583,0.342195,548.634
1,27.7136,0.619081,1076.84
2,14.9431,0.79461,1637.28
3,12.0959,0.833744,2179.97
4,12.0959,0.833744,2717.82
5,12.0959,0.833744,2811.09
