Iteration,Cost,Cost reduction,time (ms)
0,4877.63,0.00134273,132.1
1,4839.77,0.0090942,230.551
2,4790.43,0.0191962,332.138
3,3877.47,0.206119,439.695
4,1641.1,0.663998,549.741
5,1621.96,0.667917,655.941
