Iteration,Cost,Cost reduction,time (ms)
0,41.5132,0.231085,146.308
1,21.9077,0.594222,255.798
2,17.6789,0.672549,371.557
3,9.56629,0.822812,504.015
4,9.56629,0.822812,642.584
5,9.56629,0.822812,725.078
