Iteration,Cost,Cost reduction,time (ms)
0,25.8796,0.359949,108.474
1,11.5566,0.714183,189.753
2,8.35655,0.793327,275.208
3,8.35655,0.793327,363.848
4,7.18093,0.822402,420.412
5,6.68997,0.834545,513.296
