Iteration,Cost,Cost reduction,time (ms)
0,22.7313,0.449669,563.733
1,11.8993,0.711916,1077.15
2,9.98913,0.758161,1583.49
3,9.92027,0.759828,2081.16
4,9.92027,0.759828,2588.3
5,9.92027,0.759828,2681.97
