Iteration,Cost,Cost reduction,time (ms)
0,52.1826,0.41508,149.844
1,26.7741,0.699886,257.576
2,12.5644,0.859164,371.057
3,12.5644,0.859164,481.224
4,12.482,0.860088,561.656
5,12.482,0.860088,672.985
