Iteration,Cost,Cost reduction,time (ms)
0,58.8823,0.380093,570.449
1,40.1639,0.577158,1136.87
2,12.8465,0.864753,1719.61
3,11.8427,0.875322,2219.89
4,11.8427,0.875322,2722.82
5,11.8427,0.875322,2806.25
