Iteration,Cost,Cost reduction,time (ms)
0,4980.49,0.00129888,157.271
1,4941.86,0.00904627,257.687
2,4891.8,0.0190848,362.863
3,4511.3,0.0953836,480.955
4,4163.11,0.165202,595.626
5,2869.05,0.424692,706.176
