Iteration,Cost,Cost reduction,time (ms)
0,31.9746,0.280202,607.612
1,15.1874,0.658108,1210.25
2,13.4,0.698346,1757.24
3,11.9371,0.731278,2304.16
4,6.68372,0.849539,2835.76
5,5.7815,0.869849,3361.91
6,4.3684,0.901661,3879.77
7,4.07176,0.908338,4410.41
8,3.91158,0.911944,4937.51
9,3.91158,0.911944,5452.91
