Iteration,Cost,Cost reduction,time (ms)
0,42.384,0.724829,152.989
1,38.209,0.751934,507.686
2,38.209,0.751934,882.031
3,33.4139,0.783066,972.291
4,24.4326,0.841375,1352.91
5,24.4326,0.841375,1736.56
