Iteration,Cost,Cost reduction,time (ms)
0,4583.12,0.00141122,148.025
1,4544.49,0.00982942,247.793
2,4494.43,0.0207365,352.02
3,4451.04,0.0301898,471.086
4,3206.29,0.301401,587.649
5,2749.78,0.400868,756.241
