Iteration,Cost,Cost reduction,time (ms)
0,130.71,0.146637,145.254
1,42.6874,0.721308,249.61
2,42.6874,0.721308,350.488
3,42.493,0.722578,418.429
4,39.068,0.744938,518.052
5,25.7843,0.831663,631.111
6,10.7746,0.929657,777.789
7,8.48176,0.944625,938.294
8,6.34366,0.958584,1119.26
9,6.34366,0.958584,1296.74
