Iteration,Cost,Cost reduction,time (ms)
0,65.9373,0.44107,223.875
1,54.6302,0.536917,440.622
2,54.6302,0.536917,645.792
3,54.6302,0.536917,728.536
4,54.6302,0.536917,803.387
5,54.6302,0.536917,879.345
