Iteration,Cost,Cost reduction,time (ms)
0,108.428,0.196487,147.535
1,64.8993,0.519061,256.906
2,14.5697,0.892031,382.24
3,12.3953,0.908144,530.201
4,12.1838,0.909712,686.417
5,9.31125,0.930999,841.619
