Iteration,Cost,Cost reduction,time (ms)
0,4540.33,0.00142434,136.918
1,4501.69,0.00992159,235.451
2,4451.81,0.0208931,339.457
3,3795.39,0.165262,461.494
4,2262.57,0.502383,586.871
5,1782.8,0.6079,750.499
