Iteration,Cost,Cost reduction,time (ms)
0,54.9401,0.00867264,145.809
1,44.6381,0.194559,254.858
2,32.2623,0.417866,371.754
3,27.8777,0.496981,500.919
4,16.2422,0.70693,633.778
5,16.2422,0.70693,767.441
