Iteration,Cost,Cost reduction,time (ms)
0,25.9271,0.359168,104.407
1,23.7153,0.413836,180.782
2,21.2504,0.47476,258.061
3,21.1324,0.477678,337.444
4,20.7789,0.486414,418.951
5,20.718,0.48792,502.527
