Iteration,Cost,Cost reduction,time (ms)
0,45.1925,0.255575,5460.16
1,42.5819,0.298578,11043.7
2,34.1723,0.437103,16746.4
3,34.1723,0.437103,22515.3
4,34.1723,0.437103,23006.2
