Iteration,Cost,Cost reduction,time (ms)
0,28.513,0.450516,149.235
1,22.6542,0.563423,252.339
2,19.7961,0.618503,358.416
3,13.3623,0.742492,473.192
4,6.01658,0.884052,587.487
5,3.07021,0.940833,702.632
