Iteration,Cost,Cost reduction,time (ms)
0,4333.02,0.00151124,131.808
1,4295.16,0.0102355,228.313
2,4245.82,0.0216053,329.569
3,3398.12,0.216947,437.178
4,1425.82,0.671438,547.007
5,1409.99,0.675086,653.543
