Iteration,Cost,Cost reduction,time (ms)
0,34.8859,0.133851,538.833
1,23.7695,0.40985,1057.04
2,21.405,0.468556,1628.61
3,21.405,0.468556,2187.86
4,17.5711,0.563744,2280.3
5,17.5711,0.563744,2792.19
