Iteration,Cost,Cost reduction,time (ms)
0,15.2115,0,18.9
1,4.64482,0.694651,28.671
2,4.64482,0.694651,41.452
3,4.64482,0.694651,49.128
4,4.64482,0.694651,56.207
5,3.22617,0.787912,62.858
6,3.22617,0.787912,68.244
