Iteration,Cost,Cost reduction,time (ms)
0,122.939,0.226571,151.894
1,77.4605,0.512683,259.051
2,24.6654,0.844825,372.652
3,22.5188,0.85833,490.399
4,16.3431,0.897183,612.432
5,12.7086,0.920048,739.448
6,8.99339,0.943421,881.614
7,8.99339,0.943421,1026.19
