Iteration,Cost,Cost reduction,time (ms)
0,142.225,0.201684,521.126
1,78.4461,0.559677,1065.08
2,50.6545,0.715673,1575.29
3,29.2674,0.83572,2106.96
4,18.3361,0.897079,2615.15
5,17.9247,0.899387,3141.19
