Iteration,Cost,Cost reduction,time (ms)
0,4257.12,0.00151978,138.644
1,4218.48,0.0105807,236.786
2,4168.59,0.0222841,341.691
3,4114.82,0.0348939,462.409
4,2158.03,0.493847,586.914
5,2158.03,0.493847,823.133
