Iteration,Cost,Cost reduction,time (ms)
0,27.2907,0.776515,14.055
1,11.0825,0.909245,24.139
2,6.71894,0.944978,33.24
3,5.9714,0.9511,43.029
4,5.57836,0.954318,52.497
5,5.57836,0.954318,61.964
