Iteration,Cost,Cost reduction,time (ms)
0,0.805195,0,55.783
1,0.596551,0.259123,74.484
2,0.596551,0.259123,99.741
3,0.594884,0.261193,106.79
4,0.478936,0.405193,115.855
5,0.414912,0.484707,125.96
6,0.407607,0.493778,132.668
7,0.313137,0.611105,141.676
8,0.288468,0.641741,148.457
9,0.231919,0.711972,156.166
