Iteration,Cost,Cost reduction,time (ms)
0,37.4989,0.374578,742.246
1,33.9167,0.434324,1451.51
2,33.9167,0.434324,2176.81
3,33.9167,0.434324,2647.59
4,33.9167,0.434324,3121.95
