Iteration,Cost,Cost reduction,time (ms)
0,4482.73,0.00146068,134.177
1,4444.87,0.00989409,230.794
2,4395.53,0.0208849,331.492
3,3525.77,0.214625,439.697
4,2729.33,0.392035,548.493
5,2729.33,0.392035,653.561
