Iteration,Cost,Cost reduction,time (ms)
0,5650.47,0.00114502,154.476
1,5611.84,0.00797486,255.571
2,5561.78,0.0168243,360.395
3,5517.88,0.024585,475.86
4,3883.76,0.313454,591.184
5,3101.73,0.451696,732.541
