Iteration,Cost,Cost reduction,time (ms)
0,119.827,0.230043,587.806
1,58.8847,0.621634,1134.93
2,40.6918,0.738533,1744.64
3,17.2012,0.889473,2303.09
4,17.2012,0.889473,2792.02
5,17.2012,0.889473,2878.95
