Iteration,Cost,Cost reduction,time (ms)
0,4608.07,0.00140512,135.18
1,4569.45,0.00977463,233.386
2,4519.38,0.0206249,336.433
3,4429.06,0.0401966,451.461
4,3147.04,0.318019,563.754
5,2428.59,0.473711,688.196
6,2339.63,0.492988,814.466
7,2339.63,0.492988,941.011
