Iteration,Cost,Cost reduction,time (ms)
0,37.8542,0.199576,174.002
1,9.85365,0.791645,337.817
2,9.4657,0.799848,493.264
3,9.4657,0.799848,648.594
4,9.4657,0.799848,713.676
5,9.4657,0.799848,763.387
