Iteration,Cost,Cost reduction,time (ms)
0,30.0189,0.260926,178.12
1,30.0189,0.260926,348.259
2,30.0189,0.260926,412.926
3,30.0189,0.260926,463.939
4,30.0189,0.260926,514.956
5,30.0189,0.260926,567.54
