Iteration,Cost,Cost reduction,time (ms)
0,28.6161,0.300264,183.829
1,24.571,0.399176,358.499
2,15.2589,0.626882,540.638
3,9.40287,0.770076,721.522
4,9.40287,0.770076,900.15
5,4.98883,0.878011,977.218
