Iteration,Cost,Cost reduction,time (ms)
0,4842.86,0.00135207,132.041
1,4805,0.00915926,227.972
2,4755.66,0.019333,329.598
3,3854.23,0.205219,437.953
4,3352.34,0.308713,546.082
5,2515,0.481382,654.379
