Iteration,Cost,Cost reduction,time (ms)
0,42.01,0.274977,99.347
1,42.01,0.274977,166.249
2,42.01,0.274977,211.352
3,42.01,0.274977,258.086
4,42.01,0.274977,303.831
5,42.01,0.274977,350.109
