Iteration,Cost,Cost reduction,time (ms)
0,43.6292,0.210223,141.083
1,13.7726,0.750687,247.27
2,7.45294,0.865087,367.23
3,7.45294,0.865087,488.652
4,7.45294,0.865087,565.451
5,7.45294,0.865087,641.105
