Iteration,Cost,Cost reduction,time (ms)
0,5519.15,0.00118659,131.445
1,5481.29,0.00803826,229.15
2,5431.95,0.0169669,329.986
3,4458.29,0.193172,437.7
4,3907.33,0.292881,545.81
5,2588.14,0.531619,655.512
