Iteration,Cost,Cost reduction,time (ms)
0,25.7475,0.361156,108.978
1,11.2303,0.721356,187.697
2,7.65882,0.80997,274.681
3,6.47025,0.839461,370.255
4,5.01371,0.875601,463.251
5,4.51966,0.887859,555.988
