Iteration,Cost,Cost reduction,time (ms)
0,132.989,0.0763141,146.42
1,11.3394,0.921242,285.667
2,4.32807,0.969939,412.677
3,4.32807,0.969939,763.386
4,4.32807,0.969939,1066.33
5,4.32807,0.969939,1368.84
6,4.32807,0.969939,1671.56
