Iteration,Cost,Cost reduction,time (ms)
0,4319.22,0.00149718,146.763
1,4280.58,0.0104287,243.778
2,4230.7,0.0219611,347.416
3,3609.43,0.165584,468.948
4,2589.4,0.401391,593.292
5,1968.08,0.545026,723.038
