Iteration,Cost,Cost reduction,time (ms)
0,4463.29,0.00146651,128.698
1,4425.43,0.00993684,224.947
2,4376.09,0.0209746,325.769
3,3540.43,0.20793,434.003
4,3274.03,0.26753,546.396
5,2676.08,0.401304,656.699
