Iteration,Cost,Cost reduction,time (ms)
0,5650.46,0.00114474,178.161
1,5611.82,0.00797545,336.273
2,5561.98,0.0167853,504.091
3,5496.82,0.0283036,694.842
4,3987.88,0.295046,897.34
5,3282.59,0.419723,1128.7
