Iteration,Cost,Cost reduction,time (ms)
0,5143.62,0.00125734,406.818
1,5104.98,0.0087603,800.196
2,5055.15,0.0184368,1193.93
3,5027.63,0.0237803,1691.08
4,4218.53,0.180883,2223.62
5,2610.06,0.493201,3024.98
6,2291.97,0.554965,3719.26
7,1622.01,0.685052,4307.29
8,1304.09,0.746783,4907.59
9,794.117,0.845805,5499.87
