Iteration,Cost,Cost reduction,time (ms)
0,80.4146,0.24302,156.183
1,56.7299,0.465975,278.267
2,39.9395,0.624031,396.425
3,25.7822,0.7573,515.999
4,25.7822,0.7573,635.555
5,25.7822,0.7573,715.633
