Iteration,Cost,Cost reduction,time (ms)
0,84.1684,0.0936257,112.595
1,52.1169,0.438775,178.17
2,28.6766,0.691193,256.902
3,28.6766,0.691193,327.856
4,28.6766,0.691193,361.313
5,22.6364,0.756238,394.577
6,22.6364,0.756238,439.59
