Iteration,Cost,Cost reduction,time (ms)
0,57.952,0.480221,221.504
1,23.7069,0.78737,417.927
2,23.7069,0.78737,617.565
3,23.7069,0.78737,693.16
4,23.6902,0.78752,767.255
5,23.6862,0.787556,961.74
