Iteration,Cost,Cost reduction,time (ms)
0,43.095,0.750494,140.153
1,43.095,0.750494,276.196
2,43.095,0.750494,359.571
3,43.095,0.750494,442.886
4,43.095,0.750494,526.188
5,43.095,0.750494,609.618
6,43.095,0.750494,692.843
