Iteration,Cost,Cost reduction,time (ms)
0,25.5923,0.350021,104.183
1,21.7466,0.447691,183.282
2,21.7466,0.447691,257.968
3,20.4205,0.48137,309.771
4,18.3368,0.534292,387.071
5,18.3368,0.534292,463.624
