Iteration,Cost,Cost reduction,time (ms)
0,28.9512,0.4131,547.519
1,14.565,0.704739,1092.81
2,7.70413,0.843822,1655.02
3,7.70413,0.843822,2208.24
4,7.63367,0.84525,2303.2
5,7.13151,0.85543,2856.26
