Iteration,Cost,Cost reduction,time (ms)
0,1039.0111978541129,0.0,4240.634441375732
1,103.74513302876288,0.9001501300053075,11234.22122001648
