Iteration,Cost,Cost reduction,time (ms)
0,4702.79,0.00137505,142.619
1,4664.15,0.00958031,254.874
2,4614.32,0.0201627,373.455
3,4470.64,0.0506708,511.444
4,2600.17,0.44786,662.064
5,2403.88,0.489542,790.895
6,1598.8,0.6605,930.225
7,1598.8,0.6605,1080.9
