Iteration,Cost,Cost reduction,time (ms)
0,4593.03,0.00142543,131.757
1,4555.17,0.00965669,228.278
2,4505.84,0.0203832,329.062
3,3638.64,0.208921,438.972
4,3259.75,0.291296,548.72
5,2761.76,0.399564,661.013
