Iteration,Cost,Cost reduction,time (ms)
0,83.5664,0,734.264
1,83.5664,0,1032.96
2,83.5664,0,1327.8
3,83.5664,0,1622.97
4,81.5387,0.0242643,1921.85
5,81.5387,0.0242643,2595.49
6,81.2158,0.0281282,2891.3
