Iteration,Cost,Cost reduction,time (ms)
0,87.6892,0.333243,566.127
1,59.8845,0.54466,1146.23
2,53.7536,0.591277,1677.41
3,53.7536,0.591277,2218.78
4,49.0456,0.627075,2309.38
5,49.0456,0.627075,2843.97
