Iteration,Cost,Cost reduction,time (ms)
0,86.5406,0.171952,595.045
1,33.4373,0.680061,1161.83
2,22.7268,0.782543,1726.68
3,22.7268,0.782543,2292.86
4,16.8874,0.838416,2385.53
5,16.8874,0.838416,2934.93
