Iteration,Cost,Cost reduction,time (ms)
0,5627.49,0.00114955,178.674
1,5588.85,0.00800806,337.431
2,5539.01,0.0168545,505.131
3,4827.08,0.143218,693.806
4,3056.56,0.457477,909.912
5,1306.04,0.768184,1109.77
