Iteration,Cost,Cost reduction,time (ms)
0,39.0802,0.488747,199.478
1,35.7814,0.531903,315.376
2,30.5234,0.600689,443.485
3,16.2109,0.787927,577.874
4,16.1297,0.78899,714.787
5,15.9538,0.791291,857.188
