Iteration,Cost,Cost reduction,time (ms)
0,4920.7,0.00131442,414.654
1,4882.06,0.00915678,811.801
2,4832.22,0.0192721,1208.17
3,4147.51,0.158238,1710.8
4,2261.81,0.540952,2337.94
5,1207.94,0.754842,2884.79
