Iteration,Cost,Cost reduction,time (ms)
0,31.6356,0.639083,90.536
1,31.6356,0.639083,198.812
2,31.6356,0.639083,271.583
3,31.6356,0.639083,321.438
4,24.0244,0.725916,357.488
5,24.0244,0.725916,749.08
6,24.0244,0.725916,1128.68
