Iteration,Cost,Cost reduction,time (ms)
0,31.2446,0.33295,184.406
1,21.7291,0.536099,371.151
2,7.79962,0.833484,549.218
3,6.69756,0.857012,728.297
4,5.17064,0.889611,906.448
5,4.64108,0.900916,1089.78
