Iteration,Cost,Cost reduction,time (ms)
0,21.6246,0.559909,217.967
1,21.6246,0.559909,420.288
2,21.6246,0.559909,494.756
3,21.3236,0.566033,570.721
4,21.1864,0.568827,764.524
5,18.7989,0.617416,963.013
