Iteration,Cost,Cost reduction,time (ms)
0,61.0017,0.162813,149.008
1,30.7397,0.578128,259.588
2,30.6834,0.578901,378.329
3,27.2433,0.626113,498.276
4,16.9359,0.767572,623.654
5,16.5828,0.772418,750.179
