Iteration,Cost,Cost reduction,time (ms)
0,103.135,0.317556,147.96
1,100.435,0.335426,254.753
2,57.9538,0.61652,365.163
3,45.5164,0.698818,488.968
4,43.0762,0.714965,612.976
5,42.2955,0.720131,733.988
