Iteration,Cost,Cost reduction,time (ms)
0,32.5383,0.244371,101.926
1,17.7033,0.588881,176.073
2,16.5181,0.616403,250.268
3,16.5181,0.616403,327.874
4,16.4604,0.617743,381.604
5,16.4604,0.617743,459.37
