Iteration,Cost,Cost reduction,time (ms)
0,77.0618,0.356326,148.333
1,60.191,0.497243,257.63
2,51.4105,0.570584,369.017
3,25.2648,0.788971,487.321
4,20.622,0.827751,609.161
5,7.01458,0.941409,731.818
