Iteration,Cost,Cost reduction,time (ms)
0,10.5139,0.972823,6.597
1,1.4743,0.996189,10.8
2,0.611653,0.998419,15.414
3,0.589223,0.998477,19.536
4,0.589223,0.998477,23.892
