Iteration,Cost,Cost reduction,time (ms)
0,37.1767,0.180055,189.366
1,30.1998,0.333933,359.449
2,15.5675,0.656654,527.49
3,11.9264,0.73696,693.526
4,9.60025,0.788263,866.719
5,8.06434,0.822138,1036.25
