Iteration,Cost,Cost reduction,time (ms)
0,109.225,0.231263,538.873
1,65.4906,0.539069,1082.59
2,51.4856,0.637639,1616.65
3,51.4856,0.637639,2160.05
4,45.5626,0.679325,2253.37
5,41.3175,0.709203,2792.78
