Iteration,Cost,Cost reduction,time (ms)
0,4624.72,0.00141599,131.538
1,4586.86,0.00959081,229.28
2,4537.52,0.0202446,330.727
3,3648.59,0.212183,438.292
4,2547.87,0.449856,548.729
5,2250.6,0.514043,654.316
