Iteration,Cost,Cost reduction,time (ms)
0,48.1444,0.215595,152.629
1,32.7821,0.46589,264.903
2,6.09868,0.900636,380.921
3,6.09868,0.900636,498.75
4,6.09868,0.900636,578.023
5,6.09868,0.900636,657.772
