Iteration,Cost,Cost reduction,time (ms)
0,5066.43,0.00127658,136.32
1,5027.79,0.00889232,232.227
2,4977.74,0.0187585,333.708
3,4769.57,0.0597944,449.213
4,3882.34,0.23469,569.088
5,3600.86,0.290178,770.788
