Iteration,Cost,Cost reduction,time (ms)
0,5768.55,0.00112171,145.004
1,5729.92,0.0078113,245.386
2,5680.03,0.0164501,351.768
3,5661.31,0.0196919,475.501
4,3866.65,0.330454,607.513
5,2739.9,0.52556,768.997
