Iteration,Cost,Cost reduction,time (ms)
0,42.9818,0.460015,13.105
1,42.9818,0.460015,23.033
2,42.9818,0.460015,27.324
3,22.8979,0.712331,32.815
4,15.2276,0.808694,42.822
5,13.6063,0.829063,52.091
6,13.3735,0.831988,61.404
7,12.7636,0.83965,72.114
8,10.7743,0.864642,81.416
9,9.22532,0.884101,91.294
