Iteration,Cost,Cost reduction,time (ms)
0,4366.5,0.00148113,145.33
1,4327.86,0.0103163,244.139
2,4277.8,0.0217637,347.217
3,4234.9,0.031574,465.299
4,2988.1,0.316689,580.335
5,2445.53,0.440763,744.298
