Iteration,Cost,Cost reduction,time (ms)
0,32.5617,0.288712,106.013
1,25.2084,0.44934,182.082
2,25.2084,0.44934,255.405
3,25.0644,0.452484,307.899
4,13.1046,0.713738,387.501
5,13.1046,0.713738,464.408
