Iteration,Cost,Cost reduction,time (ms)
0,106.236,0.197728,149.278
1,67.7748,0.488178,261.698
2,41.7385,0.684799,391.835
3,22.2776,0.831764,548.739
4,19.6325,0.85174,706.076
5,18.1584,0.862872,867.033
