Iteration,Cost,Cost reduction,time (ms)
0,4456.82,0.00145159,139.914
1,4418.18,0.0101071,237.583
2,4368.29,0.0212858,341.723
3,3760.65,0.157427,463.032
4,2115,0.526136,587.969
5,1410.15,0.684057,732.303
