Iteration,Cost,Cost reduction,time (ms)
0,5666.01,0.00114136,178.895
1,5627.37,0.00795341,338.489
2,5577.54,0.0167381,505.373
3,5527.76,0.0255134,689.034
4,3770.57,0.335288,890.244
5,2414.49,0.574351,1103.06
