Iteration,Cost,Cost reduction,time (ms)
0,29.9296,0.327374,108.166
1,21.6701,0.512996,183.34
2,10.2163,0.770404,262.511
3,7.05366,0.841479,354.867
4,4.62041,0.896163,450.657
5,4.62041,0.896163,553.307
