Iteration,Cost,Cost reduction,time (ms)
0,22.7412,0.470962,109.988
1,18.097,0.579003,180.053
2,18.097,0.579003,253.564
3,18.097,0.579003,302.758
4,18.097,0.579003,352.745
5,18.097,0.579003,403.444
