Iteration,Cost,Cost reduction,time (ms)
0,0.124909,0.820612,6.824
1,0.0786482,0.887049,10.933
2,0.0786482,0.887049,14.921
3,0.0786482,0.887049,18.156
4,0.0786482,0.887049,20.728
