Iteration,Cost,Cost reduction,time (ms)
0,90.8296,0.178365,156.26
1,54.3331,0.508509,277.931
2,52.657,0.523671,405.197
3,30.4716,0.724358,537.704
4,14.8376,0.865781,679.957
5,13.4134,0.878664,818.915
