Iteration,Cost,Cost reduction,time (ms)
0,65.2298,0.391146,143.163
1,60.3959,0.436266,256.361
2,49.1784,0.54097,369.35
3,37.8907,0.646329,484.599
4,35.5652,0.668036,605.17
5,21.8781,0.79579,726.669
