Iteration,Cost,Cost reduction,time (ms)
0,105.135,0.253994,149.862
1,77.9115,0.447161,263.51
2,43.849,0.688859,402.596
3,29.0156,0.794113,566.303
4,16.9761,0.879542,749.216
5,14.8411,0.894692,934.481
