Iteration,Cost,Cost reduction,time (ms)
0,5733.83,0.00113089,141.633
1,5695.22,0.0078566,239.578
2,5645.3,0.0165524,343.803
3,4888.71,0.148356,466.12
4,4187.67,0.270481,593.213
5,3377.68,0.411587,726.78
