Iteration,Cost,Cost reduction,time (ms)
0,4877.71,0.00132667,138.436
1,4839.08,0.00923627,236.766
2,4789.18,0.0194526,340.88
3,4724.58,0.0326799,460.69
4,1968.67,0.59693,581.834
5,1484.45,0.69607,755.81
