Iteration,Cost,Cost reduction,time (ms)
0,26.524,0.329577,107.014
1,23.3258,0.410416,187.46
2,22.3229,0.435764,266.494
3,20.4131,0.484038,349.31
4,18.7983,0.524852,432.986
5,17.6845,0.553006,521.58
