Iteration,Cost,Cost reduction,time (ms)
0,5387.24,0.00120073,180.799
1,5348.6,0.00836474,338.317
2,5298.76,0.0176051,507.003
3,4545.86,0.157194,698.565
4,2004.4,0.628382,915.101
5,1583.4,0.706437,1108.67
