Iteration,Cost,Cost reduction,time (ms)
0,4218.32,0.00153332,140.742
1,4179.69,0.0106779,239.772
2,4129.8,0.0224872,344.402
3,4112.91,0.0264855,464.691
4,3255.79,0.229364,592.178
5,1305.04,0.691101,730.836
