Iteration,Cost,Cost reduction,time (ms)
0,5873.15,0.00110172,136.25
1,5834.52,0.00767232,234.797
2,5784.63,0.0161572,340.271
3,5718.14,0.0274667,460.673
4,2683.75,0.543551,584.91
5,2254.48,0.61656,826.787
