Iteration,Cost,Cost reduction,time (ms)
0,29.903,0.305901,114.228
1,26.4898,0.385129,193.219
2,25.4975,0.408162,272.959
3,25.4975,0.408162,348.453
4,25.4975,0.408162,397.964
5,25.4975,0.408162,446.074
