Iteration,Cost,Cost reduction,time (ms)
0,4559.12,0.00141861,178.35
1,4520.48,0.00988203,336.015
2,4470.64,0.0207989,503.254
3,3810.2,0.165454,692.564
4,1548.1,0.66092,906.94
5,1417.33,0.689564,1104.45
