Iteration,Cost,Cost reduction,time (ms)
0,5424.01,0.0011927,160.798
1,5385.38,0.00830717,260.226
2,5335.32,0.0175248,364.332
3,4580.01,0.156611,483.379
4,3779.75,0.303975,599.614
5,3195.14,0.411629,829.494
