Iteration,Cost,Cost reduction,time (ms)
0,1038.7164555589513,0.0,4262.747287750244
1,95.76986763427362,0.9077997974117603,12092.798709869385
