Iteration,Cost,Cost reduction,time (ms)
0,33.7932,0.106745,99.36
1,14.325,0.621347,170.33
2,14.325,0.621347,239.721
3,14.3065,0.621836,290.467
4,14.3065,0.621836,363.452
5,14.3065,0.621836,412.55
