Iteration,Cost,Cost reduction,time (ms)
0,29.2947,0.353121,107.657
1,11.6062,0.743715,187.462
2,10.8773,0.759811,281.256
3,5.29717,0.883029,375.292
4,4.75964,0.894899,481.253
5,3.53433,0.921956,586.726
