Iteration,Cost,Cost reduction,time (ms)
0,28.8995,0.311134,103.521
1,16.0831,0.616633,178.285
2,14.9303,0.644113,252.667
3,14.8905,0.64506,330.92
4,14.8905,0.64506,409.585
5,14.8905,0.64506,464.632
