Iteration,Cost,Cost reduction,time (ms)
0,4552.25,0.00142025,203.62
1,4513.61,0.00989657,372.153
2,4463.78,0.0208274,549.336
3,4114.97,0.097342,740.986
4,3729.6,0.181876,948.034
5,2282.89,0.499226,1149.47
