Iteration,Cost,Cost reduction,time (ms)
0,29.4196,0.345136,106.504
1,16.4645,0.63351,182.119
2,13.8278,0.6922,258.317
3,13.8278,0.6922,341.044
4,12.5096,0.721542,394.591
5,12.4373,0.723153,480.456
