Iteration,Cost,Cost reduction,time (ms)
0,4403.27,0.0014689,136.329
1,4364.63,0.0102304,234.882
2,4314.57,0.0215829,337.919
3,3970.11,0.0996956,454.905
4,3680.74,0.165316,568.998
5,2224.74,0.495494,680.839
