Iteration,Cost,Cost reduction,time (ms)
0,4559.12,0.00141918,137.403
1,4520.49,0.00988075,234.446
2,4470.42,0.0208464,336.951
3,3666.56,0.196916,456.963
4,3076.82,0.326086,569.447
5,3076.82,0.326086,718.719
