Iteration,Cost,Cost reduction,time (ms)
0,27.3675,0.705291,24.865
1,11.0978,0.880493,46.254
2,8.97872,0.903312,68.093
3,6.50963,0.9299,89.387
4,5.52646,0.940488,111.541
5,4.5241,0.951282,133.652
6,4.45026,0.952077,156.089
7,3.59888,0.961245,178.665
8,3.33631,0.964073,201.238
9,2.56644,0.972363,223.453
