Iteration,Cost,Cost reduction,time (ms)
0,80.6844,0.791243,19.246
1,8.04213,0.979192,54.369
2,8.04213,0.979192,88.803
3,8.04213,0.979192,111.254
4,8.04213,0.979192,125.019
5,8.04213,0.979192,134.023
6,8.04213,0.979192,139.479
