Iteration,Cost,Cost reduction,time (ms)
0,1.22656,0.692734,24.044
1,1.22656,0.692734,46.104
2,1.22656,0.692734,61.039
3,1.22656,0.692734,71.999
4,0.792646,0.801434,78.442
5,0.792646,0.801434,86.055
6,0.790031,0.802089,91.718
