Iteration,Cost,Cost reduction,time (ms)
0,115.466,0.31135,222.537
1,81.8452,0.511867,427.77
2,13.1881,0.921345,636.815
3,13.1881,0.921345,851.382
4,10.8923,0.935037,939.176
5,10.6629,0.936405,1155.44
