Iteration,Cost,Cost reduction,time (ms)
0,18.0764,0.696923,234.76
1,7.09083,0.881112,478.536
2,6.37788,0.893066,719.707
3,5.48188,0.908088,959.455
4,5.13233,0.913949,1203.03
5,4.94309,0.917122,1448.44
