Iteration,Cost,Cost reduction,time (ms)
0,106.081,0.316843,146.667
1,106.081,0.316843,249.605
2,106.081,0.316843,324.883
3,106.081,0.316843,401.639
4,106.081,0.316843,480.644
5,106.081,0.316843,559.673
