Iteration,Cost,Cost reduction,time (ms)
0,67.7028,0.263521,154.961
1,36.2863,0.605274,276.084
2,4.40858,0.952043,408.387
3,4.40858,0.952043,565.705
4,4.40858,0.952043,654.659
5,4.40858,0.952043,740.08
