Iteration,Cost,Cost reduction,time (ms)
0,74.2059,0.395083,150.16
1,67.2405,0.451864,259.475
2,15.6155,0.872704,382.628
3,12.8317,0.895398,529.74
4,9.29225,0.924251,675.683
5,7.91553,0.935474,820.526
