Iteration,Cost,Cost reduction,time (ms)
0,59.395,0.0236788,159.415
1,20.3064,0.666207,271.672
2,8.72188,0.856632,395.515
3,8.72188,0.856632,544.549
4,8.72188,0.856632,625.785
5,8.72188,0.856632,702.209
