Iteration,Cost,Cost reduction,time (ms)
0,5601.79,0.001155,149.526
1,5563.15,0.0080441,257.151
2,5513.09,0.0169705,359.957
3,5108.94,0.0890344,479.677
4,4720.74,0.158253,593.768
5,2708.7,0.517016,705.418
