Iteration,Cost,Cost reduction,time (ms)
0,4711.47,0.00137277,415.83
1,4672.83,0.00956291,811.727
2,4622.98,0.0201271,1208.33
3,3934.47,0.166062,1706.9
4,1683.4,0.643192,2338.29
5,1108.03,0.765146,2881.73
