Iteration,Cost,Cost reduction,time (ms)
0,30.605,0.327973,589.282
1,24.6511,0.458708,1153.52
2,15.6349,0.656686,1718.81
3,15.6349,0.656686,2230.22
4,14.2849,0.68633,2322.89
5,13.0275,0.713941,2823.83
