Iteration,Cost,Cost reduction,time (ms)
0,5355.32,0.00120765,412.957
1,5316.68,0.00841438,810.121
2,5266.85,0.0177086,1206.23
3,5126.9,0.0438102,1713.21
4,3185.81,0.405832,2275.69
5,1742.49,0.675018,2783.71
