Iteration,Cost,Cost reduction,time (ms)
0,4373.16,0.00147871,177.822
1,4334.52,0.0103015,336.313
2,4284.68,0.0216813,504.225
3,3641.28,0.168588,692.928
4,1451.01,0.668692,907.948
5,1451.01,0.668692,1105.35
