Iteration,Cost,Cost reduction,time (ms)
0,29.3233,0.712566,62.871
1,29.3233,0.712566,167.854
2,14.9946,0.853019,224.7
3,14.9946,0.853019,302.566
4,14.9946,0.853019,363.332
5,14.9946,0.853019,431.044
6,14.9946,0.853019,478.082
