Iteration,Cost,Cost reduction,time (ms)
0,4199.83,0.00153978,415.828
1,4161.19,0.0107261,811.412
2,4111.35,0.0225754,1208.07
3,4090.76,0.0274713,1706.6
4,3229.31,0.232271,2206.71
5,2204.75,0.475848,3078.89
