Iteration,Cost,Cost reduction,time (ms)
0,29.3399,0.297008,112.413
1,20.3418,0.512605,192.486
2,19.5791,0.530879,283.262
3,19.5791,0.530879,368.325
4,19.5791,0.530879,421.965
5,19.5791,0.530879,473.89
