Iteration,Cost,Cost reduction,time (ms)
0,5676.04,0.00115366,130.781
1,5638.18,0.00781623,226.623
2,5588.85,0.0164977,328.307
3,4613.09,0.188207,436.993
4,4293.17,0.244506,550.069
5,3502.56,0.383633,661.305
