Iteration,Cost,Cost reduction,time (ms)
0,24.9846,0.45184,178.957
1,9.48736,0.791848,352.866
2,5.85709,0.871496,518.836
3,3.07657,0.9325,681.799
4,3.07657,0.9325,844.946
5,3.07657,0.9325,914.417
