Iteration,Cost,Cost reduction,time (ms)
0,27.822,0.294971,626.104
1,19.605,0.503194,1215.55
2,19.068,0.516802,1805.65
3,18.8479,0.522382,2401.77
4,18.8479,0.522382,2979.99
5,17.4272,0.558381,3074.63
