Iteration,Cost,Cost reduction,time (ms)
0,22.8476,0.447077,101.005
1,15.2254,0.631537,170.876
2,15.2254,0.631537,240.043
3,15.2254,0.631537,287.547
4,15.2254,0.631537,336.321
5,15.2254,0.631537,385.963
