Iteration,Cost,Cost reduction,time (ms)
0,5041.39,0.00128266,153.769
1,5002.76,0.00893661,253.045
2,4952.88,0.0188179,358.14
3,4877.78,0.033695,477.601
4,1909.4,0.621742,599.145
5,1909.4,0.621742,819.4
