Iteration,Cost,Cost reduction,time (ms)
0,131.223,0.188034,526.475
1,67.5945,0.581748,1064.26
2,67.5945,0.581748,1671.12
3,63.8382,0.604991,1769.05
4,59.1212,0.634177,2360.16
5,59.1212,0.634177,2939.22
