Iteration,Cost,Cost reduction,time (ms)
0,24.4832,0.445671,177.307
1,20.0816,0.545328,342.505
2,7.56285,0.828768,506.938
3,7.56285,0.828768,664.672
4,7.56285,0.828768,727.385
5,7.2471,0.835917,777.389
