Iteration,Cost,Cost reduction,time (ms)
0,4366.42,0.00149963,131.687
1,4328.56,0.0101573,229.139
2,4279.22,0.0214404,330.401
3,3424.6,0.216872,438.641
4,2577.63,0.410554,548.215
5,2305.87,0.472699,653.749
