Iteration,Cost,Cost reduction,time (ms)
0,25.8335,0.372382,179.858
1,23.0355,0.440358,359.692
2,11.8293,0.712611,535.335
3,7.85391,0.809191,711.829
4,7.14738,0.826356,885.042
5,4.93996,0.879985,1053.9
