Iteration,Cost,Cost reduction,time (ms)
0,28.6784,0.353439,107.313
1,19.2794,0.565342,183.54
2,9.99973,0.774554,262.505
3,9.99973,0.774554,349.311
4,9.97499,0.775112,403.119
5,9.97499,0.775112,491.428
