Iteration,Cost,Cost reduction,time (ms)
0,168.445,0.0456765,148.503
1,114.582,0.350833,273.631
2,73.3621,0.584367,601.149
3,73.3621,0.584367,933.964
4,73.3621,0.584367,1024.49
5,73.3621,0.584367,1105
