Iteration,Cost,Cost reduction,time (ms)
0,5872.03,0.00110227,143.895
1,5833.39,0.00767402,243.006
2,5783.5,0.0161621,347.675
3,5719.66,0.0270212,470.191
4,3485.44,0.407088,593.246
5,3202.53,0.455213,778.418
