Iteration,Cost,Cost reduction,time (ms)
0,80.2548,0.336133,150.312
1,62.6811,0.481503,256.341
2,42.8564,0.645492,366.017
3,8.48938,0.929776,478.345
4,7.48542,0.938081,590.392
5,7.48542,0.938081,698.638
