Iteration,Cost,Cost reduction,time (ms)
0,132.55,0.20098,555.038
1,48.8715,0.705399,1134.18
2,10.1587,0.938763,1765.16
3,6.56288,0.960438,2312.92
4,6.56288,0.960438,2868.32
5,6.56288,0.960438,2960.86
