Iteration,Cost,Cost reduction,time (ms)
0,74.8796,0.301433,538.361
1,45.4041,0.576416,1071.63
2,9.5473,0.910931,1625.13
3,4.55587,0.957497,2203.21
4,4.55587,0.957497,2792.8
5,4.55587,0.957497,2885.34
