Iteration,Cost,Cost reduction,time (ms)
0,21.2543,0.52525,103.491
1,9.64363,0.784594,175.883
2,9.64363,0.784594,242.796
3,7.26625,0.837696,290.276
4,7.26625,0.837696,357.216
