Iteration,Cost,Cost reduction,time (ms)
0,38.6019,0.407393,203.794
1,23.4354,0.640225,375.538
2,20.2759,0.688729,544.762
3,17.951,0.724422,717.905
4,13.2598,0.796439,888.6
5,6.60697,0.898571,1050.71
6,5.04733,0.922515,1219.34
7,5.04733,0.922515,1390.03
