Iteration,Cost,Cost reduction,time (ms)
0,37.2477,0.378768,769.394
1,33.3267,0.444163,1507.37
2,33.3267,0.444163,2249.52
3,33.3267,0.444163,2726.1
4,33.3267,0.444163,3200.5
