Iteration,Cost,Cost reduction,time (ms)
0,27.5336,0.302061,123.457
1,15.8167,0.599068,203.577
2,13.2717,0.66358,292.225
3,11.1343,0.71776,395.542
4,6.31113,0.840021,519.769
5,6.31113,0.840021,636.463
