Iteration,Cost,Cost reduction,time (ms)
0,28.7616,0.294244,106.347
1,18.7614,0.539631,188.443
2,14.7838,0.637232,278.127
3,10.9823,0.730515,372.061
4,10.9823,0.730515,463.443
5,10.9823,0.730515,513.578
