Iteration,Cost,Cost reduction,time (ms)
0,42.8904,0.127623,99.569
1,42.8904,0.127623,165.031
2,42.8904,0.127623,210.25
3,42.8904,0.127623,255.484
4,42.8904,0.127623,301.733
5,42.8904,0.127623,348.519
