Iteration,Cost,Cost reduction,time (ms)
0,25.1336,0.459835,107.476
1,20.8228,0.552481,179.766
2,8.46268,0.818122,251.933
3,8.46268,0.818122,325.147
4,8.46268,0.818122,371.939
5,8.46268,0.818122,420.477
