Iteration,Cost,Cost reduction,time (ms)
0,48.8082,0.407129,201.635
1,31.7665,0.614134,314.012
2,17.7577,0.784298,434.408
3,1.98853,0.975845,564.978
4,1.98853,0.975845,685.496
5,1.9752,0.976007,761.415
