Iteration,Cost,Cost reduction,time (ms)
0,29.2204,0.450115,146.494
1,23.1448,0.564449,250.259
2,19.8204,0.627009,358.007
3,13.4301,0.747265,474.693
4,13.1418,0.75269,590.118
5,9.85805,0.814486,703.348
