Iteration,Cost,Cost reduction,time (ms)
0,24.0427,0.416076,180.896
1,15.5844,0.621501,351.797
2,11.4566,0.721754,518.544
3,11.4566,0.721754,685.58
4,8.77368,0.786914,748.336
5,6.24712,0.848277,917.364
