Iteration,Cost,Cost reduction,time (ms)
0,5650.47,0.00114498,411.126
1,5611.83,0.0079756,808.647
2,5561.99,0.0167865,1203.2
3,5365.61,0.0515015,1705.56
4,4646.77,0.178573,2243.77
5,2053.46,0.637003,2804.33
