Iteration,Cost,Cost reduction,time (ms)
0,5355.33,0.00120984,134.524
1,5316.71,0.00841228,232.885
2,5266.8,0.0177206,336.455
3,5216.75,0.0270562,459.166
4,3349.09,0.375382,589.268
5,2380.79,0.555974,721.881
