Iteration,Cost,Cost reduction,time (ms)
0,29.8668,0.335127,102.623
1,18.0091,0.599094,180.263
2,12.9421,0.711893,258.936
3,9.32408,0.792434,348.714
4,9.32408,0.792434,449.701
5,9.22483,0.794643,506.758
