Iteration,Cost,Cost reduction,time (ms)
0,101.484,0.360296,141.039
1,52.581,0.668558,243.018
2,24.5502,0.845249,351.605
3,24.5502,0.845249,462.92
4,24.3343,0.846609,538.44
5,23.2201,0.853633,648.409
