Iteration,Cost,Cost reduction,time (ms)
0,4611.55,0.00140222,145.07
1,4572.91,0.00976837,243.786
2,4522.86,0.0206063,346.539
3,4311.51,0.0663724,460.796
4,3082.25,0.332561,578.655
5,2466.47,0.465903,744.048
