Iteration,Cost,Cost reduction,time (ms)
0,4776.85,0.00137096,131.58
1,4738.99,0.00928579,228.328
2,4689.65,0.0196008,330.045
3,3789.99,0.20768,438.456
4,2530.1,0.471068,548.988
5,2461.36,0.485437,654.554
