Iteration,Cost,Cost reduction,time (ms)
0,26.2971,0.346088,189.341
1,19.4827,0.515538,370.738
2,14.742,0.633421,545.521
3,10.2027,0.746296,718.165
4,9.03662,0.775293,889.495
5,9.03662,0.775293,1062.87
