Iteration,Cost,Cost reduction,time (ms)
0,5143.63,0.00125752,413.367
1,5104.99,0.00876041,811.847
2,5055.15,0.0184379,1208.5
3,4389.35,0.147716,1712.73
4,2394.79,0.535001,2339.55
5,2394.79,0.535001,2888.45
