Iteration,Cost,Cost reduction,time (ms)
0,27.1815,0.372235,104.488
1,27.1815,0.372235,177.376
2,27.1815,0.372235,220.214
3,27.1815,0.372235,265.328
4,27.1815,0.372235,311.272
5,27.1815,0.372235,356.943
