Iteration,Cost,Cost reduction,time (ms)
0,119.703,0.292867,156.587
1,102.92,0.392012,270.421
2,70.5492,0.583239,404.918
3,53.694,0.682809,555.159
4,28.1234,0.833864,700.612
5,25.7371,0.847961,848.523
