Iteration,Cost,Cost reduction,time (ms)
0,4606.13,0.00140425,181.809
1,4567.49,0.00978137,341.206
2,4517.65,0.0205873,509.352
3,3891.89,0.15625,698.953
4,1323.19,0.713136,908.279
5,953.959,0.793184,1107.37
