Iteration,Cost,Cost reduction,time (ms)
0,4.39122,0.982539,6.29
1,1.96165,0.9922,10.934
2,1.07669,0.995719,15.611
3,1.07669,0.995719,19.785
4,1.07669,0.995719,22.737
