Iteration,Cost,Cost reduction,time (ms)
0,31.7969,0.322011,104.465
1,14.7761,0.684936,177.688
2,14.7761,0.684936,247.142
3,14.7761,0.684936,295.858
4,14.7761,0.684936,348.202
5,14.7761,0.684936,399.114
