Iteration,Cost,Cost reduction,time (ms)
0,31.8777,0.339684,565.377
1,20.7207,0.570789,1194.9
2,17.6945,0.633475,1768.08
3,10.8617,0.77501,2338.26
4,10.158,0.789587,2878.61
5,10.158,0.789587,3424.63
