Iteration,Cost,Cost reduction,time (ms)
0,25.5623,0.423954,527.979
1,16.6367,0.625093,1060.03
2,14.9678,0.662702,1551.79
3,12.2296,0.724406,2040.89
4,12.2296,0.724406,2536.16
5,11.1709,0.748263,2608.56
