Iteration,Cost,Cost reduction,time (ms)
0,31.4904,0.314623,177.977
1,28.5958,0.377624,362.565
2,27.1545,0.408992,545.065
3,24.1447,0.4745,720.528
4,16.1065,0.649447,895.863
5,13.2271,0.712117,1072.02
