Iteration,Cost,Cost reduction,time (ms)
0,137.303,0.0882566,136.987
1,54.1663,0.640314,236.164
2,44.6221,0.703692,347.667
3,37.665,0.749889,461.552
4,35.5842,0.763707,584.171
5,15.0862,0.899822,694.805
