Iteration,Cost,Cost reduction,time (ms)
0,62.3547,0.163628,205.347
1,18.6842,0.749386,404.678
2,13.7383,0.815727,613.626
3,11.4741,0.846096,825.115
4,11.4741,0.846096,1026.18
5,10.918,0.853555,1112.51
