Iteration,Cost,Cost reduction,time (ms)
0,28.0188,0.329159,586.054
1,11.1222,0.733706,1148.19
2,9.98585,0.760913,1712.73
3,7.06154,0.830929,2277.46
4,7.06154,0.830929,2845.51
5,5.99727,0.85641,2940.22
