Iteration,Cost,Cost reduction,time (ms)
0,4606.12,0.00140399,150.617
1,4567.48,0.00978029,252.513
2,4517.43,0.0206319,356.612
3,4493.79,0.0257567,474.144
4,3170.28,0.312691,594.845
5,3028.15,0.343504,754.176
