Iteration,Cost,Cost reduction,time (ms)
0,4196.6,0.00156004,132.545
1,4158.74,0.0105676,230.794
2,4109.4,0.0223066,331.169
3,3275.09,0.220801,438.02
4,2810.58,0.331317,546.79
5,1513.69,0.639869,656.336
