Iteration,Cost,Cost reduction,time (ms)
0,34.5508,0.417195,224.166
1,20.4313,0.655363,435.646
2,12.8026,0.784045,632.263
3,5.65103,0.904678,829.257
4,2.20594,0.96279,1031.36
5,2.20594,0.96279,1231.45
