Iteration,Cost,Cost reduction,time (ms)
0,119.028,0.211599,91.818
1,119.028,0.211599,200.269
2,95.43,0.367905,257.265
3,95.43,0.367905,333.872
4,83.635,0.446031,384.399
5,82.9624,0.450485,482.283
6,82.9624,0.450485,565.418
