Iteration,Cost,Cost reduction,time (ms)
0,4498.32,0.00143752,178.003
1,4459.68,0.0100152,336.41
2,4409.85,0.0210783,504.474
3,4350.4,0.0342752,691.527
4,3480.63,0.22735,898.681
5,2774.64,0.38407,1128.28
