Iteration,Cost,Cost reduction,time (ms)
0,88.8374,0.308529,583.214
1,65.5215,0.490009,1147.61
2,54.3576,0.576905,1712.61
3,52.0879,0.594571,2253.72
4,51.4148,0.59981,2806.29
5,51.4148,0.59981,3363.25
