Iteration,Cost,Cost reduction,time (ms)
0,102.514,0.339455,571.613
1,86.4003,0.443281,1066.96
2,59.3248,0.617742,1578.49
3,59.3248,0.617742,2089.65
4,59.3248,0.617742,2179.01
5,59.3248,0.617742,2252.65
