Iteration,Cost,Cost reduction,time (ms)
0,27.7536,0.490439,144.681
1,27.7536,0.490439,250.853
2,27.7536,0.490439,331.081
3,27.7536,0.490439,417.978
4,27.7536,0.490439,503.8
5,27.7536,0.490439,586.199
