Iteration,Cost,Cost reduction,time (ms)
0,25.9593,0.375113,106.977
1,16.4016,0.605184,181.56
2,16.116,0.612059,257.535
3,15.1861,0.634443,337.547
4,11.3945,0.725714,420.553
5,11.2496,0.729203,511.944
