Iteration,Cost,Cost reduction,time (ms)
0,38.7956,0.04618,547.956
1,13.977,0.656366,1134.98
2,6.16389,0.848456,1670.37
3,5.79865,0.857436,2194.35
4,4.83057,0.881237,2710.14
5,4.70573,0.884306,3223.99
