Iteration,Cost,Cost reduction,time (ms)
0,4179.66,0.00154694,151.622
1,4141.03,0.0107761,251.844
2,4090.98,0.0227323,356.678
3,3883.5,0.0722968,470.734
4,2757.83,0.3412,585.983
5,2639.73,0.369411,742.995
