Iteration,Cost,Cost reduction,time (ms)
0,62.3045,0.323945,535.848
1,33.121,0.64061,1052.52
2,9.42277,0.897755,1571.25
3,5.11205,0.94453,2094.47
4,5.11205,0.94453,2604.33
5,4.59281,0.950164,2694.08
