Iteration,Cost,Cost reduction,time (ms)
0,30.2917,0.342982,103.813
1,30.2917,0.342982,174.954
2,30.2917,0.342982,217.732
3,30.2917,0.342982,262.09
4,30.2917,0.342982,307.034
5,30.2917,0.342982,353.544
