Iteration,Cost,Cost reduction,time (ms)
0,31.0832,0.329254,104.685
1,16.5068,0.6438,179.22
2,8.68584,0.812568,253.657
3,8.55834,0.815319,330.064
4,7.98412,0.82771,408.857
5,7.85983,0.830392,489.265
