Iteration,Cost,Cost reduction,time (ms)
0,5621.91,0.00115069,179.821
1,5583.27,0.00801601,336.85
2,5533.43,0.0168712,505.35
3,4787.03,0.149484,694.33
4,1916.3,0.659529,909.692
5,1669.08,0.703453,1110.66
