Iteration,Cost,Cost reduction,time (ms)
0,5164.06,0.00126838,131.477
1,5126.2,0.00859045,228.303
2,5076.86,0.0181329,331.065
3,4125.89,0.202051,438.581
4,1724.35,0.66651,546.911
5,1688.45,0.673453,653.627
