Iteration,Cost,Cost reduction,time (ms)
0,4540.32,0.00142411,150.465
1,4501.69,0.0099216,250.46
2,4451.63,0.0209294,354.174
3,4415.03,0.0289794,467.729
4,2991.95,0.341965,583.636
5,2109.02,0.536153,742.919
