Iteration,Cost,Cost reduction,time (ms)
0,28.2995,0.360293,575.55
1,19.8855,0.55049,1154.57
2,7.08912,0.839751,1728.05
3,6.53401,0.852299,2284.55
4,6.10795,0.86193,2851.55
5,4.66821,0.894475,3412.25
