Iteration,Cost,Cost reduction,time (ms)
0,27.4239,0.353508,598.477
1,17.9572,0.576677,1137.76
2,16.1143,0.620121,1665.23
3,15.7302,0.629176,2195.52
4,15.7302,0.629176,2719
5,14.5289,0.657496,2812.11
