Iteration,Cost,Cost reduction,time (ms)
0,36.0909,0.39096,151.723
1,26.0177,0.560946,257.205
2,26.0177,0.560946,366.06
3,25.6508,0.567138,442.597
4,14.8112,0.750058,552.173
5,7.49973,0.873441,663.214
