Iteration,Cost,Cost reduction,time (ms)
0,30.1647,0.354246,596.455
1,18.0922,0.612689,1173.68
2,15.2573,0.673378,1752.9
3,13.2933,0.715422,2331.34
4,9.19044,0.803255,2900.97
5,6.40313,0.862924,3491.44
