Iteration,Cost,Cost reduction,time (ms)
0,31.2248,0.314831,111.472
1,15.8467,0.652275,191.836
2,13.7661,0.697929,285.104
3,8.56921,0.811965,384.681
4,8.56921,0.811965,485.065
5,7.24309,0.841064,541.265
