Iteration,Cost,Cost reduction,time (ms)
0,4624.79,0.00139854,149.719
1,4586.15,0.00974079,248.591
2,4536.26,0.0205131,353.864
3,4505.14,0.0272334,474.835
4,3442.94,0.256588,607.13
5,3442.94,0.256588,774.755
