Iteration,Cost,Cost reduction,time (ms)
0,41.6749,0.320803,146.536
1,38.4985,0.37257,260.936
2,31.0972,0.493193,376.716
3,4.64437,0.924308,495.843
4,3.02089,0.950767,613.147
5,2.13618,0.965186,731.823
