Iteration,Cost,Cost reduction,time (ms)
0,115.573,0.310702,144.808
1,52.5198,0.686763,249.068
2,35.1704,0.790238,363.441
3,15.3066,0.908709,473.149
4,14.2736,0.91487,594.193
5,14.2736,0.91487,712.839
