Iteration,Cost,Cost reduction,time (ms)
0,33.7715,0.259001,186.081
1,23.5583,0.483095,357.675
2,19.7378,0.566923,534.618
3,13.5709,0.702233,704.506
4,10.8325,0.762319,869.296
5,10.8325,0.762319,1031.67
