Iteration,Cost,Cost reduction,time (ms)
0,5066.45,0.00127663,178.826
1,5027.81,0.00889367,336.239
2,4977.97,0.0187182,506.528
3,4290.14,0.154306,695.916
4,2764.1,0.455127,911.366
5,2503.2,0.506558,1123.92
