Iteration,Cost,Cost reduction,time (ms)
0,4980.47,0.00129841,145.844
1,4941.83,0.00904598,244.705
2,4891.78,0.0190821,348.176
3,4865.17,0.024418,466.2
4,3131.07,0.372147,582.899
5,2799.11,0.438713,772.104
