Iteration,Cost,Cost reduction,time (ms)
0,29.775,0.336656,187.319
1,12.6443,0.718303,368.244
2,8.91335,0.801423,561.582
3,3.79836,0.915378,749.633
4,3.59977,0.919802,934.912
5,3.59977,0.919802,1120.49
