Iteration,Cost,Cost reduction,time (ms)
0,5820,0.00111143,179.023
1,5781.36,0.00774338,336.414
2,5731.52,0.0162969,505.001
3,5665.58,0.0276142,695.281
4,4096.31,0.296949,898.253
5,3029.09,0.480117,1127.52
