Iteration,Cost,Cost reduction,time (ms)
0,4179.69,0.00154788,154.099
1,4141.06,0.0107764,256.275
2,4091.16,0.0226959,362.555
3,4062.72,0.0294919,486.207
4,2604.94,0.377728,622.145
5,1638.31,0.608638,790.52
