Iteration,Cost,Cost reduction,time (ms)
0,26.2996,0.331823,191.806
1,19.458,0.505644,373.684
2,19.458,0.505644,534.244
3,11.0528,0.719187,596.635
4,11.0528,0.719187,742.186
5,11.0528,0.719187,797.659
