Iteration,Cost,Cost reduction,time (ms)
0,5627.48,0.00114936,408.443
1,5588.84,0.00800794,801.068
2,5539.01,0.0168534,1193.46
3,5510.69,0.0218789,1692.89
4,4112.84,0.269991,2232.06
5,2153.89,0.617696,3004.77
6,1566.04,0.722035,3631.63
7,1494.05,0.734813,4241.19
8,1332.87,0.763422,4859.67
9,1332.87,0.763422,5500.97
