Iteration,Cost,Cost reduction,time (ms)
0,31.7931,0.306741,104.147
1,30.7541,0.329396,179.475
2,30.7541,0.329396,250.126
3,24.5264,0.465193,301.923
4,18.9188,0.587468,380.546
5,18.8667,0.588606,459.891
