Iteration,Cost,Cost reduction,time (ms)
0,4284.9,0.00150967,139.35
1,4246.27,0.010512,239.251
2,4196.38,0.0221381,343.865
3,4131.11,0.0373475,464.496
4,2599.19,0.394322,583.85
5,2358.35,0.450445,788.323
