Iteration,Cost,Cost reduction,time (ms)
0,5305.79,0.00121916,416.23
1,5267.15,0.00849302,813.048
2,5217.31,0.0178752,1208.63
3,4518.92,0.149342,1704.33
4,1890.62,0.644103,2335.49
5,922.054,0.826429,2879.59
