Iteration,Cost,Cost reduction,time (ms)
0,5621.89,0.001151,136.569
1,5583.26,0.00801475,235.574
2,5533.37,0.0168786,340.212
3,5487.17,0.0250879,462.714
4,3814.82,0.322216,604.819
5,3171.06,0.436594,844.589
