Iteration,Cost,Cost reduction,time (ms)
0,29.1336,0.308875,589.34
1,10.5191,0.75046,1159.65
2,9.16312,0.782627,1807.93
3,5.6367,0.866283,2471.09
4,3.88308,0.907883,3133.64
5,3.83856,0.908939,3786.46
