Iteration,Cost,Cost reduction,time (ms)
0,5854.16,0.00110506,411.274
1,5815.51,0.00769833,809.08
2,5765.67,0.0162025,1204.48
3,5029.91,0.141745,1707.52
4,2989.21,0.48995,2335.25
5,1136.54,0.806072,2884.28
