Iteration,Cost,Cost reduction,time (ms)
0,32.2267,0.307961,105.667
1,17.9893,0.613695,181.523
2,12.1106,0.739935,256.769
3,10.8312,0.767409,336.544
4,7.21527,0.845059,419.553
5,3.85823,0.917148,502.128
