Iteration,Cost,Cost reduction,time (ms)
0,4929.03,0.00131247,160.502
1,4890.4,0.00914031,258.238
2,4840.34,0.019283,361.368
3,4609.56,0.0660406,479.564
4,3258.21,0.339843,596.262
5,2692.63,0.454436,791.739
