Iteration,Cost,Cost reduction,time (ms)
0,107.802,0.262948,61.514
1,107.802,0.262948,120.443
2,107.802,0.262948,153.823
3,106.627,0.270986,181.775
4,106.627,0.270986,214.763
5,106.627,0.270986,242.031
6,105.414,0.279275,269.629
7,103.598,0.291693,310.96
8,102.152,0.301579,356.073
9,98.0969,0.329305,404.852
