Iteration,Cost,Cost reduction,time (ms)
0,8.055895436846475,0.0,39.92795944213867
1,7.9733253093496685,0.010249652337733006,252.25186347961426
