Iteration,Cost,Cost reduction,time (ms)
0,5066.45,0.00127663,412.676
1,5027.81,0.00889367,811.389
2,4977.97,0.0187182,1207.57
3,4878.55,0.0383164,1707.65
4,2937.59,0.420929,2209.09
5,2324.55,0.541774,2964.33
