Iteration,Cost,Cost reduction,time (ms)
0,4509.98,0.00143403,135.418
1,4471.35,0.00998782,232.697
2,4421.47,0.0210328,336.809
3,4403.53,0.0250051,457.478
4,2501.17,0.44621,590.624
5,1906.59,0.577858,734.321
