Iteration,Cost,Cost reduction,time (ms)
0,40.4475,0.144421,109.64
1,20.8199,0.5596,187.235
2,19.7647,0.58192,267.641
3,19.4499,0.588581,353.44
4,19.2015,0.593834,442.947
5,18.994,0.598224,533.297
