Iteration,Cost,Cost reduction,time (ms)
0,5601.78,0.00115479,179.595
1,5563.14,0.00804476,338.5
2,5513.3,0.0169316,506.564
3,4759.67,0.15131,697.818
4,2071.73,0.630592,914.494
5,1812.52,0.676812,1110.43
