Iteration,Cost,Cost reduction,time (ms)
0,26.8171,0.345792,189.671
1,17.7048,0.568087,360.534
2,7.79659,0.8098,532.067
3,6.50925,0.841205,699.715
4,5.77638,0.859084,867.136
5,5.06761,0.876375,1037.04
