Iteration,Cost,Cost reduction,time (ms)
0,26.2546,0.331029,190.841
1,24.4905,0.375979,370.797
2,24.4905,0.375979,541.775
3,14.5886,0.628281,610.936
4,12.5233,0.680906,762.52
5,10.251,0.738802,916.393
