Iteration,Cost,Cost reduction,time (ms)
0,32.6959,0.225039,542.974
1,21.674,0.486281,1153.63
2,11.8291,0.719625,1785.67
3,7.70872,0.817287,2349.8
4,4.87509,0.88445,2905.82
5,3.64543,0.913596,3502
