Iteration,Cost,Cost reduction,time (ms)
0,61.9672,0.407083,151.194
1,44.4365,0.574821,256.302
2,27.5879,0.736032,368.406
3,24.3689,0.766833,490.098
4,18.7052,0.821024,621.047
5,8.11651,0.922339,749.609
