Iteration,Cost,Cost reduction,time (ms)
0,4333.09,0.00149287,140.741
1,4294.45,0.0103953,239.883
2,4244.39,0.0219308,342.091
3,3580.48,0.174921,459.808
4,2728.45,0.371262,576.093
5,2375.03,0.452703,723.706
