Iteration,Cost,Cost reduction,time (ms)
0,30.7138,0.29642,103.315
1,17.5598,0.597747,175.347
2,17.3524,0.602497,248.483
3,17.0625,0.60914,324.785
4,17.0625,0.60914,401.323
5,17.0342,0.609786,454.485
