Iteration,Cost,Cost reduction,time (ms)
0,76.7518,0.433964,218.506
1,68.6848,0.493457,427.761
2,23.1071,0.829588,631.095
3,9.97196,0.926458,836.568
4,9.92952,0.926771,1039.95
5,9.92952,0.926771,1242.27
