Iteration,Cost,Cost reduction,time (ms)
0,74.7131,0.301115,150.083
1,30.6453,0.713336,259.385
2,7.39052,0.930867,376.746
3,5.40844,0.949408,506.448
4,5.40844,0.949408,645.738
5,5.13017,0.952011,727.222
