Iteration,Cost,Cost reduction,time (ms)
0,29.2566,0.368986,106.363
1,16.0553,0.653714,185.977
2,8.41387,0.818527,266.114
3,5.90128,0.872719,357.425
4,4.27254,0.907849,451.703
5,4.27254,0.907849,548.899
