Iteration,Cost,Cost reduction,time (ms)
0,92.5123,0.37664,588.292
1,59.058,0.602059,1109.28
2,59.058,0.602059,1674.89
3,56.095,0.622024,1765.8
4,50.3366,0.660825,2333.45
5,25.0866,0.830963,2882.51
