Iteration,Cost,Cost reduction,time (ms)
0,35.0158,0.234535,182.584
1,15.6886,0.657037,354.448
2,8.8558,0.806407,534.104
3,7.51064,0.835813,717.033
4,7.17249,0.843205,897.479
5,7.16862,0.84329,1072.2
