Iteration,Cost,Cost reduction,time (ms)
0,110.866,7.59572e-06,793.326
1,110.859,6.76742e-05,1540.27
2,89.5732,0.192063,2287.54
3,89.5381,0.19238,3033.34
4,87.1018,0.214355,3778.03
5,87.1018,0.214355,4519.44
6,86.3805,0.220861,4825.83
