Iteration,Cost,Cost reduction,time (ms)
0,65.9018,0.410921,145.849
1,20.2444,0.81904,253.633
2,4.37989,0.960849,363.939
3,4.37989,0.960849,475.283
4,4.28755,0.961675,552.794
5,4.28318,0.961714,662.533
