Iteration,Cost,Cost reduction,time (ms)
0,5066.44,0.0012765,178.348
1,5027.8,0.0088936,337.21
2,4977.97,0.0187175,508.375
3,4802.97,0.053213,697.255
4,3997.38,0.212017,888.934
5,2043.33,0.597209,1081.45
