Iteration,Cost,Cost reduction,time (ms)
0,4312.49,0.00149978,138.255
1,4273.85,0.0104447,235.887
2,4223.97,0.0219953,340.837
3,3960.73,0.082945,465.03
4,2405.66,0.443001,594.115
5,2199.25,0.490792,742.599
