Iteration,Cost,Cost reduction,time (ms)
0,4606.13,0.00140419,179.189
1,4567.49,0.00978134,336.526
2,4517.65,0.0205871,506.476
3,3868.97,0.161219,694.325
4,1973.1,0.572238,911.108
5,1043.81,0.773706,1106.01
