Iteration,Cost,Cost reduction,time (ms)
0,40.8388,0.103391,568.259
1,14.1749,0.688792,1183.5
2,10.3762,0.772192,1772.54
3,6.90656,0.848368,2370.14
4,4.50679,0.901054,2952.29
5,3.78272,0.916951,3540.4
