Iteration,Cost,Cost reduction,time (ms)
0,25.4038,0.390682,103.508
1,16.5127,0.603938,177.793
2,16.5127,0.603938,252.882
3,16.5127,0.603938,305.367
4,16.5127,0.603938,358.293
5,16.5011,0.604215,413.703
