Iteration,Cost,Cost reduction,time (ms)
0,45.3929,0.284752,150.762
1,25.4706,0.598664,254.056
2,6.9632,0.890282,366.735
3,6.77325,0.893275,483.256
4,6.77325,0.893275,597.234
5,6.77325,0.893275,673.096
