Iteration,Cost,Cost reduction,time (ms)
0,30.9344,0.347096,108.298
1,13.2547,0.720244,184.254
2,10.0668,0.787529,260.071
3,9.93772,0.790254,339.38
4,9.71851,0.79488,421.887
5,9.49548,0.799588,504.023
