Iteration,Cost,Cost reduction,time (ms)
0,4199.82,0.00153947,148.059
1,4161.18,0.0107259,253.151
2,4111.34,0.0225737,360.317
3,3976.23,0.0546955,484.047
4,3167.51,0.24696,620.565
5,2007.06,0.522843,745.169
6,1592.61,0.621374,885.702
7,1253.68,0.701952,1017.24
8,1253.68,0.701952,1155.66
