Iteration,Cost,Cost reduction,time (ms)
0,40.3275,0.46419,144.932
1,23.8365,0.683297,250.919
2,19.0568,0.746802,359.32
3,17.2859,0.770331,470.02
4,12.4503,0.834579,585.509
5,11.1294,0.852129,699.316
