Iteration,Cost,Cost reduction,time (ms)
0,25.6026,0.422063,106.78
1,22.1142,0.500809,180.959
2,16.941,0.617585,259.181
3,14.8406,0.664999,339.096
4,14.8406,0.664999,426.642
