Iteration,Cost,Cost reduction,time (ms)
0,4454.83,0.00146998,131.18
1,4416.97,0.00995604,228.144
2,4367.63,0.0210153,330.191
3,3504.52,0.214479,439.248
4,1499.5,0.663894,548.172
5,1472.3,0.66999,655.104
