Iteration,Cost,Cost reduction,time (ms)
0,4842.92,0.0013356,137.446
1,4804.29,0.00930214,237.292
2,4754.24,0.0196234,340.59
3,4737.05,0.0231679,457.355
4,3444.56,0.289695,580.107
5,2840.58,0.41424,764.205
