Iteration,Cost,Cost reduction,time (ms)
0,124.272,0.278052,577.99
1,87.3251,0.492693,1110.41
2,73.1407,0.575096,1636.2
3,51.4687,0.700997,2161.52
4,46.0164,0.732672,2688.52
5,42.6064,0.752482,3209.72
