Iteration,Cost,Cost reduction,time (ms)
0,58.3534,0.37234,147.312
1,51.4449,0.446649,257.071
2,26.7946,0.711792,369.421
3,26.4356,0.715654,486.096
4,24.6654,0.734694,603.053
5,22.923,0.753436,721.175
