Iteration,Cost,Cost reduction,time (ms)
0,79.9728,0.163612,519.246
1,36.8279,0.614839,1040.26
2,33.8515,0.645967,1583.88
3,26.9942,0.717684,2124.94
4,26.9942,0.717684,2680.97
5,26.6349,0.721442,2771.67
