Iteration,Cost,Cost reduction,time (ms)
0,93.7801,0.152649,144.54
1,83.6687,0.24401,251.382
2,35.4418,0.679766,387.421
3,35.4418,0.679766,480.831
4,35.4418,0.679766,545.744
5,35.4418,0.679766,610.898
6,35.4418,0.679766,675.277
