Iteration,Cost,Cost reduction,time (ms)
0,43.021,0,108.757
1,42.3062,0.0166152,157.717
2,32.476,0.245112,236.203
3,12.1719,0.717072,320.98
4,6.8069,0.841777,403.55
5,6.8069,0.841777,496.801
