Iteration,Cost,Cost reduction,time (ms)
0,26.53,0.314115,111.408
1,21.9601,0.432262,192.429
2,21.9601,0.432262,270.041
3,20.7463,0.463643,325.062
4,14.1363,0.634533,411.247
5,7.65803,0.802016,502.773
