Iteration,Cost,Cost reduction,time (ms)
0,5873.15,0.00110126,178.373
1,5834.51,0.00767329,336.647
2,5784.67,0.016149,505.042
3,5021.68,0.145917,695.637
4,2206.43,0.624732,914.532
5,1840.75,0.686927,1110.73
