Iteration,Cost,Cost reduction,time (ms)
0,34.1485,0.151681,518.422
1,20.5944,0.488392,1036.55
2,13.9916,0.652419,1595.99
3,11.3786,0.717331,2137.04
4,9.35567,0.767586,2654.65
5,9.03208,0.775624,3183.77
