Iteration,Cost,Cost reduction,time (ms)
0,137.275,0.0279734,146.553
1,82.9504,0.412639,257.427
2,25.428,0.819948,373.268
3,9.42475,0.933265,521.172
4,9.42475,0.933265,676.215
5,9.42475,0.933265,753.344
