Iteration,Cost,Cost reduction,time (ms)
0,27.9379,0.320762,177.389
1,9.47008,0.769759,323.201
2,9.47008,0.769759,467.943
3,9.47008,0.769759,518.506
4,9.47008,0.769759,563.806
5,9.47008,0.769759,617.023
