Iteration,Cost,Cost reduction,time (ms)
0,140.672,0.200365,148.291
1,89.2267,0.4928,258.135
2,86.7307,0.506989,377.598
3,84.3829,0.520334,501.726
4,84.3829,0.520334,621.869
5,83.8637,0.523286,705.811
