Iteration,Cost,Cost reduction,time (ms)
0,89.6461,0.337685,145.936
1,78.7239,0.418379,255.835
2,22.8532,0.831158,376.162
3,19.4301,0.856449,498.764
4,7.37421,0.945518,620.755
5,7.15124,0.947166,751.865
6,3.94509,0.970853,883.369
7,3.94509,0.970853,1017.9
