Iteration,Cost,Cost reduction,time (ms)
0,4593.04,0.00142561,131.729
1,4555.18,0.00965678,228.633
2,4505.84,0.0203839,330.535
3,3632.71,0.210211,438.634
4,3127.35,0.320083,546.776
5,1859.99,0.59562,656.211
