Iteration,Cost,Cost reduction,time (ms)
0,4196.66,0.00154057,150.194
1,4158.02,0.0107326,248.578
2,4107.97,0.0226401,351.772
3,3915.15,0.0685153,467.063
4,2879.12,0.315006,586.028
5,2211.49,0.473848,779.216
