Iteration,Cost,Cost reduction,time (ms)
0,126.415,0.189979,151.979
1,58.9952,0.62198,267.905
2,21.6421,0.861325,384.664
3,13.101,0.916054,499.057
4,13.101,0.916054,619.398
5,12.8108,0.917913,699.014
