Iteration,Cost,Cost reduction,time (ms)
0,4676.97,0.00140023,131.451
1,4639.11,0.00948381,228.338
2,4589.77,0.0200187,331.188
3,3702.63,0.209436,439.129
4,2876.93,0.385735,548.549
5,2419.49,0.483405,652.602
