Iteration,Cost,Cost reduction,time (ms)
0,114.968,0.247037,234.357
1,67.4306,0.558375,476.922
2,8.29873,0.945649,708.334
3,4.92738,0.967729,936.126
4,4.92738,0.967729,1169.63
5,4.91411,0.967816,1263.07
