Iteration,Cost,Cost reduction,time (ms)
0,76.0104,0.386338,146.701
1,45.4056,0.633423,252.527
2,7.31269,0.940962,363.266
3,6.6557,0.946266,477.827
4,5.23251,0.957756,592.057
5,4.54844,0.963279,705.669
