Iteration,Cost,Cost reduction,time (ms)
0,37.4854,0.393395,578.519
1,18.6054,0.69892,1126.23
2,12.6059,0.796005,1651.47
3,12.6059,0.796005,2166.68
4,12.6059,0.796005,2252.3
5,12.0878,0.804389,2326.92
