Iteration,Cost,Cost reduction,time (ms)
0,127.828,0.283067,577.158
1,88.8299,0.501792,1106.99
2,54.1389,0.696359,1615.71
3,52.2745,0.706815,2144.11
4,52.2745,0.706815,2668.1
5,52.1601,0.707457,2761.93
