Iteration,Cost,Cost reduction,time (ms)
0,78.1907,0.174385,176.074
1,28.459,0.699501,300.821
2,21.8835,0.768933,434.009
3,21.8835,0.768933,567.083
4,21.8835,0.768933,651.255
5,21.8835,0.768933,735.01
