Iteration,Cost,Cost reduction,time (ms)
0,4552.28,0.00142083,179.02
1,4513.64,0.00989692,335.745
2,4463.8,0.0208305,504.406
3,3826.66,0.160591,695.87
4,1360.31,0.701605,907.235
5,1321.4,0.710141,1104.33
