Iteration,Cost,Cost reduction,time (ms)
0,5807.63,0.00111364,133.87
1,5768.99,0.00775902,232.456
2,5718.94,0.0163673,336.31
3,5678.21,0.0233734,449.19
4,4365.18,0.249208,562.266
5,2437.33,0.580791,682.658
