Iteration,Cost,Cost reduction,time (ms)
0,146.638,0.143371,690.138
1,146.638,0.143371,1350.44
2,146.638,0.143371,1638.9
3,146.638,0.143371,1927.07
4,146.638,0.143371,2214.26
5,146.638,0.143371,2502.1
6,146.638,0.143371,2794.94
