Iteration,Cost,Cost reduction,time (ms)
0,28.3652,0.246507,93.288
1,23.8864,0.365482,174.204
2,13.876,0.631398,252.762
3,13.876,0.631398,415.958
4,13.876,0.631398,559.193
5,13.876,0.631398,704.212
6,13.876,0.631398,828.768
