Iteration,Cost,Cost reduction,time (ms)
0,190.427,0.880603,6.534
1,177.092,0.888964,11.128
2,164.253,0.897014,15.62
3,154.466,0.90315,20.682
4,154.466,0.90315,24.619
