Iteration,Cost,Cost reduction,time (ms)
0,95.5881,0.410901,541.245
1,31.5688,0.805445,1093.61
2,31.5688,0.805445,1596.98
3,28.6349,0.823526,1688
4,16.5482,0.898016,2180.73
5,16.3612,0.899168,2750.33
