Iteration,Cost,Cost reduction,time (ms)
0,28.4237,0.359927,105.167
1,18.142,0.59146,177.079
2,18.142,0.59146,251.352
3,18.142,0.59146,300.724
4,18.142,0.59146,353.236
5,18.142,0.59146,403.495
