Iteration,Cost,Cost reduction,time (ms)
0,26.4918,0.386154,340.953
1,24.8064,0.425206,591.802
2,21.6817,0.497608,828.064
3,11.1436,0.741788,1066.65
4,8.37255,0.805998,1347.92
5,5.81599,0.865236,1639.11
6,5.81599,0.865236,1936.98
