Iteration,Cost,Cost reduction,time (ms)
0,26.8128,0.393767,102.837
1,15.4226,0.651297,173.12
2,15.4226,0.651297,242.223
3,15.4226,0.651297,289.767
4,15.4226,0.651297,337.63
5,15.4226,0.651297,386.898
