Iteration,Cost,Cost reduction,time (ms)
0,28.9424,0.306548,103.129
1,16.8752,0.595674,177.827
2,14.3464,0.656264,253.091
3,13.179,0.684234,331.553
4,9.9401,0.761838,410.759
5,5.59152,0.866029,489.491
