Iteration,Cost,Cost reduction,time (ms)
0,481.521,0,10.259
1,169.668,0.64764,21.269
2,169.668,0.64764,33.757
3,169.668,0.64764,39.785
4,169.668,0.64764,45.237
5,169.668,0.64764,51.209
6,169.668,0.64764,57.126
