Iteration,Cost,Cost reduction,time (ms)
0,5342.52,0.00121076,414.984
1,5303.88,0.00843468,811.665
2,5254.04,0.0177523,1208.22
3,4525.36,0.15398,1712.32
4,2720.82,0.491341,2338.08
5,1851.45,0.653869,2891.08
