Iteration,Cost,Cost reduction,time (ms)
0,23.3806,0.395797,184.763
1,19.4493,0.497389,370.383
2,6.69891,0.826886,543.883
3,6.69891,0.826886,716.08
4,5.37922,0.86099,788.028
5,5.33902,0.862029,953.327
