Iteration,Cost,Cost reduction,time (ms)
0,58.2136,0.425819,148.299
1,43.6801,0.569168,254.391
2,24.8026,0.755364,368.144
3,16.848,0.833822,486.064
4,4.45034,0.956105,602.324
5,4.12476,0.959316,720.349
