Iteration,Cost,Cost reduction,time (ms)
0,19.4124,0.572309,108.147
1,17.5444,0.613464,184.159
2,6.84268,0.849243,258.842
3,6.84268,0.849243,390.665
4,6.84268,0.849243,488.554
5,6.84268,0.849243,586.771
6,6.84268,0.849243,654.463
