Iteration,Cost,Cost reduction,time (ms)
0,29.1692,0.279013,580.133
1,19.0225,0.529814,1187.61
2,10.8955,0.730691,1804.58
3,5.09214,0.874136,2405.34
4,3.61982,0.910527,2983.56
5,3.27185,0.919128,3583.96
