Iteration,Cost,Cost reduction,time (ms)
0,27.6117,0.808174,18.24
1,19.7629,0.862701,30.819
2,4.93574,0.96571,43.348
3,0.671609,0.995334,56.25
4,0.410202,0.99715,68.757
5,0.410202,0.99715,80.494
