Iteration,Cost,Cost reduction,time (ms)
0,122.132,0.283511,150.042
1,120.763,0.291542,258.075
2,119.652,0.298059,373.426
3,105.912,0.378667,494.177
4,86.0621,0.495114,616.63
5,76.9151,0.548775,749.263
