Iteration,Cost,Cost reduction,time (ms)
0,29.1848,0.3516,188.311
1,13.5201,0.699624,379.83
2,8.34685,0.814558,583.731
3,6.84333,0.847961,785.008
4,4.83299,0.892625,981.151
5,4.34092,0.903557,1174.15
