Iteration,Cost,Cost reduction,time (ms)
0,118.174,0.243832,519.099
1,38.1144,0.756114,1028.57
2,8.80287,0.943672,1561.39
3,8.80287,0.943672,2033.88
4,8.80287,0.943672,2124.32
5,8.24059,0.94727,2194.57
