Iteration,Cost,Cost reduction,time (ms)
0,84.3112,0.32057,150.617
1,71.6812,0.42235,267.163
2,32.5228,0.737912,399.996
3,24.4792,0.802732,548.745
4,18.3896,0.851805,699.585
5,18.3896,0.851805,849.261
