Iteration,Cost,Cost reduction,time (ms)
0,33.3217,0.231199,308.147
1,21.3299,0.507874,556.6
2,18.7556,0.56727,848.442
3,10.7278,0.752488,1129.25
4,8.16877,0.811529,1448.01
5,8.16877,0.811529,1842.35
