Iteration,Cost,Cost reduction,time (ms)
0,4742.51,0.00138047,131.667
1,4704.65,0.0093527,228.623
2,4655.32,0.0197406,330.389
3,3776.31,0.204832,439.112
4,3410.97,0.281761,551.512
5,2906.7,0.387944,664.382
