Iteration,Cost,Cost reduction,time (ms)
0,5033.14,0.00128506,414.543
1,4994.5,0.00895246,811.283
2,4944.66,0.0188419,1207.4
3,4845.42,0.038535,1707.39
4,2928.34,0.418936,2207.36
5,2706.45,0.462965,2957.4
