Iteration,Cost,Cost reduction,time (ms)
0,110.084,0.307096,148.587
1,105.892,0.333481,258.715
2,102.682,0.353688,376.533
3,91.6972,0.422829,496.705
4,68.36,0.569721,623.194
5,62.3803,0.607359,762.593
