Iteration,Cost,Cost reduction,time (ms)
0,28.47,0.332045,171.958
1,18.8899,0.55681,344.987
2,14.1419,0.668207,524.74
3,13.6322,0.680165,695.435
4,13.6322,0.680165,867.478
5,13.6322,0.680165,938.327
