Iteration,Cost,Cost reduction,time (ms)
0,36.9846,0.223652,191.904
1,14.1924,0.702086,378.658
2,9.74077,0.79553,552.712
3,9.42992,0.802055,716.601
4,9.42992,0.802055,879.663
5,9.42992,0.802055,945.199
