Iteration,Cost,Cost reduction,time (ms)
0,27.4757,0.322025,112.357
1,27.4757,0.322025,189.861
2,27.4757,0.322025,235.958
3,27.4757,0.322025,284.904
4,27.4757,0.322025,332.301
5,27.4757,0.322025,378.494
