Iteration,Cost,Cost reduction,time (ms)
0,4754.99,0.00136086,136.644
1,4716.36,0.00947433,233.896
2,4666.29,0.0199892,337.512
3,4643.99,0.0246736,453.892
4,3132.1,0.342199,568.185
5,2544.14,0.465682,713.945
