Iteration,Cost,Cost reduction,time (ms)
0,66.0379,0.360683,152.053
1,55.1945,0.465659,258.31
2,52.1784,0.494858,368.422
3,17.7241,0.828412,481.254
4,17.4725,0.830847,598.08
5,15.4372,0.850551,716.131
