Iteration,Cost,Cost reduction,time (ms)
0,51.9906,0.417943,150.839
1,35.9827,0.597158,254.689
2,35.9827,0.597158,373.976
3,35.9827,0.597158,461.289
4,31.5217,0.647101,551.217
5,28.9497,0.675895,674.134
