Iteration,Cost,Cost reduction,time (ms)
0,123.088,0.296245,144.412
1,80.9728,0.537038,249.958
2,64.3447,0.63211,358.664
3,49.5855,0.716495,469.832
4,39.5094,0.774105,599.134
5,17.5586,0.899609,711.202
