Iteration,Cost,Cost reduction,time (ms)
0,122.46,0.306142,234.991
1,62.896,0.643631,473.971
2,10.9904,0.937729,708.535
3,10.0221,0.943215,945.082
4,3.96751,0.97752,1182.51
5,3.89247,0.977945,1423.13
