Iteration,Cost,Cost reduction,time (ms)
0,5807.65,0.00111445,137.615
1,5769.02,0.00775897,234.422
2,5718.95,0.0163699,337.232
3,5674.22,0.0240643,453.531
4,4244.99,0.269885,569.092
5,3426.82,0.410605,715.205
