Iteration,Cost,Cost reduction,time (ms)
0,5807.63,0.00111362,157.639
1,5768.99,0.00775898,258.025
2,5718.94,0.0163672,361.315
3,5431.12,0.0658714,476.857
4,3457.47,0.40533,591.213
5,3321.54,0.42871,703.285
