Iteration,Cost,Cost reduction,time (ms)
0,5342.51,0.00121068,177.814
1,5303.87,0.00843463,335.29
2,5254.04,0.0177519,503.825
3,4510.57,0.156743,694.433
4,2505.81,0.531537,912.044
5,2416.91,0.548155,1110.32
