Iteration,Cost,Cost reduction,time (ms)
0,92.4391,0.293975,173.715
1,66.2351,0.494114,300.732
2,57.4495,0.561216,425.372
3,46.808,0.642493,550.012
4,32.2185,0.753924,674.292
5,27.4247,0.790538,798.349
6,22.1798,0.830597,930.063
7,17.214,0.868524,1067.91
8,14.6329,0.888238,1207.81
9,14.6329,0.888238,1345.12
