Iteration,Cost,Cost reduction,time (ms)
0,4373.14,0.00147859,137.118
1,4334.5,0.0103001,236.258
2,4284.62,0.0216897,341.269
3,3666.87,0.16274,461.53
4,3104.45,0.291158,585.923
5,2728,0.377114,722.022
