Iteration,Cost,Cost reduction,time (ms)
0,24.7951,0.363996,586.265
1,20.9936,0.461507,1147.62
2,9.3497,0.760177,1686.42
3,7.20354,0.815227,2223.29
4,6.52804,0.832553,2757.82
5,6.52804,0.832553,3291.76
