Iteration,Cost,Cost reduction,time (ms)
0,31.7025,0.299051,102.485
1,20.3069,0.551009,175.589
2,19.5827,0.567022,251.819
3,19.5827,0.567022,328.914
4,19.3937,0.571199,384.852
5,18.6754,0.587082,466.283
