Iteration,Cost,Cost reduction,time (ms)
0,29.3815,0.374576,188.726
1,18.0225,0.616367,369.85
2,13.7522,0.707266,553.458
3,13.7522,0.707266,734.52
4,13.7522,0.707266,809.787
5,13.7522,0.707266,865.867
