Iteration,Cost,Cost reduction,time (ms)
0,4611.57,0.00140234,410.685
1,4572.93,0.00976969,806.215
2,4523.09,0.0205618,1202.01
3,4196.56,0.0912694,1706
4,2521.12,0.454072,2349.08
5,1931.77,0.58169,2952.93
