Iteration,Cost,Cost reduction,time (ms)
0,32.4666,0.287488,552.225
1,15.2681,0.664926,1158.59
2,14.5506,0.680673,1776.43
3,11.2312,0.75352,2381.07
4,6.12182,0.865651,2932.52
5,6.12182,0.865651,3488.81
