Iteration,Cost,Cost reduction,time (ms)
0,44.5774,0.408106,211.526
1,39.5496,0.474864,415.129
2,14.2781,0.810417,631.133
3,6.06494,0.91947,829.841
4,6.06494,0.91947,1036.4
5,5.86282,0.922154,1123.91
