Iteration,Cost,Cost reduction,time (ms)
0,4257.09,0.00151927,136.025
1,4218.46,0.0105804,231.34
2,4168.41,0.0223206,335.263
3,4156.75,0.0250538,451.478
4,3375.45,0.208305,561.721
5,2271.89,0.46714,751.676
