Iteration,Cost,Cost reduction,time (ms)
0,117.277,0.300479,584.716
1,89.9807,0.463294,1112.07
2,14.7033,0.9123,1630.61
3,12.9084,0.923006,2169.33
4,10.9244,0.934839,2702.54
5,10.9244,0.934839,3236.8
