Iteration,Cost,Cost reduction,time (ms)
0,16.2739,0.582682,184.793
1,14.9683,0.616163,495.895
2,14.9683,0.616163,802.9
3,14.9683,0.616163,1000.42
4,14.9683,0.616163,1196.23
5,14.9683,0.616163,1393.51
6,14.9683,0.616163,1589.89
