Iteration,Cost,Cost reduction,time (ms)
0,19.1997,0.650498,211.277
1,5.59925,0.898074,408.995
2,3.5048,0.9362,617.625
3,3.5048,0.9362,823.335
4,3.5048,0.9362,896.67
5,3.5048,0.9362,963.406
