Iteration,Cost,Cost reduction,time (ms)
0,34.3056,0.122886,537.21
1,20.0681,0.486905,1095.54
2,14.1211,0.638956,1662.75
3,6.81822,0.825674,2176.04
4,6.81822,0.825674,2695.77
5,6.81822,0.825674,2789.49
