Iteration,Cost,Cost reduction,time (ms)
0,26.845,0.320207,109.508
1,26.6981,0.323925,183.967
2,24.2892,0.384926,261.678
3,12.0841,0.693995,351.724
4,6.99948,0.822753,460.933
5,6.99948,0.822753,575.128
