Iteration,Cost,Cost reduction,time (ms)
0,92.7728,0.309548,210.713
1,67.6514,0.496511,411.529
2,54.8111,0.592074,620.708
3,33.2641,0.752435,837.394
4,17.4069,0.870451,1048.03
5,15.1288,0.887405,1256.18
