Iteration,Cost,Cost reduction,time (ms)
0,24.6727,0.437885,102.137
1,14.6823,0.665494,175.06
2,11.7141,0.733119,246.582
3,11.7141,0.733119,319.691
4,11.377,0.740798,370.756
5,11.377,0.740798,445.987
