Iteration,Cost,Cost reduction,time (ms)
0,4928.94,0.00132845,131.999
1,4891.08,0.00899948,228.669
2,4841.75,0.0189954,329.962
3,3937.99,0.202109,437.855
4,3473.75,0.296171,547.028
5,2833.98,0.425796,660.077
