Iteration,Cost,Cost reduction,time (ms)
0,5355.26,0.00122309,131.527
1,5317.4,0.00828408,228.736
2,5268.06,0.0174862,330.211
3,4300.95,0.197857,437.405
4,3079.83,0.425601,546.221
5,2624.37,0.510545,650.813
