Iteration,Cost,Cost reduction,time (ms)
0,30.3566,0.314822,572.098
1,18.0413,0.592791,1167.85
2,14.1902,0.679712,1789.18
3,9.65319,0.782118,2363.87
4,9.65319,0.782118,2935.63
5,9.65319,0.782118,3026.94
