Iteration,Cost,Cost reduction,time (ms)
0,116.255,0.330015,531.852
1,87.9918,0.492898,1086.96
2,82.8423,0.522575,1634.94
3,76.0613,0.561654,2190.61
4,69.2152,0.601109,2768.05
5,69.2152,0.601109,3334.25
