Iteration,Cost,Cost reduction,time (ms)
0,27.6283,0.324313,191.687
1,19.1181,0.532441,379.515
2,17.0816,0.582248,556.545
3,17.0091,0.58402,724.61
4,16.3015,0.601325,898.217
5,13.8412,0.661495,1071
