Iteration,Cost,Cost reduction,time (ms)
0,29.2193,0.383364,107.528
1,19.5332,0.587776,184.222
2,19.5332,0.587776,260.065
3,19.5332,0.587776,310.783
4,19.5332,0.587776,361.94
5,19.5315,0.587813,414.833
