Iteration,Cost,Cost reduction,time (ms)
0,72.8396,0.41116,209.99
1,56.8117,0.54073,416.494
2,35.8006,0.710586,628.253
3,19.3512,0.843563,846.916
4,8.94113,0.927719,1047.89
5,7.38677,0.940285,1247.42
