Iteration,Cost,Cost reduction,time (ms)
0,34.3839,0.243622,110.267
1,33.4913,0.263259,188.148
2,31.6675,0.303378,270.471
3,26.8347,0.40969,357.691
4,20.9303,0.539575,441.917
5,8.31917,0.816995,537.129
