Iteration,Cost,Cost reduction,time (ms)
0,26.9609,0.333493,110.359
1,13.5585,0.664817,191.859
2,10.5801,0.738445,286.247
3,10.5801,0.738445,378.906
4,10.5478,0.739244,435.921
5,8.873,0.780648,532.456
