Iteration,Cost,Cost reduction,time (ms)
0,33.2373,0,82.166
1,33.2373,0,148.504
2,33.2373,0,198.169
3,33.2373,0,237.823
4,33.2373,0,278.117
5,33.2373,0,313.002
6,32.3104,0.0278869,346.011
7,30.01,0.0970976,389.494
8,26.6417,0.198439,787.229
9,26.6417,0.198439,1181.55
