Iteration,Cost,Cost reduction,time (ms)
0,132.919,0.248048,158.333
1,53.7094,0.696154,274.344
2,26.0151,0.852827,395.745
3,14.7166,0.916745,521.468
4,10.3954,0.941191,644.469
5,5.08976,0.971206,772.826
