Iteration,Cost,Cost reduction,time (ms)
0,5820.01,0.00111197,137.172
1,5781.38,0.00774243,235.725
2,5731.48,0.0163057,340.975
3,5011.77,0.139829,462.349
4,3116.63,0.465092,586.477
5,2062.51,0.646011,734.655
