Iteration,Cost,Cost reduction,time (ms)
0,3.89901,0.74368,6.996
1,1.53489,0.899097,11.645
2,1.24074,0.918434,16.1
3,1.06617,0.929911,20.129
4,1.04417,0.931357,24.287
5,0.979745,0.935592,28.455
6,0.930196,0.938849,32.286
7,0.837863,0.944919,36.807
8,0.727363,0.952183,40.873
9,0.647052,0.957463,45.15
