Iteration,Cost,Cost reduction,time (ms)
0,5107.87,0.00128214,132.584
1,5070.01,0.00868472,229.144
2,5020.67,0.0183321,330.618
3,4083.19,0.201634,439.423
4,3214.43,0.371498,548.822
5,3214.43,0.371498,654.222
