Iteration,Cost,Cost reduction,time (ms)
0,20.4276,0.805977,158.296
1,19.1154,0.818441,267.989
2,19.1154,0.818441,391.588
3,12.5129,0.881152,473.431
4,10.2067,0.903056,612.207
5,10.2067,0.903056,753.997
