Iteration,Cost,Cost reduction,time (ms)
0,5468.91,0.00118327,137.74
1,5430.28,0.00823889,235.967
2,5380.39,0.0173513,341.41
3,4679.34,0.145387,462.645
4,2830.64,0.483025,587.229
5,1937.74,0.6461,738.506
