Iteration,Cost,Cost reduction,time (ms)
0,131.849,0.232137,151.39
1,73.4912,0.572003,261.397
2,22.4852,0.869051,528.512
3,20.4069,0.881155,787.621
4,20.4069,0.881155,1051.65
5,20.4069,0.881155,1133.36
