Iteration,Cost,Cost reduction,time (ms)
0,22.805,0.42338,103.52
1,15.1777,0.616234,173.56
2,15.1777,0.616234,244.969
3,15.0668,0.619039,294.957
4,15.0668,0.619039,368.975
5,15.0668,0.619039,418.708
