Iteration,Cost,Cost reduction,time (ms)
0,36.141,0.438456,225.048
1,28.6925,0.554187,428.133
2,11.3933,0.822976,646.728
3,8.48755,0.868124,860.043
4,7.48748,0.883663,1074.92
5,5.42671,0.915682,1288.85
