Iteration,Cost,Cost reduction,time (ms)
0,36.903,0.297261,573.028
1,22.0188,0.580699,1143.67
2,12.1752,0.768148,1693.11
3,7.71853,0.853017,2236.19
4,4.53782,0.913587,2783.55
5,3.32787,0.936628,3345.91
6,3.19963,0.93907,3890.9
7,3.19963,0.93907,4448.74
