Iteration,Cost,Cost reduction,time (ms)
0,5627.49,0.0011495,183.33
1,5588.85,0.00800803,343.727
2,5539.01,0.0168542,513.865
3,4830.32,0.142643,704.303
4,3284.85,0.416956,919.568
5,2653.69,0.528984,1116.93
