Iteration,Cost,Cost reduction,time (ms)
0,76.5702,0.377124,144.239
1,46.218,0.62403,248.129
2,34.4993,0.719358,354.53
3,27.4966,0.776323,467.738
4,10.4672,0.914852,583.841
5,6.37627,0.948131,698.85
