Iteration,Cost,Cost reduction,time (ms)
0,5676.13,0.00113972,157.11
1,5637.5,0.00793865,257.706
2,5587.44,0.0167472,361.422
3,4802.78,0.154828,478.427
4,3944.94,0.305787,597.642
5,3779.38,0.334922,773.702
