Iteration,Cost,Cost reduction,time (ms)
0,25.0093,0.382326,107.858
1,15.8475,0.608602,181.988
2,8.22717,0.796807,260.797
3,6.41919,0.84146,340.987
4,4.90721,0.878803,430.087
5,4.90721,0.878803,519.096
