Iteration,Cost,Cost reduction,time (ms)
0,5041.41,0.00128275,413.549
1,5002.77,0.00893766,811.108
2,4952.93,0.0188098,1206.31
3,4937.32,0.0219033,1709.49
4,3492.64,0.308097,2200.67
5,1966.99,0.610334,3092.96
