Iteration,Cost,Cost reduction,time (ms)
0,33.2684,0.289252,123.933
1,28.3893,0.393489,206.51
2,25.7256,0.450398,289.931
3,25.7256,0.450398,372.392
4,23.9805,0.487679,427.726
5,23.9805,0.487679,513.715
