Iteration,Cost,Cost reduction,time (ms)
0,119.204,0.027139,15.464
1,118.909,0.0295429,26.314
2,106.16,0.133591,39.01
3,101.007,0.175649,50.394
4,101.007,0.175649,60.268
