Iteration,Cost,Cost reduction,time (ms)
0,5196.74,0.00124482,144.795
1,5158.1,0.00867026,245.364
2,5108.04,0.0182912,349.165
3,5086.95,0.0223452,464.84
4,4120.73,0.208041,581.158
5,2655.52,0.489638,731.96
