Iteration,Cost,Cost reduction,time (ms)
0,4179.68,0.00154765,132.834
1,4141.05,0.0107762,230.426
2,4091.16,0.0226948,335.587
3,4045.1,0.0336984,458.859
4,3014.91,0.279793,582.949
5,1698.27,0.594313,717.35
