Iteration,Cost,Cost reduction,time (ms)
0,4615.77,0.00140116,413.426
1,4577.13,0.00976086,806.609
2,4527.29,0.0205436,1201.42
3,3893.53,0.157656,1700
4,1468.51,0.682295,2331.17
5,1296.63,0.719481,2863.82
