Iteration,Cost,Cost reduction,time (ms)
0,5041.4,0.00128286,140.752
1,5002.76,0.00893652,239.996
2,4952.71,0.0188516,343.553
3,4732.09,0.0625566,458.129
4,3841.73,0.238941,574.511
5,3054.44,0.394906,745.877
