Iteration,Cost,Cost reduction,time (ms)
0,40.991,0.0350871,112.414
1,9.53148,0.775633,194.828
2,5.75037,0.864638,283.53
3,5.72784,0.865169,382.806
4,5.72784,0.865169,479.108
5,5.72784,0.865169,531.804
