Iteration,Cost,Cost reduction,time (ms)
0,43.5214,0.0622349,543.634
1,23.413,0.495516,1128.17
2,19.5373,0.579026,1674.3
3,19.2065,0.586154,2219.28
4,18.1863,0.608137,2762.05
5,14.5052,0.687454,3299.04
