Iteration,Cost,Cost reduction,time (ms)
0,114.482,0.0670527,139.818
1,38.7417,0.684284,239.111
2,23.7916,0.806116,349.191
3,23.7916,0.806116,461.268
4,23.7916,0.806116,544.334
5,23.7916,0.806116,624.965
