Iteration,Cost,Cost reduction,time (ms)
0,26.8891,0.340645,119.293
1,14.7831,0.6375,199.187
2,11.7545,0.711764,286.516
3,11.7545,0.711764,374.056
4,11.7379,0.712172,428.304
5,11.2037,0.725271,518.223
