Iteration,Cost,Cost reduction,time (ms)
0,25.0625,0.37961,104.762
1,16.074,0.602108,176.186
2,16.074,0.602108,245.526
3,16.0286,0.603231,294.951
4,16.0286,0.603231,369.447
5,16.0286,0.603231,420.461
