Iteration,Cost,Cost reduction,time (ms)
0,77.9115,0.150006,156.816
1,15.72,0.828499,268.937
2,6.98802,0.923763,385.451
3,5.18697,0.943412,506.587
4,4.89237,0.946626,634.746
5,4.89237,0.946626,755.571
