Iteration,Cost,Cost reduction,time (ms)
0,85.3525,0.331472,146.496
1,31.3926,0.754116,249.631
2,31.3926,0.754116,360.189
3,31.3926,0.754116,434.705
4,31.3926,0.754116,510.059
5,31.2807,0.754992,587.72
