Iteration,Cost,Cost reduction,time (ms)
0,29.8631,0.423369,225.844
1,14.8107,0.714019,438.3
2,11.6026,0.775964,639.419
3,10.7229,0.79295,838.136
4,10.4714,0.797807,1037.71
5,10.4714,0.797807,1234.99
