Iteration,Cost,Cost reduction,time (ms)
0,27.9315,0.380679,148.224
1,27.9315,0.380679,217.906
2,27.9315,0.380679,262.95
3,27.9315,0.380679,307.611
4,27.9315,0.380679,352.198
5,27.9315,0.380679,400.263
