Iteration,Cost,Cost reduction,time (ms)
0,46.2698,0.104178,516.267
1,40.5084,0.215724,1030.05
2,15.435,0.701166,1486.11
3,15.435,0.701166,1929.87
4,15.435,0.701166,2016.77
5,12.7353,0.753434,2073.83
