Iteration,Cost,Cost reduction,time (ms)
0,4639.58,0.00139417,414.803
1,4600.94,0.00971098,811.021
2,4551.09,0.0204394,1206.99
3,4404.15,0.0520675,1707.87
4,3459.66,0.255355,2254.23
5,2305.43,0.503788,2760.63
