Iteration,Cost,Cost reduction,time (ms)
0,5488.61,0.00117846,413.317
1,5449.97,0.00821036,809.797
2,5400.13,0.0172797,1205.62
3,5328.28,0.0303544,1707.78
4,2966.16,0.460215,2200.82
5,1933.74,0.648096,2999.15
