Iteration,Cost,Cost reduction,time (ms)
0,28.5507,0.462761,149.556
1,15.3697,0.710788,258.409
2,2.33166,0.956125,381.928
3,1.13985,0.978551,520.67
4,1.06118,0.980032,655.895
5,1.05395,0.980168,792.516
