Iteration,Cost,Cost reduction,time (ms)
0,50.6794,0.30342,145.049
1,36.3812,0.499947,251.429
2,29.9469,0.588384,359.129
3,15.5082,0.786843,483.803
4,11.0164,0.848582,602.314
5,11.0164,0.848582,722.433
