Iteration,Cost,Cost reduction,time (ms)
0,46.5584,0.23146,149.782
1,10.4497,0.827508,260.588
2,1.79116,0.970433,378.438
3,1.3107,0.978364,498.258
4,0.792483,0.986918,619.762
5,0.792483,0.986918,738.828
