Iteration,Cost,Cost reduction,time (ms)
0,74.4061,0.381218,213.732
1,44.1289,0.633012,416.204
2,43.5326,0.63797,623.31
3,31.7363,0.736072,829.13
4,15.8683,0.868035,1032.5
5,8.55693,0.928838,1235.38
