Iteration,Cost,Cost reduction,time (ms)
0,44.5168,0.265162,150.979
1,13.7388,0.773214,258.498
2,5.92035,0.902273,366.615
3,5.21011,0.913997,481.338
4,1.93909,0.967991,596.007
5,1.92855,0.968165,711.59
