Iteration,Cost,Cost reduction,time (ms)
0,4960.58,0.00130404,178.691
1,4921.94,0.00908337,336.152
2,4872.1,0.0191182,504.589
3,4212.1,0.151993,694.692
4,1490.07,0.70001,904.567
5,1263.54,0.745617,1102.83
