Iteration,Cost,Cost reduction,time (ms)
0,4373.16,0.00147875,178.821
1,4334.52,0.0103016,336.927
2,4284.68,0.0216815,506.079
3,3636.51,0.169677,696.882
4,1655.98,0.62189,911.526
5,1614,0.631476,1109.44
