Iteration,Cost,Cost reduction,time (ms)
0,38.459,0.131109,103.178
1,38.459,0.131109,167.939
2,34.2976,0.225127,214.552
3,34.2976,0.225127,282.415
4,34.2976,0.225127,329.281
5,34.2976,0.225127,377.313
