Iteration,Cost,Cost reduction,time (ms)
0,25.6924,0.422922,182.198
1,13.5481,0.695695,351.203
2,13.5481,0.695695,509.731
3,13.5481,0.695695,572.558
4,13.5481,0.695695,617.173
5,13.5481,0.695695,662.264
