Iteration,Cost,Cost reduction,time (ms)
0,18.2844,0.566682,110.47
1,11.7657,0.721166,181.121
2,11.2698,0.732921,263.071
3,9.11457,0.783996,337.876
4,7.16068,0.830301,413.012
5,7.16068,0.830301,486.997
