Iteration,Cost,Cost reduction,time (ms)
0,26.3101,0.358696,107.308
1,19.436,0.52625,185.361
2,14.1659,0.654709,265.28
3,12.4817,0.695761,344.723
4,11.2213,0.726482,438.776
5,8.49005,0.793056,536.216
