Iteration,Cost,Cost reduction,time (ms)
0,53.6974,0.267297,224.064
1,24.9795,0.659154,439.633
2,21.2156,0.710513,653.83
3,11.634,0.841254,875.858
4,9.32376,0.872777,1098.52
5,7.40169,0.899004,1333.29
