Iteration,Cost,Cost reduction,time (ms)
0,29.7177,0.32737,199.064
1,16.517,0.626154,396.274
2,9.32297,0.788984,593.465
3,4.60014,0.89588,791.969
4,3.39484,0.923161,984.563
5,3.39484,0.923161,1177.69
