Iteration,Cost,Cost reduction,time (ms)
0,42.7751,0.133193,98.839
1,42.7751,0.133193,164.731
2,42.7751,0.133193,208.542
3,42.7751,0.133193,252.801
4,42.7751,0.133193,298.978
5,42.7751,0.133193,345.014
