Iteration,Cost,Cost reduction,time (ms)
0,5666.04,0.00114218,133.674
1,5627.4,0.00795261,230.912
2,5577.34,0.0167781,334.966
3,5550.78,0.0214612,452.726
4,3914.01,0.310004,568.006
5,2683.86,0.526866,715.676
