Iteration,Cost,Cost reduction,time (ms)
0,4842.92,0.0013354,160.729
1,4804.29,0.00930224,262.058
2,4754.24,0.0196232,366.551
3,4540.73,0.0636519,480.522
4,3598.77,0.257893,599.305
5,2915.84,0.398722,788.938
