Iteration,Cost,Cost reduction,time (ms)
0,25.3411,0.397146,103.737
1,17.3417,0.587448,177.762
2,7.54497,0.820509,252.8
3,7.10937,0.830872,328.886
4,5.93076,0.85891,406.224
5,5.90392,0.859549,484.605
