Iteration,Cost,Cost reduction,time (ms)
0,4378.56,0.00147769,149.302
1,4339.93,0.0102877,248.864
2,4290.03,0.0216669,354.213
3,4234.5,0.0343305,474.642
4,2293.18,0.477045,601.717
5,2293.18,0.477045,835.13
