Iteration,Cost,Cost reduction,time (ms)
0,4872.95,0.00132759,134.495
1,4834.32,0.00924504,232.073
2,4784.26,0.0195038,334.642
3,4756.55,0.0251826,451.02
4,3427.1,0.297644,565.899
5,3427.1,0.297644,711.22
