Iteration,Cost,Cost reduction,time (ms)
0,116.172,0.316338,561.541
1,87.9684,0.482313,1150.61
2,81.6318,0.519604,1704.6
3,73.9185,0.564996,2257.42
4,73.9185,0.564996,2778.23
5,60.644,0.643115,2865.24
