Iteration,Cost,Cost reduction,time (ms)
0,4333.08,0.00149225,153.538
1,4294.45,0.0103956,254.26
2,4244.39,0.0219296,359.859
3,4107.71,0.0534264,476.338
4,2402.68,0.44633,588.623
5,1996.93,0.539831,700.956
