Iteration,Cost,Cost reduction,time (ms)
0,29.4762,0.348073,107.253
1,19.2111,0.575106,183.454
2,14.0855,0.688469,260.036
3,14.0855,0.688469,347.733
4,14.0855,0.688469,398.759
5,14.0855,0.688469,448.978
