Iteration,Cost,Cost reduction,time (ms)
0,30.3296,0.307436,183.842
1,23.5448,0.462364,348.892
2,23.5448,0.462364,511.685
3,8.84376,0.798057,576.251
4,8.84376,0.798057,729.349
5,8.76348,0.79989,791.872
