Iteration,Cost,Cost reduction,time (ms)
0,4463.37,0.00144906,137.633
1,4424.74,0.0100921,236.035
2,4374.85,0.0212524,340.565
3,4354.28,0.0258556,459.968
4,3556.45,0.204346,590.632
5,1857.75,0.584382,788.923
