Iteration,Cost,Cost reduction,time (ms)
0,102.623,0.311408,147.898
1,98.0072,0.34238,258.296
2,74.9319,0.497214,371.81
3,12.1648,0.918375,491.871
4,7.37542,0.950512,623.056
5,7.37542,0.950512,761.609
