Iteration,Cost,Cost reduction,time (ms)
0,31.8259,0.205879,606.833
1,16.7115,0.583014,1217.68
2,11.8078,0.705371,1733.51
3,9.41918,0.764973,2250.38
4,4.86332,0.87865,2769.36
5,4.86332,0.87865,3236.09
