Iteration,Cost,Cost reduction,time (ms)
0,5793.67,0.00111671,411.837
1,5755.03,0.00777869,807.964
2,5705.19,0.016372,1204.46
3,5507.28,0.0504934,1707.69
4,4632.16,0.201372,2244.38
5,2722.28,0.530654,2821.75
