Iteration,Cost,Cost reduction,time (ms)
0,4960.55,0.00130351,177.894
1,4921.91,0.00908306,335.081
2,4872.08,0.0191154,503.536
3,4508.42,0.0923297,693.226
4,4062.34,0.182139,897.553
5,2921.64,0.411794,1099.84
