Iteration,Cost,Cost reduction,time (ms)
0,31.2666,0.312387,593.635
1,21.9895,0.516409,1195.92
2,21.9895,0.516409,1755.62
3,20.0182,0.559761,1825.41
4,17.5292,0.6145,2349.36
5,12.9469,0.715273,2867.19
