Iteration,Cost,Cost reduction,time (ms)
0,33.6919,0.267345,586.608
1,25.3704,0.448302,1181.06
2,25.3704,0.448302,1699.09
3,24.1841,0.474099,1792.33
4,22.7058,0.506245,2292.16
5,19.7975,0.569489,2811.38
