Iteration,Cost,Cost reduction,time (ms)
0,103.923,0.184355,516.996
1,70.0259,0.450396,1049.44
2,37.8503,0.702929,1609.37
3,28.01,0.780161,2160.12
4,28.01,0.780161,2726.91
5,27.5732,0.783589,2821.88
