Iteration,Cost,Cost reduction,time (ms)
0,99.1963,0.193067,521.952
1,25.5545,0.792122,1049.36
2,22.4121,0.817684,1622.76
3,9.74292,0.920744,2188.44
4,9.74292,0.920744,2754.49
5,9.74292,0.920744,2846.04
