Iteration,Cost,Cost reduction,time (ms)
0,120.577,0,147.406
1,68.3633,0.433031,228.449
2,66.923,0.444977,417.146
3,35.5992,0.704759,618.381
4,35.5992,0.704759,821.736
