Iteration,Cost,Cost reduction,time (ms)
0,53.2153,0.404101,573.849
1,35.7078,0.600147,1122.76
2,34.7907,0.610417,1656.7
3,32.8967,0.631626,2189.56
4,32.8967,0.631626,2720.4
5,32.8967,0.631626,2808.53
