Iteration,Cost,Cost reduction,time (ms)
0,128.745,0.281798,556.987
1,96.0156,0.464378,1128.5
2,49.8893,0.721693,1709.45
3,49.8893,0.721693,2266.59
4,49.8893,0.721693,2361.48
5,49.8893,0.721693,2438.85
