Iteration,Cost,Cost reduction,time (ms)
0,35.62,0.20517,173.635
1,15.1622,0.661668,349.713
2,13.8787,0.690309,524.503
3,6.17214,0.862274,701.431
4,5.58263,0.875428,876.362
5,5.18389,0.884326,1049.95
