Iteration,Cost,Cost reduction,time (ms)
0,135.639,0.236303,155.851
1,97.1666,0.452915,276.965
2,29.2473,0.835326,401.8
3,4.61185,0.974034,533.243
4,4.61185,0.974034,657.771
5,4.61185,0.974034,732.946
