Iteration,Cost,Cost reduction,time (ms)
0,92.6362,0.298978,172.974
1,69.5671,0.473553,306.244
2,35.0394,0.73484,448.861
3,26.6892,0.79803,587.569
4,6.21034,0.953003,733.874
5,4.39725,0.966724,894.015
6,4.39725,0.966724,1066.97
