Iteration,Cost,Cost reduction,time (ms)
0,4510,0.0014338,413.466
1,4471.36,0.00998934,811.269
2,4421.52,0.0210238,1207.88
3,4354.44,0.0358777,1709.06
4,2556.94,0.433865,2199.61
5,1995.58,0.558156,2928.98
