Iteration,Cost,Cost reduction,time (ms)
0,37.9777,0.401199,150.534
1,30.7369,0.515365,252.694
2,30.6184,0.517235,365.022
3,30.6184,0.517235,479.153
4,29.9994,0.526994,553.438
5,29.9638,0.527556,665.67
