Iteration,Cost,Cost reduction,time (ms)
0,30.2747,0.303412,591.115
1,26.4314,0.391843,1114.58
2,16.5728,0.618678,1631.28
3,16.3359,0.624128,2135.14
4,12.5755,0.710651,2640.53
5,11.3616,0.738581,3150.21
