Iteration,Cost,Cost reduction,time (ms)
0,39.27,0.449785,144.503
1,29.6251,0.584921,252.047
2,15.8224,0.778311,359.751
3,14.3277,0.799253,468.049
4,13.7835,0.806879,579.228
5,10.0624,0.859015,689.554
6,3.51487,0.950753,802.899
7,2.98405,0.95819,919.516
8,2.53691,0.964455,1032.37
9,2.53691,0.964455,1146.66
