Iteration,Cost,Cost reduction,time (ms)
0,5733.84,0.00112802,413.309
1,5695.2,0.00785954,812.064
2,5645.37,0.0165409,1208.55
3,5629.73,0.0192652,1713.49
4,3984.94,0.305798,2204.28
5,2501.82,0.564167,3124.42
