Iteration,Cost,Cost reduction,time (ms)
0,26.3784,0.331681,110.151
1,19.1147,0.515715,186.635
2,13.4165,0.660082,262.896
3,10.9665,0.722155,350.229
4,5.9527,0.849184,451.027
5,5.9527,0.849184,559.854
