Iteration,Cost,Cost reduction,time (ms)
0,38.8015,0.435077,143.604
1,16.5164,0.759532,254.81
2,8.42667,0.877313,369.741
3,7.38261,0.892514,491.128
4,7.38261,0.892514,613.541
5,7.21368,0.894974,700.97
