Iteration,Cost,Cost reduction,time (ms)
0,5366.45,0.00122057,131.898
1,5328.59,0.00826685,228.528
2,5279.25,0.0174498,330.317
3,4311.48,0.197566,439.327
4,1820.42,0.661191,547.964
5,1785.73,0.667648,654.969
