Iteration,Cost,Cost reduction,time (ms)
0,112.211,0.331613,144.2
1,17.5344,0.895556,246.578
2,14.4525,0.913913,355.567
3,13.1001,0.921969,474.158
4,13.1001,0.921969,585.036
5,10.9486,0.934784,662.755
