Iteration,Cost,Cost reduction,time (ms)
0,26.37,0.323613,591.052
1,22.3885,0.42574,1191.09
2,17.4345,0.552809,1741.08
3,10.5368,0.729733,2282.39
4,6.86124,0.82401,2859.09
5,6.86124,0.82401,3439.46
