Iteration,Cost,Cost reduction,time (ms)
0,55.645,0.141037,138.257
1,55.645,0.141037,241.78
2,30.7978,0.524591,316.558
3,26.0984,0.597133,436.279
4,8.30336,0.871825,556.451
5,8.30336,0.871825,680.48
