Iteration,Cost,Cost reduction,time (ms)
0,19.8932,0.771808,17.116
1,15.0145,0.82777,26.578
2,9.30557,0.893257,37.557
3,8.32328,0.904525,47.564
4,8.32328,0.904525,58.236
