Iteration,Cost,Cost reduction,time (ms)
0,43.2912,0.548182,96.814
1,18.1481,0.810593,161.871
2,18.1481,0.810593,547.862
3,18.1481,0.810593,928.091
4,18.1481,0.810593,1307.22
5,17.2707,0.819751,1686.31
6,12.1033,0.873681,1723.23
7,12.1033,0.873681,1761.81
