Iteration,Cost,Cost reduction,time (ms)
0,25.3152,0.453041,172.859
1,16.7338,0.638451,330.955
2,15.4103,0.667046,489.839
3,15.4103,0.667046,649.428
4,14.2232,0.692694,714.607
5,13.6159,0.705816,869.766
