Iteration,Cost,Cost reduction,time (ms)
0,5.5032314368464235,0.0,30.7462215423584
1,5.162049257501851,0.061996698350757384,176.32222175598145
2,4.546991080705244,0.17375979315330137,670.9487438201904
3,4.189372142646016,0.23874323827334842,2396.483898162842
4,4.060430083711118,0.26217348292407805,3663.0280017852783
5,4.010234583831881,0.2712945784940658,5189.0857219696045
6,4.010234583831881,0.2712945784940658,7396.700143814087
