Iteration,Cost,Cost reduction,time (ms)
0,7.57635,0.531402,10.573
1,7.57635,0.531402,26.095
2,2.09379,0.870498,40.091
3,2.09379,0.870498,55.248
4,2.09379,0.870498,66.653
5,1.34103,0.917057,74.764
6,1.16201,0.92813,84.237
7,0.746636,0.95382,93.101
8,0.746636,0.95382,104.119
