Iteration,Cost,Cost reduction,time (ms)
0,85.6933,0.404665,18.398
1,74.3292,0.483614,32.92
2,74.3292,0.483614,40.974
3,74.3292,0.483614,51.055
4,74.3292,0.483614,56.397
5,74.3292,0.483614,61.182
6,74.3292,0.483614,70.077
