Iteration,Cost,Cost reduction,time (ms)
0,135.003,0.260906,141.268
1,121.162,0.33668,243.706
2,103.329,0.434306,355.376
3,92.9413,0.491178,469.891
4,18.8124,0.897009,586.621
5,18.7553,0.897321,695.803
