Iteration,Cost,Cost reduction,time (ms)
0,33.2946,0.386928,579.215
1,24.1015,0.556206,1113.84
2,5.81169,0.892986,1668
3,3.73812,0.931168,2234.17
4,3.73812,0.931168,2801.33
5,3.41677,0.937085,2897.05
