Iteration,Cost,Cost reduction,time (ms)
0,35.3965,0.746697,30.302
1,12.6815,0.909249,50.173
2,7.62051,0.945466,70.697
3,6.548,0.953141,91.807
4,5.54971,0.960285,113.19
5,5.54971,0.960285,133.961
