Iteration,Cost,Cost reduction,time (ms)
0,28.3609,0.321264,99.948
1,19.9275,0.523093,173.681
2,17.4389,0.582651,244.467
3,17.4389,0.582651,314.231
4,17.3166,0.585578,364.901
