Iteration,Cost,Cost reduction,time (ms)
0,29.9655,0.325248,553.219
1,15.9056,0.641844,1121.69
2,11.2255,0.747229,1784.05
3,8.24801,0.814274,2363.08
4,8.24801,0.814274,2922.63
5,7.14282,0.839161,3015.62
