Iteration,Cost,Cost reduction,time (ms)
0,88.7978,0.294699,149.6
1,88.7978,0.294699,249.945
2,88.7978,0.294699,320.619
3,88.7978,0.294699,394.273
4,88.7978,0.294699,468.511
5,88.7978,0.294699,543.44
