Iteration,Cost,Cost reduction,time (ms)
0,22.2352,0.423416,182.028
1,22.2352,0.423416,338.555
2,22.2352,0.423416,396.606
3,22.2066,0.424159,447.58
4,12.6889,0.670964,605.391
5,10.1703,0.736274,771.493
