Iteration,Cost,Cost reduction,time (ms)
0,4953.18,0.00130622,136.168
1,4914.55,0.00909555,236.731
2,4864.66,0.0191551,340.901
3,4165.26,0.160173,461.219
4,2624.59,0.470813,584.079
5,1462.36,0.705149,735.678
