Iteration,Cost,Cost reduction,time (ms)
0,81.9034,0,141.266
1,25.1448,0.692994,226.983
2,24.5141,0.700695,351.469
3,22.7165,0.722643,478.199
4,5.10466,0.937675,606.062
5,5.07394,0.93805,734.117
