Iteration,Cost,Cost reduction,time (ms)
0,33.2016,0.28605,105.794
1,19.3418,0.584083,180.148
2,19.3418,0.584083,253.081
3,19.3418,0.584083,304.356
4,19.3418,0.584083,355.745
5,19.3418,0.584083,408.436
