Iteration,Cost,Cost reduction,time (ms)
0,28.5305,0.216653,101.146
1,12.8354,0.647585,174.265
2,12.8354,0.647585,243.958
3,11.7347,0.677806,294.805
4,11.7347,0.677806,371.6
5,11.7347,0.677806,424.818
