Iteration,Cost,Cost reduction,time (ms)
0,4336.02,0.00149487,140.719
1,4297.41,0.0103862,238.857
2,4247.49,0.0218819,343.326
3,4223.46,0.0274137,467.487
4,2318.39,0.466117,601.898
5,1972.7,0.545722,771.639
