Iteration,Cost,Cost reduction,time (ms)
0,5343.03,0.00122556,126.487
1,5305.17,0.00830284,217.89
2,5255.83,0.0175253,309.52
3,4310.77,0.194186,404.653
4,3888.12,0.273192,501.64
5,3260.33,0.390545,601.111
6,3260.33,0.390545,697.341
