Iteration,Cost,Cost reduction,time (ms)
0,23.0943,0.522168,125.938
1,12.9067,0.732955,192.326
2,12.8761,0.733587,264.025
3,12.8761,0.733587,334.826
4,12.8761,0.733587,378.444
5,12.8761,0.733587,421.952
6,12.8761,0.733587,465.122
