Iteration,Cost,Cost reduction,time (ms)
0,5335.54,0.00121261,143.672
1,5296.91,0.00844474,242.715
2,5246.85,0.0178157,345.673
3,4997.1,0.0645667,463.827
4,3678.64,0.311377,582.06
5,2530.34,0.526332,775.591
