Iteration,Cost,Cost reduction,time (ms)
0,5697.86,0.00113513,180.154
1,5659.22,0.00790911,338.339
2,5609.39,0.0166452,505.972
3,5550.13,0.027033,698.646
4,3853.9,0.324392,897.926
5,2746.59,0.518508,1103.23
