Iteration,Cost,Cost reduction,time (ms)
0,25.6059,0.370987,106.656
1,15.3828,0.622119,181.711
2,9.33437,0.770699,262.934
3,6.18937,0.847957,357.687
4,6.04016,0.851622,461.297
5,5.08676,0.875043,560.631
