Iteration,Cost,Cost reduction,time (ms)
0,108.49,0,389.769
1,87.2939,0.195374,775.977
2,46.7145,0.569412,828.418
3,38.0442,0.649329,896.768
4,38.0442,0.649329,1278.98
5,36.8325,0.660498,1656.81
6,31.6654,0.708126,1694.44
7,31.6654,0.708126,1735.94
