Iteration,Cost,Cost reduction,time (ms)
0,5519.21,0.0011721,133.318
1,5480.58,0.00816363,228.731
2,5430.69,0.0171913,331.595
3,5412.39,0.0205034,451.825
4,4633.22,0.161512,583.258
5,4044.82,0.267997,723.892
