Iteration,Cost,Cost reduction,time (ms)
0,83.391,0.205286,605.518
1,39.5051,0.623518,1201.86
2,28.1327,0.731896,1746.78
3,18.6003,0.82274,2266.6
4,18.6003,0.82274,2783.33
5,18.6003,0.82274,2874.41
