Iteration,Cost,Cost reduction,time (ms)
0,69.3233,0.382555,578.246
1,46.9005,0.582269,1160.87
2,38.5376,0.656755,1713.41
3,13.4578,0.880135,2264.66
4,13.4578,0.880135,2848.41
5,11.7454,0.895387,2934.67
