Iteration,Cost,Cost reduction,time (ms)
0,26.9233,0.391266,183.69
1,17.4089,0.606385,349.505
2,13.0049,0.70596,516.011
3,11.9728,0.729295,680.631
4,11.9728,0.729295,841.565
5,9.18477,0.792333,907.316
