Iteration,Cost,Cost reduction,time (ms)
0,31.4834,0.262656,554.81
1,24.8444,0.418143,1126.77
2,5.5274,0.870548,1698.6
3,4.01422,0.905987,2259.12
4,4.01422,0.905987,2813.57
5,3.63353,0.914903,2906.24
