Iteration,Cost,Cost reduction,time (ms)
0,82.9621,0.198448,590.74
1,16.581,0.8398,1180.06
2,6.65468,0.935705,1775.7
3,5.81682,0.9438,2374.45
4,5.54884,0.946389,3001.6
5,4.44452,0.957059,3582.15
