Iteration,Cost,Cost reduction,time (ms)
0,4196.66,0.00154106,135.479
1,4158.03,0.0107325,233.735
2,4108.15,0.0226012,338.917
3,3962.19,0.0573276,460.761
4,2240.19,0.467019,584.41
5,1396.59,0.667728,724.67
