Iteration,Cost,Cost reduction,time (ms)
0,234.961,0.836945,6.733
1,115.979,0.919515,11.293
2,85.9998,0.940319,15.657
3,74.5536,0.948263,19.759
4,74.5536,0.948263,23.603
