Iteration,Cost,Cost reduction,time (ms)
0,15.479,0.881775,172.134
1,15.479,0.881775,282.832
2,15.479,0.881775,349.548
3,15.479,0.881775,415.889
4,15.479,0.881775,482.174
5,15.479,0.881775,548.587
6,15.479,0.881775,614.883
