Iteration,Cost,Cost reduction,time (ms)
0,4284.91,0.00150912,412.522
1,4246.27,0.0105134,809.944
2,4196.43,0.0221271,1206.83
3,4104.35,0.0435829,1707.93
4,2426.3,0.434611,2207.48
5,2231.8,0.479934,2958.38
