Iteration,Cost,Cost reduction,time (ms)
0,30.4215,0.0386501,12.818
1,29.3396,0.0728373,22.229
2,22.6087,0.285542,34.385
3,19.0545,0.397858,47.21
4,19.0545,0.397858,59.648
