Iteration,Cost,Cost reduction,time (ms)
0,5468.84,0.00119777,134.74
1,5430.98,0.00811226,231.204
2,5381.64,0.0171235,332.714
3,4402.25,0.195996,440.804
4,1808.49,0.669706,548.527
5,1808.49,0.669706,653.493
