Iteration,Cost,Cost reduction,time (ms)
0,27.6321,0.302236,101.888
1,12.7774,0.677346,173.4
2,6.68871,0.831097,247.093
3,6.64932,0.832092,321.936
4,6.64932,0.832092,398.07
5,6.57632,0.833935,450.004
