Iteration,Cost,Cost reduction,time (ms)
0,413.947,0.652311,6.77
1,370.481,0.68882,11.166
2,316.566,0.734105,16.045
3,272.952,0.770738,20.094
4,214.097,0.820173,24.446
5,214.097,0.820173,28.5
