Iteration,Cost,Cost reduction,time (ms)
0,25.5137,0.42164,110.784
1,11.4878,0.739587,180.862
2,6.25808,0.858138,255.328
3,6.25808,0.858138,332.571
4,6.25808,0.858138,381.965
5,5.40839,0.877399,432.498
