Iteration,Cost,Cost reduction,time (ms)
0,29.9338,0.238129,523.945
1,25.4414,0.352469,1067.92
2,24.1339,0.385746,1593.83
3,17.5751,0.552681,2135.68
4,14.5321,0.630131,2671.81
5,14.5321,0.630131,3190.62
