Iteration,Cost,Cost reduction,time (ms)
0,92.5989,0.389954,160.797
1,54.5975,0.640309,270.446
2,46.8063,0.691637,394.378
3,23.5109,0.845109,529.361
4,23.5109,0.845109,660.45
5,23.5109,0.845109,736.759
