Iteration,Cost,Cost reduction,time (ms)
0,4665.26,0.00138694,141.305
1,4626.62,0.00965627,242.044
2,4576.73,0.0203366,346.104
3,4410.88,0.0558369,469.447
4,3340.89,0.284873,592.052
5,2171.32,0.535222,731.84
