Iteration,Cost,Cost reduction,time (ms)
0,32.4958,0.372317,229.359
1,22.0866,0.57338,441.12
2,11.6855,0.774284,646.869
3,6.23629,0.879541,845.161
4,2.93627,0.943284,1053.67
5,1.56685,0.969735,1266.3
