Iteration,Cost,Cost reduction,time (ms)
0,112.067,0.300773,143.637
1,99.6477,0.378263,255.729
2,88.3859,0.44853,368.209
3,69.7745,0.564653,485.792
4,27.5358,0.828194,603.534
5,27.5358,0.828194,710.881
