Iteration,Cost,Cost reduction,time (ms)
0,5305.69,0.00123396,135.498
1,5267.82,0.00836109,231.179
2,5218.49,0.0176484,331.414
3,4301.76,0.190218,439.299
4,4005.84,0.245923,551.111
5,3236.95,0.390662,660.581
