Iteration,Cost,Cost reduction,time (ms)
0,24.7058,0.424954,102.424
1,10.5821,0.753694,173.71
2,6.05843,0.858986,246.898
3,5.13637,0.880447,317.938
4,5.13637,0.880447,390.417
5,4.8134,0.887965,437.717
