Iteration,Cost,Cost reduction,time (ms)
0,31.9034,0.228647,182.381
1,12.5461,0.696663,359.098
2,8.59075,0.792295,533.761
3,7.49414,0.818809,711.284
4,7.49414,0.818809,877.294
5,7.49414,0.818809,941.649
