Iteration,Cost,Cost reduction,time (ms)
0,611.122,0.572123,19.485
1,580.505,0.593559,32.246
2,335.047,0.765417,46.314
3,335.047,0.765417,67.214
4,335.047,0.765417,89.662
5,335.047,0.765417,103.095
6,331.625,0.767813,129.232
7,331.625,0.767813,162.521
