Iteration,Cost,Cost reduction,time (ms)
0,30.0832,0.437092,150.382
1,8.88775,0.833695,254.422
2,3.43119,0.935797,373.613
3,2.45629,0.954039,504.543
4,0.986842,0.981535,636.27
5,0.717074,0.986582,773.536
