Iteration,Cost,Cost reduction,time (ms)
0,169.711,0.890626,7.297
1,169.711,0.890626,13.322
2,169.711,0.890626,15.903
3,169.711,0.890626,18.765
4,169.711,0.890626,21.715
