Iteration,Cost,Cost reduction,time (ms)
0,5733.77,0.00114228,132.792
1,5695.91,0.00773775,231.291
2,5646.57,0.0163333,332.166
3,4647.92,0.190305,441.314
4,4069.58,0.291054,549.619
5,2809.33,0.510597,661.062
