Iteration,Cost,Cost reduction,time (ms)
0,74.7461,0.423529,219.341
1,39.1475,0.698079,407.698
2,12.2286,0.905688,609.301
3,8.03546,0.938027,813.06
4,7.3909,0.942998,1020.25
5,7.3909,0.942998,1222.79
