Iteration,Cost,Cost reduction,time (ms)
0,63.523,0.39459,532.35
1,45.1683,0.569521,1091.27
2,39.4683,0.623844,1655.33
3,34.2603,0.67348,2215.87
4,27.567,0.737271,2771.9
5,27.567,0.737271,3341.36
