Iteration,Cost,Cost reduction,time (ms)
0,5305.79,0.00121922,180.014
1,5267.15,0.00849305,338.778
2,5217.31,0.0178755,505.807
3,4514.12,0.150247,694.97
4,1898.66,0.642589,911.679
5,1512.07,0.715362,1106.52
