Iteration,Cost,Cost reduction,time (ms)
0,24.9793,0.395923,183.271
1,16.1825,0.608657,351.454
2,12.5154,0.697339,518.43
3,9.73892,0.764483,683.706
4,6.6115,0.840114,849.441
5,6.1788,0.850578,1015.56
