Iteration,Cost,Cost reduction,time (ms)
0,5041.41,0.00128286,411.942
1,5002.77,0.00893772,808.183
2,4952.93,0.0188105,1205.06
3,4883.07,0.0326514,1706.1
4,2752.21,0.454779,2197.19
5,2224.53,0.559315,2995.45
