Iteration,Cost,Cost reduction,time (ms)
0,5143.54,0.00127309,132.124
1,5105.68,0.00862448,228.155
2,5056.35,0.0182039,330.926
3,4128.22,0.19842,438.575
4,3648.84,0.291501,547.429
5,2946.34,0.427906,660.389
