Iteration,Cost,Cost reduction,time (ms)
0,29.7579,0.316884,128.789
1,14.2794,0.672205,231.223
2,13.0701,0.699965,333.586
3,10.8638,0.750613,442.491
4,7.96141,0.817239,548.305
5,7.21522,0.834369,656.885
6,7.21522,0.834369,756.105
