Iteration,Cost,Cost reduction,time (ms)
0,5697.8,0.00114957,132.67
1,5659.94,0.00778659,231.339
2,5610.6,0.0164359,332.993
3,4612.05,0.191486,441.044
4,2939.41,0.484708,549.562
5,2889.42,0.493471,655.669
