Iteration,Cost,Cost reduction,time (ms)
0,57.5832,0.000551068,147.004
1,16.3932,0.715469,250.607
2,13.9931,0.757128,362.75
3,4.19177,0.927245,486.914
4,2.45997,0.957303,613.099
5,2.45997,0.957303,727.202
