Iteration,Cost,Cost reduction,time (ms)
0,28.3616,0.320145,540.587
1,13.108,0.685787,1135.43
2,6.65387,0.8405,1708.84
3,6.65387,0.8405,2276.19
4,6.47835,0.844708,2370.49
5,6.29038,0.849213,2930.35
