Iteration,Cost,Cost reduction,time (ms)
0,5143.62,0.00125736,138.169
1,5104.99,0.00875948,233.956
2,5054.93,0.0184781,330.48
3,5029,0.0235147,433.812
4,3556.62,0.309407,537.053
5,2224.62,0.568042,681.096
6,1858.02,0.639227,874.333
7,1208.47,0.76535,1057.9
8,1125.04,0.78155,1222.79
9,1125.04,0.78155,1380.3
