Iteration,Cost,Cost reduction,time (ms)
0,30.3085,0.27181,278.36
1,30.3085,0.27181,505.868
2,26.9565,0.352347,663.422
3,20.1303,0.516351,899.88
4,14.4151,0.653665,1135.87
5,14.4151,0.653665,1369.61
