Iteration,Cost,Cost reduction,time (ms)
0,119.474,0,145.341
1,94.5508,0.208609,224.915
2,41.2047,0.655116,421.499
3,41.2047,0.655116,640.528
4,41.2047,0.655116,728.948
5,41.2047,0.655116,813.451
