Iteration,Cost,Cost reduction,time (ms)
0,98.1018,0.350996,376.181
1,42.2266,0.720645,726.402
2,42.2266,0.720645,1077.68
3,42.2266,0.720645,1367.04
4,42.2266,0.720645,1654.23
5,42.2266,0.720645,1941.79
6,42.2266,0.720645,2228.11
