Iteration,Cost,Cost reduction,time (ms)
0,4920.68,0.00131415,153.847
1,4882.04,0.00915571,252.39
2,4832,0.0193133,355.971
3,4807.69,0.0242473,468.854
4,2033.96,0.587194,582.334
5,872.709,0.822878,702.257
