Iteration,Cost,Cost reduction,time (ms)
0,4593.12,0.00140802,136.91
1,4554.49,0.00980797,234.803
2,4504.43,0.0206906,338.417
3,4459.29,0.0305045,456.057
4,3414.37,0.25768,568.044
5,1417.04,0.691921,687.281
