Iteration,Cost,Cost reduction,time (ms)
0,43.4711,0.327308,755.213
1,37.0869,0.426101,1431.44
2,37.0869,0.426101,2138.88
3,37.0869,0.426101,2625.14
4,37.0869,0.426101,3107.22
