Iteration,Cost,Cost reduction,time (ms)
0,4482.8,0.00144281,143.054
1,4444.17,0.0100487,242.326
2,4394.11,0.0211989,346.421
3,4092.22,0.0884455,464.939
4,3244.48,0.277281,581.131
5,3022.92,0.326636,741.021
