Iteration,Cost,Cost reduction,time (ms)
0,31.3547,0.280668,172.2
1,5.24484,0.879674,335.053
2,5.24484,0.879674,492.149
3,4.56491,0.895273,555.073
4,3.92721,0.909903,707.283
5,3.34095,0.923353,863.524
