Iteration,Cost,Cost reduction,time (ms)
0,4639.57,0.00139402,185.4
1,4600.93,0.00971089,340.643
2,4551.09,0.0204385,508.338
3,3862.26,0.1687,698.852
4,1439.87,0.690088,913.275
5,1068.51,0.770018,1122.24
