Iteration,Cost,Cost reduction,time (ms)
0,37.222,0.425523,152.543
1,37.222,0.425523,258.91
2,37.222,0.425523,334.539
3,37.222,0.425523,410.998
4,37.222,0.425523,488.085
5,37.222,0.425523,565.744
