Iteration,Cost,Cost reduction,time (ms)
0,4196.69,0.00154104,417.345
1,4158.05,0.0107342,814.044
2,4108.21,0.0225928,1212.09
3,4093.79,0.0260236,1714.89
4,2306.95,0.451139,2214.71
5,1283.08,0.694735,3067.63
