Iteration,Cost,Cost reduction,time (ms)
0,5554.8,0.001165,138.482
1,5516.17,0.00811166,239.161
2,5466.27,0.0170833,345.639
3,4744.63,0.146845,466.484
4,2965.11,0.466829,590.954
5,2734.19,0.508352,750.854
