Iteration,Cost,Cost reduction,time (ms)
0,5676.05,0.00115376,134.481
1,5638.18,0.00781629,230.35
2,5588.85,0.0164985,331.605
3,4600.18,0.190479,440.015
4,4163.95,0.267245,550.153
5,3537.51,0.377485,663.919
