Iteration,Cost,Cost reduction,time (ms)
0,25.8284,0.364697,585.797
1,14.7031,0.638346,1165.7
2,10.1482,0.750385,1717.59
3,8.97972,0.779125,2282.8
4,8.32374,0.795261,2846.67
5,6.71283,0.834884,3403.09
