Iteration,Cost,Cost reduction,time (ms)
0,4665.24,0.00138662,134.112
1,4626.61,0.00965609,232.546
2,4576.55,0.020371,335.653
3,4548.49,0.0263767,451.263
4,3440.32,0.263585,566.023
5,2242.79,0.519922,725.11
