Iteration,Cost,Cost reduction,time (ms)
0,22.8783,0.422293,185.629
1,22.8783,0.422293,353.02
2,22.8783,0.422293,412.604
3,21.7967,0.449605,462.085
4,21.7967,0.449605,613.694
5,21.7967,0.449605,668.825
