Iteration,Cost,Cost reduction,time (ms)
0,4754.98,0.00136017,188.847
1,4716.34,0.00947547,355.895
2,4666.5,0.0199428,523.396
3,3973.02,0.165588,714.021
4,1758.79,0.63062,931.956
5,1043.51,0.780842,1128.31
