Iteration,Cost,Cost reduction,time (ms)
0,4319.24,0.00149738,181.049
1,4280.6,0.0104301,338.72
2,4230.76,0.0219527,506.146
3,3604.64,0.166696,694.979
4,1321.9,0.694409,905.515
5,1104.58,0.744649,1104.9
