Iteration,Cost,Cost reduction,time (ms)
0,4624.78,0.0013982,180.696
1,4586.14,0.00974172,340.212
2,4536.31,0.0205023,510.267
3,4478.28,0.0330322,701.72
4,2759.64,0.404127,906.737
5,1817.33,0.607594,1109.1
6,835.112,0.819679,1312.83
7,748.719,0.838334,1516.14
8,748.719,0.838334,1721.39
