Iteration,Cost,Cost reduction,time (ms)
0,1.40412,0.389124,24.443
1,1.40412,0.389124,36.374
2,1.40412,0.389124,46.024
3,1.40412,0.389124,53.198
4,1.16696,0.4923,58.802
5,1.0868,0.527175,68.239
6,1.0868,0.527175,74.773
