Iteration,Cost,Cost reduction,time (ms)
0,4611.57,0.00140244,180.509
1,4572.93,0.00976975,337.679
2,4523.09,0.0205623,505.453
3,3857.24,0.164747,693.527
4,1441.74,0.687804,909.871
5,1284.2,0.721917,1110.88
