Iteration,Cost,Cost reduction,time (ms)
0,6.34131,0.981069,13.557
1,6.34131,0.981069,24.072
2,6.34131,0.981069,30.14
3,6.34131,0.981069,34.946
4,6.34131,0.981069,39.092
5,4.16597,0.987563,44.067
6,4.16597,0.987563,49.433
