Iteration,Cost,Cost reduction,time (ms)
0,26.3849,0.465329,170.599
1,24.8989,0.495442,326.963
2,24.8989,0.495442,479.98
3,24.7848,0.497753,538.383
4,24.7848,0.497753,677.26
5,23.8543,0.51661,735.179
