Iteration,Cost,Cost reduction,time (ms)
0,42.833,0.289064,154.71
1,39.9713,0.336562,272.015
2,38.1038,0.367558,400.813
3,29.3044,0.51361,529.241
4,10.5009,0.825708,652.986
5,10.5009,0.825708,770.719
