Iteration,Cost,Cost reduction,time (ms)
0,26.6333,0.311446,545.514
1,17.8826,0.537678,1154.05
2,17.8826,0.537678,1755.18
3,16.0804,0.584272,1851.74
4,11.3792,0.705811,2409
5,7.14363,0.815314,3006.18
