Iteration,Cost,Cost reduction,time (ms)
0,70.5039,0.379218,148.569
1,58.9582,0.480876,257.811
2,21.6524,0.809352,375.806
3,14.0452,0.876333,493.364
4,14.0452,0.876333,607.082
5,14.0452,0.876333,684.373
