Iteration,Cost,Cost reduction,time (ms)
0,25.6203,0.368101,107.216
1,11.3724,0.719512,186.067
2,10.0198,0.752872,268.338
3,9.20588,0.772946,354.287
4,8.85603,0.781575,444.503
5,8.76695,0.783772,532.302
