Iteration,Cost,Cost reduction,time (ms)
0,5.03154,0.977132,17.059
1,0.557203,0.997467,48.387
2,0.557203,0.997467,81.945
3,0.557203,0.997467,113.819
4,0.512234,0.997672,137.783
5,0.249673,0.998865,143.624
6,0.249673,0.998865,150.355
