Iteration,Cost,Cost reduction,time (ms)
0,4552.2,0.00143858,132.316
1,4514.34,0.0097434,229.235
2,4465,0.0205665,331.291
3,3583.71,0.213884,440.182
4,1466.04,0.678413,550.971
5,1448.73,0.68221,657.821
