Iteration,Cost,Cost reduction,time (ms)
0,5873.15,0.00110129,178.525
1,5834.51,0.00767331,336.607
2,5784.68,0.016149,504.983
3,5724.86,0.0263223,692.6
4,3938.62,0.330125,894.81
5,2926.18,0.502319,1100.84
