Iteration,Cost,Cost reduction,time (ms)
0,26.9938,0.385637,123.826
1,17.0103,0.612855,198.867
2,6.68646,0.84782,273.229
3,5.69976,0.870277,359.327
4,5.69976,0.870277,445.61
5,5.55514,0.873569,497.682
