Iteration,Cost,Cost reduction,time (ms)
0,5107.94,0.0012661,415.021
1,5069.3,0.00882141,812.493
2,5019.47,0.0185654,1208.86
3,4968.46,0.0285389,1713.91
4,3339.02,0.347136,2301.23
5,3339.02,0.347136,2993.35
