Iteration,Cost,Cost reduction,time (ms)
0,30.5554,0.328877,602.782
1,22.6755,0.501951,1167.64
2,15.477,0.66006,1708.09
3,11.5847,0.745552,2290.57
4,6.94473,0.847465,2876.51
5,6.07827,0.866496,3498.49
