Iteration,Cost,Cost reduction,time (ms)
0,32.2624,0.302464,103.457
1,17.1271,0.629699,177.034
2,16.4788,0.643716,251.513
3,16.0569,0.652839,327.197
4,11.9915,0.740736,404.977
5,7.11175,0.846239,482.339
