Iteration,Cost,Cost reduction,time (ms)
0,4608.07,0.00140317,177.734
1,4569.43,0.00977693,336.118
2,4519.6,0.0205763,505.222
3,3836.82,0.168537,696.773
4,1759.93,0.618612,916.385
5,1227.27,0.734042,1109.67
