Iteration,Cost,Cost reduction,time (ms)
0,5871.93,0.00111528,130.669
1,5834.07,0.00755581,227.069
2,5784.73,0.0159483,330.269
3,4781.01,0.186693,438.467
4,4364.64,0.257523,548.052
5,3539.25,0.397932,661.627
