Iteration,Cost,Cost reduction,time (ms)
0,29.3376,0.321228,105.511
1,14.8715,0.655925,180.891
2,12.7217,0.705664,258.135
3,7.56279,0.825023,338.692
4,6.32136,0.853745,420.481
5,6.32136,0.853745,499.336
