Iteration,Cost,Cost reduction,time (ms)
0,17.5837,0.56643,105.081
1,8.07044,0.801003,175.727
2,8.07044,0.801003,239.528
3,8.07044,0.801003,281.112
4,8.07044,0.801003,322.891
5,8.07044,0.801003,364.326
6,8.07044,0.801003,405.545
