Iteration,Cost,Cost reduction,time (ms)
0,118.609,0.299283,581.571
1,74.5311,0.559684,1123.91
2,45.492,0.731242,1672.37
3,45.492,0.731242,2223.15
4,38.3635,0.773356,2317.76
5,38.3635,0.773356,2872.53
