Iteration,Cost,Cost reduction,time (ms)
0,35.7062,0.206528,184.897
1,18.4881,0.589154,364.802
2,9.52344,0.788368,539.613
3,6.39658,0.857854,708.964
4,6.39658,0.857854,881.635
5,6.27087,0.860647,950.486
