Iteration,Cost,Cost reduction,time (ms)
0,39.3764,0.769971,169.196
1,32.5678,0.809746,305.221
2,32.5678,0.809746,400.756
3,32.5678,0.809746,464.343
4,32.5678,0.809746,527.782
5,32.5678,0.809746,591.407
6,32.5678,0.809746,655.032
