Iteration,Cost,Cost reduction,time (ms)
0,69.6675,0.220458,160.489
1,35.2017,0.606111,283.522
2,8.73487,0.902261,404.523
3,8.73487,0.902261,537.821
4,8.73487,0.902261,623.267
5,8.73487,0.902261,711.15
