Iteration,Cost,Cost reduction,time (ms)
0,30.3927,0.318431,113.714
1,10.8608,0.756443,189.543
2,8.71001,0.804674,270.1
3,7.89393,0.822975,354.535
4,7.89393,0.822975,438.824
5,7.77024,0.825749,497.843
