Iteration,Cost,Cost reduction,time (ms)
0,4970.58,0.00130139,158.072
1,4931.95,0.00906422,259.37
2,4881.89,0.0191223,363.961
3,4861.37,0.0232446,479.598
4,3829,0.23067,597.152
5,3829,0.23067,725.597
