Iteration,Cost,Cost reduction,time (ms)
0,106.027,0.335057,148.36
1,96.5346,0.394589,259.278
2,41.5907,0.739166,369.192
3,11.1962,0.929783,484.296
4,5.82521,0.963468,607.751
5,5.82521,0.963468,726.521
