Iteration,Cost,Cost reduction,time (ms)
0,5335.54,0.00121229,413.705
1,5296.9,0.00844566,811.085
2,5247.06,0.0177752,1208.95
3,4893.74,0.0839157,1712.61
4,3231.07,0.39516,2355.01
5,1856.76,0.652423,2940.36
