Iteration,Cost,Cost reduction,time (ms)
0,4336,0.00149152,135.869
1,4297.37,0.010388,233.443
2,4247.49,0.0218754,337.345
3,4219.02,0.0284314,459.324
4,2172.9,0.499618,590.556
5,1833.89,0.577687,774.329
