Iteration,Cost,Cost reduction,time (ms)
0,35.1667,0.248813,180.015
1,27.1842,0.419324,359.388
2,19.0409,0.593271,527.636
3,19.0409,0.593271,696.184
4,19.0084,0.593966,761.39
5,15.1695,0.675968,927.618
