Iteration,Cost,Cost reduction,time (ms)
0,23.3829,0.383527,579.039
1,14.586,0.615449,1110.07
2,14.586,0.615449,1627.08
3,14.586,0.615449,1719.59
4,14.3069,0.62281,1783.2
5,11.47,0.6976,2277.43
