Iteration,Cost,Cost reduction,time (ms)
0,5164.12,0.00125271,148.025
1,5125.48,0.0087245,240.771
2,5075.6,0.0183728,334.264
3,4996.36,0.0336966,440.422
4,2623.95,0.492525,551.921
5,2623.95,0.492525,767.639
