Iteration,Cost,Cost reduction,time (ms)
0,4615.68,0.00141836,131.131
1,4577.82,0.00960933,227.641
2,4528.49,0.0202823,329.143
3,3667.88,0.206471,438.534
4,3303.7,0.28526,551.249
5,2816.57,0.390647,664.306
