Iteration,Cost,Cost reduction,time (ms)
0,4960.57,0.00130431,146.541
1,4921.94,0.00908205,245.77
2,4872.04,0.0191267,350.883
3,4802.51,0.0331252,470.802
4,3905.24,0.21377,592.833
5,3383.86,0.318738,772.34
