Iteration,Cost,Cost reduction,time (ms)
0,41.2643,0.292612,148.21
1,23.7068,0.593598,254.202
2,5.98574,0.897387,368.822
3,5.46275,0.906353,491.37
4,2.82726,0.951533,616.175
5,1.54368,0.973537,744.137
