Iteration,Cost,Cost reduction,time (ms)
0,31.6529,0.465158,144.418
1,25.1656,0.574773,255.209
2,5.17456,0.912565,377.284
3,4.60303,0.922222,505.8
4,3.85897,0.934795,634.605
5,1.72499,0.970853,762.991
