Iteration,Cost,Cost reduction,time (ms)
0,5819.99,0.0011117,133.119
1,5781.36,0.00774227,233.033
2,5731.47,0.0163042,337.494
3,5713.23,0.0194346,457.929
4,4144.85,0.288617,593.512
5,4144.85,0.288617,793.53
