Iteration,Cost,Cost reduction,time (ms)
0,126.995,0.303836,149.34
1,122.108,0.330625,257.225
2,110.031,0.396832,365.501
3,101.351,0.444413,476.577
4,47.8643,0.737617,591.495
5,33.5103,0.816303,711.846
