Iteration,Cost,Cost reduction,time (ms)
0,5807.63,0.00111359,177.039
1,5768.99,0.00775972,332.874
2,5719.16,0.0163304,501.964
3,5327.98,0.0836116,692.43
4,4797.22,0.174899,898.166
5,2652.73,0.543742,1099.3
