Iteration,Cost,Cost reduction,time (ms)
0,5697.79,0.00114949,132.25
1,5659.93,0.00778656,229.329
2,5610.59,0.0164363,330.728
3,4615.87,0.190815,438.869
4,4035.11,0.292625,547.399
5,2768.78,0.514619,659.143
