Iteration,Cost,Cost reduction,time (ms)
0,28.0105,0.333771,102.874
1,13.4066,0.681124,177.32
2,11.6705,0.722417,253.488
3,11.6705,0.722417,328.042
4,11.6705,0.722417,378.949
5,11.6705,0.722417,429.79
