Iteration,Cost,Cost reduction,time (ms)
0,26.6555,0.348283,108.933
1,12.0413,0.705596,190.396
2,9.71445,0.762486,283.711
3,9.57934,0.765789,380.378
4,5.47484,0.866142,488.796
5,4.97349,0.8784,602.01
