Iteration,Cost,Cost reduction,time (ms)
0,108.277,0.355427,152.309
1,95.4049,0.432053,267.593
2,91.3036,0.456468,383.55
3,91.3036,0.456468,505.643
4,91.3036,0.456468,581.412
5,90.3578,0.462098,658.549
