Iteration,Cost,Cost reduction,time (ms)
0,4336.01,0.00149111,154.511
1,4297.37,0.0103885,253.717
2,4247.32,0.021914,357.465
3,4222.05,0.0277335,474.949
4,2721.13,0.37337,590.531
5,2721.13,0.37337,734.272
