Iteration,Cost,Cost reduction,time (ms)
0,32.0465,0.293956,129.853
1,21.0975,0.535183,234.716
2,21.0975,0.535183,348.707
3,11.8935,0.737964,406.294
4,10.5898,0.766686,524.273
5,10.5898,0.766686,652.719
