Iteration,Cost,Cost reduction,time (ms)
0,68.7869,0.468393,151.859
1,44.0021,0.659937,263.072
2,44.0021,0.659937,381.293
3,38.3098,0.703929,461.231
4,32.8854,0.745852,580.506
5,32.8854,0.745852,700.158
