Iteration,Cost,Cost reduction,time (ms)
0,26.3688,0.389587,574.39
1,16.6256,0.615133,1136.94
2,14.6509,0.660846,1685.49
3,14.4596,0.665275,2228.74
4,14.028,0.675266,2776.5
5,13.6974,0.682918,3324.1
