Iteration,Cost,Cost reduction,time (ms)
0,34.0994,0.278701,109.49
1,28.3493,0.400333,184.464
2,28.3493,0.400333,258.864
3,28.3493,0.400333,309.758
4,27.9392,0.409007,362.201
5,23.5013,0.502882,442.394
