Iteration,Cost,Cost reduction,time (ms)
0,30.0577,0.320077,105.997
1,26.8923,0.391679,185.734
2,26.8923,0.391679,264.882
3,26.1436,0.408615,317.998
4,20.9134,0.526926,402.417
5,20.9134,0.526926,483.074
