Iteration,Cost,Cost reduction,time (ms)
0,5854.05,0.00111846,127.98
1,5816.19,0.00757873,224.281
2,5766.86,0.0159968,325.988
3,4800.28,0.180924,433.768
4,4438.82,0.2426,544.992
5,3806.47,0.3505,653.616
