Iteration,Cost,Cost reduction,time (ms)
0,118.171,0.34106,156.258
1,103.704,0.421734,274.59
2,64.6142,0.639703,408.663
3,58.1748,0.67561,562.701
4,38.363,0.786083,717.117
5,28.455,0.841331,871.331
