Iteration,Cost,Cost reduction,time (ms)
0,4776.91,0.00135417,147.78
1,4738.27,0.00943062,244.881
2,4688.39,0.0198598,348.141
3,4534.24,0.0520843,473.23
4,3466.72,0.275257,612.404
5,1679.09,0.648973,781.817
