Iteration,Cost,Cost reduction,time (ms)
0,16.1149,0.803408,210.684
1,16.1149,0.803408,402.552
2,16.1149,0.803408,479.649
3,16.1149,0.803408,553.468
4,16.1149,0.803408,627.901
5,16.1149,0.803408,702.501
