Iteration,Cost,Cost reduction,time (ms)
0,42.1327,0.237312,522.801
1,24.2675,0.560709,1025.28
2,14.6232,0.735291,1578.91
3,8.94142,0.838142,2177.85
4,8.94142,0.838142,2763.5
5,8.10758,0.853236,2861.95
