Iteration,Cost,Cost reduction,time (ms)
0,48.0089,0.419734,154.732
1,43.5914,0.473127,266.951
2,28.8475,0.651331,386.28
3,22.5958,0.726892,516.146
4,10.5559,0.872415,666.301
5,5.836,0.929462,846.357
