Iteration,Cost,Cost reduction,time (ms)
0,5621.88,0.00115027,178.468
1,5583.24,0.00801575,337.152
2,5533.41,0.0168689,504.686
3,4806.65,0.145995,689.586
4,2943.08,0.477098,911.915
5,1239.86,0.779711,1109.42
