Iteration,Cost,Cost reduction,time (ms)
0,31.6689,0.303269,190.119
1,23.1756,0.490126,381.812
2,19.8783,0.562669,567.334
3,8.22004,0.819155,746.607
4,5.09442,0.887921,935.41
5,3.78829,0.916656,1130.27
