Iteration,Cost,Cost reduction,time (ms)
0,4552.26,0.00142035,179.192
1,4513.62,0.00989663,337.48
2,4463.78,0.0208282,504.875
3,3810.08,0.164225,695.602
4,1745.43,0.617125,913.494
5,981.572,0.784683,1109.73
