Iteration,Cost,Cost reduction,time (ms)
0,29.3359,0.380645,175.256
1,29.3359,0.380645,334.249
2,25.7567,0.456211,393.777
3,16.9111,0.642963,555.055
4,16.9111,0.642963,703.709
5,16.9111,0.642963,766.939
