Iteration,Cost,Cost reduction,time (ms)
0,5232.46,0.00123632,141.541
1,5193.82,0.00861102,240.205
2,5143.93,0.018134,345.264
3,4790.04,0.0856851,467.143
4,4170.24,0.203991,595.382
5,2823.91,0.460977,746.459
