Iteration,Cost,Cost reduction,time (ms)
0,39.0807,0.152974,111.835
1,14.8035,0.679153,188.638
2,12.1378,0.736927,266.249
3,10.0724,0.781694,348.995
4,6.74087,0.8539,433.707
5,4.08567,0.911448,522.257
