Iteration,Cost,Cost reduction,time (ms)
0,24.7085,0.390936,108.693
1,13.8531,0.658523,187.004
2,13.8531,0.658523,267.026
3,13.8531,0.658523,318.093
4,13.8531,0.658523,367.304
5,13.8531,0.658523,416.385
