Iteration,Cost,Cost reduction,time (ms)
0,160.24,0.0968281,212.395
1,60.4798,0.659115,425.037
2,46.3473,0.73877,627.965
3,40.4902,0.771783,833.112
4,27.9396,0.842522,1051.17
5,11.3954,0.935771,1264.3
