Iteration,Cost,Cost reduction,time (ms)
0,72.5421,0.195156,223.349
1,12.2568,0.864013,426.839
2,11.3768,0.873777,625.58
3,11.2883,0.874758,833.456
4,11.2883,0.874758,1036.43
5,9.12499,0.89876,1117.53
