Iteration,Cost,Cost reduction,time (ms)
0,46.8237,0.264305,229.008
1,16.5344,0.740212,464.828
2,6.92282,0.891229,695.377
3,5.10411,0.919804,930.869
4,5.10411,0.919804,1164.5
5,5.0171,0.921171,1255.19
