Iteration,Cost,Cost reduction,time (ms)
0,43.2653,0.192274,149.921
1,5.00746,0.906515,260.233
2,4.96317,0.907342,378.928
3,4.34048,0.918967,510.756
4,2.81142,0.947513,635.272
5,2.48997,0.953514,766.071
