Iteration,Cost,Cost reduction,time (ms)
0,128.242,0.146491,581.472
1,101.33,0.325606,1215.44
2,21.1461,0.859264,1741.09
3,10.4113,0.930709,2340.16
4,5.31391,0.964634,2952.57
5,5.31391,0.964634,3575.09
