Iteration,Cost,Cost reduction,time (ms)
0,4702.79,0.00137495,413.49
1,4664.15,0.00958029,809.631
2,4614.31,0.0201624,1206.46
3,3938.01,0.163773,1713.26
4,1656.18,0.648314,2345.54
5,1253.37,0.733851,2879.24
