Iteration,Cost,Cost reduction,time (ms)
0,4199.83,0.00153961,411.831
1,4161.19,0.010726,807.226
2,4111.35,0.0225745,1200.68
3,3797.19,0.0972616,1703.58
4,1943.47,0.537961,2346.44
5,1527.19,0.636928,2963.53
