Iteration,Cost,Cost reduction,time (ms)
0,56.1931,0.408405,147.652
1,51.9046,0.453553,255.35
2,45.9438,0.516309,367.038
3,21.9111,0.769322,477.097
4,14.7278,0.844948,587.283
5,10.8306,0.885976,708.817
