Iteration,Cost,Cost reduction,time (ms)
0,25.0733,0.399991,181.838
1,17.4477,0.582473,347.301
2,10.5486,0.74757,511.804
3,5.33589,0.872311,678.345
4,5.33589,0.872311,846.522
5,5.33589,0.872311,911.756
