Iteration,Cost,Cost reduction,time (ms)
0,75.7826,0.363506,149.028
1,70.358,0.409067,258.748
2,61.5168,0.483324,379.972
3,57.3678,0.518172,513.652
4,38.3017,0.678306,645.557
5,16.3556,0.86263,782.117
