Iteration,Cost,Cost reduction,time (ms)
0,28.101,0.332844,184.447
1,16.2318,0.614634,370.37
2,11.6785,0.722735,577.391
3,6.71392,0.840602,759.278
4,5.50505,0.869303,941.001
5,5.50505,0.869303,1130.84
