Iteration,Cost,Cost reduction,time (ms)
0,22.8033,0.387559,101.43
1,10.9637,0.705542,171.735
2,10.9637,0.705542,240.51
3,10.9637,0.705542,288.875
4,10.9637,0.705542,336.557
5,10.9637,0.705542,385.061
