Iteration,Cost,Cost reduction,time (ms)
0,61.3862,0.161663,594.509
1,17.0722,0.766849,1157.74
2,16.7879,0.770731,1626.73
3,15.7461,0.784959,2096.2
4,11.5399,0.842402,2586.48
5,10.2346,0.860228,3074.65
