Iteration,Cost,Cost reduction,time (ms)
0,427.38,0.662083,21.337
1,427.38,0.662083,32.381
2,427.38,0.662083,45.71
3,427.38,0.662083,51.848
4,425.604,0.663487,69.083
5,425.604,0.663487,78.926
6,425.604,0.663487,94.06
