Iteration,Cost,Cost reduction,time (ms)
0,18.3592,0.551608,542.675
1,13.7394,0.66444,1049.3
2,13.7394,0.66444,1547.99
3,12.3974,0.697214,1640.18
4,11.0407,0.730349,2126.87
5,11.0407,0.730349,2624.49
