Iteration,Cost,Cost reduction,time (ms)
0,58.9708,0.395734,141.669
1,38.1043,0.609551,255.778
2,27.268,0.720589,373.354
3,22.6858,0.767541,488.083
4,20.6528,0.788374,603.859
5,20.3203,0.791781,724.555
