Iteration,Cost,Cost reduction,time (ms)
0,112.562,0.375105,220.909
1,103.144,0.427391,423.628
2,21.7421,0.879298,641.445
3,17.9596,0.900296,852.995
4,17.9596,0.900296,1060.66
5,12.0786,0.932945,1147.77
