Iteration,Cost,Cost reduction,time (ms)
0,25.9179,0.365544,112.967
1,14.571,0.643309,191.456
2,14.144,0.653762,272.176
3,7.48808,0.816696,361.826
4,6.78247,0.833969,458.342
5,6.78247,0.833969,554.235
