Iteration,Cost,Cost reduction,time (ms)
0,116.659,0.224974,224.092
1,36.593,0.756893,455.951
2,11.118,0.926137,657.845
3,5.23582,0.965216,855.309
4,4.2725,0.971616,1057.04
5,4.2725,0.971616,1253.89
