Iteration,Cost,Cost reduction,time (ms)
0,60.6613,0.394211,577.217
1,35.7303,0.643183,1143.16
2,32.5242,0.6752,1689.35
3,29.9228,0.701179,2248.76
4,26.3337,0.737021,2801.67
5,26.3337,0.737021,3348.88
