Iteration,Cost,Cost reduction,time (ms)
0,38.1269,0.409201,150.831
1,19.6064,0.696186,257.754
2,10.7086,0.834064,375.438
3,10.0816,0.84378,501.013
4,10.0816,0.84378,626.709
5,10.0816,0.84378,706.727
