Iteration,Cost,Cost reduction,time (ms)
0,77.8503,0.29167,151.917
1,64.2845,0.4151,259.987
2,61.1865,0.443288,376.47
3,22.0345,0.799517,495.163
4,19.0247,0.826902,616.129
5,15.8463,0.855821,738.472
