Iteration,Cost,Cost reduction,time (ms)
0,30.3497,0.327244,105.29
1,20.6535,0.542176,179.548
2,12.3653,0.7259,254.432
3,10.1668,0.774633,328.621
4,8.1077,0.820278,407.525
5,4.31641,0.904319,487.969
