Iteration,Cost,Cost reduction,time (ms)
0,119.398,0.327793,150.747
1,116.856,0.342107,261.414
2,93.8829,0.471443,378.559
3,63.3148,0.643541,494.216
4,63.3148,0.643541,610.948
5,63.3148,0.643541,694.587
