Iteration,Cost,Cost reduction,time (ms)
0,25.9161,0.378393,112.126
1,19.3064,0.536929,186.644
2,13.3329,0.680206,263.013
3,7.84713,0.811784,364.111
4,7.08233,0.830128,469.784
5,7.08233,0.830128,593.064
