Iteration,Cost,Cost reduction,time (ms)
0,37.4402,0.194905,108.332
1,13.1545,0.717132,185.788
2,10.0672,0.783519,272.275
3,6.18821,0.866932,363.292
4,5.41095,0.883646,460.576
5,5.41095,0.883646,563.22
