Iteration,Cost,Cost reduction,time (ms)
0,15.9187,0,31.621
1,15.9187,0,54.118
2,15.9187,0,65.093
3,3.27417,0.794319,76.141
4,3.27417,0.794319,83.603
5,3.27417,0.794319,88.488
6,3.27417,0.794319,93.005
