Iteration,Cost,Cost reduction,time (ms)
0,4776.93,0.0013541,413.286
1,4738.29,0.00943212,809.429
2,4688.45,0.0198522,1205.69
3,4673.79,0.0229154,1709.11
4,2822.44,0.409953,2209.9
5,1206.12,0.747853,3019.74
