Iteration,Cost,Cost reduction,time (ms)
0,5775.61,0.0011202,149.249
1,5736.97,0.00780223,249.934
2,5686.91,0.01646,354.577
3,5665.35,0.0201888,470.519
4,4625.19,0.200083,588.649
5,3028.08,0.4763,735.987
