Iteration,Cost,Cost reduction,time (ms)
0,29.5485,0.290125,537.444
1,24.2701,0.416933,1132.21
2,20.5731,0.505751,1706.41
3,17.8672,0.570757,2268.75
4,16.8911,0.594207,2801.71
5,15.3188,0.631981,3304.39
