Iteration,Cost,Cost reduction,time (ms)
0,27.5571,0.311611,101.6
1,15.0907,0.623028,175.916
2,15.0907,0.623028,249.767
3,15.0907,0.623028,299.631
4,15.0907,0.623028,351.768
5,15.0907,0.623028,403.275
