Iteration,Cost,Cost reduction,time (ms)
0,125.823,0.299141,228.465
1,61.3382,0.658334,436.078
2,39.0715,0.782364,624.965
3,24.7464,0.862158,830.115
4,19.844,0.889465,1037.08
5,16.2676,0.909386,1250.3
