Iteration,Cost,Cost reduction,time (ms)
0,30.4833,0.20332,103.655
1,28.5265,0.25446,177.982
2,26.9197,0.296455,257.083
3,26.1318,0.317047,342.312
4,23.8058,0.377836,428.68
5,23.8058,0.377836,525.604
