Iteration,Cost,Cost reduction,time (ms)
0,5554.77,0.00116441,141.734
1,5516.14,0.00811151,241.204
2,5466.09,0.0171112,344.152
3,5244.42,0.0569703,459.495
4,4212.98,0.24244,578.62
5,2289.59,0.588296,739.122
