Iteration,Cost,Cost reduction,time (ms)
0,125.539,0.314503,150.807
1,91.5763,0.499953,265.537
2,91.5763,0.499953,382.3
3,90.5564,0.505522,463.026
4,68.9434,0.623538,585.157
5,68.9434,0.623538,709.599
