Iteration,Cost,Cost reduction,time (ms)
0,29.1838,0.44113,147.367
1,19.0579,0.635041,252.966
2,8.80796,0.831327,359.71
3,7.69509,0.852639,468.408
4,7.40933,0.858111,580.01
5,6.92028,0.867476,701.259
