Iteration,Cost,Cost reduction,time (ms)
0,29.6148,0.374084,113.966
1,22.6733,0.520794,190.39
2,21.2482,0.550913,268.286
3,10.0333,0.787945,350.945
4,5.09806,0.892251,449.91
5,4.34153,0.908241,560.868
