Iteration,Cost,Cost reduction,time (ms)
0,104.176,0.188525,220.95
1,31.6473,0.753486,434.472
2,11.4498,0.910813,647.017
3,10.393,0.919044,856.541
4,2.88626,0.977518,1062.74
5,2.88626,0.977518,1265.8
