Iteration,Cost,Cost reduction,time (ms)
0,5554.72,0.00117906,132.412
1,5516.86,0.00798688,228.885
2,5467.52,0.0168591,331.785
3,4487.42,0.193094,439.831
4,3918.62,0.295374,548.085
5,2811.45,0.494459,656.361
