Iteration,Cost,Cost reduction,time (ms)
0,108.601,0.31993,141.838
1,93.9127,0.411908,248.935
2,60.0826,0.623756,363.011
3,33.0465,0.793059,479.998
4,24.1791,0.848588,602.555
5,24.1115,0.849011,728.484
