Iteration,Cost,Cost reduction,time (ms)
0,31.5384,0.283629,111.216
1,18.9861,0.568745,188.098
2,15.6973,0.643447,268.901
3,15.1185,0.656595,358.737
4,13.6917,0.689003,451.257
5,12.9099,0.706762,546.249
