Iteration,Cost,Cost reduction,time (ms)
0,60.3583,0.311399,75.017
1,60.3583,0.311399,161.13
2,60.3583,0.311399,216.69
3,44.3012,0.494588,255.85
4,44.3012,0.494588,302.144
5,37.5334,0.571798,327.268
6,33.6112,0.616545,367.258
7,33.2094,0.621129,446.195
8,28.2135,0.678124,523.887
9,28.2135,0.678124,568.213
