Iteration,Cost,Cost reduction,time (ms)
0,112.037,0.338151,145.377
1,11.7829,0.930394,246.532
2,11.107,0.934387,359.747
3,11.0937,0.934465,478.339
4,11.0547,0.934696,600.553
5,11.0547,0.934696,719.981
