Iteration,Cost,Cost reduction,time (ms)
0,25.8887,0.354619,112.169
1,18.0473,0.550098,187.523
2,17.9336,0.552932,263.793
3,17.9336,0.552932,339.283
4,17.9336,0.552932,389.954
5,17.9336,0.552932,441.062
