Iteration,Cost,Cost reduction,time (ms)
0,30.4974,0.314992,180.128
1,19.6267,0.559162,359.731
2,14.3547,0.677576,551.238
3,9.54291,0.785655,716.885
4,9.54291,0.785655,879.557
5,9.54291,0.785655,945.629
