Iteration,Cost,Cost reduction,time (ms)
0,111.262,0.202509,202.365
1,40.1344,0.71233,400.215
2,14.5069,0.89602,610.161
3,4.35851,0.96876,828.019
4,4.35851,0.96876,1045.16
5,4.35851,0.96876,1131.5
