Iteration,Cost,Cost reduction,time (ms)
0,65.4953,0.374734,142.912
1,52.1069,0.50255,252.1
2,10.7717,0.897165,379.248
3,2.85834,0.972712,511.312
4,1.15064,0.989015,648.816
5,1.15064,0.989015,783.069
