Iteration,Cost,Cost reduction,time (ms)
0,168.048,0.0183022,144.64
1,44.2741,0.74136,255.76
2,31.5088,0.815932,367.418
3,26.3891,0.84584,471.849
4,25.9688,0.848296,571.776
5,25.7709,0.849452,671.86
