Iteration,Cost,Cost reduction,time (ms)
0,41.2334,0.330051,5249.64
1,33.315,0.458707,10820.3
2,30.7388,0.500565,16377
3,29.0863,0.527415,22078
4,22.2184,0.639002,27710.3
5,20.5668,0.665836,33334.6
6,19.4974,0.683213,39045.7
7,19.0422,0.690607,44699.1
8,16.5285,0.73145,50573.8
9,16.5285,0.73145,56497
