Iteration,Cost,Cost reduction,time (ms)
0,58.4021,0.378953,213.755
1,36.0639,0.616496,417.506
2,13.5196,0.856233,628.527
3,7.25677,0.922832,840.994
4,6.62778,0.92952,1054.34
5,5.88013,0.937471,1266.3
