Iteration,Cost,Cost reduction,time (ms)
0,22.6068,0.403233,106.721
1,14.8273,0.608593,180.775
2,14.8273,0.608593,252.724
3,14.8273,0.608593,302.749
4,14.8273,0.608593,352.406
5,14.8273,0.608593,402.807
