Iteration,Cost,Cost reduction,time (ms)
0,102.497,0.366326,212.8
1,54.9173,0.660482,418.305
2,54.9173,0.660482,630.634
3,44.8122,0.722955,716.366
4,30.9509,0.80865,916.486
5,30.9509,0.80865,1116.25
