Iteration,Cost,Cost reduction,time (ms)
0,5164.12,0.00125235,412.934
1,5125.48,0.00872557,810.308
2,5075.64,0.0183637,1206.77
3,5024.1,0.0283324,1711.45
4,3354.01,0.35133,2296.39
5,3354.01,0.35133,2966.68
