Iteration,Cost,Cost reduction,time (ms)
0,5.88552,0.746861,6.427
1,2.13737,0.908071,10.816
2,1.68525,0.927517,15.066
3,1.12056,0.951804,19.019
4,0.968156,0.958359,23.198
5,0.854141,0.963263,27.613
6,0.745711,0.967927,32.446
7,0.745711,0.967927,36.261
