Iteration,Cost,Cost reduction,time (ms)
0,5793.66,0.00111653,150.759
1,5755.02,0.00777783,250.407
2,5704.97,0.0164076,355.617
3,5680.44,0.0206376,472.768
4,3504.21,0.395839,589.442
5,3322.51,0.427166,757.511
