Iteration,Cost,Cost reduction,time (ms)
0,7.933879436846476,0.0,330.8544158935547
1,7.8504182144694505,0.010519598015242715,1126.9431114196777
