Iteration,Cost,Cost reduction,time (ms)
0,5562.87,0.00116281,179.651
1,5524.23,0.00810093,337.949
2,5474.39,0.0170496,505.845
3,4727.61,0.151137,698.49
4,1850.61,0.667715,913.438
5,1701.84,0.694428,1114.94
