Iteration,Cost,Cost reduction,time (ms)
0,4742.6,0.0013635,413.327
1,4703.96,0.00950004,809.342
2,4654.12,0.0199936,1207.35
3,4603.2,0.0307155,1713.76
4,3033.76,0.361189,2297.89
5,1465.54,0.691406,2976.69
