Iteration,Cost,Cost reduction,time (ms)
0,1039.0111978541129,0.0,8945.661067962646
1,602.2167243590117,0.42039438496641823,14563.430547714233
