Iteration,Cost,Cost reduction,time (ms)
0,26.0417,0.362894,184.759
1,10.5592,0.741672,365.143
2,6.32775,0.845193,552.53
3,5.07601,0.875816,729.857
4,4.23829,0.896311,909.618
5,3.39775,0.916875,1084.03
