Iteration,Cost,Cost reduction,time (ms)
0,87.8858,0.315764,159.613
1,73.1715,0.430322,271.749
2,43.9676,0.65769,393.539
3,17.439,0.864229,521.631
4,17.439,0.864229,666.616
5,15.4751,0.879519,754.906
