Iteration,Cost,Cost reduction,time (ms)
0,67.2509,0.418651,144.639
1,27.7481,0.760132,258.483
2,27.7481,0.760132,378.561
3,27.7481,0.760132,466.063
4,27.7481,0.760132,552.983
5,27.7481,0.760132,640.277
