Iteration,Cost,Cost reduction,time (ms)
0,5164.05,0.00126826,131.572
1,5126.19,0.00859039,228.574
2,5076.85,0.0181327,330.016
3,4131.54,0.200957,438.696
4,2591.04,0.49889,546.973
5,2587.67,0.499543,652.997
