Iteration,Cost,Cost reduction,time (ms)
0,5775.61,0.0011201,413.953
1,5736.96,0.00780293,810.902
2,5687.12,0.0164227,1205.11
3,4963.04,0.141653,1703.98
4,2013.46,0.651776,2333.28
5,1522.61,0.736668,2874.29
