Iteration,Cost,Cost reduction,time (ms)
0,27.8704,0.307805,590.079
1,13.9581,0.653334,1209.54
2,11.1265,0.723659,1780.93
3,7.5633,0.812156,2345.62
4,4.87733,0.878866,2900.2
5,4.0625,0.899103,3483.24
