Iteration,Cost,Cost reduction,time (ms)
0,32.3495,0.452748,147.491
1,29.4673,0.501505,257.763
2,29.4673,0.501505,373.351
3,26.7312,0.547791,451.991
4,10.7684,0.817832,573.187
5,9.50981,0.839124,705.65
