Iteration,Cost,Cost reduction,time (ms)
0,5854.14,0.00110483,176.631
1,5815.5,0.00769818,334.44
2,5765.67,0.0162014,503.893
3,5023.07,0.142911,694.183
4,2196.41,0.625225,912.933
5,2196.41,0.625225,1108.96
