Iteration,Cost,Cost reduction,time (ms)
0,19.3605,0.512332,100.729
1,19.3605,0.512332,165.494
2,19.3605,0.512332,206.521
3,19.3605,0.512332,247.341
4,19.3605,0.512332,288.005
5,19.3605,0.512332,328.452
6,19.3605,0.512332,369.709
