Iteration,Cost,Cost reduction,time (ms)
0,4960.48,0.00132001,132.031
1,4922.62,0.00894233,228.864
2,4873.29,0.0188748,329.58
3,3958.92,0.202963,437.238
4,3508.03,0.293738,546.305
5,2847.92,0.426637,659.069
