Iteration,Cost,Cost reduction,time (ms)
0,21.9751,0.446761,108.188
1,14.8761,0.625484,179.575
2,14.8761,0.625484,250.808
3,13.5964,0.657702,301.105
4,13.5964,0.657702,376.475
5,13.5964,0.657702,427.229
