Iteration,Cost,Cost reduction,time (ms)
0,100.376,0.315468,151.401
1,97.1203,0.33767,265.154
2,45.277,0.691225,382.566
3,37.6992,0.742903,520.699
4,35.6712,0.756734,663.396
5,35.6712,0.756734,803.585
