Iteration,Cost,Cost reduction,time (ms)
0,55.6996,0.182756,191.233
1,22.6796,0.667237,308.087
2,3.45596,0.949293,443.396
3,2.79146,0.959043,616.108
4,2.20459,0.967654,809.144
5,2.03335,0.970166,1007.66
