Iteration,Cost,Cost reduction,time (ms)
0,27.418,0.405978,183.587
1,17.5999,0.618691,363.495
2,13.5316,0.706832,530.48
3,10.6359,0.769569,696.2
4,6.74199,0.853932,863.062
5,6.74199,0.853932,1023.86
