Iteration,Cost,Cost reduction,time (ms)
0,74.3704,0.209145,149.505
1,16.1717,0.82803,260.42
2,15.7854,0.832138,373.404
3,14.2845,0.848099,495.935
4,14.2845,0.848099,614.378
5,13.2768,0.858815,692.645
