Iteration,Cost,Cost reduction,time (ms)
0,4319.22,0.00149691,411.754
1,4280.58,0.0104298,810.555
2,4230.74,0.0219502,1207.89
3,4215.43,0.0254904,1712.06
4,2941.76,0.319933,2201.37
5,1931.49,0.553485,3082.45
