Iteration,Cost,Cost reduction,time (ms)
0,4970.57,0.00130119,178.386
1,4931.93,0.00906498,337.657
2,4882.09,0.0190786,505.506
3,4171.86,0.16178,696.56
4,1542.26,0.690125,914.675
5,1489.82,0.700663,1120.91
