Iteration,Cost,Cost reduction,time (ms)
0,4872.95,0.0013272,152.828
1,4834.31,0.00924524,251.431
2,4784.43,0.0194685,356.275
3,4762.13,0.024039,477.293
4,4076.83,0.164485,598.195
5,4076.83,0.164485,768.001
