Iteration,Cost,Cost reduction,time (ms)
0,4953.19,0.00130642,147.593
1,4914.56,0.00909567,247.326
2,4864.5,0.01919,351.753
3,4000.15,0.193465,472.865
4,3448.99,0.304594,587.081
5,2373.26,0.52149,730.406
