Iteration,Cost,Cost reduction,time (ms)
0,4608.09,0.00140343,415.391
1,4569.44,0.00977708,813.353
2,4519.61,0.0205775,1208.75
3,4426.11,0.0408381,1712.21
4,2559.91,0.445254,2212.53
5,2466.65,0.465465,2961.25
