Iteration,Cost,Cost reduction,time (ms)
0,4642.66,0.00139264,176.801
1,4604.01,0.00970414,334.594
2,4554.18,0.0204224,502.767
3,4201.78,0.0962215,695.668
4,3814.98,0.179422,901.056
5,2309.9,0.503154,1101.98
