Iteration,Cost,Cost reduction,time (ms)
0,0.696789,0.996237,18.071
1,0.379367,0.997951,30.359
2,0.326964,0.998234,42.847
3,0.315294,0.998297,55.457
4,0.294761,0.998408,68.039
5,0.271426,0.998534,81.369
6,0.269789,0.998543,93.737
