Iteration,Cost,Cost reduction,time (ms)
0,613.562,0.610027,6.637
1,355.149,0.774271,11.114
2,32.3056,0.979467,15.562
3,6.94648,0.995585,21.117
4,5.0064,0.996818,25.896
5,5.0064,0.996818,30.304
