Iteration,Cost,Cost reduction,time (ms)
0,28.3964,0.32015,103.831
1,20.5949,0.506929,178.566
2,18.2268,0.563624,252.981
3,18.2268,0.563624,330.327
4,15.9415,0.618338,384.045
5,15.9415,0.618338,459.823
