Iteration,Cost,Cost reduction,time (ms)
0,98.2156,0.336931,145.78
1,88.6897,0.401242,253.786
2,72.9543,0.507474,361.715
3,50.3267,0.660237,469.052
4,37.0722,0.74972,573.119
5,37.0722,0.74972,676.069
