Iteration,Cost,Cost reduction,time (ms)
0,47.3864,0.442083,209.474
1,33.3921,0.606849,418.74
2,26.3398,0.689881,630.623
3,13.3666,0.842624,805.254
4,11.4439,0.865262,981.493
5,10.2778,0.878991,1158.81
