Iteration,Cost,Cost reduction,time (ms)
0,29.0464,0.322983,105.86
1,13.4375,0.686796,182.959
2,10.3473,0.758823,262.72
3,7.88695,0.81617,346.857
4,6.53187,0.847754,444.105
5,5.89723,0.862547,537.706
