Iteration,Cost,Cost reduction,time (ms)
0,27.5011,0.321995,99.746
1,26.7525,0.340452,170.922
2,26.7525,0.340452,238.184
3,20.4237,0.496479,287.715
4,20.3312,0.49876,359.287
