Iteration,Cost,Cost reduction,time (ms)
0,140.462,0.154504,145.534
1,95.6742,0.424098,257.217
2,87.8244,0.471349,374.216
3,48.3313,0.709074,509.968
4,38.6847,0.767141,645.432
5,26.8408,0.838434,782.877
