Iteration,Cost,Cost reduction,time (ms)
0,119.061,0.279969,220.377
1,96.6913,0.41525,424.917
2,28.9219,0.825092,642.176
3,25.886,0.843452,833.604
4,11.387,0.931136,1024.24
5,8.16551,0.950618,1216.04
