Iteration,Cost,Cost reduction,time (ms)
0,4929.03,0.00131217,412.53
1,4890.39,0.0091413,811.894
2,4840.55,0.0192394,1207.24
3,4741.85,0.0392366,1706.39
4,2907.89,0.410822,2208.4
5,2293.08,0.53539,2966.83
