Iteration,Cost,Cost reduction,time (ms)
0,29.7629,0.441895,573.587
1,23.7228,0.555157,1154.62
2,23.7228,0.555157,1681.54
3,16.9981,0.681256,1770.12
4,16.9981,0.681256,2299.66
5,16.9981,0.681256,2388.91
