Iteration,Cost,Cost reduction,time (ms)
0,4403.24,0.0014683,411.415
1,4364.6,0.010231,808.961
2,4314.77,0.0215315,1203.97
3,4299.3,0.0250382,1706.22
4,2997.2,0.320319,2201.66
5,1849.19,0.580655,3104.64
