Iteration,Cost,Cost reduction,time (ms)
0,5033.13,0.00128528,136.927
1,4994.49,0.00895113,234.289
2,4944.61,0.0188499,338.117
3,4784.8,0.0505602,459.645
4,2904.19,0.423727,583.033
5,1543.32,0.693761,723.302
