Iteration,Cost,Cost reduction,time (ms)
0,29.2196,0.341646,538.801
1,14.6799,0.669244,1102.06
2,8.42607,0.81015,1748.19
3,6.92395,0.843995,2369.04
4,6.92395,0.843995,2960.04
5,6.48885,0.853798,3050.23
