Iteration,Cost,Cost reduction,time (ms)
0,4606.04,0.00142145,131.519
1,4568.18,0.0096295,228.226
2,4518.84,0.0203252,329.375
3,3644.76,0.209825,437.343
4,3215.07,0.30298,546.541
5,2700.4,0.41456,660.556
