Iteration,Cost,Cost reduction,time (ms)
0,4942.71,0.00132486,132.828
1,4904.85,0.0089745,230.151
2,4855.51,0.0189439,331.801
3,3942.77,0.203364,439.34
4,3413.01,0.310401,548.579
5,1487.14,0.699522,656.872
