Iteration,Cost,Cost reduction,time (ms)
0,64.6184,0.109558,590.032
1,26.9478,0.628659,1104.2
2,18.3751,0.746791,1640.58
3,13.3787,0.815641,2179.77
4,10.5681,0.854372,2729.04
5,8.59943,0.8815,3293.06
