Iteration,Cost,Cost reduction,time (ms)
0,4455.49,0.00145153,414.02
1,4416.85,0.0101115,811.056
2,4367.01,0.0212818,1207.98
3,3695.78,0.171715,1706.95
4,1572.5,0.647577,2336.8
5,871.498,0.804683,2879.76
