Iteration,Cost,Cost reduction,time (ms)
0,4403.26,0.00146888,154.483
1,4364.63,0.0102304,256.248
2,4314.57,0.0215827,361.284
3,4274.17,0.0307437,476.451
4,3341.01,0.242357,591.035
5,2514.51,0.429783,724.385
