Iteration,Cost,Cost reduction,time (ms)
0,119.767,0.302791,154.894
1,117.398,0.316583,262.544
2,58.9449,0.656859,373.156
3,23.3346,0.86416,490.92
4,20.5914,0.88013,611.724
5,19.3738,0.887217,739.707
