Iteration,Cost,Cost reduction,time (ms)
0,21.3055,0.474741,103.717
1,15.3912,0.620549,176.437
2,14.4731,0.643185,250.452
3,7.80094,0.807678,369.06
4,7.80094,0.807678,491.846
5,7.80094,0.807678,579.248
6,7.80094,0.807678,666.513
