Iteration,Cost,Cost reduction,time (ms)
0,30.8787,0.310144,105.822
1,15.2516,0.659265,185.077
2,8.56658,0.808615,268.544
3,7.06334,0.842199,357.817
4,5.82796,0.869798,447.684
5,5.82796,0.869798,536.578
