Iteration,Cost,Cost reduction,time (ms)
0,4611.57,0.00140307,154.531
1,4572.94,0.00976852,254.204
2,4523.05,0.020573,359.886
3,4481.25,0.0296237,484.219
4,3136.18,0.320886,620.446
5,1467.02,0.682329,801.038
