Iteration,Cost,Cost reduction,time (ms)
0,98.3067,0.331126,149.772
1,98.3067,0.331126,254.105
2,92.9824,0.367352,331.699
3,61.6366,0.580628,483.212
4,35.3112,0.759744,711.777
5,35.3112,0.759744,939.225
