Iteration,Cost,Cost reduction,time (ms)
0,86.2307,0.294685,146.357
1,37.5652,0.692739,250.686
2,6.00454,0.950886,352.367
3,5.91734,0.9516,457.769
4,5.91734,0.9516,562.273
