Iteration,Cost,Cost reduction,time (ms)
0,26.4253,0.314802,104.226
1,23.2769,0.39644,177.314
2,22.3726,0.419887,249.498
3,22.3726,0.419887,323.835
4,22.3726,0.419887,374.399
5,22.3104,0.4215,428.489
