Iteration,Cost,Cost reduction,time (ms)
0,17.7148,0.576047,110.204
1,17.7148,0.576047,175.079
2,17.7148,0.576047,213.183
3,17.7148,0.576047,251.462
4,17.7148,0.576047,289.541
5,17.7148,0.576047,327.762
6,17.7148,0.576047,365.917
