Iteration,Cost,Cost reduction,time (ms)
0,5.044927436846436,0.0,82.53955841064453
1,4.702454014625685,0.06788470726445761,383.47625732421875
2,4.1437855016037375,0.17862336902233,2175.2474308013916
3,4.142940738682835,0.17879081700477917,3123.3508586883545
