Iteration,Cost,Cost reduction,time (ms)
0,22.7837,0.654555,425.321
1,22.2634,0.662443,815.164
2,11.34,0.828063,992.728
3,10.3223,0.843494,1394.54
4,10.3223,0.843494,1792.07
5,10.3223,0.843494,2086.31
6,10.3223,0.843494,2380.53
