Iteration,Cost,Cost reduction,time (ms)
0,4677.04,0.00138264,153.201
1,4638.4,0.00963211,252.045
2,4588.35,0.0203189,354.742
3,4563.05,0.0257206,469.385
4,3890.72,0.169274,582.694
5,2874.66,0.386216,701.516
6,997.032,0.787119,823.227
7,652.919,0.860592,934.603
8,652.919,0.860592,1042.52
