Iteration,Cost,Cost reduction,time (ms)
0,28.2612,0.38976,182.753
1,14.9637,0.67689,360.838
2,9.06383,0.804286,530.418
3,9.06383,0.804286,703.096
4,9.06383,0.804286,765.418
5,9.06383,0.804286,813.263
