Iteration,Cost,Cost reduction,time (ms)
0,5873.17,0.00110164,411.904
1,5834.53,0.00767353,810.143
2,5784.69,0.0161508,1207.57
3,5770.02,0.018645,1712.36
4,3250.58,0.447147,2210.79
5,3113.98,0.47038,2987.06
