Iteration,Cost,Cost reduction,time (ms)
0,25.5219,0.325586,108.822
1,18.1977,0.519128,184.425
2,9.99434,0.735901,264.365
3,9.99434,0.735901,353.83
4,6.9685,0.815858,406.14
5,6.9685,0.815858,493.794
