Iteration,Cost,Cost reduction,time (ms)
0,4336.02,0.00149139,179.935
1,4297.38,0.0103897,337.701
2,4247.54,0.0218669,505.444
3,3575.29,0.176674,697.873
4,1524.76,0.648875,914.557
5,1104.84,0.745574,1109.43
