Iteration,Cost,Cost reduction,time (ms)
0,49.3586,0.218486,149.687
1,20.7611,0.671282,264.595
2,13.2366,0.790419,374.655
3,6.34491,0.899539,494.887
4,5.62074,0.911005,611.818
5,4.11438,0.934855,731.421
