Iteration,Cost,Cost reduction,time (ms)
0,137.975,0.0154786,724.895
1,137.975,0.0154786,1406.73
2,137.975,0.0154786,1700.14
3,137.975,0.0154786,1991.62
4,137.975,0.0154786,2283.27
5,137.975,0.0154786,2574.08
6,137.975,0.0154786,2864.11
