Iteration,Cost,Cost reduction,time (ms)
0,5854.14,0.00110486,132.828
1,5815.5,0.0076974,229.508
2,5765.45,0.0162375,332.16
3,5723.96,0.0233174,446.849
4,3724.59,0.364472,562.829
5,3197.04,0.454487,752.314
