Iteration,Cost,Cost reduction,time (ms)
0,32.2315,0.325694,187.132
1,17.6452,0.630849,371.338
2,9.65045,0.798106,554.058
3,9.06765,0.810298,739.05
4,4.94021,0.896647,920.417
5,4.2934,0.910179,1106.18
