Iteration,Cost,Cost reduction,time (ms)
0,142.24,0.166734,223.417
1,40.3967,0.763349,444.5
2,9.72829,0.94301,634.365
3,9.72829,0.94301,817.863
4,9.72829,0.94301,891.996
5,9.72829,0.94301,964.239
