Iteration,Cost,Cost reduction,time (ms)
0,22.6611,0.491007,105.26
1,16.6447,0.626142,174.929
2,6.89316,0.845172,245.655
3,6.89316,0.845172,319.289
4,5.71129,0.871718,366.88
5,5.71129,0.871718,442.172
