Iteration,Cost,Cost reduction,time (ms)
0,33.4427,0.278637,105.745
1,20.7803,0.551766,179.094
2,19.7043,0.574975,253.544
3,14.2792,0.691996,336.144
4,13.496,0.708889,425.723
5,11.1372,0.759769,510.946
