Iteration,Cost,Cost reduction,time (ms)
0,25.9334,0.380617,102.547
1,12.6821,0.697107,174.402
2,12.6821,0.697107,248.102
3,12.6821,0.697107,295.112
4,12.6821,0.697107,342.975
5,12.6821,0.697107,390.79
