Iteration,Cost,Cost reduction,time (ms)
0,5164.04,0.00126805,131.426
1,5126.18,0.00859029,229.315
2,5076.85,0.0181317,330.636
3,4138.61,0.199588,438.458
4,3672.49,0.289736,547.34
5,2967.81,0.426022,660.038
