Iteration,Cost,Cost reduction,time (ms)
0,94.6964,0.28926,168.281
1,47.5509,0.643108,312.093
2,31.5101,0.763502,444.428
3,31.5101,0.763502,579.375
4,31.4005,0.764325,661.49
5,31.4005,0.764325,794.351
