Iteration,Cost,Cost reduction,time (ms)
0,37.0671,0.0562971,521.177
1,12.3428,0.685761,1089.53
2,7.50197,0.809005,1548.64
3,7.50197,0.809005,2025.82
4,7.35767,0.812679,2115.19
5,6.07419,0.845355,2574.23
