Iteration,Cost,Cost reduction,time (ms)
0,3.5532,0.985928,6.085
1,2.15282,0.991474,10.73
2,1.92963,0.992358,14.908
3,1.88707,0.992526,19.791
4,1.88707,0.992526,23.678
