Iteration,Cost,Cost reduction,time (ms)
0,21.5212,0.549073,172.049
1,20.6872,0.566548,332.289
2,19.6263,0.588776,493.199
3,19.6263,0.588776,652.73
4,8.5672,0.820494,719.05
5,8.55432,0.820764,870.789
