Iteration,Cost,Cost reduction,time (ms)
0,25.6287,0.405114,117.942
1,14.3251,0.66749,193.447
2,14.3251,0.66749,276.557
3,14.0883,0.672988,328.951
4,11.6874,0.728714,420.016
5,8.89969,0.793423,513.182
