Iteration,Cost,Cost reduction,time (ms)
0,4535.15,0.00142607,179.394
1,4496.51,0.00993417,336.554
2,4446.67,0.0209085,499.218
3,3769.31,0.170053,693.618
4,1469.73,0.676388,908.884
5,986.413,0.782806,1112.8
