Iteration,Cost,Cost reduction,time (ms)
0,4257.12,0.00151923,179.473
1,4218.48,0.0105821,337.658
2,4168.63,0.0222729,506.513
3,3515.67,0.175421,696.82
4,1641.47,0.615004,907.105
5,1641.47,0.615004,1106.26
