Iteration,Cost,Cost reduction,time (ms)
0,26.9166,0.388528,114.654
1,16.8721,0.616713,186.399
2,16.5008,0.625148,257.793
3,16.5008,0.625148,330.535
4,16.3858,0.627758,380.447
5,16.3858,0.627758,454.539
