Iteration,Cost,Cost reduction,time (ms)
0,65.018,0.106767,6.545
1,64.315,0.116425,10.954
2,64.315,0.116425,14.687
3,64.315,0.116425,17.359
4,64.315,0.116425,20.197
