Iteration,Cost,Cost reduction,time (ms)
0,4179.42,0.00156673,132.515
1,4141.56,0.0106111,229.572
2,4092.22,0.0223982,331.706
3,3250.17,0.223559,439.538
4,1365.16,0.673872,548.531
5,1308.19,0.687483,653.933
