Iteration,Cost,Cost reduction,time (ms)
0,4639.48,0.00141125,133.901
1,4601.62,0.00956019,230.738
2,4552.29,0.0201793,331.445
3,3668.62,0.210378,439.012
4,3204.22,0.310332,546.95
5,2560.06,0.44898,655.482
