Iteration,Cost,Cost reduction,time (ms)
0,30.8181,0.318814,106.152
1,24.0552,0.468298,184.315
2,19.5415,0.568066,262.995
3,18.7567,0.585413,349.593
4,15.2255,0.663464,435.162
5,14.1002,0.688337,535.063
