Iteration,Cost,Cost reduction,time (ms)
0,84.8416,0.345732,152.97
1,70.0245,0.459996,260.563
2,51.0245,0.606518,370.386
3,51.0245,0.606518,482.775
4,51.0245,0.606518,561.38
5,51.0245,0.606518,640.229
