Iteration,Cost,Cost reduction,time (ms)
0,22.6323,0.112385,29.155
1,16.9681,0.334526,51.758
2,13.5787,0.467456,72.004
3,12.3443,0.51587,92.636
4,10.0246,0.606846,113.956
5,9.07987,0.643896,133.618
6,7.60572,0.701711,154.157
7,7.25601,0.715426,173.758
8,5.99479,0.76489,193.588
9,5.29439,0.792359,214.093
