Iteration,Cost,Cost reduction,time (ms)
0,22.143,0.408471,569.773
1,14.1667,0.621551,1105.83
2,14.1667,0.621551,1599.83
3,12.926,0.654693,1693.84
4,12.926,0.654693,2179.46
5,10.9277,0.708076,2273.17
