Iteration,Cost,Cost reduction,time (ms)
0,4336.03,0.00149146,183.706
1,4297.39,0.0103897,344.024
2,4247.54,0.0218672,513.132
3,3572.23,0.177381,702.828
4,1390.59,0.679771,918.171
5,1206.38,0.722192,1118.95
