Iteration,Cost,Cost reduction,time (ms)
0,138.009,0.0832585,137.244
1,51.828,0.655727,235.972
2,30.6866,0.796161,354.427
3,30.6866,0.796161,480.376
4,30.4972,0.797419,570.309
5,30.4972,0.797419,692.882
