Iteration,Cost,Cost reduction,time (ms)
0,102.604,0.228492,226.482
1,20.7609,0.843894,446.17
2,13.447,0.898889,649.27
3,9.57884,0.927974,851.737
4,9.57884,0.927974,1052.05
5,9.57884,0.927974,1133.81
