Iteration,Cost,Cost reduction,time (ms)
0,28.4385,0.314227,108.532
1,21.699,0.476744,190.591
2,21.1295,0.490478,273.425
3,14.328,0.654492,358.58
4,8.12484,0.804076,468.306
5,6.8124,0.835724,618.305
