Iteration,Cost,Cost reduction,time (ms)
0,4.35193,0.939025,157.985
1,4.35193,0.939025,264.941
2,4.35193,0.939025,340.411
3,4.35193,0.939025,415.559
4,4.35193,0.939025,490.728
5,4.35193,0.939025,566.187
6,4.35193,0.939025,639.274
