Iteration,Cost,Cost reduction,time (ms)
0,5519.15,0.00118671,131.654
1,5481.29,0.00803832,229.78
2,5431.95,0.0169676,331.867
3,4453.97,0.193955,439.088
4,3535.61,0.360153,547.304
5,3535.61,0.360153,650.785
