Iteration,Cost,Cost reduction,time (ms)
0,126.02,0.106943,56.905
1,120.285,0.147589,107.364
2,120.057,0.1492,159.636
3,120.057,0.1492,201.307
4,118.234,0.162121,239.264
5,118.234,0.162121,277.77
6,118.234,0.162121,619.572
