Iteration,Cost,Cost reduction,time (ms)
0,83.4501,0.362245,546.4
1,55.1639,0.578419,1099.55
2,51.3569,0.607513,1636.64
3,26.8756,0.794607,2170.32
4,26.8756,0.794607,2711.15
5,26.8756,0.794607,2805.4
