Iteration,Cost,Cost reduction,time (ms)
0,26.3542,0.410957,567.469
1,11.3195,0.746997,1090.63
2,5.76599,0.871124,1607.24
3,4.88122,0.8909,2117.3
4,4.88122,0.8909,2632.56
5,4.88122,0.8909,2722.25
