Iteration,Cost,Cost reduction,time (ms)
0,120.957,0.295862,219.326
1,108.504,0.368357,420.353
2,66.818,0.611026,624.628
3,29.7469,0.826832,831.952
4,12.8944,0.924936,1037.04
5,5.84316,0.965985,1256.22
