Iteration,Cost,Cost reduction,time (ms)
0,74.6563,0.172415,594.522
1,19.7452,0.78112,1150.91
2,5.57661,0.938182,1731.46
3,5.57661,0.938182,2303.36
4,5.3801,0.94036,2398.04
5,5.3801,0.94036,2961.47
