Iteration,Cost,Cost reduction,time (ms)
0,25.7702,0.368665,589.745
1,11.0848,0.728437,1159.58
2,8.11874,0.801102,1791.15
3,8.07053,0.802283,2418.95
4,4.08838,0.89984,3042.83
5,3.81995,0.906417,3660.48
