Iteration,Cost,Cost reduction,time (ms)
0,84.9866,0.505247,582.351
1,63.504,0.630309,1119.56
2,39.8509,0.768006,1672.64
3,32.9685,0.808073,2233.34
4,10.5902,0.938349,2787.68
5,10.5902,0.938349,3311.58
