Iteration,Cost,Cost reduction,time (ms)
0,5627.49,0.00114955,416.911
1,5588.85,0.00800806,814.189
2,5539.01,0.0168545,1206.71
3,4829.05,0.142868,1706.68
4,1927.94,0.657802,2336.66
5,1327.73,0.764335,2864.52
