Iteration,Cost,Cost reduction,time (ms)
0,24.788,0.431522,573.852
1,15.1363,0.652871,1116.25
2,12.182,0.720623,1633.95
3,9.42352,0.783885,2149.23
4,8.75007,0.79933,2663.26
5,8.00612,0.816391,3173.74
