Iteration,Cost,Cost reduction,time (ms)
0,29.981,0.320657,104.638
1,13.7273,0.688951,179.952
2,13.671,0.690227,255.656
3,13.3648,0.697165,335.489
4,13.0406,0.704512,416.791
5,13.0406,0.704512,493.198
