Iteration,Cost,Cost reduction,time (ms)
0,108.3,0.346457,147.444
1,41.4736,0.749726,255.355
2,22.09,0.866697,375.203
3,20.9376,0.873651,530.082
4,9.71188,0.941393,671.025
5,8.00321,0.951704,814.466
