Iteration,Cost,Cost reduction,time (ms)
0,56.6318,0.00489509,100.691
1,56.6318,0.00489509,169.505
2,56.6318,0.00489509,211.629
3,51.2449,0.0995515,260.708
4,51.2449,0.0995515,329.66
5,42.6232,0.251047,377.947
