Iteration,Cost,Cost reduction,time (ms)
0,4970.56,0.00130097,177.08
1,4931.92,0.00906485,335.921
2,4882.09,0.0190776,501.733
3,4185.9,0.158957,693.604
4,1757.23,0.646933,908.294
5,1657.19,0.667033,1108.79
