Iteration,Cost,Cost reduction,time (ms)
0,30.6853,0.325177,111.819
1,23.4983,0.483232,183.924
2,22.4508,0.506269,256.843
3,21.7747,0.521137,338.299
4,17.7033,0.610675,417.971
5,16.4571,0.638081,503.537
