Iteration,Cost,Cost reduction,time (ms)
0,30.1564,0.335074,183.254
1,28.6327,0.368672,350.867
2,23.54,0.480962,520.574
3,23.54,0.480962,678.94
4,22.8157,0.496931,746.343
5,16.1263,0.644428,909.742
