Iteration,Cost,Cost reduction,time (ms)
0,604.28,0.615926,15.951
1,604.28,0.615926,24.493
2,604.28,0.615926,33.687
3,396.251,0.748147,43.786
4,396.251,0.748147,54.33
5,396.251,0.748147,61.64
6,396.251,0.748147,73.208
