Iteration,Cost,Cost reduction,time (ms)
0,5807.55,0.00112748,133.189
1,5769.69,0.0076394,229.699
2,5720.35,0.0161252,330.263
3,4753.49,0.182421,437.703
4,4349.13,0.251969,548.978
5,3651.35,0.371984,662.673
