Iteration,Cost,Cost reduction,time (ms)
0,47.5278,0.404678,152.482
1,35.1203,0.560092,258.113
2,11.0513,0.861575,372.573
3,5.05827,0.936641,495.687
4,4.64993,0.941756,633.112
5,3.34396,0.958114,776.538
