Iteration,Cost,Cost reduction,time (ms)
0,64.4495,0.31329,150.132
1,35.0121,0.626946,257.134
2,20.8051,0.778321,369.717
3,11.2073,0.880586,484.341
4,10.5921,0.887141,599.107
5,10.5921,0.887141,713.661
