Iteration,Cost,Cost reduction,time (ms)
0,29.0066,0.372919,106.808
1,15.1906,0.6716,182.445
2,10.6498,0.769768,259.581
3,10.6498,0.769768,338.728
4,10.6498,0.769768,389.224
5,10.6498,0.769768,440.582
