Iteration,Cost,Cost reduction,time (ms)
0,129.333,0.290862,152.104
1,123.5,0.32284,259.899
2,103.267,0.433782,369.502
3,103.267,0.433782,488.554
4,103.267,0.433782,565.451
5,103.026,0.435104,643.995
