Iteration,Cost,Cost reduction,time (ms)
0,26.2354,0.355124,592.137
1,11.5086,0.717114,1167.6
2,7.30501,0.82044,1807.88
3,6.90151,0.830359,2411.57
4,6.87067,0.831117,3014.43
5,6.62086,0.837257,3609.34
