Iteration,Cost,Cost reduction,time (ms)
0,21.2159,0.459685,105.551
1,15.3705,0.608552,176.353
2,15.3705,0.608552,249.135
3,15.3705,0.608552,296.646
4,15.3705,0.608552,345.461
5,15.3705,0.608552,393.789
