Iteration,Cost,Cost reduction,time (ms)
0,7.34165543684648,0.0,30.963659286499023
1,7.253738741038989,0.011975050663131537,220.2160358428955
