Iteration,Cost,Cost reduction,time (ms)
0,4319.24,0.00149741,412.178
1,4280.6,0.0104301,807.84
2,4230.76,0.0219531,1205.83
3,4088.08,0.054935,1706.3
4,2304.84,0.467177,2253.73
5,1452.93,0.664119,2779.92
