Iteration,Cost,Cost reduction,time (ms)
0,8.44522,0.854053,151.443
1,6.29325,0.891242,289.245
2,6.29325,0.891242,439.647
3,6.29325,0.891242,515.114
4,6.29325,0.891242,591.714
5,6.29325,0.891242,667.547
