Iteration,Cost,Cost reduction,time (ms)
0,44.8689,0.312889,909.357
1,32.5049,0.502228,1778.34
2,31.4328,0.518645,2652.83
3,26.8964,0.588114,3570.31
4,26.8964,0.588114,4462.81
