Iteration,Cost,Cost reduction,time (ms)
0,63.0978,0.317126,530.535
1,41.3175,0.552843,1089.87
2,41.3175,0.552843,1631.99
3,38.8036,0.580049,1725.5
4,38.8036,0.580049,2261.09
5,38.8036,0.580049,2354.53
