Iteration,Cost,Cost reduction,time (ms)
0,573.901,0.630889,16.379
1,573.901,0.630889,28.718
2,397.627,0.744262,40.53
3,397.627,0.744262,59.627
4,397.627,0.744262,74.154
5,397.627,0.744262,85.669
6,397.627,0.744262,97.153
