Iteration,Cost,Cost reduction,time (ms)
0,24.9564,0.35986,108.645
1,18.2097,0.532914,186.546
2,18.2097,0.532914,260.812
3,17.6905,0.546233,310.774
4,11.1144,0.714912,393.79
5,10.8216,0.722423,482.558
