Iteration,Cost,Cost reduction,time (ms)
0,5305.77,0.00121876,413.548
1,5267.12,0.00849277,810.199
2,5217.29,0.0178732,1206.53
3,5060.72,0.0473468,1707.18
4,4232.75,0.203208,2247.35
5,4003.68,0.24633,2793.81
