Iteration,Cost,Cost reduction,time (ms)
0,75.8169,0.402053,149.782
1,45.8821,0.638141,261.268
2,40.5902,0.679876,389.362
3,40.0973,0.683763,524.117
4,33.8706,0.732872,659.418
5,21.8589,0.827605,799.894
