Iteration,Cost,Cost reduction,time (ms)
0,78.8013,0.390379,156.698
1,61.0369,0.527808,268.298
2,61.0369,0.527808,408.873
3,57.3109,0.556633,492.645
4,57.0582,0.558587,634.498
5,57.0582,0.558587,776.542
