Iteration,Cost,Cost reduction,time (ms)
0,29.4132,0.333977,105.097
1,26.6315,0.396964,178.901
2,23.0193,0.478758,250.263
3,22.5518,0.489345,324.094
4,22.5264,0.48992,400.233
5,21.6146,0.510567,476.83
