Iteration,Cost,Cost reduction,time (ms)
0,82.0751,0.334835,151.797
1,42.4902,0.655644,261.501
2,40.3401,0.67307,383.285
3,31.4815,0.744863,512.876
4,23.3974,0.810379,653.255
5,22.0051,0.821663,794.546
