Iteration,Cost,Cost reduction,time (ms)
0,5.316338636846429,0.0,82.12399482727051
1,4.974639916114846,0.06427331742250963,382.89403915405273
2,4.612582317021089,0.13237612723684533,1121.5107440948486
3,4.587020147929637,0.1371843553873785,2303.150177001953
4,4.586702090158323,0.13724418185687937,3283.015489578247
