Iteration,Cost,Cost reduction,time (ms)
0,51.3442,0.432056,150.996
1,51.3442,0.432056,268.632
2,18.5291,0.79504,347.37
3,18.5291,0.79504,645.573
4,13.0421,0.855734,732.683
5,13.0421,0.855734,1029.49
