Iteration,Cost,Cost reduction,time (ms)
0,55.608,0.404174,149.492
1,46.0665,0.506409,257.689
2,17.8734,0.808491,370.859
3,17.8734,0.808491,492.851
4,17.6954,0.810398,576.323
5,17.6497,0.810888,697.341
