Iteration,Cost,Cost reduction,time (ms)
0,4639.57,0.00139461,136.269
1,4600.94,0.00970965,233.167
2,4550.88,0.0204854,336.4
3,3721.46,0.199007,455.74
4,3100.79,0.332596,568.85
5,2351.53,0.493864,715.481
