Iteration,Cost,Cost reduction,time (ms)
0,5872.01,0.00110196,136.091
1,5833.38,0.00767384,233.238
2,5783.32,0.0161891,335.863
3,5742.98,0.0230506,452.134
4,4084.51,0.305177,567
5,3097.49,0.47308,734.943
