Iteration,Cost,Cost reduction,time (ms)
0,37.3249,0.274863,213.365
1,15.6869,0.69524,407.553
2,7.8807,0.846896,604.357
3,5.93206,0.884754,791.994
4,5.91779,0.885031,986.545
5,4.66801,0.909311,1179.93
