Iteration,Cost,Cost reduction,time (ms)
0,104.789,0.380492,576.557
1,94.789,0.43961,1091.89
2,74.1013,0.561916,1636.15
3,47.861,0.717047,2175.59
4,14.9778,0.911452,2709.37
5,14.9778,0.911452,3227.51
