Iteration,Cost,Cost reduction,time (ms)
0,28.1258,0.305616,108.042
1,25.6334,0.367149,187.095
2,10.5612,0.739261,265.148
3,10.5603,0.739283,345.621
4,8.3696,0.793367,428.266
5,8.3696,0.793367,525.113
