Iteration,Cost,Cost reduction,time (ms)
0,26.0792,0.373958,187.662
1,17.9651,0.56874,370.41
2,10.1701,0.755861,546.914
3,10.1352,0.756699,724.11
4,9.97043,0.760656,902.575
5,5.81659,0.86037,1079.54
