Iteration,Cost,Cost reduction,time (ms)
0,96.1007,0.323632,153.047
1,96.1007,0.323632,261.785
2,96.1007,0.323632,343.464
3,96.1007,0.323632,422.307
4,96.1007,0.323632,501.449
5,96.1007,0.323632,581.626
