Iteration,Cost,Cost reduction,time (ms)
0,42.3772,0.405302,22.111
1,15.5506,0.781771,35.003
2,12.0869,0.83038,48.791
3,12.0869,0.83038,60.278
4,9.95966,0.860232,64.768
5,9.26161,0.870028,76.852
6,8.80012,0.876504,87.799
7,6.89814,0.903195,98.387
8,6.57815,0.907686,111.697
9,6.57815,0.907686,124.616
