Iteration,Cost,Cost reduction,time (ms)
0,4742.61,0.0013638,137.723
1,4703.97,0.00949917,236.379
2,4654.08,0.0200041,341.01
3,4621.29,0.026909,462.148
4,3679.88,0.22514,595.184
5,2461.02,0.481791,740.499
