Iteration,Cost,Cost reduction,time (ms)
0,41.618,0.286002,155.502
1,10.0675,0.827282,263.877
2,4.60282,0.921034,381.81
3,1.48914,0.974452,504.462
4,1.2123,0.979202,624.716
5,0.891035,0.984713,747.974
