Iteration,Cost,Cost reduction,time (ms)
0,34.0102,0.266224,184.188
1,16.1163,0.652287,374.117
2,8.36449,0.819535,564.487
3,5.263,0.88645,744.498
4,3.44071,0.925766,923.729
5,3.44071,0.925766,1098.9
