Iteration,Cost,Cost reduction,time (ms)
0,30.8569,0.334257,105.958
1,20.9132,0.548794,181.914
2,15.2464,0.671055,260.81
3,13.5797,0.707016,340.829
4,4.59399,0.900884,421.576
5,4.59399,0.900884,498.5
