Iteration,Cost,Cost reduction,time (ms)
0,28.5755,0.441151,230.5
1,10.2959,0.798644,346.988
2,6.48177,0.873237,468.085
3,3.83603,0.924979,590.838
4,3.21529,0.937119,715.063
5,2.99697,0.941389,838.575
