Iteration,Cost,Cost reduction,time (ms)
0,4498.31,0.00143735,161.004
1,4459.68,0.0100141,260.882
2,4409.63,0.0211241,363.924
3,4385.55,0.0264699,476.752
4,1799.14,0.600616,589.823
5,808.964,0.820421,705.994
