Iteration,Cost,Cost reduction,time (ms)
0,38.3245,0.316128,518.194
1,19.4306,0.653275,1020.61
2,19.4306,0.653275,1497.18
3,19.4306,0.653275,1587.18
4,19.4306,0.653275,1648.64
5,19.4306,0.653275,1694.6
