Iteration,Cost,Cost reduction,time (ms)
0,4535.13,0.0014257,412.175
1,4496.49,0.00993395,809.222
2,4446.66,0.0209067,1203.84
3,3785.21,0.166548,1706.92
4,1551.35,0.658413,2343.61
5,819.655,0.819523,2883
