Iteration,Cost,Cost reduction,time (ms)
0,30.6278,0.330966,110.919
1,25.7506,0.437505,186.118
2,20.4533,0.553217,261.472
3,6.72242,0.853156,340.736
4,6.72242,0.853156,421.436
5,6.46929,0.858685,471.989
