Iteration,Cost,Cost reduction,time (ms)
0,4312.48,0.00149959,133.243
1,4273.85,0.0104446,231.205
2,4223.96,0.0219946,334.887
3,4206.07,0.0261374,454.631
4,2116.71,0.509903,586.837
5,2116.71,0.509903,739.059
