Iteration,Cost,Cost reduction,time (ms)
0,4929.01,0.00131179,413.615
1,4890.37,0.00914108,810.018
2,4840.54,0.0192376,1206.01
3,4689.45,0.0498501,1707.65
4,3959.65,0.197717,2249.75
5,2860.47,0.420428,2790.97
