Iteration,Cost,Cost reduction,time (ms)
0,29.685,0.297057,182.011
1,19.3642,0.541454,344.53
2,17.2987,0.590365,511.24
3,12.4283,0.705697,674.081
4,6.46375,0.846938,837.405
5,5.74028,0.86407,1003.57
