Iteration,Cost,Cost reduction,time (ms)
0,29.7296,0.377367,107.974
1,14.8286,0.689442,184.795
2,10.7671,0.774502,267.718
3,9.32205,0.804767,354.343
4,7.43805,0.844223,446.641
5,6.50804,0.863701,535.926
