Iteration,Cost,Cost reduction,time (ms)
0,5392.34,0.0011998,137.689
1,5353.71,0.00835558,237.375
2,5303.82,0.0175959,342.215
3,5226.22,0.0319688,463.82
4,2815.08,0.478576,584.23
5,1816.96,0.663452,753.638
