Iteration,Cost,Cost reduction,time (ms)
0,4257.1,0.00151933,146.59
1,4218.46,0.0105804,243.809
2,4168.57,0.0222815,347.884
3,4135.66,0.0300015,469.283
4,1978.2,0.536023,608.369
5,1978.2,0.536023,814.53
