Iteration,Cost,Cost reduction,time (ms)
0,15.5951,0.90794,15.567
1,9.74028,0.942502,26.081
2,9.08871,0.946348,34.92
3,9.08871,0.946348,43.656
4,9.06263,0.946502,48.353
