Iteration,Cost,Cost reduction,time (ms)
0,93.3603,0.371335,147.856
1,93.3603,0.371335,250.373
2,93.3603,0.371335,321.346
3,93.3603,0.371335,393.845
4,93.3603,0.371335,466.785
5,93.3603,0.371335,540.062
