Iteration,Cost,Cost reduction,time (ms)
0,4168.87,0.00157032,131.484
1,4131.01,0.0106377,228.711
2,4081.67,0.0224534,329.506
3,3251.46,0.221286,437.149
4,2818.72,0.324926,545.909
5,1294.91,0.689872,653.97
