Iteration,Cost,Cost reduction,time (ms)
0,53.0511,0.429372,220.567
1,39.6708,0.573293,424.193
2,30.7881,0.668837,629.504
3,30.7881,0.668837,838.216
4,30.7703,0.669029,920.157
5,30.7703,0.669029,1126.23
