Iteration,Cost,Cost reduction,time (ms)
0,27.6519,0.304153,108.313
1,14.1729,0.643345,182.826
2,13.6031,0.657685,256.739
3,9.37796,0.764008,335.775
4,6.81881,0.828408,416.463
5,6.81881,0.828408,496.172
