Iteration,Cost,Cost reduction,time (ms)
0,4593.12,0.00140847,139.817
1,4554.49,0.00980757,238.005
2,4504.59,0.0206545,343.063
3,3882.95,0.155806,463.299
4,2613.04,0.431899,586.819
5,1293.08,0.718872,743.617
