Iteration,Cost,Cost reduction,time (ms)
0,27.2934,0.320427,106.142
1,26.5632,0.338609,178.659
2,26.5632,0.338609,248.491
3,21.057,0.475707,299.415
4,18.3472,0.543177,378.232
5,11.7089,0.708462,458.414
