Iteration,Cost,Cost reduction,time (ms)
0,26.7096,0.381166,111.57
1,26.7096,0.381166,187.509
2,26.7096,0.381166,227.566
3,26.7096,0.381166,267.197
4,26.7096,0.381166,307.118
5,26.7096,0.381166,347.447
6,26.7096,0.381166,387.584
