Iteration,Cost,Cost reduction,time (ms)
0,23.867,0.377023,534.553
1,14.1524,0.630593,1030.12
2,14.1524,0.630593,1531.42
3,9.96404,0.739919,1624.08
4,9.96404,0.739919,2106.17
5,7.76622,0.797286,2196.89
