Iteration,Cost,Cost reduction,time (ms)
0,29.2294,0.213686,539.803
1,10.1642,0.726569,1064.78
2,8.19386,0.779573,1605.68
3,6.58339,0.822897,2122.51
4,5.65966,0.847747,2648.78
5,5.46677,0.852936,3145.11
