Iteration,Cost,Cost reduction,time (ms)
0,30.9617,0.324879,104.455
1,13.8149,0.698765,180.8
2,7.55695,0.83522,258.295
3,7.55695,0.83522,331.628
4,7.55695,0.83522,385.134
5,7.54621,0.835455,440.514
