Iteration,Cost,Cost reduction,time (ms)
0,5650.38,0.00115912,132.985
1,5612.52,0.00785181,229.575
2,5563.18,0.016574,331.43
3,4577.51,0.190814,439.13
4,3989.77,0.294713,547.49
5,2856.28,0.495085,655.327
