Iteration,Cost,Cost reduction,time (ms)
0,67.6049,0.262449,206.644
1,29.5284,0.677853,409.624
2,29.5284,0.677853,614.316
3,28.4207,0.689938,699.61
4,28.4207,0.689938,906.728
5,28.4207,0.689938,991.563
