Iteration,Cost,Cost reduction,time (ms)
0,5666.03,0.00114207,135.7
1,5627.4,0.00795255,233.644
2,5577.51,0.0167479,338.51
3,4831.26,0.148302,463.829
4,3136.93,0.446994,586.798
5,2080.52,0.633227,739.033
