Iteration,Cost,Cost reduction,time (ms)
0,25.9904,0.360753,108.342
1,11.6705,0.712959,188.278
2,9.5864,0.764218,271.353
3,9.5864,0.764218,412.025
4,9.5864,0.764218,468.348
5,9.5864,0.764218,517.842
