Iteration,Cost,Cost reduction,time (ms)
0,30.8197,0.346531,107.758
1,11.8001,0.749803,185.063
2,11.748,0.750909,268.813
3,6.47753,0.862657,360.693
4,6.06754,0.87135,458.695
5,5.92804,0.874308,554.346
