Iteration,Cost,Cost reduction,time (ms)
0,5807.62,0.00111375,145.848
1,5768.99,0.00775878,244.01
2,5718.94,0.016367,346.47
3,5500.56,0.053927,462.355
4,4488.25,0.228041,581.307
5,3417.23,0.412252,802.453
