Iteration,Cost,Cost reduction,time (ms)
0,127.765,0.0640959,213.31
1,67.6029,0.504794,429.645
2,17.2158,0.87389,628.5
3,14.669,0.892546,826.33
4,9.63339,0.929433,1023.01
5,8.42678,0.938272,1207.36
