Iteration,Cost,Cost reduction,time (ms)
0,71.1059,0.363957,146.89
1,62.0869,0.444632,256.767
2,33.3004,0.702128,367.944
3,17.3517,0.844788,488.543
4,12.4584,0.88856,600.171
5,4.57701,0.959059,722.769
