Iteration,Cost,Cost reduction,time (ms)
0,88.0601,0.314579,150.301
1,88.0601,0.314579,257.908
2,88.0601,0.314579,336.597
3,88.0601,0.314579,413.035
4,88.0601,0.314579,490.998
5,88.0601,0.314579,568.994
