Iteration,Cost,Cost reduction,time (ms)
0,70.7909,0.371086,151.733
1,58.8954,0.476767,259.84
2,11.7662,0.895468,381.794
3,9.77425,0.913164,523.831
4,9.25194,0.917805,668.235
5,9.25194,0.917805,816.763
