Iteration,Cost,Cost reduction,time (ms)
0,88.1563,0.343089,222.209
1,79.4935,0.407641,435.15
2,73.942,0.449009,638.809
3,35.2741,0.737149,838.737
4,17.9025,0.866596,1053.34
5,6.92459,0.9484,1273.58
