Iteration,Cost,Cost reduction,time (ms)
0,34.4297,0.461743,221.692
1,13.0071,0.796653,423.742
2,6.85597,0.892817,635.804
3,2.92869,0.954214,844.005
4,2.92869,0.954214,1063.15
5,2.92869,0.954214,1148.2
