Iteration,Cost,Cost reduction,time (ms)
0,32.2766,0.296106,104.898
1,18.2816,0.601312,179.074
2,15.2904,0.666545,252.964
3,11.1152,0.757597,330.901
4,11.1152,0.757597,408.686
5,11.1152,0.757597,461.232
