Iteration,Cost,Cost reduction,time (ms)
0,36.4715,0,134.672
1,36.4715,0,191.558
2,36.4715,0,233.416
3,36.4715,0,281.962
4,36.4257,0.00125668,375.976
5,36.4257,0.00125668,423.539
6,36.2114,0.00713107,452.915
