Iteration,Cost,Cost reduction,time (ms)
0,33.3267,0.265988,516.444
1,16.1641,0.643991,1086.03
2,7.57129,0.833244,1683.61
3,5.98856,0.868104,2210.62
4,3.74744,0.917464,2734.4
5,3.5281,0.922295,3246.94
