Iteration,Cost,Cost reduction,time (ms)
0,108.337,0.306771,205.581
1,44.5699,0.714806,407.039
2,39.4579,0.747517,617.48
3,39.4579,0.747517,822.207
4,39.4579,0.747517,905.528
5,39.4579,0.747517,983.604
