Iteration,Cost,Cost reduction,time (ms)
0,85.8721,0.293106,149.481
1,71.158,0.414231,265.554
2,71.158,0.414231,398.426
3,66.8281,0.449875,478.2
4,66.8281,0.449875,611.25
5,66.8281,0.449875,690.079
