Iteration,Cost,Cost reduction,time (ms)
0,61.4982,0.00575102,148.056
1,23.0477,0.627385,258.248
2,14.482,0.765869,377.55
3,10.5354,0.829673,506.214
4,10.0014,0.838307,639.333
5,7.06483,0.885782,784.115
