Iteration,Cost,Cost reduction,time (ms)
0,67.5132,0.397763,152.351
1,58.6107,0.477175,261.922
2,44.921,0.599292,383.151
3,14.4035,0.871517,505.625
4,9.07998,0.919004,636.585
5,9.07998,0.919004,763.761
