Iteration,Cost,Cost reduction,time (ms)
0,5143.63,0.00125746,179.33
1,5104.99,0.00876037,336.388
2,5055.15,0.0184375,504.126
3,4368,0.151861,694.974
4,1992.96,0.613026,913.616
5,1268.39,0.753716,1116.76
