Iteration,Cost,Cost reduction,time (ms)
0,20.8297,0.850939,20.537
1,10.4892,0.924938,34.512
2,10.4892,0.924938,47.612
3,8.76527,0.937274,53.504
4,8.76527,0.937274,68.378
