Iteration,Cost,Cost reduction,time (ms)
0,341.18,0.772566,7.622
1,202.549,0.864979,12.336
2,73.0366,0.951313,16.598
3,21.5133,0.985659,21.496
4,21.5133,0.985659,25.13
