Iteration,Cost,Cost reduction,time (ms)
0,25.2258,0.337,176.94
1,23.933,0.370978,339.074
2,23.933,0.370978,506.978
3,18.3867,0.516751,571.91
4,15.5491,0.591328,733.277
5,15.4178,0.594779,902.94
