Iteration,Cost,Cost reduction,time (ms)
0,24.4225,0.330357,98.164
1,12.6273,0.653771,168.479
2,12.6273,0.653771,240.261
3,11.4329,0.68652,288.811
4,11.4329,0.68652,363.604
5,10.4093,0.714585,413.991
