Iteration,Cost,Cost reduction,time (ms)
0,116.764,0.294548,583.98
1,66.5713,0.597798,1133.64
2,63.3761,0.617103,1670.32
3,63.3761,0.617103,2188.04
4,63.3761,0.617103,2277.15
5,63.3761,0.617103,2351.17
