Iteration,Cost,Cost reduction,time (ms)
0,27.0058,0.381681,542.259
1,5.17709,0.881467,1077.29
2,3.18073,0.927175,1561.04
3,3.18073,0.927175,2038.92
4,2.19578,0.949726,2130.19
5,2.19578,0.949726,2595.7
