Iteration,Cost,Cost reduction,time (ms)
0,86.9969,0.170922,275.655
1,67.1499,0.360063,448.811
2,39.4336,0.624199,636.437
3,39.4336,0.624199,809.465
4,39.4336,0.624199,887.143
5,39.4336,0.624199,962.338
