Iteration,Cost,Cost reduction,time (ms)
0,115.499,0.31875,150.324
1,105.881,0.375482,260.57
2,53.8494,0.682381,388.481
3,47.7701,0.718238,537.034
4,44.6706,0.73652,690.185
5,34.0798,0.798987,848.353
