Iteration,Cost,Cost reduction,time (ms)
0,5164.11,0.00125225,137.546
1,5125.47,0.00872456,235.392
2,5075.59,0.0183715,340.228
3,5057.22,0.0219241,460.809
4,4638.85,0.102838,596.695
5,2866.13,0.445685,740.189
