Iteration,Cost,Cost reduction,time (ms)
0,4447.85,0.00145377,139.707
1,4409.21,0.0101273,237.998
2,4359.33,0.0213256,340.34
3,4207.99,0.0553025,463.622
4,3601.01,0.191571,609.027
5,2793.19,0.372925,799.792
