Iteration,Cost,Cost reduction,time (ms)
0,31.2164,0.32637,189.382
1,17.1697,0.62949,368.294
2,15.5107,0.66529,536.537
3,10.1653,0.780639,696.919
4,10.1653,0.780639,858.027
5,9.69417,0.790806,919.947
