Iteration,Cost,Cost reduction,time (ms)
0,4319.15,0.0015158,132.585
1,4281.29,0.0102682,229.229
2,4231.95,0.0216738,330.445
3,3383.69,0.217772,438.795
4,2916.47,0.325782,548.147
5,1792.8,0.585547,657.438
