Iteration,Cost,Cost reduction,time (ms)
0,26.2445,0.351613,101.738
1,16.0264,0.604058,174.742
2,16.0264,0.604058,250.15
3,16.0264,0.604058,299.836
4,16.0264,0.604058,348.837
5,16.0237,0.604125,400.681
