Iteration,Cost,Cost reduction,time (ms)
0,7.226781836846482,0.0,30.90500831604004
1,7.137974046159766,0.01228870508224289,221.2991714477539
