Iteration,Cost,Cost reduction,time (ms)
0,32.1847,0.311528,186.735
1,15.6103,0.666075,371.129
2,12.7078,0.728165,565.565
3,10.8851,0.767155,750.689
4,6.89495,0.852508,929.58
5,6.89495,0.852508,1117.24
