Iteration,Cost,Cost reduction,time (ms)
0,5627.5,0.00114979,142.494
1,5588.86,0.00800723,241.945
2,5538.97,0.0168631,347.341
3,5515.34,0.0210569,468.98
4,2862.3,0.491957,590.466
5,2105.7,0.62625,740.606
