Iteration,Cost,Cost reduction,time (ms)
0,28.4051,0.349237,110.234
1,27.8917,0.360998,187.57
2,26.7649,0.386813,267.963
3,26.7649,0.386813,348.532
4,24.3194,0.44284,403.902
5,13.5233,0.690179,494.801
