Iteration,Cost,Cost reduction,time (ms)
0,26.2375,0.362031,102.414
1,25.8473,0.37152,174.67
2,14.7221,0.64203,249.686
3,14.7221,0.64203,325.602
4,11.9607,0.709174,380.02
5,11.9607,0.709174,460.284
