Iteration,Cost,Cost reduction,time (ms)
0,4456.79,0.00145053,175.967
1,4418.15,0.0101082,335.06
2,4368.32,0.0212723,503.078
3,3761.27,0.157283,694.27
4,2280.64,0.48902,910.887
5,1033.2,0.76851,1107.7
