Iteration,Cost,Cost reduction,time (ms)
0,67.7401,0.393945,144.596
1,61.158,0.452834,252.631
2,55.5014,0.503442,363.182
3,26.5606,0.762368,482.742
4,18.0679,0.838351,607.431
5,12.9197,0.88441,729.561
