Iteration,Cost,Cost reduction,time (ms)
0,51.6485,0.364277,144.168
1,26.9597,0.668162,251.111
2,5.41061,0.933403,358.867
3,4.995,0.938518,477.085
4,4.85336,0.940262,590.931
5,4.85336,0.940262,702.025
