Iteration,Cost,Cost reduction,time (ms)
0,0.328547,0.857062,17.695
1,0.138752,0.939635,29.899
2,0.121423,0.947174,42.386
3,0.121423,0.947174,54.225
4,0.121423,0.947174,59.859
