Iteration,Cost,Cost reduction,time (ms)
0,38.0197,0.156994,100.507
1,37.1425,0.176444,172.922
2,24.3442,0.460219,246.693
3,18.381,0.592441,320.66
4,11.9028,0.736081,394.507
5,11.9028,0.736081,466.789
