Iteration,Cost,Cost reduction,time (ms)
0,36.3599,0.187519,175.835
1,21.948,0.509561,342.642
2,21.948,0.509561,511.734
3,21.948,0.509561,575.532
4,21.948,0.509561,626.337
5,21.8849,0.510971,679.036
