Iteration,Cost,Cost reduction,time (ms)
0,4168.93,0.0015512,144.348
1,4130.3,0.0108037,254.056
2,4080.41,0.0227507,361.538
3,4027.14,0.0355101,482.497
4,2747.5,0.34198,611.021
5,1623.15,0.611259,772.803
