Iteration,Cost,Cost reduction,time (ms)
0,26.3849,0,81.165
1,19.6649,0.254693,139.303
2,19.6649,0.254693,202.53
3,19.6649,0.254693,244.359
4,16.9225,0.35863,282.839
5,16.4952,0.374825,336.909
6,16.4952,0.374825,384.201
