Iteration,Cost,Cost reduction,time (ms)
0,102.28,0.171095,515.557
1,35.5436,0.711944,1024.46
2,4.2984,0.965165,1573.69
3,4.2984,0.965165,2145.39
4,4.2984,0.965165,2238.38
5,4.2984,0.965165,2318.72
