Iteration,Cost,Cost reduction,time (ms)
0,4942.8,0.00130864,177.485
1,4904.16,0.00911595,333.434
2,4854.32,0.0191865,503.52
3,4175.98,0.156245,693.249
4,1780.42,0.640267,907.929
5,1328.3,0.731616,1103.66
