Iteration,Cost,Cost reduction,time (ms)
0,5488.61,0.00117883,144.311
1,5449.98,0.00820951,244.179
2,5400.09,0.0172888,349.236
3,5382.79,0.0204367,469.858
4,3448.45,0.372449,604.996
5,3278.06,0.403456,849.766
