Iteration,Cost,Cost reduction,time (ms)
0,5335.55,0.00121245,178.292
1,5296.91,0.00844576,335.439
2,5247.07,0.017776,503.773
3,4520.37,0.153809,693.89
4,2667.44,0.500669,909.453
5,1708.18,0.680238,1107.39
