Iteration,Cost,Cost reduction,time (ms)
0,25.2731,0.398831,584.27
1,11.3346,0.730386,1167.58
2,11.3346,0.730386,1691.64
3,8.9758,0.786494,1786.75
4,6.46687,0.846173,2308.74
5,6.21131,0.852252,2855.22
