Iteration,Cost,Cost reduction,time (ms)
0,5.179293836846432,0.0,30.70807456970215
1,4.837207835717837,0.06604877265215825,178.65228652954102
