Iteration,Cost,Cost reduction,time (ms)
0,5366.44,0.00122041,133.676
1,5328.58,0.00826677,230.148
2,5279.24,0.0174498,331.082
3,4318.32,0.196293,438.885
4,3756.15,0.300921,547.956
5,1103.77,0.794571,656.347
