Iteration,Cost,Cost reduction,time (ms)
0,78.3839,0.300275,169.372
1,61.1456,0.454159,274.579
2,13.0305,0.883678,386.721
3,12.7204,0.886446,509.353
4,12.7204,0.886446,635.61
5,12.7204,0.886446,717.901
