Iteration,Cost,Cost reduction,time (ms)
0,5366.52,0.0012053,411.487
1,5327.88,0.00839697,809.37
2,5278.04,0.0176727,1205.96
3,4925.54,0.0832785,1708.8
4,2746.51,0.488831,2343.48
5,2266.1,0.578243,2956.29
