Iteration,Cost,Cost reduction,time (ms)
0,5662.9,0.00114293,145.853
1,5624.26,0.00795709,246.853
2,5574.37,0.0167583,351.196
3,5507.65,0.0285263,472.918
4,3912.67,0.30986,599.219
5,3285.75,0.420438,807.001
