Iteration,Cost,Cost reduction,time (ms)
0,79.5889,0.358421,223.416
1,65.2805,0.473763,438.842
2,33.4342,0.730482,643.651
3,9.256,0.925386,844.49
4,6.30691,0.949159,1045.92
5,6.30691,0.949159,1257.52
