Iteration,Cost,Cost reduction,time (ms)
0,151.838,0.0726835,147.785
1,151.838,0.0726835,259.067
2,151.838,0.0726835,342.083
3,151.838,0.0726835,425.258
4,151.838,0.0726835,508.184
5,151.838,0.0726835,592.521
