Iteration,Cost,Cost reduction,time (ms)
0,4776.93,0.00135408,411.541
1,4738.29,0.0094321,808.797
2,4688.44,0.019852,1203.98
3,4589.22,0.0405965,1709.27
4,2667.07,0.442433,2287.35
5,1727.44,0.638868,2825.68
