Iteration,Cost,Cost reduction,time (ms)
0,27.5683,0.341614,175.519
1,17.8736,0.573144,351.612
2,14.0931,0.663429,536.489
3,6.40081,0.847136,716.546
4,3.17737,0.924118,907.219
5,3.14207,0.924961,1096.58
