Iteration,Cost,Cost reduction,time (ms)
0,37.1697,0.167757,301.68
1,27.4918,0.384448,549.501
2,19.7309,0.558219,824.1
3,17.7272,0.603081,1095.22
4,10.3391,0.768503,1389.64
5,8.082,0.819041,1728.3
6,8.04804,0.819802,2092.85
