Iteration,Cost,Cost reduction,time (ms)
0,26.1409,0.329893,104.918
1,24.0633,0.383151,181.964
2,16.3115,0.581863,259.797
3,16.3115,0.581863,348.766
4,15.9494,0.591146,403.045
5,10.2415,0.737464,494.394
