Iteration,Cost,Cost reduction,time (ms)
0,53.7933,0.125204,137.552
1,38.834,0.368474,244.07
2,6.00992,0.902266,370.87
3,1.5877,0.974181,510.567
4,1.5877,0.974181,652.432
5,1.04887,0.982943,749.757
