Iteration,Cost,Cost reduction,time (ms)
0,25.3319,0.357924,108.981
1,23.0375,0.416078,186.927
2,23.0375,0.416078,263.507
3,23.0375,0.416078,309.993
4,23.0375,0.416078,354.486
5,23.0375,0.416078,400.839
