Iteration,Cost,Cost reduction,time (ms)
0,66.8252,0.408232,530.996
1,33.7769,0.70089,1098.6
2,33.7447,0.701175,1643.88
3,29.3849,0.739783,2193.45
4,29.3849,0.739783,2723.68
5,29.3849,0.739783,2813.76
