Iteration,Cost,Cost reduction,time (ms)
0,87.3528,0.357801,141.167
1,52.959,0.610657,248.163
2,9.23485,0.932107,376.731
3,6.56483,0.951737,507.221
4,6.56483,0.951737,628.509
5,4.16918,0.969349,718.118
