Iteration,Cost,Cost reduction,time (ms)
0,32.5116,0.37436,585.546
1,15.6051,0.699701,1117.81
2,7.89072,0.848154,1643.56
3,7.57555,0.854219,2171.09
4,7.57555,0.854219,2709.78
5,7.57555,0.854219,2799.08
