Iteration,Cost,Cost reduction,time (ms)
0,5387.25,0.00120086,413.338
1,5348.61,0.00836482,811.529
2,5298.76,0.0176057,1207.12
3,5195.59,0.0367347,1709.57
4,3195.77,0.407502,2284.06
5,1589.52,0.705302,2801.45
