Iteration,Cost,Cost reduction,time (ms)
0,134.387,0.115898,595.203
1,25.3746,0.833065,1184.51
2,11.6563,0.923316,1821.17
3,11.6563,0.923316,2425.29
4,11.6563,0.923316,2519.23
5,11.6563,0.923316,2602.59
