Iteration,Cost,Cost reduction,time (ms)
0,4606.12,0.0014041,141.459
1,4567.49,0.00978033,239.733
2,4517.43,0.0206325,343.671
3,4491.99,0.0261469,463.103
4,3252.7,0.294823,577.649
5,2396.91,0.480357,719.155
