Iteration,Cost,Cost reduction,time (ms)
0,85.4269,0.344869,161.121
1,59.5383,0.543406,270.325
2,20.6725,0.841465,392.901
3,10.2301,0.921546,553.673
4,2.79008,0.978603,726.666
5,2.32558,0.982165,907.303
