Iteration,Cost,Cost reduction,time (ms)
0,24.6012,0.382816,103.696
1,13.4231,0.663247,178.954
2,7.59984,0.809339,256.552
3,4.34244,0.891059,348.995
4,4.34244,0.891059,455.375
5,4.0985,0.897179,505.03
