Iteration,Cost,Cost reduction,time (ms)
0,27.6324,0.352701,105.691
1,27.6324,0.352701,178.183
2,27.6324,0.352701,225.454
3,27.6324,0.352701,272.667
4,27.6324,0.352701,320.192
5,27.6324,0.352701,371.21
