Iteration,Cost,Cost reduction,time (ms)
0,38.9376,0.43336,150.986
1,38.2539,0.443309,260.659
2,19.3696,0.718124,371.651
3,19.3696,0.718124,490.022
4,14.95,0.782439,576.691
5,8.73304,0.872912,771.817
