Iteration,Cost,Cost reduction,time (ms)
0,38.0799,0.352623,217.602
1,28.5113,0.515293,415.388
2,10.1694,0.827114,613.672
3,3.29492,0.943985,812.753
4,3.29492,0.943985,1004.49
5,3.29492,0.943985,1077.67
