Iteration,Cost,Cost reduction,time (ms)
0,65.9216,0.383749,150.591
1,48.8108,0.543705,265.435
2,45.4214,0.57539,396.559
3,40.759,0.618974,530.179
4,40.759,0.618974,664.514
5,37.4098,0.650284,746.384
