Iteration,Cost,Cost reduction,time (ms)
0,4999.15,0.00129382,190.582
1,4960.51,0.00901327,350.772
2,4910.67,0.0189701,517.676
3,4208.1,0.159325,708.518
4,1696.39,0.661103,924.662
5,1080.63,0.784116,1119.05
