Iteration,Cost,Cost reduction,time (ms)
0,106.98,0.229871,522.295
1,70.5566,0.492074,1086.69
2,35.0795,0.747468,1638.26
3,30.1207,0.783166,2154.65
4,30.1207,0.783166,2679.74
5,30.038,0.783761,2768.17
