Iteration,Cost,Cost reduction,time (ms)
0,27.1523,0.346919,113.48
1,24.758,0.404509,191.697
2,24.758,0.404509,268.679
3,23.1778,0.442515,323.188
4,23.1778,0.442515,410.109
5,23.1778,0.442515,464.204
