Iteration,Cost,Cost reduction,time (ms)
0,42.8871,0,93.165
1,42.8871,0,137.597
2,42.8871,0,182.148
3,42.8871,0,226.173
4,36.7862,0.142253,273.957
5,36.7862,0.142253,488.895
6,36.7862,0.142253,681.971
