Iteration,Cost,Cost reduction,time (ms)
0,4920.7,0.00131463,155.24
1,4882.06,0.00915577,257.133
2,4832.17,0.0192814,363.832
3,4716.67,0.0427235,486.674
4,3359.4,0.318189,618.353
5,2361.48,0.520722,804.371
