Iteration,Cost,Cost reduction,time (ms)
0,87.1773,0,212.975
1,31.5735,0.637824,254.481
2,31.5735,0.637824,352.551
3,31.5735,0.637824,419.782
4,29.6046,0.660409,489.744
5,29.6046,0.660409,534.047
6,29.6046,0.660409,561.989
