Iteration,Cost,Cost reduction,time (ms)
0,88.939,0.342465,145.391
1,84.3122,0.376671,251.927
2,15.6554,0.884258,363.709
3,13.8237,0.8978,476.31
4,13.8237,0.8978,588.31
5,13.8237,0.8978,664.091
