Iteration,Cost,Cost reduction,time (ms)
0,116.266,0.238265,168.427
1,72.157,0.527251,282.018
2,63.1475,0.586278,402
3,31.881,0.791126,528.756
4,17.3651,0.886229,656.28
5,17.3651,0.886229,782.272
