Iteration,Cost,Cost reduction,time (ms)
0,4509.99,0.00143345,371.82
1,4471.34,0.00998913,709.185
2,4421.52,0.0210218,1050.84
3,4133.52,0.0847872,1478.93
4,3280.44,0.27367,1970.24
5,1849.25,0.590553,2446.05
