Iteration,Cost,Cost reduction,time (ms)
0,55.1466,0.146463,539.948
1,33.3175,0.484325,1089.33
2,5.13542,0.920516,1619.75
3,4.09609,0.936602,2144.01
4,4.09609,0.936602,2661.57
5,4.09609,0.936602,2748.31
