Iteration,Cost,Cost reduction,time (ms)
0,5305.8,0.0012193,414.747
1,5267.16,0.0084931,812.03
2,5217.31,0.0178758,1209.18
3,5202.57,0.0206504,1710.41
4,2978.34,0.439347,2206.95
5,1526.95,0.712561,2962.52
