Iteration,Cost,Cost reduction,time (ms)
0,25.255,0.458689,544.94
1,11.0967,0.762154,1043.39
2,6.82627,0.853687,1475.25
3,6.82627,0.853687,1895.6
4,6.82627,0.853687,1979.95
5,6.82627,0.853687,2034.89
