Iteration,Cost,Cost reduction,time (ms)
0,47.8373,0.0648538,108.417
1,35.5391,0.305265,181.93
2,35.5391,0.305265,254.734
3,34.5674,0.32426,305.476
4,16.6477,0.674563,392.974
5,16.6477,0.674563,479.109
