Iteration,Cost,Cost reduction,time (ms)
0,84.592,0.318044,232.937
1,57.0533,0.540053,439.991
2,27.4102,0.779027,657.077
3,5.29798,0.957289,875.37
4,5.29798,0.957289,1098.59
5,4.59734,0.962938,1188.93
