Iteration,Cost,Cost reduction,time (ms)
0,29.4957,0.329969,107.369
1,15.0849,0.657329,188.788
2,15.049,0.658142,276.159
3,10.1689,0.769,371.644
4,10.1689,0.769,460.021
5,9.32334,0.788209,514.595
