Iteration,Cost,Cost reduction,time (ms)
0,92.4469,0.298454,217.444
1,45.9983,0.650936,432.347
2,5.25405,0.960129,652.609
3,5.25405,0.960129,852.965
4,4.98628,0.962161,938.55
5,4.98628,0.962161,1142
