Iteration,Cost,Cost reduction,time (ms)
0,31.0797,0.309538,113.185
1,27.3881,0.391552,194.252
2,24.6117,0.45323,294.378
3,21.918,0.513074,399.226
4,20.371,0.547441,510.143
5,16.166,0.640859,639.641
