Iteration,Cost,Cost reduction,time (ms)
0,11.0853,0.488015,12.713
1,1.68695,0.922087,30.121
2,1.68695,0.922087,56.08
3,1.68695,0.922087,72.45
4,1.68695,0.922087,82.25
5,1.68695,0.922087,89.015
6,1.01632,0.95306,93.631
7,1.01632,0.95306,104.693
