Iteration,Cost,Cost reduction,time (ms)
0,96.9853,0.277391,154.346
1,37.4824,0.72073,262.736
2,36.0804,0.731176,372.854
3,16.4821,0.877197,483.874
4,10.0934,0.924797,596.966
5,7.45237,0.944475,709.54
