Iteration,Cost,Cost reduction,time (ms)
0,7.169791436846482,0.0,40.715694427490234
1,7.080538097747997,0.012448526555430939,255.4917335510254
