Iteration,Cost,Cost reduction,time (ms)
0,4456.81,0.00145097,150.48
1,4418.18,0.0101074,250.396
2,4368.12,0.0213221,354.728
3,4344.44,0.0266273,471.837
4,3108.24,0.303598,587.745
5,3108.24,0.303598,740.391
