Iteration,Cost,Cost reduction,time (ms)
0,30.3715,0.327212,105.587
1,14.3789,0.68148,181.382
2,12.6683,0.719373,259.458
3,12.6683,0.719373,337.628
4,12.2699,0.728198,394.64
5,11.0459,0.755311,478.678
