Iteration,Cost,Cost reduction,time (ms)
0,4842.94,0.00133557,150.303
1,4804.31,0.00930259,249.432
2,4754.25,0.0196247,354.267
3,4040.89,0.166726,471.522
4,1683.54,0.652836,581.196
5,842.283,0.826313,690.98
