Iteration,Cost,Cost reduction,time (ms)
0,70.5689,0,112.808
1,62.7784,0.110396,174.007
2,62.7784,0.110396,216.06
3,62.7784,0.110396,251.618
4,62.7784,0.110396,281.201
5,62.511,0.114185,319.765
6,60.5618,0.141807,386.475
7,60.5618,0.141807,420.979
