Iteration,Cost,Cost reduction,time (ms)
0,26.1366,0.332002,174.141
1,15.4905,0.604095,337.48
2,13.5313,0.654167,489.685
3,13.5313,0.654167,641.899
4,13.5313,0.654167,702.467
5,12.4396,0.682069,751.84
