Iteration,Cost,Cost reduction,time (ms)
0,111.946,0.267801,532.553
1,79.9116,0.477325,1076.63
2,51.3323,0.664253,1607.51
3,51.3323,0.664253,2144.8
4,51.3323,0.664253,2234.8
