Iteration,Cost,Cost reduction,time (ms)
0,4199.84,0.00153988,179.581
1,4161.2,0.0107262,339.48
2,4111.36,0.0225758,507.479
3,3476.39,0.173531,698.121
4,1294.74,0.692191,909.085
5,854.665,0.796814,1107.95
