Iteration,Cost,Cost reduction,time (ms)
0,5164.11,0.00125225,158.109
1,5125.48,0.00872468,258.731
2,5075.43,0.018404,363.107
3,5036.34,0.0259645,477.246
4,3830.1,0.259252,591.666
5,1600.12,0.690535,708.181
