Iteration,Cost,Cost reduction,time (ms)
0,24.3969,0.395612,105.073
1,17.7252,0.560891,177.248
2,17.7252,0.560891,251.906
3,17.3483,0.570228,302.685
4,15.2226,0.622888,382.451
5,15.2226,0.622888,465.361
