Iteration,Cost,Cost reduction,time (ms)
0,84.0762,0.47389,216.535
1,37.6918,0.764142,413.175
2,29.4762,0.815552,617.772
3,14.6504,0.908324,818.737
4,9.46593,0.940767,1026.16
5,9.46593,0.940767,1228.92
