Iteration,Cost,Cost reduction,time (ms)
0,66.7997,0.193267,155.374
1,32.4319,0.608324,268.877
2,4.45833,0.946157,382.653
3,4.45833,0.946157,491.027
4,4.45033,0.946254,567.705
5,4.45033,0.946254,676.995
