Iteration,Cost,Cost reduction,time (ms)
0,71.1931,0.364415,223.545
1,54.6566,0.512047,429.93
2,22.6849,0.797477,630.172
3,7.21941,0.935548,838.277
4,6.96245,0.937842,1043.33
5,2.86955,0.974382,1248.85
