Iteration,Cost,Cost reduction,time (ms)
0,5.456061836846427,0.0,40.16375541687012
1,5.114750466859124,0.0625563602821223,223.37985038757324
