Iteration,Cost,Cost reduction,time (ms)
0,29.8273,0.256856,600.298
1,12.6812,0.684049,1206.43
2,9.12378,0.772682,1751.05
3,8.15917,0.796715,2301.27
4,7.78133,0.806129,2851.43
5,7.78133,0.806129,3396.22
