Iteration,Cost,Cost reduction,time (ms)
0,24.8525,0.433945,102.933
1,8.49154,0.806591,177.333
2,8.49154,0.806591,254.152
3,7.02373,0.840023,303.664
4,7.02373,0.840023,382.418
5,7.02373,0.840023,432.532
