Iteration,Cost,Cost reduction,time (ms)
0,17.423,0.956777,6.708
1,0.992484,0.997538,11.628
2,0.265571,0.999341,16.22
3,0.206986,0.999487,20.985
4,0.198645,0.999507,25.512
5,0.197382,0.99951,29.971
