Iteration,Cost,Cost reduction,time (ms)
0,27.0863,0.33143,583.548
1,26.0941,0.35592,1144
2,16.6062,0.590109,1703.57
3,14.6748,0.637782,2222.86
4,11.877,0.70684,2751.56
5,11.7166,0.710801,3283.81
