Iteration,Cost,Cost reduction,time (ms)
0,4999.15,0.00129432,135.662
1,4960.51,0.0090121,233.671
2,4910.62,0.0189796,339.375
3,4229.05,0.15514,460.213
4,2440.03,0.512542,584.392
5,1571.91,0.685971,740.202
