Iteration,Cost,Cost reduction,time (ms)
0,27.1554,0.326914,107.392
1,13.2707,0.671066,186.822
2,10.2889,0.744975,278.502
3,8.23414,0.795905,367.782
4,7.75034,0.807896,463.139
5,7.14496,0.822901,553
