Iteration,Cost,Cost reduction,time (ms)
0,21.8845,0.428772,105.404
1,18.854,0.507874,174.894
2,8.10279,0.788501,250.141
3,7.57433,0.802295,335.831
4,7.11161,0.814373,423.964
5,6.82954,0.821735,509.086
