Iteration,Cost,Cost reduction,time (ms)
0,32.9433,0.392794,148.095
1,25.0258,0.538729,253.613
2,25.0258,0.538729,368.376
3,25.0258,0.538729,443.062
4,25.0258,0.538729,516.228
5,25.0258,0.538729,588.547
