Iteration,Cost,Cost reduction,time (ms)
0,45.6786,0,272.239
1,34.8163,0.237799,471.264
2,34.8163,0.237799,566.166
3,34.8163,0.237799,609.98
4,34.8163,0.237799,653.327
5,34.8163,0.237799,697.124
6,34.5491,0.243649,750.096
