Iteration,Cost,Cost reduction,time (ms)
0,113.22,0.330647,143.984
1,110.147,0.348817,251.267
2,70.011,0.586097,367.564
3,42.6112,0.748084,488.741
4,15.4308,0.908774,610.117
5,4.00609,0.976316,723.847
