Iteration,Cost,Cost reduction,time (ms)
0,90.5179,0.349753,202.182
1,70.4461,0.493941,330.012
2,70.4461,0.493941,469.993
3,70.2994,0.494995,553.265
4,67.7235,0.513499,690.712
5,50.1387,0.639822,839.215
