Iteration,Cost,Cost reduction,time (ms)
0,103.161,0.320598,148.78
1,38.438,0.746853,253.994
2,38.438,0.746853,364.816
3,38.2209,0.748283,445.484
4,38.2209,0.748283,564.336
5,38.0414,0.749465,646.478
