Iteration,Cost,Cost reduction,time (ms)
0,60.214,0.0286804,206.106
1,21.3838,0.655055,397.271
2,18.066,0.708575,602.889
3,16.7112,0.730429,811.408
4,8.22168,0.867375,1018.75
5,7.44188,0.879954,1213.87
