Iteration,Cost,Cost reduction,time (ms)
0,4552.25,0.00142025,413.079
1,4513.61,0.00989657,809.174
2,4463.78,0.0208274,1206.45
3,4442.62,0.0254697,1711.98
4,2743.18,0.398259,2245.83
5,2090.79,0.541366,3133.05
