Iteration,Cost,Cost reduction,time (ms)
0,4776.83,0.00137066,131.653
1,4738.97,0.00928564,227.195
2,4689.63,0.0196,328.694
3,3800.44,0.205492,438.287
4,3409.95,0.287127,547.394
5,2873.48,0.39928,659.781
