Iteration,Cost,Cost reduction,time (ms)
0,38.3748,0.198542,2276.36
1,33.7679,0.294757,4721.65
2,30.3565,0.366005,7112.39
3,25.7234,0.462766,9481.42
4,25.7234,0.462766,11944.7
