Iteration,Cost,Cost reduction,time (ms)
0,67.0844,0.401096,148.147
1,59.9043,0.465197,257.166
2,37.9796,0.660932,386.381
3,37.4161,0.665963,531.983
4,37.4161,0.665963,683.769
5,33.5025,0.700902,766.976
