Iteration,Cost,Cost reduction,time (ms)
0,30.2419,0.334865,112.07
1,26.0723,0.42657,191.671
2,19.5039,0.571034,276.766
3,17.0479,0.625053,370.02
4,13.3224,0.706989,490.39
5,13.3224,0.706989,618.767
