Iteration,Cost,Cost reduction,time (ms)
0,5.22498,0,15.463
1,2.31805,0.556354,23.462
2,2.31805,0.556354,38.343
3,2.31805,0.556354,46.06
4,2.31805,0.556354,51.946
5,1.87671,0.64082,56.925
6,1.87671,0.64082,62.524
