Iteration,Cost,Cost reduction,time (ms)
0,16.5229,0.608481,17.128
1,12.7895,0.696947,28.357
2,12.7895,0.696947,39.375
3,10.2014,0.758273,44.938
4,10.2014,0.758273,59.23
