Iteration,Cost,Cost reduction,time (ms)
0,29.4022,0.440077,109.332
1,29.4022,0.440077,183.286
2,29.4022,0.440077,231.062
3,29.4022,0.440077,279.225
4,29.4022,0.440077,329.628
5,29.4022,0.440077,379.215
