Iteration,Cost,Cost reduction,time (ms)
0,4463.4,0.00144909,179.506
1,4424.76,0.0100937,337.316
2,4374.91,0.0212447,505.943
3,3738.88,0.163538,697.804
4,1334.82,0.701373,908.535
5,1159.6,0.740573,1104.72
