Iteration,Cost,Cost reduction,time (ms)
0,5164.13,0.00125262,414.517
1,5125.49,0.00872573,809.369
2,5075.65,0.0183652,1206.5
3,5053.5,0.0226486,1706.48
4,4075.04,0.211884,2206.08
5,2211.52,0.57229,3060.26
