Iteration,Cost,Cost reduction,time (ms)
0,26.7901,0.31492,109.503
1,15.0961,0.613959,189.849
2,15.0961,0.613959,274.116
3,15.0961,0.613959,326.412
4,15.0178,0.615963,379.887
5,13.9298,0.643785,474.239
