Iteration,Cost,Cost reduction,time (ms)
0,30.7179,0.268682,102.864
1,27.622,0.342388,177.39
2,7.75036,0.815483,251.807
3,7.75036,0.815483,326.769
4,6.8599,0.836683,378.484
5,6.85638,0.836766,456.688
