Iteration,Cost,Cost reduction,time (ms)
0,5854.16,0.00110552,139.625
1,5815.52,0.00769733,238.865
2,5765.63,0.0162108,343.366
3,5696.22,0.0280544,464.348
4,4052.45,0.30853,586.29
5,1552.48,0.735101,710.581
