Iteration,Cost,Cost reduction,time (ms)
0,29.4353,0.366223,110.993
1,22.0968,0.524231,188.105
2,21.9592,0.527193,263.974
3,21.9592,0.527193,345.204
4,19.997,0.56944,397.655
5,15.1064,0.674742,484.471
