Iteration,Cost,Cost reduction,time (ms)
0,5468.92,0.00118284,153.958
1,5430.28,0.00823919,255.536
2,5380.22,0.0173813,359.816
3,5336.07,0.0254442,475.846
4,4236.88,0.226196,592.516
5,3316.61,0.394269,734.821
