Iteration,Cost,Cost reduction,time (ms)
0,27.4182,0.33153,118.128
1,12.9062,0.685339,198.726
2,12.4531,0.696387,288.842
3,9.9837,0.756592,385.818
4,9.5837,0.766345,473.047
5,8.97237,0.781249,560.891
