Iteration,Cost,Cost reduction,time (ms)
0,4510.02,0.00143416,181.098
1,4471.38,0.00998955,339.671
2,4421.53,0.0210258,506.465
3,3792.02,0.160406,695.115
4,2203.89,0.512035,906.515
5,1086.86,0.759359,1110.2
