Iteration,Cost,Cost reduction,time (ms)
0,29.3628,0.376084,111.695
1,19.5819,0.583914,190.011
2,19.5819,0.583914,268.555
3,19.5819,0.583914,317.609
4,19.5819,0.583914,367.346
5,19.5819,0.583914,416.83
