Iteration,Cost,Cost reduction,time (ms)
0,31.2184,0.343965,111.908
1,12.6567,0.734027,192.917
2,12.6567,0.734027,283.796
3,12.1115,0.745485,339.881
4,11.5325,0.757652,439.211
5,10.3757,0.781962,539.881
