Iteration,Cost,Cost reduction,time (ms)
0,5366.53,0.00120549,179.041
1,5327.89,0.00839708,336.13
2,5278.04,0.0176736,504.27
3,4586.78,0.146328,695.464
4,2181,0.594082,905.429
5,1520.2,0.717066,1107.73
