Iteration,Cost,Cost reduction,time (ms)
0,20.6809,0.514271,538.016
1,5.64588,0.867396,1054.21
2,5.64588,0.867396,1539.16
3,5.09235,0.880397,1631.65
4,5.09235,0.880397,2095.4
5,5.09235,0.880397,2186.96
