Iteration,Cost,Cost reduction,time (ms)
0,91.1103,0.412286,582.805
1,76.4151,0.507079,1103.25
2,13.3679,0.913769,1628.82
3,13.3679,0.913769,2155.41
4,13.3679,0.913769,2244.53
5,13.3679,0.913769,2320.47
