Iteration,Cost,Cost reduction,time (ms)
0,76.6587,0.36588,156.25
1,60.9708,0.49565,264.044
2,40.5627,0.664466,388.905
3,17.8455,0.852382,523.058
4,14.6896,0.878488,685.938
5,10.1513,0.916028,875.415
