Iteration,Cost,Cost reduction,time (ms)
0,134.34,0.243169,229.533
1,56.1906,0.68344,460.047
2,28.6779,0.838438,655.18
3,6.79877,0.961698,855.557
4,6.79877,0.961698,1051.18
5,6.79877,0.961698,1124.94
