Iteration,Cost,Cost reduction,time (ms)
0,26.2412,0.334567,106.311
1,17.2638,0.562219,186.081
2,16.701,0.576489,268.505
3,16.2507,0.587908,355.384
4,14.2437,0.638804,444.433
5,9.29398,0.76432,532.317
