Iteration,Cost,Cost reduction,time (ms)
0,73.3085,0.552563,79.451
1,36.8269,0.775228,165.383
2,36.8269,0.775228,253.926
3,35.1234,0.785625,318.33
4,35.1234,0.785625,359.88
5,35.1234,0.785625,385.857
6,33.1205,0.79785,411.891
7,33.1205,0.79785,450.421
