Iteration,Cost,Cost reduction,time (ms)
0,5548.14,0.00116592,179.247
1,5509.5,0.00812243,337.005
2,5459.66,0.017095,504.673
3,4722.43,0.149819,695.579
4,2066.48,0.627971,909.953
5,2066.48,0.627971,1110.34
