Iteration,Cost,Cost reduction,time (ms)
0,5066.44,0.00127652,134.339
1,5027.81,0.00889272,227.742
2,4977.75,0.0187592,321.615
3,4952.07,0.0238231,423.069
4,3493.12,0.311419,524.547
5,2648.03,0.478006,670.798
6,1769.67,0.651154,832.448
7,1769.67,0.651154,1004.68
