Iteration,Cost,Cost reduction,time (ms)
0,83.7998,0.20556,580.367
1,35.6894,0.661657,1149.3
2,7.79801,0.926073,1684.54
3,7.79801,0.926073,2208.93
4,7.79801,0.926073,2296.49
5,7.79801,0.926073,2371.41
