Iteration,Cost,Cost reduction,time (ms)
0,35.3071,0.237078,171.745
1,35.3071,0.237078,340.76
2,31.496,0.319429,405.29
3,21.9243,0.526257,573.753
4,15.1625,0.672366,751.192
5,11.613,0.749065,925.77
