Iteration,Cost,Cost reduction,time (ms)
0,30.8151,0.34202,111.378
1,16.9497,0.638081,191.34
2,12.4702,0.73373,279.999
3,9.65944,0.793746,366.872
4,8.33532,0.82202,457.856
5,3.54629,0.924278,545.714
