Iteration,Cost,Cost reduction,time (ms)
0,41.7657,0.391919,149.576
1,20.2846,0.70467,259.141
2,10.7023,0.844182,380.372
3,3.99836,0.941787,499.961
4,2.74082,0.960096,621.912
5,2.74082,0.960096,743.786
