Iteration,Cost,Cost reduction,time (ms)
0,86.9741,0.357761,146.028
1,76.92,0.432003,256.771
2,65.4112,0.516987,367.604
3,56.8065,0.580526,487.411
4,11.0004,0.91877,598.451
5,11.0004,0.91877,711.548
