Iteration,Cost,Cost reduction,time (ms)
0,5488.51,0.00119294,129.062
1,5450.65,0.00808293,225.777
2,5401.32,0.0170614,327.287
3,4455.6,0.189164,436.372
4,4102.81,0.253366,547.234
5,3371.64,0.386424,659.945
