Iteration,Cost,Cost reduction,time (ms)
0,5650.45,0.00114499,139.769
1,5611.81,0.00797429,238.225
2,5561.93,0.0167927,342.589
3,5544.64,0.019849,461.828
4,4571.74,0.191834,591.129
5,2856.28,0.495082,766.71
