Iteration,Cost,Cost reduction,time (ms)
0,31.1874,0.314197,107.403
1,14.4204,0.6829,183.51
2,12.5012,0.725102,258.205
3,12.1702,0.732381,335.533
4,11.5415,0.746206,415.991
5,7.26768,0.840186,499.904
