Iteration,Cost,Cost reduction,time (ms)
0,126.659,0.226389,152.493
1,115.07,0.29717,262.407
2,12.478,0.923786,378.054
3,7.70272,0.952953,485.51
4,6.06505,0.962956,596.714
5,6.06505,0.962956,702.157
