Iteration,Cost,Cost reduction,time (ms)
0,4953.2,0.00130601,412.839
1,4914.56,0.00909691,807.739
2,4864.71,0.019147,1207.08
3,4713.48,0.0496394,1705.86
4,2765.07,0.442491,2254.33
5,2679.26,0.459791,2779.74
