Iteration,Cost,Cost reduction,time (ms)
0,4970.5,0.00131756,131.445
1,4932.64,0.00892445,227.983
2,4883.3,0.0188377,330.492
3,3959.35,0.204479,438.072
4,2518.78,0.493921,546.239
5,2518.78,0.493921,649.899
