Iteration,Cost,Cost reduction,time (ms)
0,4877.72,0.00132619,152.589
1,4839.08,0.00923661,254.331
2,4789.02,0.0194862,359.565
3,3929.33,0.1955,476.358
4,3293.08,0.325769,589.661
5,2717.39,0.443635,762.538
