Iteration,Cost,Cost reduction,time (ms)
0,26.0999,0.343991,572.493
1,16.3367,0.589384,1142.47
2,15.4303,0.612167,1698.51
3,15.4303,0.612167,2260.89
4,13.1811,0.668698,2354.74
5,12.7848,0.678659,2914.19
