Iteration,Cost,Cost reduction,time (ms)
0,4794.93,0.00134903,412.017
1,4756.29,0.00939675,807.244
2,4706.45,0.0197778,1204.86
3,4691.89,0.0228102,1708.27
4,2613.7,0.455639,2208.92
5,1782.45,0.628766,3078.78
