Iteration,Cost,Cost reduction,time (ms)
0,28.9965,0.457559,145.957
1,20.0101,0.625668,252.412
2,17.7456,0.66803,370.118
3,14.836,0.722461,485.468
4,14.1959,0.734435,598.918
5,8.1172,0.848151,713.661
