Iteration,Cost,Cost reduction,time (ms)
0,28.3638,0.355011,109.394
1,17.3685,0.605041,185.906
2,17.3091,0.606393,264.649
3,15.5423,0.64657,345.352
4,15.5423,0.64657,428.414
5,15.5184,0.647114,483.899
