Iteration,Cost,Cost reduction,time (ms)
0,5424.01,0.00119257,413.688
1,5385.37,0.00830808,812.814
2,5335.53,0.0174857,1211.12
3,5265.31,0.0304175,1712.01
4,3288.33,0.394469,2237.09
5,1763.56,0.675249,2956.61
