Iteration,Cost,Cost reduction,time (ms)
0,88.4858,0.317629,161.76
1,49.0316,0.621886,283.658
2,14.7216,0.886473,406.127
3,10.4635,0.919309,529.123
4,10.0936,0.922161,665.46
5,8.92789,0.931151,808.201
