Iteration,Cost,Cost reduction,time (ms)
0,4559.1,0.00141817,412.78
1,4520.46,0.00988177,810.604
2,4470.63,0.0207964,1212.32
3,4455.32,0.024148,1715
4,3069.4,0.327707,2210.38
5,2098.46,0.540373,3090.81
