Iteration,Cost,Cost reduction,time (ms)
0,26.5493,0.324129,122.361
1,12.7866,0.674489,208.821
2,11.417,0.709355,303.662
3,10.3618,0.736218,395.414
4,10.3618,0.736218,485.781
5,8.75327,0.777166,542.413
