Iteration,Cost,Cost reduction,time (ms)
0,24.3931,0.468081,532.005
1,13.1466,0.713324,1042.21
2,13.1466,0.713324,1527.2
3,13.08,0.714775,1617.8
4,13.08,0.714775,2079.18
5,12.7062,0.722927,2169.03
