Iteration,Cost,Cost reduction,time (ms)
0,119.791,0.183305,154.968
1,72.9645,0.502552,267.891
2,60.5005,0.587528,385.855
3,43.4193,0.703981,510.88
4,13.3542,0.908955,650.073
5,13.3542,0.908955,811.115
