Iteration,Cost,Cost reduction,time (ms)
0,18.5947,0.546414,101.352
1,15.8855,0.612502,169.997
2,14.9259,0.635909,240.505
3,14.4296,0.648016,312.87
4,14.4296,0.648016,385.09
5,5.70994,0.860716,436.639
