Iteration,Cost,Cost reduction,time (ms)
0,33.8057,0.168861,179.407
1,29.3602,0.278156,363.156
2,29.3602,0.278156,546.845
3,24.5547,0.396303,618.944
4,22.4187,0.448819,784.221
5,19.4406,0.522039,959.768
