Iteration,Cost,Cost reduction,time (ms)
0,26.9814,0.309884,102.796
1,15.8393,0.594869,176.624
2,10.2649,0.737449,250.519
3,9.29574,0.762238,327.517
4,9.2548,0.763285,407.985
5,9.2548,0.763285,487.061
