Iteration,Cost,Cost reduction,time (ms)
0,4.92607,0.904031,194.821
1,4.92607,0.904031,335.216
2,4.92607,0.904031,448.982
3,4.92607,0.904031,569.857
4,2.97668,0.942009,707.638
5,2.97668,0.942009,821.77
6,2.97668,0.942009,892.425
