Iteration,Cost,Cost reduction,time (ms)
0,5554.7,0.0011787,127.619
1,5516.84,0.00798671,226.695
2,5467.5,0.0168583,328.256
3,4521.11,0.187035,436.44
4,4213.1,0.242419,547.919
5,3541.79,0.36313,657.418
