Iteration,Cost,Cost reduction,time (ms)
0,5662.87,0.00114195,176.191
1,5624.22,0.0079578,336.624
2,5574.4,0.0167469,497.046
3,4857.51,0.143197,691.644
4,1992.22,0.648598,908.797
5,891,0.842839,1109.39
