Iteration,Cost,Cost reduction,time (ms)
0,107.643,0.176568,585.217
1,42.1837,0.677309,1169.45
2,10.6268,0.918708,1673.36
3,7.61579,0.941742,2144.59
4,6.8958,0.947249,2625.59
5,6.03032,0.95387,3112.03
