Iteration,Cost,Cost reduction,time (ms)
0,49.5584,0.29148,561.814
1,34.8837,0.501279,1091.92
2,23.0241,0.670833,1637.68
3,18.7583,0.731819,2179.06
4,12.1733,0.825962,2777.54
5,9.8967,0.85851,3373.22
