Iteration,Cost,Cost reduction,time (ms)
0,27.2811,0.378858,116.477
1,17.8663,0.593215,192.992
2,16.2447,0.630136,268.946
3,14.5318,0.669135,355.253
4,8.15219,0.814389,459.814
5,6.28878,0.856815,569.24
