Iteration,Cost,Cost reduction,time (ms)
0,27.1649,0.322349,589.118
1,11.3412,0.717085,1199.89
2,10.8974,0.728156,1846.38
3,9.46986,0.763766,2495.25
4,7.66944,0.808679,3121.14
5,7.1358,0.821991,3687.07
