Iteration,Cost,Cost reduction,time (ms)
0,5343.11,0.00121045,413.936
1,5304.47,0.00843362,812.075
2,5254.63,0.0177492,1207.68
3,5201.24,0.0277297,1714.1
4,3831.71,0.283737,2301.26
5,2795.25,0.477482,2949.97
