Iteration,Cost,Cost reduction,time (ms)
0,4482.81,0.00144325,141.598
1,4444.18,0.0100487,239.615
2,4394.28,0.0211631,344.005
3,4366.65,0.0273185,465.273
4,4008.43,0.107113,593.115
5,2309.74,0.485501,732.989
