Iteration,Cost,Cost reduction,time (ms)
0,5775.58,0.00111969,176.221
1,5736.94,0.00780267,337.443
2,5687.11,0.0164204,504.183
3,4981.13,0.138518,693.378
4,2035.92,0.64789,909.538
5,2035.92,0.64789,1110.17
