Iteration,Cost,Cost reduction,time (ms)
0,5355.34,0.00120818,137.179
1,5316.7,0.00841357,235.225
2,5266.64,0.0177501,338.619
3,5246.71,0.0214684,456.818
4,3362.62,0.372858,572.202
5,2414.25,0.549732,735.339
