Iteration,Cost,Cost reduction,time (ms)
0,5366.52,0.00120538,413.345
1,5327.88,0.00839702,809.798
2,5278.04,0.0176731,1204.32
3,4561.12,0.151103,1702.22
4,1813.14,0.662546,2331.29
5,1306.09,0.756916,2863.46
