Iteration,Cost,Cost reduction,time (ms)
0,75.3016,0.334012,146.242
1,61.4879,0.456184,258.373
2,56.6571,0.498909,370.877
3,48.3159,0.572681,490.302
4,42.016,0.628399,606.273
5,18.6064,0.83544,732.512
