Iteration,Cost,Cost reduction,time (ms)
0,31.1389,0.331762,190.118
1,17.109,0.632843,376.743
2,12.3195,0.735624,575.68
3,5.62338,0.879323,768.34
4,3.23733,0.930527,965.048
5,3.23733,0.930527,1156.61
