Iteration,Cost,Cost reduction,time (ms)
0,30.701,0.301912,106.976
1,26.7333,0.39213,184.781
2,26.7333,0.39213,263.145
3,26.7333,0.39213,310.178
4,26.7333,0.39213,358.029
5,26.7333,0.39213,404.671
