Iteration,Cost,Cost reduction,time (ms)
0,32.6347,0.296126,108.081
1,29.1159,0.372021,187.803
2,27.8436,0.399461,270.506
3,27.8436,0.399461,354.054
4,25.0015,0.460761,409.5
5,19.7549,0.573921,495.123
