Iteration,Cost,Cost reduction,time (ms)
0,37.0848,0.181501,545.762
1,14.8766,0.671659,1164.71
2,4.67384,0.896844,1746.35
3,4.67384,0.896844,2313.64
4,4.33043,0.904423,2405.64
5,4.33043,0.904423,2951.25
