Iteration,Cost,Cost reduction,time (ms)
0,28.2933,0.308372,122.389
1,12.7937,0.687259,203.153
2,10.199,0.750686,295.217
3,9.12428,0.776958,391.118
4,7.99649,0.804526,485.335
5,6.21133,0.848164,579.878
