Iteration,Cost,Cost reduction,time (ms)
0,22.3992,0.391358,100.199
1,22.3992,0.391358,169.901
2,18.853,0.487716,219.659
3,17.9184,0.513111,292.921
4,16.7499,0.544863,368.458
5,15.2987,0.584296,448.925
