Iteration,Cost,Cost reduction,time (ms)
0,4168.96,0.00155117,179.856
1,4130.32,0.0108054,336.648
2,4080.47,0.0227424,504.753
3,3440.99,0.175896,692.897
4,1489.7,0.643222,907.386
5,1022.86,0.755028,1105.64
