Iteration,Cost,Cost reduction,time (ms)
0,114.618,0.0245646,152.509
1,52.5012,0.553197,264.188
2,46.5994,0.603423,380.938
3,40.1294,0.658485,513.735
4,29.367,0.750077,659.013
5,27.9222,0.762372,797.177
