Iteration,Cost,Cost reduction,time (ms)
0,28.7524,0.397711,111.242
1,19.8633,0.583915,184.601
2,16.8412,0.64722,259.707
3,16.01,0.664632,342.314
4,16.01,0.664632,423.381
5,13.6471,0.714129,475.633
