Iteration,Cost,Cost reduction,time (ms)
0,29.4631,0.37729,111.097
1,28.6568,0.394332,188.469
2,26.637,0.437021,266.4
3,11.0805,0.765811,343.235
4,8.92389,0.811391,426.483
5,6.84231,0.855386,510.916
