Iteration,Cost,Cost reduction,time (ms)
0,25.0728,0.380023,110.359
1,16.3713,0.595186,183.82
2,10.2651,0.746175,260.114
3,8.87792,0.780475,338.084
4,4.48797,0.889026,422.657
5,4.34079,0.892665,517.419
