Iteration,Cost,Cost reduction,time (ms)
0,4218.32,0.0015335,142.087
1,4179.69,0.0106777,240.049
2,4129.8,0.0224872,344
3,4082.15,0.0337644,467.594
4,3074.04,0.272381,592.915
5,2619.15,0.380054,725.432
