Iteration,Cost,Cost reduction,time (ms)
0,36.7271,0.466249,583.006
1,17.9509,0.739122,1136.75
2,14.3095,0.792041,1732.42
3,14.3095,0.792041,2322.73
4,11.9534,0.826282,2416.36
5,10.8472,0.842359,3003.76
