Iteration,Cost,Cost reduction,time (ms)
0,55.2482,0.00773392,532.004
1,17.7282,0.681598,1042.87
2,6.1365,0.889788,1574.25
3,3.98042,0.928511,2126.62
4,3.98042,0.928511,2671.74
5,3.98042,0.928511,2761.53
