Iteration,Cost,Cost reduction,time (ms)
0,5066.45,0.00127674,148.486
1,5027.81,0.00889272,253.064
2,4977.76,0.01876,356.158
3,4245.69,0.16307,473.01
4,3229.82,0.363321,588.253
5,3148.49,0.379355,751.803
