Iteration,Cost,Cost reduction,time (ms)
0,103.21,0.400832,214.356
1,63.8636,0.629252,415.244
2,20.4798,0.881109,625.666
3,13.4791,0.92175,823.311
4,5.90318,0.96573,1015.67
5,5.54507,0.967809,1207.97
