Iteration,Cost,Cost reduction,time (ms)
0,31.5797,0.319255,105.651
1,14.1121,0.695793,181.56
2,14.1121,0.695793,257.002
3,11.7424,0.746875,312.16
4,6.87576,0.851783,394.584
5,6.87576,0.851783,472.856
