Iteration,Cost,Cost reduction,time (ms)
0,32.2205,0.298352,104.326
1,16.3204,0.644598,180.425
2,11.2454,0.755114,255.547
3,11.2454,0.755114,332.748
4,11.2454,0.755114,384.762
5,11.2454,0.755114,439.025
