Iteration,Cost,Cost reduction,time (ms)
0,43.5966,0.0182952,468.436
1,14.2824,0.678389,938.216
2,10.7434,0.758081,1410
3,7.95063,0.820968,1874.62
4,4.93902,0.888784,2324.97
5,4.93902,0.888784,2781.04
