Iteration,Cost,Cost reduction,time (ms)
0,4257.11,0.00151896,460.729
1,4218.47,0.0105819,859.403
2,4168.63,0.0222714,1255.11
3,4078.12,0.0434986,1755.51
4,2353.22,0.448065,2257.16
5,2158.04,0.493843,3004.39
