Iteration,Cost,Cost reduction,time (ms)
0,48.8701,0,145.885
1,48.8701,0,216.917
2,48.8701,0,258.948
3,48.8701,0,316.275
4,48.8701,0,419.301
5,48.4407,0.00878672,450.06
6,48.4407,0.00878672,483.383
