Iteration,Cost,Cost reduction,time (ms)
0,24.4595,0.433298,597.319
1,20.25,0.530828,1124.65
2,20.25,0.530828,1642.14
3,15.8641,0.632445,1713.81
4,12.3713,0.713371,2231.48
5,10.3225,0.760839,2771.51
6,9.62725,0.776947,3301.23
7,8.87544,0.794365,3830.44
8,8.52526,0.802479,4363.4
9,8.52526,0.802479,4891.49
