Iteration,Cost,Cost reduction,time (ms)
0,65.7077,0.366675,153.252
1,41.2358,0.602548,263.147
2,28.3786,0.726473,380.526
3,21.7458,0.790403,502.552
4,17.442,0.831885,624.767
5,17.442,0.831885,758.628
