Iteration,Cost,Cost reduction,time (ms)
0,4559.12,0.00141864,415.02
1,4520.48,0.00988205,812.666
2,4470.64,0.020799,1209.53
3,4452.41,0.0247922,1704.75
4,3247.72,0.288655,2198.61
5,2434.55,0.466763,3140.36
