Iteration,Cost,Cost reduction,time (ms)
0,26.0691,0.353348,102.854
1,17.4378,0.56745,175.629
2,16.1629,0.599074,247.925
3,14.9294,0.629672,323.29
4,14.9294,0.629672,397.083
5,14.9294,0.629672,447.749
