Iteration,Cost,Cost reduction,time (ms)
0,4970.57,0.00130138,141.962
1,4931.94,0.00906403,239.213
2,4881.88,0.0191216,343.302
3,4786.26,0.0383342,458.055
4,3645.92,0.267454,569.962
5,773.503,0.844586,684.981
