Iteration,Cost,Cost reduction,time (ms)
0,4639.47,0.00141104,133.871
1,4601.61,0.0095601,231.001
2,4552.28,0.0201785,332.459
3,3682.36,0.207418,440.252
4,3382.58,0.271943,556.16
5,2591.39,0.442236,668.495
