Iteration,Cost,Cost reduction,time (ms)
0,4711.46,0.00137318,147.115
1,4672.83,0.00956159,247.714
2,4622.93,0.0201366,353.874
3,4556.31,0.0342579,475.524
4,3529.17,0.251967,594.71
5,2922.46,0.380563,769.76
