Iteration,Cost,Cost reduction,time (ms)
0,152.222,0.0639897,146.805
1,95.9231,0.410171,262.144
2,65.1363,0.599478,378.575
3,7.23031,0.955541,493.971
4,7.23031,0.955541,610.407
5,7.00653,0.956917,686.886
