Iteration,Cost,Cost reduction,time (ms)
0,47.8032,0.4111,218.792
1,33.8021,0.583584,428.166
2,18.6562,0.770169,633.234
3,17.08,0.789587,839.302
4,16.3057,0.799126,1038.51
5,16.3057,0.799126,1229.5
