Iteration,Cost,Cost reduction,time (ms)
0,4454.88,0.00145147,139.639
1,4416.25,0.0101113,236.713
2,4366.2,0.0213297,339.969
3,4175.06,0.0641738,454.76
4,2819.3,0.368063,572.694
5,2750.86,0.383402,730.106
