Iteration,Cost,Cost reduction,time (ms)
0,24.4352,0.392978,113.086
1,16.2436,0.596475,188.578
2,16.2436,0.596475,271.063
3,15.9174,0.604578,326.367
4,9.52822,0.763299,414.998
5,8.78698,0.781713,508.364
