Iteration,Cost,Cost reduction,time (ms)
0,5662.8,0.00115642,131.477
1,5624.94,0.00783453,229.442
2,5575.6,0.0165366,331.241
3,4595.85,0.189353,439.527
4,4165.17,0.265319,550.08
5,3478.64,0.386413,663.77
