Iteration,Cost,Cost reduction,time (ms)
0,5662.9,0.00114247,179.915
1,5624.26,0.00795812,338.287
2,5574.41,0.0167497,506.742
3,4864.16,0.142029,698.278
4,2217.25,0.608907,908.956
5,1921.25,0.661118,1113.79
