Iteration,Cost,Cost reduction,time (ms)
0,5662.89,0.0011425,168.947
1,5624.25,0.00795715,270.12
2,5574.19,0.0167866,374.875
3,5471.93,0.0348255,490.097
4,3992.56,0.295765,601.104
5,1963.47,0.65367,715.565
