Iteration,Cost,Cost reduction,time (ms)
0,109.466,0.140851,204.732
1,52.9055,0.584767,400.501
2,30.7746,0.758463,595.368
3,14.4681,0.886446,787.563
4,10.1043,0.920696,985.171
5,8.91806,0.930006,1189.77
