Iteration,Cost,Cost reduction,time (ms)
0,4.4293,0.92939,161.268
1,4.4293,0.92939,304.782
2,1.65155,0.973672,422.641
3,1.60279,0.974449,536.7
4,1.60279,0.974449,701.432
5,1.60279,0.974449,820.376
6,1.60279,0.974449,939.323
