Iteration,Cost,Cost reduction,time (ms)
0,37.0732,0.107134,553.264
1,16.5884,0.600488,1130.26
2,12.6173,0.696126,1640.03
3,12.6173,0.696126,2073.34
4,8.03757,0.806424,2161.39
5,7.72988,0.813835,2578.33
