Iteration,Cost,Cost reduction,time (ms)
0,4456.82,0.00145113,140.15
1,4418.18,0.0101075,238.331
2,4368.12,0.0213231,341.812
3,4064.46,0.0893594,458.84
4,1407.86,0.684569,573.412
5,815.595,0.817266,684.535
