Iteration,Cost,Cost reduction,time (ms)
0,2.7313,0.989239,6.816
1,1.25737,0.995046,11.119
2,1.18913,0.995315,15.615
3,1.18913,0.995315,19.845
4,1.18913,0.995315,22.997
