Iteration,Cost,Cost reduction,time (ms)
0,4373.15,0.00147867,144.9
1,4334.52,0.0103005,244.845
2,4284.46,0.0217294,348.753
3,4261.37,0.027003,471.196
4,3036.55,0.306665,585.779
5,3036.55,0.306665,731.201
