Iteration,Cost,Cost reduction,time (ms)
0,31.2425,0.302426,598.798
1,17.5242,0.608723,1204.24
2,11.4357,0.744667,1740.2
3,10.2919,0.770205,2294.52
4,10.0107,0.776484,2850.55
5,9.13349,0.79607,3402.04
