Iteration,Cost,Cost reduction,time (ms)
0,5775.6,0.0011201,151.054
1,5736.97,0.00780217,251.529
2,5686.91,0.0164594,356.607
3,5646.97,0.0233674,473.202
4,4185.63,0.276104,589.414
5,3366.87,0.417707,737.051
