Iteration,Cost,Cost reduction,time (ms)
0,172.819,0.0281077,145.439
1,88.4137,0.502782,255.149
2,57.2835,0.677851,371.501
3,34.648,0.805148,504.963
4,27.6303,0.844614,634.684
5,12.1052,0.931923,814.695
