Iteration,Cost,Cost reduction,time (ms)
0,72.6046,0.349648,145.447
1,69.393,0.378415,250.316
2,49.8025,0.553897,360.869
3,11.3163,0.898635,472.664
4,10.5746,0.905278,593.095
5,9.97945,0.91061,715.838
