Iteration,Cost,Cost reduction,time (ms)
0,331.932,0.782183,6.731
1,62.3387,0.959093,12.184
2,27.179,0.982165,16.235
3,15.7932,0.989636,20.406
4,15.7932,0.989636,25.018
