Iteration,Cost,Cost reduction,time (ms)
0,4615.7,0.00141876,131.572
1,4577.84,0.00960952,228.813
2,4528.5,0.0202841,330.332
3,3650.44,0.210247,438.866
4,2510.29,0.456913,548.244
5,2453.63,0.46917,656.232
