Iteration,Cost,Cost reduction,time (ms)
0,4665.24,0.00138595,179.858
1,4626.59,0.00965726,338.686
2,4576.76,0.0203242,507.142
3,4333.87,0.0723165,697.748
4,3846.71,0.176596,909.784
5,1830.91,0.608085,1113.96
