Iteration,Cost,Cost reduction,time (ms)
0,60.395,0.395873,147.305
1,58.1092,0.418738,254.628
2,14.4569,0.855388,370.679
3,13.9982,0.859977,496.057
4,8.93232,0.910651,621.59
5,8.93232,0.910651,744.566
