Iteration,Cost,Cost reduction,time (ms)
0,27.0959,0.342449,596.038
1,15.142,0.632541,1166.22
2,14.9185,0.637965,1735.56
3,13.3385,0.676307,2305.67
4,13.3385,0.676307,2882.55
5,13.3385,0.676307,2976.04
