Iteration,Cost,Cost reduction,time (ms)
0,30.9679,0.341193,184.798
1,20.7797,0.557937,367.853
2,9.31603,0.801812,561.519
3,5.73572,0.877979,752.471
4,4.94441,0.894813,941.536
5,3.66051,0.922127,1132.6
