Iteration,Cost,Cost reduction,time (ms)
0,24.859,0.364746,551.671
1,12.5032,0.68049,1059.99
2,7.611,0.805506,1550.8
3,6.39983,0.836457,2065.97
4,6.39983,0.836457,2551.89
5,6.39983,0.836457,2640.58
