Iteration,Cost,Cost reduction,time (ms)
0,57.5224,0.189677,834.11
1,45.6152,0.357414,1609.68
2,45.6152,0.357414,2435.46
3,45.6152,0.357414,2908.67
4,45.6152,0.357414,3399.48
