Iteration,Cost,Cost reduction,time (ms)
0,26.1519,0.364349,598.277
1,17.6138,0.571876,1190.51
2,7.59505,0.815394,1778.17
3,4.02551,0.902155,2336.71
4,3.5677,0.913283,2907.02
5,3.5677,0.913283,3478.34
