Iteration,Cost,Cost reduction,time (ms)
0,45.21,0.26069,530.368
1,24.3021,0.602592,1080.69
2,6.11332,0.90003,1629.38
3,5.68778,0.906989,2213.45
4,4.33529,0.929106,2800.4
5,4.33529,0.929106,3385.01
