Iteration,Cost,Cost reduction,time (ms)
0,5041.4,0.00128254,176.546
1,5002.75,0.00893753,335.407
2,4952.93,0.0188087,505.138
3,4274.25,0.153257,697.814
4,2209.31,0.562327,912
5,1266.06,0.74919,1112.57
