Iteration,Cost,Cost reduction,time (ms)
0,26.1708,0.425071,117.283
1,6.60535,0.854891,220.52
2,6.60535,0.854891,315.266
3,6.60535,0.854891,376.396
4,6.60535,0.854891,437.496
5,6.60535,0.854891,498.813
6,6.60535,0.854891,559.798
