Iteration,Cost,Cost reduction,time (ms)
0,5488.61,0.00117892,146.266
1,5449.97,0.00820929,246.35
2,5400.08,0.0172885,350.797
3,5384.87,0.0200572,472.505
4,3960.41,0.279281,612.611
5,2510.85,0.543073,776.347
