Iteration,Cost,Cost reduction,time (ms)
0,4439.58,0.0014562,410.757
1,4400.94,0.0101473,808.934
2,4351.11,0.0213552,1206.7
3,4207.36,0.0536864,1709.26
4,3490.36,0.214954,2251.2
5,1585.23,0.643452,2790.45
