Iteration,Cost,Cost reduction,time (ms)
0,29.5362,0.361632,105.353
1,17.6554,0.618413,184.733
2,13.1326,0.716164,289.475
3,9.5981,0.792556,402.57
4,7.44562,0.839077,519.329
5,7.44562,0.839077,622.672
