Iteration,Cost,Cost reduction,time (ms)
0,28.4991,0.386969,2000.88
1,24.2537,0.478289,4043.38
2,19.2914,0.58503,6119.52
3,14.3955,0.690345,8280.79
4,12.1851,0.737892,10475
5,12.1851,0.737892,12619.9
