Iteration,Cost,Cost reduction,time (ms)
0,53.2272,0.240746,125.709
1,53.2272,0.240746,224.881
2,53.2272,0.240746,275.499
3,32.6889,0.533713,303.624
4,21.659,0.691048,350.407
5,21.659,0.691048,395.076
6,21.659,0.691048,422.674
