Iteration,Cost,Cost reduction,time (ms)
0,4920.61,0.00133073,131.138
1,4882.75,0.00901472,228.592
2,4833.41,0.019028,329.937
3,3919.77,0.204458,438.168
4,3424.45,0.304987,547.223
5,2585.85,0.475185,657.277
