Iteration,Cost,Cost reduction,time (ms)
0,59.3569,0.356364,571.733
1,25.175,0.727015,1098
2,17.569,0.809491,1623.33
3,11.766,0.872415,2167.44
4,11.766,0.872415,2698.18
5,9.94208,0.892193,2793.04
