Iteration,Cost,Cost reduction,time (ms)
0,107.698,0.170088,593.325
1,39.2411,0.69761,1189.27
2,15.1248,0.883449,1695.05
3,15.1248,0.883449,2270.23
4,13.0777,0.899224,2374.93
5,13.0777,0.899224,2953.12
