Iteration,Cost,Cost reduction,time (ms)
0,26.5926,0.348004,107.374
1,16.6962,0.590644,184.085
2,16.372,0.598593,261.028
3,16.372,0.598593,341.281
4,16.372,0.598593,393.203
5,16.372,0.598593,444.794
