Iteration,Cost,Cost reduction,time (ms)
0,4754.97,0.00136,133.359
1,4716.33,0.00947446,226.487
2,4666.28,0.0199863,319.559
3,4641.39,0.0252154,421.259
4,3255.82,0.316212,522.096
5,2307.12,0.515459,658.494
6,1421.98,0.701355,822.544
7,1334.53,0.719722,999.73
8,1268.68,0.733552,1176.69
9,1003.15,0.789318,1358.23
