Iteration,Cost,Cost reduction,time (ms)
0,5621.89,0.00115087,135.342
1,5583.26,0.0080148,233.87
2,5533.37,0.0168783,338.062
3,5367.52,0.0463457,461.495
4,4918.85,0.126061,601.04
5,3962.27,0.296018,737.853
