Iteration,Cost,Cost reduction,time (ms)
0,73.2409,0.22519,148.127
1,48.7629,0.484141,259.786
2,14.9174,0.84219,365.85
3,4.61371,0.951192,475.592
4,4.61371,0.951192,583.782
5,3.99159,0.957773,661.801
