Iteration,Cost,Cost reduction,time (ms)
0,124.952,0.0752448,213.288
1,54.7399,0.594876,427.16
2,7.40407,0.945203,646.271
3,7.40407,0.945203,855.724
4,5.78989,0.95715,937.454
5,5.78989,0.95715,1147.2
