Iteration,Cost,Cost reduction,time (ms)
0,26.2369,0.33148,603.715
1,23.5816,0.399138,1193.17
2,21.8343,0.44366,1745.06
3,17.5872,0.551877,2271.09
4,15.7731,0.598099,2826.05
5,14.8797,0.620865,3390.12
