Iteration,Cost,Cost reduction,time (ms)
0,4615.77,0.00140116,178.291
1,4577.13,0.00976086,336.217
2,4527.29,0.0205436,507.369
3,3891.77,0.158035,695.788
4,2271.17,0.508643,913.128
5,1445.68,0.687235,1111.27
