Iteration,Cost,Cost reduction,time (ms)
0,102.191,0.304698,155.664
1,95.4154,0.350798,266.588
2,67.0842,0.543563,390.629
3,45.156,0.692761,527.868
4,40.6751,0.723249,669.915
5,24.4219,0.833835,820.851
