Iteration,Cost,Cost reduction,time (ms)
0,54.5942,0.181193,141.14
1,25.6019,0.616022,251.099
2,12.0015,0.820001,373.611
3,11.8196,0.822729,534.397
4,11.8196,0.822729,694.108
5,11.5197,0.827227,783.997
