Iteration,Cost,Cost reduction,time (ms)
0,41.5911,0.200288,100.636
1,41.5911,0.200288,174.228
2,41.5911,0.200288,226.746
3,41.5911,0.200288,281.503
4,41.5911,0.200288,336.821
5,41.5911,0.200288,393.823
