Iteration,Cost,Cost reduction,time (ms)
0,4642.68,0.00139353,156.407
1,4604.05,0.00970336,255.996
2,4554.15,0.0204357,360.299
3,4224.6,0.0913196,482.258
4,2708.23,0.417479,612.409
5,1583.16,0.659474,754.916
