Iteration,Cost,Cost reduction,time (ms)
0,8.00496,0.857844,413.86
1,8.00496,0.857844,578.092
2,8.00496,0.857844,656.439
3,8.00496,0.857844,734.096
4,8.00496,0.857844,811.705
5,8.00496,0.857844,888.201
6,7.20876,0.871983,962.133
7,6.44832,0.885487,1146.52
8,6.30971,0.887949,1299.56
9,6.07014,0.892203,1460.15
