Iteration,Cost,Cost reduction,time (ms)
0,31.3092,0.309248,110.205
1,27.2169,0.399534,188.063
2,23.8078,0.474746,264.939
3,8.78107,0.80627,344.506
4,6.70194,0.85214,434.675
5,6.25857,0.861922,528.411
