Iteration,Cost,Cost reduction,time (ms)
0,26.0086,0.351967,188.964
1,19.6025,0.51158,370.872
2,11.8587,0.704527,540.109
3,9.80571,0.755679,706.549
4,9.80571,0.755679,883.019
5,6.36365,0.841442,949.593
