Iteration,Cost,Cost reduction,time (ms)
0,4439.6,0.00145657,156.089
1,4400.96,0.0101466,256.354
2,4350.91,0.0214046,360.421
3,4327.58,0.026652,477.869
4,3160.87,0.289066,595.373
5,2539.8,0.428754,743.938
