Iteration,Cost,Cost reduction,time (ms)
0,5601.76,0.00115447,177.722
1,5563.12,0.00804456,336.534
2,5513.29,0.0169298,505.451
3,5123.51,0.0864308,695.927
4,4635.88,0.173379,904.659
5,2206.6,0.606543,1105.92
