Iteration,Cost,Cost reduction,time (ms)
0,35.8293,0.444804,224.408
1,13.6302,0.788791,434.055
2,13.6302,0.788791,636.179
3,12.4187,0.807565,717.712
4,10.9582,0.830196,920.04
5,8.50244,0.868249,1117.82
