Iteration,Cost,Cost reduction,time (ms)
0,25.7451,0.356616,116.017
1,23.0068,0.425047,193.356
2,20.6865,0.483032,270.717
3,9.24756,0.768899,345.129
4,9.24756,0.768899,417.217
