Iteration,Cost,Cost reduction,time (ms)
0,44.661,0.300795,153.712
1,25.9543,0.593664,264.884
2,15.3428,0.759796,395.269
3,8.29484,0.870137,541.789
4,8.29484,0.870137,709.995
5,8.29484,0.870137,800.796
