Iteration,Cost,Cost reduction,time (ms)
0,15.075,0.858985,212.597
1,15.075,0.858985,408.482
2,15.075,0.858985,486.204
3,12.7651,0.880592,562.246
4,11.1178,0.896001,758.685
5,11.1178,0.896001,955.294
