Iteration,Cost,Cost reduction,time (ms)
0,85.3076,0.346417,220.047
1,61.8212,0.526358,427.295
2,30.2636,0.768136,644.989
3,21.6416,0.834194,843.323
4,21.6416,0.834194,1037.32
5,17.3619,0.866982,1116.33
