Iteration,Cost,Cost reduction,time (ms)
0,129.795,0.242271,209.001
1,66.0839,0.614209,413.419
2,64.0761,0.62593,619.452
3,64.0761,0.62593,819.733
4,64.0761,0.62593,896.543
