Iteration,Cost,Cost reduction,time (ms)
0,4456.73,0.00146891,132.222
1,4418.86,0.00995158,229.113
2,4369.53,0.0210051,330.034
3,3522.34,0.210819,440.935
4,3157.99,0.292452,551.503
5,2584.87,0.42086,663.743
