Iteration,Cost,Cost reduction,time (ms)
0,4593.11,0.00140764,411.285
1,4554.46,0.00980868,804.102
2,4504.63,0.0206424,1200.59
3,4482.94,0.0253582,1711.41
4,2863.96,0.377344,2247.68
5,2071.19,0.5497,3149.58
