Iteration,Cost,Cost reduction,time (ms)
0,70.0069,0.309262,224.315
1,16.0049,0.842085,430.017
2,11.0389,0.891082,617.12
3,5.80134,0.94276,806.087
4,4.10926,0.959455,993.779
5,4.06814,0.959861,1180.32
