Iteration,Cost,Cost reduction,time (ms)
0,5627.48,0.00114941,413.376
1,5588.84,0.00800798,811.407
2,5539.01,0.0168538,1205.04
3,5465.32,0.0299323,1706.43
4,3272.07,0.419225,2198.47
5,2149.02,0.618559,2998.93
