Iteration,Cost,Cost reduction,time (ms)
0,4583.03,0.00142857,131.591
1,4545.17,0.00967776,229.25
2,4495.84,0.0204271,330.062
3,3621.97,0.210829,437.238
4,3200.28,0.302709,546.281
5,2698.21,0.412102,658.99
