Iteration,Cost,Cost reduction,time (ms)
0,150.772,0.0729053,140.124
1,107.972,0.336082,241.516
2,47.7374,0.706464,346.525
3,13.1413,0.919194,458.297
4,7.74633,0.952368,572.273
5,7.74633,0.952368,684.328
