Iteration,Cost,Cost reduction,time (ms)
0,55.9122,0.299657,230.919
1,24.162,0.697353,434.044
2,5.19262,0.934959,660.254
3,3.72647,0.953323,881.204
4,3.72647,0.953323,1103.88
5,3.72647,0.953323,1192.86
