Iteration,Cost,Cost reduction,time (ms)
0,4498.34,0.00143785,180.874
1,4459.7,0.0100154,338.986
2,4409.86,0.0210799,507.319
3,3793.02,0.158009,698.691
4,1273.52,0.717298,907.968
5,1264.4,0.719322,1107.21
