Iteration,Cost,Cost reduction,time (ms)
0,103.144,0.351488,544.116
1,61.3932,0.613995,1150.18
2,38.1086,0.760395,1718.68
3,28.6347,0.819962,2320.08
4,28.6347,0.819962,2844.19
5,21.1316,0.867136,2938.93
