Iteration,Cost,Cost reduction,time (ms)
0,30.1638,0.336918,543.851
1,19.5055,0.571216,1113.55
2,5.47378,0.879672,1705.5
3,4.96334,0.890892,2280.55
4,4.42345,0.902761,2872.47
5,4.42345,0.902761,3448.49
