Iteration,Cost,Cost reduction,time (ms)
0,93.5591,0.361085,201.569
1,75.7867,0.482452,375.555
2,60.8516,0.584444,550.517
3,55.6081,0.620252,726.749
4,43.8949,0.700242,905.715
5,11.0613,0.924462,1091.98
6,8.10456,0.944654,1273.51
7,8.10456,0.944654,1454.41
