Iteration,Cost,Cost reduction,time (ms)
0,12.4622,0.430847,6.703
1,10.6442,0.513874,11.057
2,7.06106,0.677518,15.333
3,6.3933,0.708015,19.571
4,6.3933,0.708015,23.226
