Iteration,Cost,Cost reduction,time (ms)
0,5662.9,0.0011425,182.234
1,5624.26,0.00795813,341.787
2,5574.41,0.0167498,510.485
3,4865.54,0.141786,700.56
4,1819.3,0.679101,907.991
5,1781.47,0.685774,1107.99
