Iteration,Cost,Cost reduction,time (ms)
0,72.1948,0.407941,143.744
1,72.1948,0.407941,274.491
2,72.1948,0.407941,349.387
3,72.1948,0.407941,424.025
4,72.1948,0.407941,498.721
5,72.1948,0.407941,573.602
6,72.1948,0.407941,648.299
