Iteration,Cost,Cost reduction,time (ms)
0,89.8295,0.318079,143.64
1,81.8803,0.378424,252.509
2,68.2719,0.481729,364.977
3,58.7822,0.553768,479.652
4,58.7822,0.553768,590.279
5,58.7822,0.553768,668.058
