Iteration,Cost,Cost reduction,time (ms)
0,88.8294,0.32108,149.861
1,51.337,0.607633,256.96
2,16.6603,0.872666,574.807
3,16.6603,0.872666,916.109
4,16.6603,0.872666,1008.69
5,12.7471,0.902575,1094.12
