Iteration,Cost,Cost reduction,time (ms)
0,85.8203,0.215923,227.437
1,45.7506,0.582011,452.456
2,24.0385,0.780378,667.816
3,3.65376,0.966618,897.451
4,3.65376,0.966618,1134.05
5,3.65376,0.966618,1225.8
