Iteration,Cost,Cost reduction,time (ms)
0,32.1532,0.272812,187.295
1,19.5708,0.557381,375.43
2,13.5733,0.693023,556.501
3,11.9835,0.728978,736.167
4,11.9835,0.728978,913.559
5,11.9835,0.728978,981.547
