Iteration,Cost,Cost reduction,time (ms)
0,25.6849,0.376022,541.526
1,15.3421,0.627285,1090.73
2,3.0312,0.926361,1616.51
3,3.0312,0.926361,2155.29
4,3.0312,0.926361,2237.05
5,3.0312,0.926361,2297.1
