Iteration,Cost,Cost reduction,time (ms)
0,4583.04,0.00142879,131.337
1,4545.18,0.00967786,227.765
2,4495.84,0.020428,330.068
3,3616.32,0.212062,437.245
4,2426.92,0.471213,545.699
5,2426.92,0.471213,649.193
