Iteration,Cost,Cost reduction,time (ms)
0,149.569,0.191077,579.75
1,41.4425,0.775865,1203.72
2,14.3301,0.922498,1809.81
3,8.61638,0.9534,2356.89
4,8.61638,0.9534,2926.72
5,8.61638,0.9534,3032.01
