Iteration,Cost,Cost reduction,time (ms)
0,5793.67,0.00111664,179.244
1,5755.03,0.00777864,335.86
2,5705.19,0.0163717,504.915
3,4933.59,0.149402,695.642
4,4078.41,0.296843,910.206
5,1657.45,0.714239,1120.12
