Iteration,Cost,Cost reduction,time (ms)
0,4776.83,0.00137057,130.445
1,4738.97,0.0092856,227.748
2,4689.63,0.019599,329.18
3,3807.61,0.203992,437.594
4,3440.1,0.280823,549.615
5,2913.17,0.390982,663.626
