Iteration,Cost,Cost reduction,time (ms)
0,36.6719,0.254964,522.751
1,36.6719,0.254964,1012.61
2,16.6767,0.661191,1103.59
3,16.6767,0.661191,1552.2
4,9.27874,0.81149,1642.37
5,9.27874,0.81149,2092.99
