Iteration,Cost,Cost reduction,time (ms)
0,24.6639,0.3867,106.43
1,15.7478,0.608411,178.197
2,7.71494,0.808158,253.796
3,3.7747,0.906137,338.142
4,3.64053,0.909474,420.778
5,3.53184,0.912176,503.736
