Iteration,Cost,Cost reduction,time (ms)
0,38.3539,0.0884059,112.238
1,24.4463,0.41896,208.715
2,22.1978,0.472404,309.993
3,21.4575,0.489999,441.57
4,17.6242,0.58111,577.948
5,17.6242,0.58111,735.165
