Iteration,Cost,Cost reduction,time (ms)
0,93.0496,0.280106,199.021
1,72.7281,0.437327,337.699
2,11.8172,0.908574,488.59
3,11.8172,0.908574,646.577
4,11.8172,0.908574,725.133
5,11.8172,0.908574,803.457
