Iteration,Cost,Cost reduction,time (ms)
0,21.7439,0.430039,102.301
1,9.94332,0.739361,175.28
2,9.43818,0.752602,251.135
3,5.82144,0.847406,330.436
4,5.79964,0.847977,407.979
5,5.76824,0.8488,488.114
