Iteration,Cost,Cost reduction,time (ms)
0,64.4458,0.431529,223.183
1,7.869,0.930588,419.132
2,7.1955,0.936529,625.422
3,6.05254,0.946611,823.527
4,4.92286,0.956576,1021.57
5,4.92286,0.956576,1216.6
