Iteration,Cost,Cost reduction,time (ms)
0,8.93156,0.841658,514.789
1,8.93156,0.841658,1037.02
2,8.90303,0.842164,1128.77
3,8.20673,0.854508,1633.71
4,8.20673,0.854508,2137.65
5,8.20673,0.854508,2228.96
