Iteration,Cost,Cost reduction,time (ms)
0,115.859,0.325768,162.207
1,111.455,0.351397,273.749
2,102.819,0.401657,393.742
3,87.073,0.493287,517.6
4,52.9695,0.691749,646.888
5,52.9695,0.691749,784.039
