Iteration,Cost,Cost reduction,time (ms)
0,5666.04,0.00114176,412.25
1,5627.4,0.00795366,808.692
2,5577.56,0.0167401,1206.8
3,4815.03,0.151166,1708.45
4,2132.98,0.623979,2339.84
5,977.296,0.827714,2881.16
