Iteration,Cost,Cost reduction,time (ms)
0,30.4206,0.41388,148.38
1,19.4097,0.626029,255.346
2,7.09571,0.863285,369.867
3,5.95018,0.885356,504.697
4,5.95018,0.885356,642.832
5,5.72582,0.889679,723.852
