Iteration,Cost,Cost reduction,time (ms)
0,96.544,0.0186596,141.023
1,90.975,0.0752665,248.592
2,5.87565,0.940276,419.329
3,5.01703,0.949003,600.359
4,3.37923,0.965651,797.581
5,2.73213,0.972229,1009.81
