Iteration,Cost,Cost reduction,time (ms)
0,4615.76,0.00140096,412.568
1,4577.12,0.00976074,811.928
2,4527.29,0.0205425,1207.53
3,4487.64,0.0291205,1709.05
4,3079.41,0.333784,2249.98
5,2369.27,0.487419,3050.26
