Iteration,Cost,Cost reduction,time (ms)
0,5366.51,0.00120521,178.001
1,5327.87,0.00839691,336.42
2,5278.04,0.0176722,505.591
3,5098.32,0.0511201,694.322
4,4222.86,0.214057,887.466
5,2276.2,0.576363,1083.9
