Iteration,Cost,Cost reduction,time (ms)
0,35.8753,0.134644,177.252
1,23.2835,0.438373,354.231
2,12.482,0.69892,526.75
3,9.18891,0.778352,699.887
4,7.54224,0.818072,878.229
5,7.54224,0.818072,1042.89
