Iteration,Cost,Cost reduction,time (ms)
0,4583.1,0.00141121,132.607
1,4544.46,0.0098287,231.274
2,4494.58,0.0206978,335.783
3,4477.09,0.0245076,455.551
4,2296.78,0.499566,587.211
5,2290.05,0.501033,737.01
