Iteration,Cost,Cost reduction,time (ms)
0,29.3072,0.335601,105.477
1,12.5637,0.715178,179.863
2,12.5637,0.715178,252.577
3,12.3005,0.721146,306.473
4,12.3005,0.721146,385.238
5,12.2816,0.721573,440.589
