Iteration,Cost,Cost reduction,time (ms)
0,57.1594,0.43084,216.119
1,30.2641,0.698648,420.655
2,9.01041,0.91028,627.409
3,8.4851,0.91551,833.528
4,5.11237,0.949094,1043.05
5,5.11237,0.949094,1240.87
