Iteration,Cost,Cost reduction,time (ms)
0,29.4499,0.350168,176.436
1,15.2534,0.663424,346.685
2,9.32508,0.794236,512.508
3,3.50687,0.922618,679.309
4,3.42312,0.924466,844.117
5,2.68869,0.940672,1002.92
