Iteration,Cost,Cost reduction,time (ms)
0,5041.43,0.00128318,180.187
1,5002.79,0.00893791,338.39
2,4952.94,0.0188123,506.739
3,4259.6,0.156166,697.072
4,2550.27,0.494786,907.083
5,1077.95,0.786455,1106.63
