Iteration,Cost,Cost reduction,time (ms)
0,5392.33,0.00119969,135.103
1,5353.7,0.00835551,232.54
2,5303.82,0.0175953,335.891
3,5244.5,0.0285812,456.253
4,3774.23,0.300915,584.867
5,2645.54,0.509978,750.328
