Iteration,Cost,Cost reduction,time (ms)
0,5335.54,0.00121228,152.136
1,5296.9,0.00844485,252.122
2,5246.85,0.0178147,356.32
3,5222.79,0.0223186,474.084
4,3294.21,0.383339,590.489
5,2636.08,0.506537,760.97
