Iteration,Cost,Cost reduction,time (ms)
0,34.0401,0.248646,172.667
1,17.2373,0.619527,334.392
2,10.4744,0.768801,491.043
3,10.4744,0.768801,647.068
4,10.4744,0.768801,707.914
5,9.85905,0.782385,757.486
