Iteration,Cost,Cost reduction,time (ms)
0,4920.69,0.00131435,147.904
1,4882.06,0.00915586,248.032
2,4832,0.0193147,352.2
3,4808.38,0.0241086,469.706
4,3224.47,0.345573,587.16
5,3224.47,0.345573,724.607
