Iteration,Cost,Cost reduction,time (ms)
0,101.525,0.345969,148.087
1,13.6207,0.912254,248.755
2,8.63699,0.94436,355.188
3,6.2715,0.959599,472.204
4,6.2715,0.959599,590.732
5,6.10539,0.960669,666.924
