Iteration,Cost,Cost reduction,time (ms)
0,52.3921,0.226862,150.539
1,47.6025,0.297542,259.725
2,12.9394,0.809056,378.853
3,5.58717,0.917552,508.77
4,4.18576,0.938232,653.079
5,4.18576,0.938232,797.179
