Iteration,Cost,Cost reduction,time (ms)
0,75.2199,0.387182,143.472
1,27.2158,0.778272,247.697
2,15.025,0.877591,365.014
3,11.0958,0.909603,486.754
4,10.783,0.912151,603.308
5,9.79424,0.920206,717.315
