Iteration,Cost,Cost reduction,time (ms)
0,27.7707,0.314794,109.839
1,25.2221,0.377678,191.694
2,24.475,0.396112,277.567
3,19.3039,0.523701,366.38
4,17.9633,0.55678,467.788
5,14.6966,0.637381,572.036
