Iteration,Cost,Cost reduction,time (ms)
0,101.197,0.34883,144.247
1,11.3712,0.92683,246.306
2,11.2679,0.927495,352.366
3,10.6252,0.931631,466.779
4,6.44968,0.958499,578.45
5,5.30882,0.96584,697.458
