Iteration,Cost,Cost reduction,time (ms)
0,4999.14,0.00129406,146.723
1,4960.51,0.00901221,246.93
2,4910.62,0.0189791,352.615
3,4877.88,0.0255205,473.087
4,3926.19,0.215643,605.697
5,2476.07,0.505343,758.955
