Iteration,Cost,Cost reduction,time (ms)
0,5392.27,0.0012146,130.418
1,5354.41,0.00822722,228.725
2,5305.07,0.0173664,329.43
3,4339.65,0.196187,437.184
4,3445.06,0.361889,545.07
5,3445.06,0.361889,649.01
