Iteration,Cost,Cost reduction,time (ms)
0,4456.8,0.00145068,412.576
1,4418.16,0.0101083,808.833
2,4368.33,0.0212731,1205.99
3,4352.86,0.0247383,1709.86
4,3033.81,0.320273,2204.6
5,1858.5,0.583602,3099.13
