Iteration,Cost,Cost reduction,time (ms)
0,4920.7,0.00131495,145.654
1,4882.07,0.0091556,244.845
2,4832.17,0.019282,349.983
3,4768.26,0.0322528,471.086
4,3317.49,0.326695,589.699
5,2645.76,0.463028,711.637
