Iteration,Cost,Cost reduction,time (ms)
0,63.9012,0.389158,154.393
1,22.1221,0.788531,257.734
2,21.9085,0.790573,367.208
3,21.7645,0.791949,480.924
4,21.7184,0.79239,597.633
5,21.7184,0.79239,705.909
