Iteration,Cost,Cost reduction,time (ms)
0,4218.23,0.00155168,131.694
1,4180.37,0.0105133,228.878
2,4131.03,0.0221904,330.374
3,3314.57,0.215445,439.007
4,2924.14,0.30786,552.202
5,2870.14,0.320642,666.011
