Iteration,Cost,Cost reduction,time (ms)
0,63.8906,0.196201,577.517
1,18.3414,0.76925,1142.88
2,18.3414,0.76925,1708.02
3,18.1397,0.771787,1799.11
4,18.1397,0.771787,2352.97
5,18.1397,0.771787,2445.97
