Iteration,Cost,Cost reduction,time (ms)
0,102.017,0,81.269
1,102.017,0,118.852
2,76.7711,0.247471,149.648
3,63.967,0.37298,185.66
4,31.7977,0.688311,221.299
5,31.7977,0.688311,259.226
6,31.7977,0.688311,287.081
