Iteration,Cost,Cost reduction,time (ms)
0,30.3286,0.421168,112.278
1,15.2233,0.709458,188.071
2,15.2233,0.709458,263.473
3,15.2233,0.709458,312.064
4,15.2233,0.709458,361.04
5,15.2233,0.709458,409.91
