Iteration,Cost,Cost reduction,time (ms)
0,55.2231,0.340248,216.608
1,41.7626,0.501061,420.17
2,41.7626,0.501061,635.491
3,41.7626,0.501061,738.766
4,41.7626,0.501061,832.819
5,20.0475,0.760492,916.225
