Iteration,Cost,Cost reduction,time (ms)
0,29.5103,0.343118,586.283
1,22.8544,0.491273,1151.51
2,18.6371,0.585148,1690.04
3,18.6371,0.585148,2215.8
4,18.6371,0.585148,2307.4
5,18.435,0.589647,2370.73
