Iteration,Cost,Cost reduction,time (ms)
0,25.0586,0.447138,549.431
1,12.3301,0.727964,1088.33
2,12.3301,0.727964,1599.1
3,9.57904,0.78866,1690.91
4,6.78313,0.850345,2182.12
5,6.70741,0.852016,2712.76
