Iteration,Cost,Cost reduction,time (ms)
0,16.508,0.723696,158.27
1,1.40684,0.976453,264.96
2,1.38609,0.9768,366.409
3,1.38609,0.9768,465.466
4,1.38609,0.9768,531.629
5,1.38609,0.9768,597.666
6,1.28886,0.978428,677.246
7,1.28886,0.978428,768.472
