Iteration,Cost,Cost reduction,time (ms)
0,8.117349836846472,0.0,329.52308654785156
1,8.035225256789785,0.010117166526925514,1122.816562652588
