Iteration,Cost,Cost reduction,time (ms)
0,26.4851,0.322986,534.22
1,15.1443,0.612879,1171.47
2,8.37975,0.785796,1814.2
3,6.44405,0.835277,2434.6
4,6.13901,0.843074,3044.23
5,4.01665,0.897326,3648.25
