Iteration,Cost,Cost reduction,time (ms)
0,35.4325,0.138455,177.571
1,14.0771,0.657714,356.016
2,10.702,0.739779,540.211
3,10.4937,0.744844,722.685
4,9.2666,0.774681,901.662
5,9.13752,0.77782,1082.51
