Iteration,Cost,Cost reduction,time (ms)
0,66.5826,0.353508,141.857
1,49.8499,0.515976,247.505
2,29.1887,0.716589,354.796
3,21.1863,0.794289,462.271
4,18.9733,0.815777,562.102
5,7.65849,0.925639,657.773
6,7.62758,0.925939,755.752
