Iteration,Cost,Cost reduction,time (ms)
0,40.6495,0.447738,150.108
1,29.7549,0.595751,262.542
2,20.4522,0.722138,375.329
3,16.6341,0.77401,490.31
4,8.0548,0.890568,610.898
5,8.0548,0.890568,733.397
