Iteration,Cost,Cost reduction,time (ms)
0,4378.56,0.00147769,137.236
1,4339.93,0.0102876,234.465
2,4289.86,0.0217052,337.195
3,4267.71,0.0267579,453.015
4,3547.03,0.191106,566.929
5,2326,0.46956,694.814
