Iteration,Cost,Cost reduction,time (ms)
0,4794.92,0.00134872,178.203
1,4756.28,0.00939657,336.395
2,4706.44,0.0197762,504.709
3,4646,0.0323648,695.263
4,3392.16,0.293505,899.355
5,2350.08,0.510542,1139.06
