Iteration,Cost,Cost reduction,time (ms)
0,4378.55,0.00147695,150.453
1,4339.92,0.0102879,250.288
2,4289.86,0.0217032,354.162
3,4245.99,0.0317075,470.283
4,3713.84,0.153063,590.66
5,2288.21,0.478176,703.938
