Iteration,Cost,Cost reduction,time (ms)
0,4642.67,0.00139287,166.306
1,4604.03,0.00970335,268.286
2,4553.98,0.0204693,374.07
3,4413.47,0.0506922,489.406
4,2679.82,0.423589,599.97
5,2674,0.42484,713.01
