Iteration,Cost,Cost reduction,time (ms)
0,78.9484,0.341237,147.372
1,21.6427,0.819409,251.872
2,17.2162,0.856344,362.187
3,8.63904,0.927914,471.705
4,7.93906,0.933755,585.299
5,7.2733,0.93931,696.13
