Iteration,Cost,Cost reduction,time (ms)
0,103.618,0.194925,580.694
1,65.5345,0.490821,1150.91
2,17.6241,0.863067,1675.51
3,17.6241,0.863067,2231.93
4,11.9937,0.906813,2328.49
5,11.9937,0.906813,2888.55
