Iteration,Cost,Cost reduction,time (ms)
0,119.257,0.288668,148.612
1,87.2236,0.479739,252.832
2,38.376,0.771099,370.668
3,22.9837,0.86291,509.576
4,7.79359,0.953514,652.819
5,6.27449,0.962575,777.63
