Iteration,Cost,Cost reduction,time (ms)
0,33.4864,0.267423,603.265
1,16.1005,0.647771,1182.24
2,13.4528,0.705696,1727.69
3,11.7505,0.742935,2275.64
4,10.2286,0.776229,2827.45
5,9.17164,0.799353,3340.51
