Iteration,Cost,Cost reduction,time (ms)
0,5305.78,0.00121908,413.864
1,5267.14,0.00849297,811.317
2,5217.3,0.0178747,1207.24
3,4869.43,0.08336,1712.51
4,3073.76,0.421384,2356.94
5,2551.62,0.519673,2962.35
