Iteration,Cost,Cost reduction,time (ms)
0,4583.12,0.00141141,157.656
1,4544.48,0.00982918,257.189
2,4494.42,0.0207364,359.948
3,4475.43,0.0248746,476.582
4,3489.78,0.239633,591.168
5,2630.2,0.426921,736.355
