Iteration,Cost,Cost reduction,time (ms)
0,43.7009,0.268754,150.107
1,21.2512,0.644405,256.219
2,7.52683,0.874054,362.438
3,7.52683,0.874054,471.849
4,7.30202,0.877815,548.859
5,7.30202,0.877815,657.721
