Iteration,Cost,Cost reduction,time (ms)
0,28.655,0.449142,223.142
1,20.7016,0.602035,434.83
2,13.7233,0.736186,637.408
3,7.22557,0.861097,842.333
4,6.98436,0.865734,1056.04
5,5.47641,0.894722,1270.8
