Iteration,Cost,Cost reduction,time (ms)
0,99.3087,0.30225,580.805
1,78.9741,0.445123,1142.63
2,27.2206,0.808746,1694.9
3,27.2206,0.808746,2290.77
4,27.2206,0.808746,2387.18
5,27.2206,0.808746,2472.37
