Iteration,Cost,Cost reduction,time (ms)
0,56.8612,0.22341,592.567
1,31.5328,0.569337,1136.22
2,22.3952,0.694135,1686.43
3,16.2561,0.77798,2235.33
4,10.3134,0.859144,2783.96
5,10.3134,0.859144,3307.55
