Iteration,Cost,Cost reduction,time (ms)
0,62.9516,0.473372,219.192
1,59.5131,0.502138,426.673
2,21.5705,0.81955,630.438
3,11.9593,0.899953,832.556
4,7.11056,0.940516,1036.7
5,6.34917,0.946885,1234.65
