Iteration,Cost,Cost reduction,time (ms)
0,94.3944,0.391771,219.323
1,53.3804,0.656044,419.389
2,53.3804,0.656044,616.067
3,50.8131,0.672587,698.981
4,49.5799,0.680532,897.447
5,49.5799,0.680532,1095.19
