Iteration,Cost,Cost reduction,time (ms)
0,27.7665,0.0701874,11.629
1,19.6852,0.340804,21.32
2,13.3826,0.551858,33.801
3,13.3826,0.551858,43.707
4,12.7988,0.571407,48.651
5,12.6783,0.575443,58.981
