Iteration,Cost,Cost reduction,time (ms)
0,5343.02,0.00122543,131.34
1,5305.16,0.00830278,227.371
2,5255.83,0.0175246,328.218
3,4325.48,0.191434,436.058
4,3980.83,0.255861,549.073
5,3260.65,0.390484,661.382
