Iteration,Cost,Cost reduction,time (ms)
0,45.3959,0.236811,229.347
1,23.702,0.601525,460.941
2,3.80329,0.93606,693.82
3,1.41761,0.976167,924.424
4,1.09237,0.981635,1154.27
5,1.09237,0.981635,1385.11
