Iteration,Cost,Cost reduction,time (ms)
0,4999.06,0.00130988,132.441
1,4961.2,0.00887344,231.129
2,4911.86,0.0187298,331.405
3,3990.43,0.202809,438.708
4,3487.25,0.303332,547.42
5,2583.86,0.483807,657.095
