Iteration,Cost,Cost reduction,time (ms)
0,27.3431,0.368316,104.091
1,25.5948,0.408706,175.237
2,24.9654,0.423246,249.426
3,18.672,0.568636,326.982
4,17.1614,0.603534,404.518
5,17.1614,0.603534,479.523
