Iteration,Cost,Cost reduction,time (ms)
0,38.5838,0.0149319,257.64
1,21.3865,0.453988,327.117
2,17.2074,0.560683,395.179
3,17.2074,0.560683,465.564
4,17.2074,0.560683,509.778
5,17.2074,0.560683,554.059
6,17.2074,0.560683,598.133
