Iteration,Cost,Cost reduction,time (ms)
0,1286.58,0.10716,11.183
1,480.924,0.666256,23.972
2,480.924,0.666256,32.408
3,480.924,0.666256,40.699
4,470.622,0.673405,52.637
5,428.83,0.702407,61.566
6,392.677,0.727497,71.492
7,387.637,0.730994,81.931
8,387.266,0.731251,92.053
