Iteration,Cost,Cost reduction,time (ms)
0,4980.49,0.00129872,180.459
1,4941.85,0.00904704,339.151
2,4892.01,0.0190413,506.883
3,4179.98,0.161819,694.035
4,2645.58,0.4695,911.233
5,1495.7,0.700078,1118.37
