Iteration,Cost,Cost reduction,time (ms)
0,25.9464,0.361313,532.643
1,22.203,0.453459,1072.07
2,16.7309,0.588159,1608.77
3,16.7309,0.588159,2156.18
4,16.0663,0.604518,2250.34
5,9.20944,0.773304,2781.56
