Iteration,Cost,Cost reduction,time (ms)
0,59.0844,0.287042,223.3
1,12.9994,0.84314,428.223
2,8.40094,0.898628,636.999
3,8.18051,0.901288,846.118
4,7.03407,0.915122,1060.3
5,5.63439,0.932011,1272.69
