Iteration,Cost,Cost reduction,time (ms)
0,1039.5604827854033,0.0,8734.759092330933
1,601.783777947125,0.421117108708574,14303.81727218628
