Iteration,Cost,Cost reduction,time (ms)
0,4711.39,0.00138995,134.401
1,4673.53,0.0094146,230.859
2,4624.19,0.0198724,332.249
3,3726.89,0.210061,439.429
4,2335.85,0.504901,547.762
5,2335.85,0.504901,651.43
