Iteration,Cost,Cost reduction,time (ms)
0,23.8755,0.4088,527.798
1,17.8607,0.557737,1016.25
2,16.7001,0.586477,1504.48
3,11.4217,0.717177,1988.24
4,11.4217,0.717177,2457.58
5,11.4217,0.717177,2547.45
