Iteration,Cost,Cost reduction,time (ms)
0,28.3913,0.347736,176.15
1,12.652,0.709332,358.802
2,12.1837,0.72009,550.461
3,5.36909,0.87665,740.291
4,4.31816,0.900794,921.741
5,4.29858,0.901244,1104.36
