Iteration,Cost,Cost reduction,time (ms)
0,27.8189,0.31536,106.768
1,13.9618,0.656392,181.561
2,13.9618,0.656392,255.599
3,11.9817,0.705122,307.572
4,11.9817,0.705122,386.229
5,10.8714,0.732449,440.752
