Iteration,Cost,Cost reduction,time (ms)
0,55.1746,0.402224,145.773
1,18.6772,0.797646,249.968
2,17.6988,0.808246,363.292
3,16.5792,0.820377,481.143
4,6.07865,0.934142,596.224
5,4.27875,0.953643,712.475
