Iteration,Cost,Cost reduction,time (ms)
0,27.5867,0.349795,584.374
1,14.0589,0.668639,1197.77
2,5.34877,0.873932,1811.61
3,3.82699,0.9098,2418.97
4,3.619,0.914702,3047.41
5,3.30741,0.922046,3662.1
