Iteration,Cost,Cost reduction,time (ms)
0,39.2795,0.479526,141.787
1,26.0547,0.654761,246.12
2,19.8015,0.73762,361.201
3,16.0642,0.787141,479.376
4,15.8386,0.79013,597.617
5,12.5849,0.833243,713.186
