Iteration,Cost,Cost reduction,time (ms)
0,22.9941,0.420746,189.153
1,18.9849,0.521744,364.242
2,17.8993,0.54909,535.99
3,12.4956,0.685219,705.081
4,12.4956,0.685219,867.022
5,11.8522,0.701427,932.963
