Iteration,Cost,Cost reduction,time (ms)
0,34.4862,0.24367,175.737
1,22.0937,0.515455,358.331
2,15.6076,0.657705,534.159
3,6.23903,0.86317,712.796
4,6.23903,0.86317,890.306
5,6.23903,0.86317,960.767
