Iteration,Cost,Cost reduction,time (ms)
0,29.6165,0.445825,570.455
1,17.9342,0.664421,1157.72
2,15.4627,0.710666,1697.81
3,9.59321,0.820495,2236.38
4,9.5111,0.822031,2760.33
5,9.5111,0.822031,3278.2
