Iteration,Cost,Cost reduction,time (ms)
0,31.0546,0.352204,108.465
1,20.5323,0.571698,177.765
2,13.0191,0.728423,251.075
3,11.6752,0.756456,330.408
4,11.6752,0.756456,410.022
5,11.6752,0.756456,460.334
