Iteration,Cost,Cost reduction,time (ms)
0,161.657,0.0010942,692.415
1,161.657,0.0010942,1345.48
2,161.657,0.0010942,1641.58
3,161.657,0.0010942,1932.69
4,161.163,0.00414438,2225.14
5,160.908,0.00572175,2876.86
6,160.908,0.00572175,3528.54
