Iteration,Cost,Cost reduction,time (ms)
0,4711.44,0.00137278,133.053
1,4672.81,0.00956141,229.269
2,4622.76,0.0201702,331.836
3,3201.28,0.321464,449.092
4,1887.84,0.599856,567.988
5,1406.89,0.701798,692.447
