Iteration,Cost,Cost reduction,time (ms)
0,26.77,0.374115,176.76
1,9.26195,0.783455,346.747
2,4.7337,0.889326,510.358
3,4.28691,0.899772,671.589
4,3.96651,0.907263,833.755
5,3.96651,0.907263,990.783
