Iteration,Cost,Cost reduction,time (ms)
0,44.6588,0.443226,147.558
1,36.895,0.540019,252.221
2,36.895,0.540019,365.174
3,36.895,0.540019,440.002
4,36.6578,0.542977,518.623
5,33.4441,0.583042,631.513
