Iteration,Cost,Cost reduction,time (ms)
0,29.8043,0.315819,109.516
1,16.7194,0.616193,190.106
2,8.21859,0.811335,276.988
3,5.72369,0.868608,368.526
4,5.27989,0.878796,465.822
5,5.10244,0.882869,563.491
6,5.0323,0.884479,660.891
7,5.0323,0.884479,758.23
