Iteration,Cost,Cost reduction,time (ms)
0,22.9991,0.40011,184.206
1,14.4432,0.623274,353.918
2,10.4122,0.728416,521.002
3,8.43948,0.779871,686.49
4,8.08039,0.789237,853.335
5,8.08039,0.789237,1017.72
