Iteration,Cost,Cost reduction,time (ms)
0,27.0095,0.348131,108.666
1,16.9541,0.590815,184.994
2,9.87874,0.761578,262.399
3,9.87874,0.761578,346.812
4,9.25741,0.776574,398.924
5,9.25741,0.776574,484.759
