Iteration,Cost,Cost reduction,time (ms)
0,29.5274,0.370362,187.625
1,20.2762,0.567634,368.41
2,11.503,0.754712,549.63
3,10.4563,0.777032,729.977
4,10.4563,0.777032,911.586
5,10.4563,0.777032,986.034
