Iteration,Cost,Cost reduction,time (ms)
0,170.669,0.0296875,147.365
1,69.9687,0.602203,253.77
2,17.8896,0.898291,361.266
3,13.6558,0.922362,495.158
4,13.5373,0.923036,647.915
5,13.5157,0.923158,799.988
