Iteration,Cost,Cost reduction,time (ms)
0,29.2207,0.100796,15.468
1,28.5508,0.12141,29.249
2,27.5973,0.150753,42.984
3,21.3197,0.343933,56.08
4,21.0896,0.351013,69.761
5,20.6754,0.36376,82.324
6,16.2132,0.501073,94.218
7,16.2132,0.501073,106.138
