Iteration,Cost,Cost reduction,time (ms)
0,102.967,0.000229776,731.139
1,102.967,0.000229776,1415.07
2,102.967,0.000229776,1707.3
3,102.967,0.000229776,1997.62
4,102.967,0.000229776,2289.18
5,102.967,0.000229776,2578.86
6,102.918,0.000701219,2872.6
