Iteration,Cost,Cost reduction,time (ms)
0,24.5329,0.405312,104.281
1,18.6059,0.548984,177.435
2,7.84176,0.809912,249.707
3,7.84176,0.809912,323.172
4,7.84176,0.809912,373.128
5,7.84176,0.809912,422.973
