Iteration,Cost,Cost reduction,time (ms)
0,4754.97,0.00136003,150.985
1,4716.34,0.00947448,252.754
2,4666.28,0.0199865,356.921
3,4524.95,0.0496704,472.283
4,2762.17,0.419889,583.337
5,2762.17,0.419889,695.439
