Iteration,Cost,Cost reduction,time (ms)
0,25.9269,0.47441,143.165
1,20.1571,0.591374,250.737
2,15.9383,0.676898,362.62
3,3.03255,0.938524,475.221
4,1.6029,0.967506,584.847
5,0.886346,0.982032,697.437
