Iteration,Cost,Cost reduction,time (ms)
0,4335.93,0.00150973,130.3
1,4298.07,0.0102284,226.311
2,4248.74,0.0215889,327.792
3,3408.38,0.215108,436.574
4,3105.34,0.284893,548.583
5,2541.11,0.414827,661.141
