Iteration,Cost,Cost reduction,time (ms)
0,5143.62,0.00125733,180.189
1,5104.98,0.00876029,337.795
2,5055.15,0.0184367,506.484
3,4376.97,0.15012,698.354
4,2882.7,0.440262,916.967
5,2606.17,0.493958,1117
