Iteration,Cost,Cost reduction,time (ms)
0,27.5321,0.342405,584.499
1,17.4903,0.582249,1189.66
2,9.93769,0.762641,1780.97
3,5.67217,0.864522,2371.52
4,4.47741,0.893058,2939.48
5,4.07168,0.902749,3507.04
