Iteration,Cost,Cost reduction,time (ms)
0,29.6773,0.435812,145.68
1,20.9283,0.602136,252.234
2,15.7555,0.700475,367.119
3,10.3841,0.802591,483.183
4,7.30082,0.861206,598.733
5,7.28071,0.861588,709.977
