Iteration,Cost,Cost reduction,time (ms)
0,52.859,0.40857,220.936
1,44.1828,0.505647,429.385
2,28.7954,0.677813,635.272
3,22.5438,0.747762,838.108
4,21.877,0.755222,1039.72
5,10.9443,0.877547,1240.11
