Iteration,Cost,Cost reduction,time (ms)
0,5807.64,0.00111399,152.725
1,5769,0.00775898,252.372
2,5718.95,0.0163683,356.487
3,5387.16,0.0734339,474.978
4,4214.05,0.275203,590.81
5,3677.28,0.367526,749.722
