Iteration,Cost,Cost reduction,time (ms)
0,30.4686,0.351443,110.702
1,15.9947,0.659535,191.74
2,9.30085,0.802021,287.461
3,9.30085,0.802021,384.022
4,8.05003,0.828646,442.996
5,6.48294,0.862004,546.368
