Iteration,Cost,Cost reduction,time (ms)
0,124.969,0.296433,151.323
1,121.127,0.318059,260.305
2,116.787,0.342492,385.572
3,116.787,0.342492,508.083
4,116.787,0.342492,587.562
5,116.429,0.344513,666.647
