Iteration,Cost,Cost reduction,time (ms)
0,26.3095,0.354573,111.312
1,14.0012,0.656521,193.127
2,11.3543,0.721456,275.518
3,7.46841,0.816784,364.287
4,4.76733,0.883047,458.918
5,3.46511,0.914994,566.084
