Iteration,Cost,Cost reduction,time (ms)
0,69.8869,0.619058,221.57
1,69.8869,0.619058,440.394
2,69.8869,0.619058,526.009
3,69.8869,0.619058,607.982
4,69.8869,0.619058,692.034
5,69.8869,0.619058,775.951
