Iteration,Cost,Cost reduction,time (ms)
0,32.7168,0.442766,152.643
1,31.8171,0.45809,263.469
2,23.5246,0.599327,377.455
3,17.2016,0.707021,503.127
4,11.3383,0.806886,626.536
5,5.20129,0.911411,761.801
