Iteration,Cost,Cost reduction,time (ms)
0,5343.1,0.00121025,413.933
1,5304.46,0.00843351,812.238
2,5254.62,0.0177485,1209.63
3,5097.53,0.0471149,1711.43
4,4325.57,0.191418,2251.44
5,3085.68,0.423191,2796.26
