Iteration,Cost,Cost reduction,time (ms)
0,60.0566,0.170407,869.763
1,60.0566,0.170407,1700.58
2,60.0566,0.170407,2191.15
3,60.0566,0.170407,2664.95
4,60.0566,0.170407,3406.67
