Iteration,Cost,Cost reduction,time (ms)
0,27.6141,0.349466,107.725
1,15.8416,0.626804,180.493
2,15.8416,0.626804,250.563
3,15.8416,0.626804,295.644
4,15.8416,0.626804,339.171
5,15.8416,0.626804,382.635
6,15.8416,0.626804,426.173
