Iteration,Cost,Cost reduction,time (ms)
0,5387.22,0.00120072,137.311
1,5348.58,0.00836346,235.438
2,5298.7,0.0176119,339.901
3,4580.05,0.150852,460.919
4,3892.35,0.278352,586.455
5,2734.74,0.492975,728.816
