Iteration,Cost,Cost reduction,time (ms)
0,4583.1,0.00141066,177.198
1,4544.46,0.00983003,335.626
2,4494.63,0.0206875,506.343
3,4447.88,0.0308736,692.928
4,2971.1,0.352641,887.369
5,1543.15,0.663769,1105.96
