Iteration,Cost,Cost reduction,time (ms)
0,65.2749,0,221.076
1,21.0547,0.677445,297.613
2,20.3671,0.68798,431.182
3,18.918,0.71018,569.54
4,14.149,0.78324,717.229
5,12.4387,0.809441,862.796
