Iteration,Cost,Cost reduction,time (ms)
0,130.998,0.284286,229.033
1,40.7296,0.777473,450.551
2,26.8623,0.853237,652.663
3,26.8623,0.853237,855.011
4,26.8623,0.853237,938.079
5,23.2472,0.872988,1017.74
