Iteration,Cost,Cost reduction,time (ms)
0,26.8495,0.701792,161.243
1,12.8289,0.857514,500.358
2,11.5678,0.871521,864.796
3,11.5678,0.871521,1233.79
4,11.5678,0.871521,1325.94
5,11.5678,0.871521,1406.16
