Iteration,Cost,Cost reduction,time (ms)
0,27.8128,0.366017,104.154
1,20.266,0.538044,178.107
2,15.1605,0.654422,259.107
3,9.20181,0.790248,346.075
4,5.72439,0.869514,442.087
5,5.48997,0.874858,545.541
