Iteration,Cost,Cost reduction,time (ms)
0,100.011,0.150144,145.823
1,34.6362,0.705674,254.047
2,31.5656,0.731767,362.683
3,31.5656,0.731767,487.498
4,31.5656,0.731767,558.508
5,31.5656,0.731767,629.906
