Iteration,Cost,Cost reduction,time (ms)
0,43.7189,0.0870757,13.007
1,40.9957,0.143941,22.797
2,13.9244,0.709235,32.525
3,13.5937,0.716142,42.676
4,9.2823,0.80617,53.261
5,9.2823,0.80617,62.186
