Iteration,Cost,Cost reduction,time (ms)
0,4540.33,0.00142469,135.221
1,4501.69,0.00992135,231.839
2,4451.64,0.0209305,334.829
3,4325.3,0.0487164,448.49
4,2940.66,0.353247,558.976
5,734.122,0.838541,674.29
6,615.361,0.864661,791.756
7,615.361,0.864661,896.658
