Iteration,Cost,Cost reduction,time (ms)
0,29.7778,0.377915,185.784
1,20.9987,0.561318,366.628
2,12.247,0.74415,542.244
3,9.71314,0.797084,720.111
4,9.71314,0.797084,893.244
5,8.34779,0.825607,968.963
