Iteration,Cost,Cost reduction,time (ms)
0,24.778,0.361643,176.525
1,21.2607,0.452258,348.819
2,21.2607,0.452258,500.406
3,21.2607,0.452258,559.227
4,21.2607,0.452258,605.879
5,21.2607,0.452258,653.75
