Iteration,Cost,Cost reduction,time (ms)
0,33.4495,0.130502,105.684
1,16.7947,0.563432,181.996
2,9.08726,0.763782,266.562
3,8.71339,0.773501,360.322
4,8.71339,0.773501,452.104
5,8.13044,0.788654,505.07
