Iteration,Cost,Cost reduction,time (ms)
0,28.4759,0.322702,553.615
1,19.5265,0.535564,1134.63
2,14.9927,0.643398,1726.94
3,14.9927,0.643398,2272.14
4,11.5967,0.724174,2368.33
5,11.5967,0.724174,2887.08
