Iteration,Cost,Cost reduction,time (ms)
0,34.5854,0.11087,98.485
1,34.5854,0.11087,165.875
2,32.8201,0.156252,213.315
3,32.8201,0.156252,289.635
4,32.8201,0.156252,337.342
5,32.8201,0.156252,384.689
