Iteration,Cost,Cost reduction,time (ms)
0,27.6243,0.299762,104.769
1,17.3958,0.559041,180.147
2,10.0911,0.744205,256.293
3,10.0911,0.744205,333.353
4,10.0585,0.745032,387.007
5,10.0585,0.745032,465.893
