Iteration,Cost,Cost reduction,time (ms)
0,97.7627,0.188051,588.22
1,36.073,0.700402,1145.52
2,16.8269,0.860248,1727.81
3,16.8269,0.860248,2294.57
4,15.6177,0.87029,2389.19
5,9.35236,0.922326,2953.66
