Iteration,Cost,Cost reduction,time (ms)
0,4168.95,0.00155114,413.078
1,4130.31,0.0108054,810.584
2,4080.47,0.0227422,1206.41
3,3444.06,0.17516,1705.9
4,1323.6,0.683002,2336.44
5,1323.6,0.683002,2873.87
