Iteration,Cost,Cost reduction,time (ms)
0,5519.24,0.00117222,147.403
1,5480.6,0.00816426,246.764
2,5430.54,0.0172239,351.545
3,4501.58,0.185341,468.727
4,3854.71,0.302406,582.196
5,3675.16,0.3349,743.087
