Iteration,Cost,Cost reduction,time (ms)
0,23.0503,0.467638,104.531
1,14.3596,0.668354,176.03
2,5.37802,0.875791,247.797
3,4.33664,0.899842,322.347
4,4.33664,0.899842,399.293
5,4.33664,0.899842,448.427
