Iteration,Cost,Cost reduction,time (ms)
0,4447.85,0.00145349,411.031
1,4409.21,0.0101285,806.197
2,4359.38,0.0213156,1202.83
3,4216.42,0.0534095,1703.61
4,3146.26,0.293661,2246.46
5,2567.14,0.423676,2796.15
