Iteration,Cost,Cost reduction,time (ms)
0,29.0987,0.316137,105.224
1,16.116,0.62125,181.351
2,16.116,0.62125,253.123
3,16.0898,0.621866,305.077
4,16.0898,0.621866,382.245
5,16.0749,0.622216,436.229
