Iteration,Cost,Cost reduction,time (ms)
0,155.362,0.0413367,150.422
1,92.2196,0.430957,257.631
2,49.4572,0.694823,367.672
3,46.9427,0.710339,503.11
4,42.6455,0.736855,638.323
5,36.2725,0.77618,776.879
