Iteration,Cost,Cost reduction,time (ms)
0,28.7936,0.34075,104.794
1,12.5915,0.711709,179.848
2,12.5915,0.711709,251.295
3,12.5723,0.712148,307.048
4,12.5723,0.712148,386.918
5,12.5583,0.712469,443.419
