Iteration,Cost,Cost reduction,time (ms)
0,5697.87,0.00113526,179.181
1,5659.23,0.00790919,338.977
2,5609.39,0.016646,506.775
3,4854.14,0.149045,696.443
4,2971.59,0.479066,911.336
5,2971.59,0.479066,1110.46
