Iteration,Cost,Cost reduction,time (ms)
0,5.71956,0.907235,26.541
1,5.71956,0.907235,49.718
2,3.49552,0.943306,63.458
3,1.99677,0.967614,83.454
4,1.36036,0.977936,94.614
5,1.36036,0.977936,107.409
6,1.36036,0.977936,117.127
