Iteration,Cost,Cost reduction,time (ms)
0,107.334,0.358664,150.601
1,56.671,0.661381,265.964
2,45.4317,0.728538,396.494
3,18.211,0.891186,548.933
4,14.8192,0.911453,727.145
5,14.8192,0.911453,900.892
