Iteration,Cost,Cost reduction,time (ms)
0,4999.13,0.0012941,145.537
1,4960.5,0.00901197,242.864
2,4910.61,0.0189785,341.745
3,4877.23,0.0256473,453.472
4,2634.44,0.473703,580.404
5,2307.99,0.538919,714.997
6,1219.47,0.75638,905.087
7,957.545,0.808706,1142.25
8,946.734,0.810865,1372.18
9,946.734,0.810865,1636.3
