Iteration,Cost,Cost reduction,time (ms)
0,102.968,0.362955,149.993
1,102.968,0.362955,253.662
2,102.968,0.362955,325.156
3,102.968,0.362955,397.347
4,102.968,0.362955,469.778
5,102.968,0.362955,542.418
