Iteration,Cost,Cost reduction,time (ms)
0,65.4597,0.613585,65.878
1,65.4597,0.613585,136.959
2,46.794,0.72377,182.043
3,25.1151,0.851743,238.163
4,25.1151,0.851743,333.939
5,19.0112,0.887775,405.079
6,19.0112,0.887775,493.189
