Iteration,Cost,Cost reduction,time (ms)
0,26.8407,0.315315,106.047
1,16.5264,0.578424,180.36
2,13.3208,0.660197,254.705
3,13.3208,0.660197,329.329
4,13.3208,0.660197,382.038
5,13.3208,0.660197,434.389
