Iteration,Cost,Cost reduction,time (ms)
0,30.2085,0.431403,154.105
1,14.4134,0.728706,262.308
2,14.4134,0.728706,378.403
3,12.3866,0.766855,459.965
4,10.116,0.809592,579.044
5,6.55488,0.876621,699.712
