Iteration,Cost,Cost reduction,time (ms)
0,5107.94,0.00126663,146.581
1,5069.31,0.00882029,245.837
2,5019.25,0.0186079,350.297
3,4679.02,0.0851324,465.17
4,2222.65,0.565415,578.479
5,1318.52,0.742197,695.394
