Iteration,Cost,Cost reduction,time (ms)
0,110.492,0.147687,604.338
1,33.1865,0.744006,1267.41
2,15.3816,0.88135,1766.49
3,12.4527,0.903942,2310.58
4,8.20727,0.936691,2820.62
5,8.20727,0.936691,3330.83
