Iteration,Cost,Cost reduction,time (ms)
0,152.414,0.0698981,206.256
1,109.925,0.329186,321.918
2,61.7234,0.623335,470.986
3,30.7167,0.812552,635.646
4,30.7167,0.812552,902.056
5,30.7167,0.812552,1000.2
