Iteration,Cost,Cost reduction,time (ms)
0,30.3968,0.283443,174.312
1,15.3962,0.637058,335.323
2,13.5419,0.680771,505.437
3,13.5419,0.680771,670.384
4,11.7994,0.721847,740.557
5,11.4641,0.729751,898.138
