Iteration,Cost,Cost reduction,time (ms)
0,107.301,0.93063,7.092
1,61.3091,0.960364,11.151
2,61.3091,0.960364,15.185
3,61.3091,0.960364,17.545
4,61.3091,0.960364,20.397
