Iteration,Cost,Cost reduction,time (ms)
0,65.5525,0.301697,163.419
1,9.46986,0.899122,284.845
2,9.46986,0.899122,411.822
3,9.46986,0.899122,497.57
4,9.46986,0.899122,583.122
5,9.46986,0.899122,669
6,9.46986,0.899122,755.177
