Iteration,Cost,Cost reduction,time (ms)
0,30.8023,0.309948,102.798
1,13.3209,0.701577,178.534
2,13.254,0.703076,254.22
3,13.254,0.703076,332.008
4,13.2507,0.70315,387.855
5,13.2507,0.70315,468.542
