Iteration,Cost,Cost reduction,time (ms)
0,35.8337,0.317623,216.964
1,11.2035,0.786654,325.063
2,9.82584,0.812888,433.262
3,8.6368,0.835531,543.008
4,8.6368,0.835531,651.995
