Iteration,Cost,Cost reduction,time (ms)
0,28.161,0.319239,104.066
1,16.3836,0.603943,178.664
2,16.2136,0.608054,251.21
3,16.1709,0.609085,324.377
4,16.0197,0.612741,397.128
