Iteration,Cost,Cost reduction,time (ms)
0,109.124,0.313985,148.069
1,78.541,0.506248,257.244
2,56.0357,0.647729,369.724
3,35.416,0.777355,496.05
4,35.416,0.777355,635.83
5,35.416,0.777355,716.478
