Iteration,Cost,Cost reduction,time (ms)
0,83.1878,0.0856903,505.252
1,83.1878,0.0856903,932.81
2,83.1878,0.0856903,1254.13
3,83.1878,0.0856903,1573.55
4,83.1878,0.0856903,1889.03
5,83.1878,0.0856903,2217.38
6,83.1878,0.0856903,2535.33
