Iteration,Cost,Cost reduction,time (ms)
0,4373.16,0.00147928,135.864
1,4334.52,0.0103002,236.627
2,4284.63,0.0216923,341.661
3,4236.41,0.0327017,464.702
4,3200.29,0.26928,589.785
5,3025.36,0.309221,731.846
