Iteration,Cost,Cost reduction,time (ms)
0,30.1124,0.323971,106.381
1,19.4949,0.562335,186.709
2,16.0034,0.640722,278.192
3,14.0535,0.684496,375.048
4,13.7208,0.691966,480.884
5,12.8034,0.712562,587.978
