Iteration,Cost,Cost reduction,time (ms)
0,11.3487,0.750597,95.596
1,11.3487,0.750597,159.033
2,11.3487,0.750597,200.122
3,11.3487,0.750597,241.412
4,11.3487,0.750597,282.741
5,11.3487,0.750597,323.96
6,11.3487,0.750597,365.142
