Iteration,Cost,Cost reduction,time (ms)
0,35.5494,0.224813,2272.49
1,18.8108,0.589814,4673.6
2,12.1429,0.735213,7086.34
3,12.0567,0.737092,9426.64
4,11.9184,0.740109,11795
5,6.72176,0.853426,14197.7
6,6.15439,0.865798,16540.2
7,6.15439,0.865798,18907.8
