Iteration,Cost,Cost reduction,time (ms)
0,1039.0710391131452,0.0,4242.148160934448
1,104.66050479287847,0.8992749284185545,11171.812057495117
