Iteration,Cost,Cost reduction,time (ms)
0,31.467,0.314794,105.117
1,29.2725,0.362581,178.851
2,28.1913,0.386125,251.431
3,27.0149,0.41174,326.302
4,25.9099,0.435802,403.885
5,25.9099,0.435802,480.213
