Iteration,Cost,Cost reduction,time (ms)
0,30.5816,0.306773,106.447
1,22.7258,0.48485,186.38
2,19.4355,0.559436,286.227
3,16.7802,0.619626,396.715
4,15.3318,0.652457,516.033
5,15.3318,0.652457,653.421
