Iteration,Cost,Cost reduction,time (ms)
0,5196.72,0.00124453,145.382
1,5158.08,0.00867009,239.97
2,5108.03,0.0182895,333.443
3,5081.94,0.0233043,434.631
4,3627.28,0.302875,537.926
5,2614.2,0.497578,690.999
6,1815.38,0.651102,865.511
7,1717.54,0.669907,1053.81
8,1675.2,0.678044,1231.32
9,1675.2,0.678044,1417.2
