Iteration,Cost,Cost reduction,time (ms)
0,27.6131,0.316006,109.937
1,17.9129,0.556285,188.053
2,15.2705,0.62174,268.831
3,14.6682,0.636658,357.887
4,14.0116,0.652924,448.843
5,13.5765,0.663701,535.187
