Iteration,Cost,Cost reduction,time (ms)
0,27.3551,0.381244,107.219
1,23.1317,0.476775,179.614
2,23.1317,0.476775,252.125
3,22.3297,0.494915,301.441
4,22.1402,0.499203,378.336
5,22.1199,0.499661,458.253
