Iteration,Cost,Cost reduction,time (ms)
0,27.8402,0.352792,107.063
1,13.6947,0.681637,180.725
2,11.8306,0.72497,251.41
3,11.8306,0.72497,324.612
4,10.63,0.752881,375.605
5,9.63627,0.775983,453.341
