Iteration,Cost,Cost reduction,time (ms)
0,4980.48,0.00129848,407.951
1,4941.83,0.00904689,800.256
2,4892,0.0190399,1193.16
3,4865.84,0.0242858,1692.67
4,4050.87,0.187707,2224.31
5,2568.46,0.484963,3031.72
6,2513.78,0.495928,3726.53
7,2496.9,0.499314,4410.21
