Iteration,Cost,Cost reduction,time (ms)
0,5196.72,0.00124442,177.537
1,5158.07,0.00867085,336.638
2,5108.24,0.0182484,503.613
3,4438.03,0.147056,698.355
4,2307.23,0.556575,915.741
5,1339.52,0.742558,1116.64
