Iteration,Cost,Cost reduction,time (ms)
0,91.9092,0.313645,146.396
1,71.8176,0.463684,255.731
2,53.8071,0.598182,366.898
3,50.2873,0.624467,485.453
4,47.1182,0.648133,607.039
5,33.8958,0.746874,723.64
