Iteration,Cost,Cost reduction,time (ms)
0,71.9995,0.373968,149.88
1,19.4219,0.831127,252.617
2,12.0879,0.894896,365.159
3,10.7927,0.906158,483.614
4,5.09389,0.955709,602.006
5,4.48082,0.961039,727.292
