Iteration,Cost,Cost reduction,time (ms)
0,4179.5,0.00154796,141.187
1,4140.87,0.0107769,239.709
2,4090.97,0.0226969,343.483
3,4062.17,0.0295774,467.116
4,2894.98,0.308411,596.893
5,1263.47,0.698167,755.355
