Iteration,Cost,Cost reduction,time (ms)
0,67.449,0.38418,232.724
1,51.1765,0.53275,450.851
2,41.1862,0.623964,656.756
3,32.7214,0.701249,867.88
4,32.7214,0.701249,1079.22
5,32.7214,0.701249,1160.63
