Iteration,Cost,Cost reduction,time (ms)
0,78.029,0.355316,152.361
1,27.5144,0.772673,255.378
2,25.0914,0.792693,368.829
3,23.4596,0.806174,485.546
4,13.571,0.887875,599.327
5,2.96209,0.975527,714.061
