Iteration,Cost,Cost reduction,time (ms)
0,4606.03,0.00142137,133.024
1,4568.17,0.00962946,230.156
2,4518.84,0.0203252,331.517
3,3650.24,0.208635,439.089
4,3278.96,0.289128,549.7
5,2738.74,0.406247,663.948
