Iteration,Cost,Cost reduction,time (ms)
0,4624.71,0.00141579,133.25
1,4586.85,0.00959071,230.358
2,4537.51,0.0202438,332.601
3,3654.67,0.210871,441.201
4,3172.18,0.315051,549.503
5,899.044,0.805875,660.176
