Iteration,Cost,Cost reduction,time (ms)
0,19.0924,0.880289,20.165
1,9.31875,0.941571,31.32
2,7.87554,0.95062,41.809
3,5.4902,0.965576,54
4,4.13424,0.974078,66.441
5,3.97409,0.975082,77.233
6,3.72644,0.976635,90.24
7,3.37311,0.97885,103.679
8,3.37311,0.97885,116.777
