Iteration,Cost,Cost reduction,time (ms)
0,111.887,0.357945,148.19
1,104.731,0.399008,257.986
2,47.3222,0.728444,377.931
3,5.45386,0.968703,497.032
4,4.66736,0.973217,629.496
5,4.61395,0.973523,760.069
