Iteration,Cost,Cost reduction,time (ms)
0,27.6712,0.395427,123.849
1,27.6712,0.395427,207.335
2,27.6712,0.395427,250.122
3,27.6712,0.395427,292.876
4,27.6712,0.395427,335.503
5,27.6712,0.395427,378.094
6,17.1286,0.625767,423.361
7,17.1286,0.625767,654.062
