Iteration,Cost,Cost reduction,time (ms)
0,67.3214,0.583438,150.513
1,48.3409,0.700882,508.786
2,38.4446,0.762118,883.667
3,23.8659,0.852326,1279.44
4,23.8659,0.852326,1697.75
5,23.8659,0.852326,1789.45
