Iteration,Cost,Cost reduction,time (ms)
0,5.77258,0.953877,169.173
1,2.68514,0.978546,268.912
2,2.68514,0.978546,358.89
3,2.68514,0.978546,416.553
4,2.68514,0.978546,474.242
5,2.68514,0.978546,531.483
6,2.68514,0.978546,588.971
