Iteration,Cost,Cost reduction,time (ms)
0,5392.26,0.00121434,131.607
1,5354.4,0.0082271,229.735
2,5305.07,0.0173648,330.8
3,4354.59,0.193418,438.934
4,3979.77,0.262843,551.016
5,3344.36,0.380538,663.345
