Iteration,Cost,Cost reduction,time (ms)
0,31.0412,0.339725,111.537
1,13.164,0.719989,193.388
2,10.136,0.784397,287.364
3,8.48065,0.819609,382.916
4,5.90323,0.874433,477.792
5,4.12522,0.912253,575.165
