Iteration,Cost,Cost reduction,time (ms)
0,4482.82,0.00144285,178.336
1,4444.18,0.0100501,336.31
2,4394.33,0.0211532,504.605
3,3728.16,0.169545,694.558
4,2232.24,0.502764,906.362
5,1077.18,0.760057,1108.11
