Iteration,Cost,Cost reduction,time (ms)
0,84.6895,0.374456,149.269
1,66.351,0.50991,259.718
2,39.6183,0.707367,374.754
3,33.6323,0.751581,497.437
4,13.9391,0.897041,625.863
5,8.58179,0.936612,774.773
