Iteration,Cost,Cost reduction,time (ms)
0,40.7301,0.448464,146.368
1,30.8743,0.581924,257.336
2,12.3839,0.832306,376.981
3,10.6798,0.855383,499.122
4,7.56869,0.89751,613.816
5,6.71462,0.909076,721.33
