Iteration,Cost,Cost reduction,time (ms)
0,37.1702,0.282028,206.052
1,28.6179,0.447222,347.728
2,19.7171,0.619148,484.56
3,16.206,0.686969,626.694
4,16.206,0.686969,770.172
5,16.206,0.686969,847.149
