Iteration,Cost,Cost reduction,time (ms)
0,96.0836,0.218661,247.676
1,54.6171,0.555861,374.578
2,12.9716,0.894517,491.361
3,12.9716,0.894517,626.357
4,12.9716,0.894517,707.008
5,12.9716,0.894517,785.874
