Iteration,Cost,Cost reduction,time (ms)
0,27.3724,0.362018,104.507
1,9.42814,0.780254,176.415
2,9.42814,0.780254,247.016
3,8.74112,0.796267,297.863
4,8.55916,0.800507,374.105
5,8.55916,0.800507,449.463
