Iteration,Cost,Cost reduction,time (ms)
0,27.4643,0.321339,102.986
1,25.883,0.360413,176.666
2,25.883,0.360413,250.104
3,16.1123,0.601854,301.526
4,11.909,0.705719,379.657
5,11.909,0.705719,455.53
