Iteration,Cost,Cost reduction,time (ms)
0,26.6537,0.320774,105.133
1,26.0447,0.336295,178.415
2,26.0447,0.336295,248.254
3,21.7238,0.446405,300.167
4,11.6092,0.704159,376.632
5,10.5182,0.731961,454.232
