Iteration,Cost,Cost reduction,time (ms)
0,5113.79,0.00126469,413.499
1,5075.15,0.00881135,812.389
2,5025.32,0.0185444,1206.08
3,4984.4,0.0265361,1708.61
4,3456.03,0.325029,2248.97
5,3047.66,0.404786,3046.94
