Iteration,Cost,Cost reduction,time (ms)
0,26.8656,0.369474,106.32
1,19.4381,0.543795,178.902
2,19.4381,0.543795,251.142
3,18.536,0.564967,303.36
4,17.8183,0.581811,381.549
5,17.8183,0.581811,463.933
