Iteration,Cost,Cost reduction,time (ms)
0,29.4563,0.360815,106.729
1,16.4024,0.644076,186.631
2,15.5536,0.662496,271.257
3,14.0971,0.694101,360.531
4,13.7757,0.701076,453.6
5,13.4833,0.707419,548.179
