Iteration,Cost,Cost reduction,time (ms)
0,4199.83,0.00154037,146.233
1,4161.2,0.0107247,246.02
2,4111.31,0.022587,351.415
3,4092.13,0.0271468,472.183
4,2353.37,0.440515,602.403
5,2353.37,0.440515,738.734
