Iteration,Cost,Cost reduction,time (ms)
0,63.9764,0.416676,145.922
1,61.9921,0.434768,254.841
2,29.6962,0.729236,362.748
3,15.7376,0.856508,476.561
4,12.2168,0.888609,604.051
5,8.66313,0.921011,723.258
