Iteration,Cost,Cost reduction,time (ms)
0,73.5255,0.481356,569.083
1,50.8058,0.64162,1091.67
2,46.0359,0.675266,1636.85
3,34.5475,0.756305,2169.93
4,34.5475,0.756305,2689.89
5,34.5475,0.756305,2779.35
