Iteration,Cost,Cost reduction,time (ms)
0,142.179,0.21267,145.084
1,103.714,0.425673,255.706
2,78.9076,0.563042,376.734
3,78.9076,0.563042,501.234
4,78.0732,0.567663,586.87
5,77.1451,0.572802,714.508
