Iteration,Cost,Cost reduction,time (ms)
0,68.3672,0.388091,148.097
1,57.002,0.489814,256.697
2,49.2543,0.559158,367.652
3,40.8979,0.63395,490.409
4,8.33039,0.92544,623.994
5,7.61492,0.931844,752.569
