Iteration,Cost,Cost reduction,time (ms)
0,32.436,0.75744,159.946
1,32.2183,0.759068,361.058
2,11.2201,0.916094,578.576
3,8.11507,0.939315,820.37
4,8.11507,0.939315,1070.73
5,8.11507,0.939315,1170
