Iteration,Cost,Cost reduction,time (ms)
0,27.3581,0.373615,177.285
1,5.0314,0.884802,344.909
2,3.74761,0.914196,504.589
3,3.74761,0.914196,662.529
4,3.74761,0.914196,726.414
5,3.74761,0.914196,775.467
