Iteration,Cost,Cost reduction,time (ms)
0,108.498,0.0308247,148.912
1,50.5565,0.548395,265.49
2,26.0409,0.767385,386.433
3,24.6041,0.780219,500.511
4,23.4212,0.790785,615.485
5,21.6154,0.806916,736.667
6,21.5707,0.807316,852.451
