Iteration,Cost,Cost reduction,time (ms)
0,31.1882,0.435429,209.424
1,17.4122,0.684803,420.856
2,14.9122,0.730059,632.797
3,7.41433,0.865785,842.59
4,7.13684,0.870809,1055.14
5,7.13684,0.870809,1266.72
