Iteration,Cost,Cost reduction,time (ms)
0,4447.87,0.0014544,145.887
1,4409.24,0.0101274,243.048
2,4359.18,0.0213657,345.613
3,3672.93,0.175429,461.961
4,2874.79,0.35461,580.742
5,2301.15,0.483392,727.339
