Iteration,Cost,Cost reduction,time (ms)
0,28.4277,0.319664,109.805
1,24.7122,0.408585,186.544
2,17.4987,0.58122,264.173
3,11.2552,0.730639,344.987
4,6.81433,0.836919,424.614
5,6.10516,0.853891,506.45
6,4.17243,0.900145,584.492
7,4.17243,0.900145,664.151
