Iteration,Cost,Cost reduction,time (ms)
0,29.1959,0.314743,106.116
1,15.796,0.629253,181.194
2,12.7406,0.700965,256.949
3,12.7406,0.700965,334.916
4,12.7406,0.700965,388.059
5,12.7406,0.700965,440.964
