Iteration,Cost,Cost reduction,time (ms)
0,125.794,0.298748,151.8
1,65.5334,0.634676,262.878
2,24.7569,0.86199,384.896
3,24.7569,0.86199,507.005
4,24.4678,0.863601,591.954
5,24.4678,0.863601,715.799
