Iteration,Cost,Cost reduction,time (ms)
0,32.0401,0.298598,189.701
1,23.0147,0.496176,366
2,20.1931,0.557945,540.338
3,6.49986,0.857709,715.837
4,6.49986,0.857709,886.693
5,6.49986,0.857709,954.461
