Iteration,Cost,Cost reduction,time (ms)
0,60.3807,0.165931,5828.59
1,60.3807,0.165931,11746.6
2,60.3807,0.165931,12237.3
3,60.3807,0.165931,12726.5
4,60.3807,0.165931,13221.8
