Iteration,Cost,Cost reduction,time (ms)
0,26.9726,0.31567,105.103
1,14.1321,0.641449,179.045
2,12.7236,0.677184,253.579
3,12.4873,0.683179,331.45
4,12.2259,0.689813,411.77
5,11.9738,0.69621,493.649
