Iteration,Cost,Cost reduction,time (ms)
0,67.8547,0.00441147,143.711
1,11.4298,0.832298,247.675
2,10.652,0.843709,354.008
3,10.4572,0.846569,465.434
4,9.99909,0.85329,577.351
5,9.99909,0.85329,686.76
