Iteration,Cost,Cost reduction,time (ms)
0,4540.33,0.00142428,180.844
1,4501.69,0.00992272,337.274
2,4451.85,0.0208838,505.386
3,3764.99,0.17195,695.663
4,1738.2,0.617709,911.92
5,1101.18,0.757813,1107.47
