Iteration,Cost,Cost reduction,time (ms)
0,28.6316,0.366008,106.286
1,20.3188,0.550078,183.181
2,15.4029,0.658932,262.869
3,12.0052,0.734168,350.391
4,10.2801,0.772368,451.906
5,9.34462,0.793081,553.423
