Iteration,Cost,Cost reduction,time (ms)
0,152.61,0.147978,523.305
1,99.5536,0.444193,1041.89
2,41.3483,0.769153,1582.04
3,41.3483,0.769153,2122.83
4,41.3483,0.769153,2212.16
5,41.3483,0.769153,2289.74
