Iteration,Cost,Cost reduction,time (ms)
0,21.7832,0.451252,112.316
1,15.055,0.620743,183.634
2,13.7099,0.654627,257.533
3,12.0068,0.697533,338.339
4,10.1207,0.745046,419.395
5,8.50368,0.78578,500.864
