Iteration,Cost,Cost reduction,time (ms)
0,5164.04,0.00126811,132.259
1,5126.18,0.00859032,229.533
2,5076.85,0.0181322,330.385
3,4136.87,0.199924,438.476
4,3603.02,0.303172,546.889
5,1679.56,0.67517,655.636
