Iteration,Cost,Cost reduction,time (ms)
0,5343.13,0.00121081,136.644
1,5304.49,0.00843304,233.888
2,5254.43,0.0177909,337.445
3,5211.33,0.025848,452.658
4,3827.04,0.284612,568.232
5,2880.91,0.461473,707.663
