Iteration,Cost,Cost reduction,time (ms)
0,30.5302,0.225013,588.82
1,24.4736,0.378755,1122.2
2,21.291,0.459542,1685.29
3,18.2401,0.536988,2247.86
4,14.5678,0.630206,2806.58
5,11.9142,0.697565,3361.99
