Iteration,Cost,Cost reduction,time (ms)
0,322.473,0.0159234,93.099
1,322.473,0.0159234,158.042
2,322.473,0.0159234,199.738
3,322.473,0.0159234,242.691
4,322.473,0.0159234,285.963
5,322.473,0.0159234,329.291
