Iteration,Cost,Cost reduction,time (ms)
0,82.7414,0.336003,207.226
1,45.0953,0.638112,408.655
2,30.4778,0.755417,617.743
3,14.0354,0.887367,833.898
4,8.69006,0.930263,1066.96
5,8.69006,0.930263,1290.43
