Iteration,Cost,Cost reduction,time (ms)
0,30.3961,0.307053,105.071
1,17.3523,0.604417,180.838
2,17.3523,0.604417,251.388
3,17.1362,0.609343,301.956
4,17.1362,0.609343,377.14
5,16.9898,0.61268,430.283
