Iteration,Cost,Cost reduction,time (ms)
0,4953.19,0.00130578,179.255
1,4914.55,0.00909678,337.307
2,4864.71,0.0191457,505.154
3,4152.45,0.162756,695.096
4,1844.04,0.628192,912.324
5,1262.57,0.745432,1111.29
