Iteration,Cost,Cost reduction,time (ms)
0,105.786,0.189329,153.375
1,47.4235,0.636578,266.756
2,19.094,0.853676,395.591
3,18.1268,0.861088,518.805
4,16.1891,0.875938,640.023
5,16.004,0.877356,755.296
