Iteration,Cost,Cost reduction,time (ms)
0,25.1344,0.396049,178.385
1,9.54647,0.770609,339.179
2,9.54647,0.770609,506.866
3,9.54647,0.770609,570.814
4,9.54647,0.770609,620.435
5,9.54647,0.770609,669.615
