Iteration,Cost,Cost reduction,time (ms)
0,28.5958,0.374067,106.197
1,20.5744,0.549647,182.105
2,20.5744,0.549647,257.049
3,19.6671,0.569507,307.217
4,19.6671,0.569507,383.695
5,19.4495,0.57427,435.888
