Iteration,Cost,Cost reduction,time (ms)
0,5873.17,0.00110203,143.904
1,5834.54,0.00767251,243.168
2,5784.64,0.0161588,348.187
3,5419.55,0.0782532,471.435
4,4559.19,0.224581,620.683
5,3663.42,0.376933,783.31
