Iteration,Cost,Cost reduction,time (ms)
0,67.5554,0.355888,156.952
1,32.0305,0.694602,266.175
2,32.0305,0.694602,385.443
3,31.7195,0.697568,465.433
4,31.7195,0.697568,586.304
5,31.3962,0.70065,667.954
