Iteration,Cost,Cost reduction,time (ms)
0,26.7786,0.357024,188.649
1,13.5971,0.673522,368.503
2,6.64409,0.84047,553.004
3,3.95684,0.904993,739.01
4,3.76247,0.90966,928.682
5,3.26244,0.921666,1119.72
