Iteration,Cost,Cost reduction,time (ms)
0,5554.8,0.00116449,178.134
1,5516.16,0.00811268,336.655
2,5466.32,0.0170744,506.446
3,4718.17,0.151602,696.858
4,1740.59,0.687016,914.32
5,1251.89,0.774891,1116.93
