Iteration,Cost,Cost reduction,time (ms)
0,21.741,0.456643,109.893
1,15.389,0.615392,181.058
2,15.389,0.615392,252.007
3,15.0225,0.624554,301.767
4,15.0225,0.624554,378.102
5,13.0247,0.674482,430.831
