Iteration,Cost,Cost reduction,time (ms)
0,33.4371,0.268311,188.434
1,25.3373,0.445555,374.681
2,25.2319,0.447862,548.947
3,25.2319,0.447862,707.776
4,25.2319,0.447862,771.529
5,24.9262,0.454552,822.533
