Iteration,Cost,Cost reduction,time (ms)
0,79.9255,0.226236,160.479
1,51.5971,0.500485,274.083
2,46.2548,0.552204,390.914
3,24.8115,0.759798,520.271
4,15.9672,0.84542,655.685
5,6.65227,0.935599,794.17
