Iteration,Cost,Cost reduction,time (ms)
0,37.6086,0.389608,580.517
1,12.1617,0.802614,1113.39
2,12.1617,0.802614,1632.88
3,12.1617,0.802614,1719.41
4,12.1617,0.802614,1792.91
5,12.1617,0.802614,1867.68
