Iteration,Cost,Cost reduction,time (ms)
0,5793.66,0.00111697,140.189
1,5755.03,0.00777756,239.48
2,5705.14,0.0163795,345.156
3,5632.03,0.0289832,466.381
4,3132.12,0.459993,589.603
5,2046.67,0.647134,825.864
