Iteration,Cost,Cost reduction,time (ms)
0,27.7346,0.295415,107.655
1,24.9215,0.36688,183.764
2,15.0705,0.617141,262.229
3,14.375,0.634809,348.277
4,13.67,0.652721,441.534
5,10.6478,0.729496,533.793
