Iteration,Cost,Cost reduction,time (ms)
0,31.0734,0.187209,540.698
1,10.9764,0.712888,1135.85
2,9.68597,0.746643,1723.22
3,8.22065,0.784972,2307.24
4,6.12858,0.839694,2898.81
5,5.58174,0.853998,3477.5
