Iteration,Cost,Cost reduction,time (ms)
0,4510,0.00143376,149.773
1,4471.36,0.00998834,250.758
2,4421.31,0.0210704,354.936
3,4398.63,0.0260922,472.371
4,2819.84,0.375655,589.521
5,2563.72,0.432362,741.274
