Iteration,Cost,Cost reduction,time (ms)
0,4498.24,0.00145533,131.118
1,4460.38,0.00985985,230.847
2,4411.04,0.020811,331.845
3,3557.98,0.210179,439.982
4,3205.89,0.288338,551.851
5,2720.51,0.396086,666.057
