Iteration,Cost,Cost reduction,time (ms)
0,119.961,0.30232,220.692
1,66.8398,0.611266,425.679
2,66.8398,0.611266,627.326
3,66.8398,0.611266,707.407
4,66.8398,0.611266,778.715
5,66.8398,0.611266,851.31
