Iteration,Cost,Cost reduction,time (ms)
0,62.4905,0.394522,148.373
1,21.1573,0.795005,252.291
2,19.2514,0.81347,367.572
3,19.2514,0.81347,480.276
4,19.1179,0.814764,557.317
5,19.1179,0.814764,672.765
