Iteration,Cost,Cost reduction,time (ms)
0,4665.26,0.00138664,144.483
1,4626.62,0.00965642,242.525
2,4576.73,0.020336,347.663
3,4562.85,0.0233078,470.854
4,3507.51,0.249206,598.809
5,1825.93,0.609154,750.545
