Iteration,Cost,Cost reduction,time (ms)
0,5872,0.00110133,178.012
1,5833.35,0.0076747,336.106
2,5783.53,0.0161511,506.754
3,5021.74,0.145741,698.278
4,2784.91,0.526253,913.095
5,1577.57,0.731637,1112.16
