Iteration,Cost,Cost reduction,time (ms)
0,4456.82,0.00145106,135.618
1,4418.18,0.0101075,234.34
2,4368.12,0.0213227,337.994
3,4331.58,0.0295107,454.614
4,3440.91,0.229065,570.101
5,2657,0.4047,712.672
