Iteration,Cost,Cost reduction,time (ms)
0,32.5174,0.143556,97.347
1,5.39632,0.857872,170.661
2,5.30835,0.860189,248.761
3,5.29718,0.860483,332.001
4,5.12257,0.865082,414.229
5,5.12257,0.865082,496.667
