Iteration,Cost,Cost reduction,time (ms)
0,47.7862,0.151387,522.108
1,17.8715,0.682628,1042.29
2,9.3555,0.83386,1563.24
3,5.03441,0.910596,2112.24
4,4.75652,0.915531,2646.24
5,4.51472,0.919825,3211.05
6,3.99724,0.929015,3781.39
7,3.99724,0.929015,4360.75
