Iteration,Cost,Cost reduction,time (ms)
0,28.123,0.366244,109.347
1,13.7662,0.689777,185.275
2,9.23769,0.791827,274.394
3,7.36958,0.833925,369.43
4,7.36958,0.833925,459.762
5,7.36958,0.833925,506.469
