Iteration,Cost,Cost reduction,time (ms)
0,117.332,0.307652,150.362
1,101.603,0.400463,262.857
2,38.1101,0.775122,379.795
3,35.1672,0.792487,529.134
4,12.7292,0.924888,701.311
5,7.53806,0.95552,883.161
