Iteration,Cost,Cost reduction,time (ms)
0,61.5193,0.492712,226.475
1,58.3827,0.518576,432.555
2,29.2983,0.758406,649.965
3,20.3219,0.832425,840.569
4,14.2075,0.882845,1033.13
5,14.2075,0.882845,1221.15
