Iteration,Cost,Cost reduction,time (ms)
0,46.7612,0.0670383,98.866
1,46.7612,0.0670383,174.232
2,46.7612,0.0670383,225.805
3,46.7612,0.0670383,278.865
4,46.7612,0.0670383,333.509
5,46.7612,0.0670383,391.489
