Iteration,Cost,Cost reduction,time (ms)
0,61.5246,0.157537,602.336
1,26.2846,0.640082,1232.18
2,14.0354,0.807812,1801.06
3,14.0354,0.807812,2376.2
4,14.006,0.808215,2472.78
5,9.82118,0.865518,3051.72
