Iteration,Cost,Cost reduction,time (ms)
0,234.711,0.848736,18.231
1,110.527,0.928768,30.748
2,27.2788,0.98242,44.832
3,12.8612,0.991711,57.373
4,5.58549,0.9964,69.749
5,5.58549,0.9964,81.947
