Iteration,Cost,Cost reduction,time (ms)
0,24.6288,0,114.018
1,24.6288,0,191.151
2,24.6228,0.000243688,247.137
3,24.6228,0.000243688,631.445
4,24.6228,0.000243688,1009.08
5,24.6228,0.000243688,1385.67
6,24.6228,0.000243688,1764.1
