Iteration,Cost,Cost reduction,time (ms)
0,139.673,0.240405,169.181
1,139.673,0.240405,292.478
2,85.4539,0.535268,366.94
3,70.3606,0.617351,501.121
4,70.3606,0.617351,651.836
