Iteration,Cost,Cost reduction,time (ms)
0,418.105,0.648819,14.087
1,418.105,0.648819,35.915
2,418.105,0.648819,43.155
3,181.972,0.847155,52.966
4,116.369,0.902257,65.297
5,116.369,0.902257,72.237
6,116.369,0.902257,77.086
