Iteration,Cost,Cost reduction,time (ms)
0,5.72327,0.962872,23.269
1,5.72327,0.962872,40.076
2,2.63602,0.9829,48.153
3,2.63602,0.9829,63.848
4,2.63602,0.9829,72.842
5,2.63602,0.9829,79.386
6,1.17037,0.992408,84.988
7,1.17037,0.992408,91.125
