Iteration,Cost,Cost reduction,time (ms)
0,60.725,0.401718,142.731
1,57.1441,0.436998,247.246
2,25.9972,0.743868,352.84
3,17.8053,0.824576,460.858
4,4.95837,0.951149,562.216
5,3.91855,0.961393,666.845
6,3.91855,0.961393,774.254
