Iteration,Cost,Cost reduction,time (ms)
0,32.1239,0.27405,102.878
1,16.4367,0.628556,181.592
2,15.4934,0.649874,259.031
3,15.0725,0.659384,336.981
4,7.63779,0.827398,417.527
5,6.87768,0.844575,497.85
