Iteration,Cost,Cost reduction,time (ms)
0,167.743,0.018422,141.259
1,36.5746,0.785977,240.53
2,34.3839,0.798796,353.203
3,19.4819,0.885998,462.446
4,18.5552,0.891421,571.752
5,17.5161,0.897502,682.86
