Iteration,Cost,Cost reduction,time (ms)
0,23.6628,0.412867,110.488
1,23.6628,0.412867,181.008
2,23.6628,0.412867,228.169
3,23.6617,0.412895,276.884
4,15.9011,0.605454,353.807
5,15.6748,0.611071,434.731
