Iteration,Cost,Cost reduction,time (ms)
0,58.5803,0.384058,220.616
1,51.1483,0.462201,430.192
2,32.8249,0.654863,643.864
3,22.697,0.761352,858.311
4,17.184,0.819319,1083.72
5,14.3008,0.849634,1311
