Iteration,Cost,Cost reduction,time (ms)
0,88.4801,0.522207,16.308
1,36.8169,0.801189,34.287
2,3.40622,0.981606,43.742
3,3.40622,0.981606,56.764
4,3.40622,0.981606,66.992
5,3.40622,0.981606,78.981
6,2.02193,0.989082,87.526
7,1.32898,0.992824,98.049
8,1.32898,0.992824,108.605
