Iteration,Cost,Cost reduction,time (ms)
0,7.34165543684648,0.0,31.023740768432617
1,7.253738741038989,0.011975050663131537,210.51883697509766
2,6.69814933413356,0.08765136259095951,2082.6070308685303
3,6.231491762985715,0.15121435259533544,2419.2755222320557
4,3.7813247962425205,0.48494929668522513,2577.549695968628
5,3.777749931560504,0.48543622565005706,10858.499526977539
6,3.777261151483425,0.4855028019258416,16910.00270843506
