Iteration,Cost,Cost reduction,time (ms)
0,4540.34,0.00142438,178.146
1,4501.7,0.00992278,336.573
2,4451.86,0.0208843,504.913
3,3764.75,0.172002,693.764
4,1291.49,0.715957,911.261
5,1291.49,0.715957,1106.89
