Iteration,Cost,Cost reduction,time (ms)
0,41.6934,0.324562,205.889
1,24.0885,0.609763,378.702
2,7.43175,0.879605,550.266
3,7.43175,0.879605,723.659
4,7.43175,0.879605,795.212
