Iteration,Cost,Cost reduction,time (ms)
0,31.1498,0.334973,106.105
1,25.5987,0.453485,183.861
2,12.4297,0.734634,262.888
3,10.6218,0.773232,353.748
4,10.3209,0.779656,447.974
5,7.79958,0.833484,541.049
