Iteration,Cost,Cost reduction,time (ms)
0,8.79498,0.933444,166.663
1,3.59484,0.972796,278.216
2,3.19464,0.975825,389.097
3,2.62806,0.980112,497.097
4,1.97983,0.985018,605.068
5,1.97983,0.985018,713.617
6,1.97983,0.985018,782.959
