Iteration,Cost,Cost reduction,time (ms)
0,118.321,0.298074,206.46
1,63.0966,0.625687,408.597
2,48.7703,0.710676,629.269
3,26.6377,0.841975,849.302
4,16.1306,0.904307,1072.99
5,4.95768,0.970589,1295.34
