Iteration,Cost,Cost reduction,time (ms)
0,31.9056,0.466881,146.844
1,18.8108,0.685685,253.937
2,5.97263,0.900202,375.602
3,5.97263,0.900202,489.429
4,5.75448,0.903847,571.803
5,5.53064,0.907587,684.243
6,5.36423,0.910368,797.222
7,5.20018,0.913109,911.163
8,4.91392,0.917892,1027.79
9,4.20425,0.92975,1141.97
