Iteration,Cost,Cost reduction,time (ms)
0,27.7355,0.82148,162.725
1,27.7355,0.82148,324.67
2,27.7355,0.82148,405.077
3,27.7355,0.82148,484.591
4,27.7355,0.82148,566.949
5,27.7355,0.82148,646.405
