Iteration,Cost,Cost reduction,time (ms)
0,23.8033,0.377237,106.229
1,16.7376,0.562097,182.363
2,16.7376,0.562097,254.115
3,16.7376,0.562097,303.261
4,16.7376,0.562097,352.553
5,16.7376,0.562097,402.161
