Iteration,Cost,Cost reduction,time (ms)
0,56.086,0.413084,529.232
1,32.5168,0.659726,1089.42
2,30.9696,0.675916,1640.86
3,30.9696,0.675916,2213.62
4,30.9696,0.675916,2293.08
5,30.9696,0.675916,2378.7
