Iteration,Cost,Cost reduction,time (ms)
0,104.166,0.338967,146.6
1,99.97,0.365595,257.224
2,96.1332,0.389943,371.554
3,93.0863,0.409279,488.126
4,93.0863,0.409279,601.671
5,92.7353,0.411506,683.793
