Iteration,Cost,Cost reduction,time (ms)
0,5807.57,0.00112794,133.204
1,5769.71,0.00763962,230.594
2,5720.37,0.0161259,331.188
3,4715.3,0.188993,438.625
4,3345.75,0.424549,546.86
5,2972.42,0.488759,651.757
