Iteration,Cost,Cost reduction,time (ms)
0,4455.48,0.00145189,137.427
1,4416.84,0.0101101,234.808
2,4366.95,0.0212915,338.539
3,4352.02,0.0246374,460.103
4,2951.72,0.338468,606.508
5,2951.72,0.338468,812.906
