Iteration,Cost,Cost reduction,time (ms)
0,36.1452,0.620657,12.755
1,13.0205,0.86335,22.084
2,11.4851,0.879464,32.043
3,9.96389,0.895429,42.132
4,9.96389,0.895429,51.664
