Iteration,Cost,Cost reduction,time (ms)
0,69.0913,0.383359,222.812
1,61.8807,0.447713,437.961
2,17.6161,0.842776,644.88
3,17.6161,0.842776,851.429
4,17.6161,0.842776,932.947
5,17.6161,0.842776,1009.84
