Iteration,Cost,Cost reduction,time (ms)
0,4284.9,0.00150907,154.439
1,4246.27,0.0105124,254.997
2,4196.21,0.0221762,359.914
3,4173.17,0.0275461,477.665
4,3029.98,0.293939,593.33
5,2775.29,0.353286,744.346
