Iteration,Cost,Cost reduction,time (ms)
0,47.1931,0.216695,225.129
1,8.82227,0.853569,443.55
2,4.02672,0.933165,636.387
3,3.60627,0.940144,831.934
4,3.60627,0.940144,1024.8
5,3.22553,0.946463,1101.73
