Iteration,Cost,Cost reduction,time (ms)
0,25.3649,0.370815,113.371
1,16.4111,0.592918,189.893
2,15.8362,0.607178,266.398
3,14.1034,0.650161,347.837
4,14.1034,0.650161,436.92
5,14.0911,0.650465,489.306
