Iteration,Cost,Cost reduction,time (ms)
0,130.838,0.283558,140.542
1,128.551,0.296082,248.367
2,94.5138,0.482464,384.437
3,72.3261,0.603958,496.901
4,72.278,0.604222,609.369
5,72.1874,0.604718,722.939
