Iteration,Cost,Cost reduction,time (ms)
0,77.1995,0.0494934,141.956
1,52.9898,0.347572,251.215
2,43.7021,0.461925,372.71
3,26.0563,0.679186,522.595
4,25.3499,0.687884,715.797
5,21.2103,0.738852,930.729
