Iteration,Cost,Cost reduction,time (ms)
0,29.9909,0.320315,602.113
1,22.9768,0.479277,1213.24
2,22.2274,0.49626,1763.07
3,21.821,0.505471,2300.82
4,20.8402,0.5277,2828.1
5,19.7999,0.551276,3347.21
