Iteration,Cost,Cost reduction,time (ms)
0,87.52,0.218678,146.921
1,60.5064,0.459838,253.333
2,50.7547,0.546895,366.308
3,38.1762,0.659188,485.851
4,5.88104,0.947498,597.615
5,5.60645,0.949949,724.755
