Iteration,Cost,Cost reduction,time (ms)
0,110.272,0.160407,206.676
1,62.2789,0.52582,409.5
2,11.9232,0.909219,613.324
3,8.65234,0.934123,826.226
4,7.79051,0.940685,1043.49
5,4.81685,0.963325,1260.91
