Iteration,Cost,Cost reduction,time (ms)
0,5468.89,0.00118287,140.483
1,5430.26,0.00823866,240.148
2,5380.21,0.01738,343.267
3,5288.59,0.0341121,456.805
4,4004.38,0.268655,567.898
5,2765.24,0.494967,697.964
