Iteration,Cost,Cost reduction,time (ms)
0,25.0314,0.375874,101.438
1,25.0314,0.375874,172.1
2,11.7225,0.707714,220.927
3,11.7225,0.707714,294.168
4,11.7225,0.707714,344.586
5,11.7225,0.707714,394.055
