Iteration,Cost,Cost reduction,time (ms)
0,5196.72,0.0012445,414.635
1,5158.08,0.0086709,812.696
2,5108.24,0.0182486,1210.14
3,5055.08,0.0284669,1715.79
4,3949.27,0.240992,2303.07
5,2218.6,0.573608,2960.8
