Iteration,Cost,Cost reduction,time (ms)
0,5468.89,0.00118253,161.628
1,5430.26,0.00823886,261.51
2,5380.38,0.0173487,366.182
3,5193.42,0.0514932,488.705
4,4731.16,0.135918,630.651
5,3992.4,0.270844,803.24
