Iteration,Cost,Cost reduction,time (ms)
0,4677.03,0.00138253,154.679
1,4638.4,0.00963207,253.571
2,4588.35,0.0203184,357.863
3,4573.77,0.0234303,476.108
4,2140.78,0.542912,588.887
5,2140.78,0.542912,709.327
