Iteration,Cost,Cost reduction,time (ms)
0,36.5169,0.323627,207.958
1,21.4559,0.60259,415.846
2,12.8072,0.762784,621.303
3,9.11588,0.831154,824.856
4,9.11588,0.831154,1030.27
5,9.11588,0.831154,1114.99
