Iteration,Cost,Cost reduction,time (ms)
0,4.956837836846438,0.0,333.19568634033203
1,4.614106180795959,0.06914320527147322,1378.0570030212402
