Iteration,Cost,Cost reduction,time (ms)
0,60.9991,0.337196,219.903
1,50.2851,0.453612,415.825
2,31.7929,0.654544,614.27
3,26.4912,0.712152,814.613
4,15.0048,0.836961,1018.11
5,4.73183,0.948585,1213.94
