Iteration,Cost,Cost reduction,time (ms)
0,30.5693,0.331549,105.035
1,30.5693,0.331549,175.197
2,30.5693,0.331549,223.516
3,30.5693,0.331549,266.733
4,30.5693,0.331549,312.468
5,30.5693,0.331549,359.144
