Iteration,Cost,Cost reduction,time (ms)
0,32.0443,0.4081,118.896
1,7.78628,0.856177,206.441
2,5.42364,0.899818,292.067
3,5.42364,0.899818,387.571
4,5.42364,0.899818,434.54
