Iteration,Cost,Cost reduction,time (ms)
0,54.5482,0.0157448,142.187
1,21.3429,0.614894,241.324
2,21.3429,0.614894,349.413
3,21.2333,0.616872,423.154
4,21.2333,0.616872,531.734
5,21.2016,0.617443,606.625
