Iteration,Cost,Cost reduction,time (ms)
0,4179.67,0.00154681,413.899
1,4141.03,0.0107775,812.754
2,4091.2,0.0226819,1212.06
3,4076.12,0.0262836,1718.17
4,2591.49,0.380938,2214.56
5,1420.65,0.660631,3053.19
