Iteration,Cost,Cost reduction,time (ms)
0,24.6309,0.441038,100.88
1,16.6308,0.622589,171.17
2,16.6308,0.622589,243.06
3,16.6308,0.622589,290.941
4,16.6308,0.622589,338.777
5,16.6308,0.622589,387.493
