Iteration,Cost,Cost reduction,time (ms)
0,4454.91,0.00145172,177.94
1,4416.27,0.0101128,337.363
2,4366.43,0.0212845,506.124
3,3734.11,0.163016,694.918
4,1333.49,0.701105,910.927
5,1122.53,0.748391,1118.22
