Iteration,Cost,Cost reduction,time (ms)
0,154.214,0.15463,604.182
1,65.1348,0.642943,1234.01
2,16.3741,0.91024,1784.06
3,15.6754,0.914071,2302.8
4,13.3156,0.927007,2832.02
5,9.46349,0.948123,3346.62
