Iteration,Cost,Cost reduction,time (ms)
0,127.941,0.0823105,137.082
1,47.3942,0.660054,235.749
2,28.5469,0.79524,346.38
3,28.0107,0.799087,465.07
4,27.2818,0.804314,583.779
5,27.2818,0.804314,701.488
