Iteration,Cost,Cost reduction,time (ms)
0,28.2771,0.343897,110.633
1,20.6504,0.520856,189.882
2,15.8926,0.631251,279.032
3,12.4564,0.71098,374.462
4,11.8505,0.725038,477.511
5,11.8505,0.725038,575.087
