Iteration,Cost,Cost reduction,time (ms)
0,4608.09,0.00140403,140.361
1,4569.45,0.00977584,238.825
2,4519.56,0.0205882,342.214
3,4453.86,0.0348249,461.81
4,2047.79,0.556234,586.628
5,2032.65,0.559514,827.388
