Iteration,Cost,Cost reduction,time (ms)
0,26.8692,0.321567,104.273
1,25.5586,0.35466,176.564
2,25.5586,0.35466,248.038
3,22.5539,0.430527,299.197
4,13.9932,0.646679,375.571
5,11.633,0.706273,455.489
