Iteration,Cost,Cost reduction,time (ms)
0,25.8408,0.803834,18.348
1,25.0679,0.809701,33.083
2,24.5423,0.813692,48.15
3,24.5423,0.813692,62.259
4,24.5423,0.813692,67.864
