Iteration,Cost,Cost reduction,time (ms)
0,26.1298,0.390729,544.611
1,4.76146,0.888977,1072.69
2,4.28491,0.900089,1509.11
3,4.28491,0.900089,1944.83
4,4.28491,0.900089,2030.6
