Iteration,Cost,Cost reduction,time (ms)
0,5873.15,0.00110169,158.375
1,5834.52,0.0076723,258.762
2,5784.46,0.0161856,363.708
3,5772.81,0.0181677,481.169
4,4836.43,0.177426,592.288
5,3606.67,0.386581,785.291
