Iteration,Cost,Cost reduction,time (ms)
0,4.66738,0.917114,154.98
1,4.66738,0.917114,266.323
2,4.66738,0.917114,341.718
3,4.66738,0.917114,416.527
4,4.66738,0.917114,491.756
5,4.66738,0.917114,566.621
6,4.66738,0.917114,645.163
