Iteration,Cost,Cost reduction,time (ms)
0,29.2911,0.38291,105.324
1,19.7283,0.584375,180.593
2,15.5679,0.672023,254.76
3,15.5679,0.672023,346.348
4,15.2868,0.677945,398.39
5,15.1951,0.679877,494.102
