Iteration,Cost,Cost reduction,time (ms)
0,88.2531,0.327039,571.528
1,65.1705,0.503052,1138.91
2,65.1705,0.503052,1668.31
3,63.617,0.514898,1756.14
4,61.8198,0.528602,2290
5,61.8198,0.528602,2826.94
