Iteration,Cost,Cost reduction,time (ms)
0,92.6235,0.313926,155.19
1,87.9317,0.348679,267.291
2,43.5165,0.677668,387.716
3,43.5165,0.677668,509.775
4,43.5165,0.677668,589.775
5,40.6649,0.69879,671.242
