Iteration,Cost,Cost reduction,time (ms)
0,102.013,0.156934,524.582
1,59.4242,0.508901,1044.22
2,32.2536,0.733446,1598.9
3,32.2536,0.733446,2166.16
4,32.2536,0.733446,2259.95
