Iteration,Cost,Cost reduction,time (ms)
0,4611.56,0.00140231,412.168
1,4572.92,0.00976967,809.22
2,4523.09,0.0205617,1202.17
3,4483.34,0.0291687,1706.99
4,2618.07,0.433078,2247.41
5,2255.79,0.511527,2910.91
