Iteration,Cost,Cost reduction,time (ms)
0,4872.97,0.00132748,180.199
1,4834.33,0.00924649,339.14
2,4784.49,0.0194618,504.766
3,4080.15,0.163809,696.806
4,2481.71,0.491395,908.467
5,1331.19,0.727184,1107.77
