Iteration,Cost,Cost reduction,time (ms)
0,29.2746,0.399346,108.424
1,7.83504,0.839241,181.384
2,4.88503,0.899769,256.037
3,4.88503,0.899769,330.858
4,4.75519,0.902433,380.401
5,4.75519,0.902433,456.466
