Iteration,Cost,Cost reduction,time (ms)
0,23.8459,0.399691,188.482
1,17.1309,0.568739,358.905
2,9.77834,0.753835,525.821
3,7.48925,0.811462,692.994
4,7.18063,0.819231,858.998
5,7.18063,0.819231,1022.56
