Iteration,Cost,Cost reduction,time (ms)
0,24.9022,0.367391,101.743
1,12.1068,0.692442,171.526
2,12.1068,0.692442,241.19
3,12.1068,0.692442,289.888
4,12.1068,0.692442,339.773
5,12.1068,0.692442,389.865
