Iteration,Cost,Cost reduction,time (ms)
0,47.5233,0,396.987
1,34.7115,0.269589,780.808
2,34.7115,0.269589,833.825
3,34.7115,0.269589,866.438
4,34.7115,0.269589,892.093
5,32.7168,0.311563,922.819
6,32.7168,0.311563,1311.78
