Iteration,Cost,Cost reduction,time (ms)
0,123.986,0.312119,141.103
1,112.307,0.376913,248.362
2,68.641,0.619174,363.963
3,38.1268,0.78847,483.361
4,37.8382,0.790071,593.601
5,37.5453,0.791696,703.235
