Iteration,Cost,Cost reduction,time (ms)
0,37.4224,0.125688,571.828
1,37.4224,0.125688,1022.14
2,37.4224,0.125688,1071.53
3,37.4224,0.125688,1118.5
4,37.4224,0.125688,1165.45
5,37.4224,0.125688,1212.72
6,37.4224,0.125688,1259.83
