Iteration,Cost,Cost reduction,time (ms)
0,165.74,0.0512538,151.221
1,94.8094,0.457283,264.382
2,68.9935,0.60506,392.891
3,23.3368,0.866413,537.974
4,20.0617,0.885161,667.526
5,9.75086,0.944183,798.989
