Iteration,Cost,Cost reduction,time (ms)
0,66.2086,0.199545,151.756
1,14.3826,0.826115,261.051
2,2.73026,0.966991,373.585
3,1.99027,0.975938,489.491
4,1.68227,0.979662,605.514
5,1.48564,0.982039,724.769
