Iteration,Cost,Cost reduction,time (ms)
0,4284.92,0.00150935,178.699
1,4246.28,0.0105135,337.557
2,4196.43,0.0221283,505.833
3,3585.49,0.164494,695.11
4,1268.42,0.704427,905.545
5,1268.42,0.704427,1102.73
