Iteration,Cost,Cost reduction,time (ms)
0,4179.5,0.00154733,154.115
1,4140.86,0.0107772,253.886
2,4090.8,0.0227361,357.918
3,4071.04,0.0274574,473.334
4,3201.8,0.235112,587.379
5,2655.56,0.365604,729.848
