Iteration,Cost,Cost reduction,time (ms)
0,26.5219,0.315427,182.326
1,26.5219,0.315427,363.207
2,26.5219,0.315427,430.621
3,26.5219,0.315427,483.173
4,26.5219,0.315427,534.884
5,26.5219,0.315427,587.44
