Iteration,Cost,Cost reduction,time (ms)
0,138.481,0.111755,149.861
1,92.5463,0.406388,260.218
2,75.9846,0.512618,374.017
3,60.4877,0.612019,498.131
4,37.8263,0.757374,627.912
5,36.2504,0.767482,770.846
