Iteration,Cost,Cost reduction,time (ms)
0,24.6265,0.388454,188.817
1,17.8945,0.555629,371.972
2,13.8156,0.65692,545.358
3,11.6926,0.709639,712.663
4,11.6926,0.709639,876.062
5,8.22389,0.795777,946.035
