Iteration,Cost,Cost reduction,time (ms)
0,35.1023,0.267834,113.598
1,24.4234,0.490574,190.439
2,18.1677,0.621056,274.194
3,9.80186,0.795552,361.242
4,9.80186,0.795552,458.583
5,7.52335,0.843077,513.797
