Iteration,Cost,Cost reduction,time (ms)
0,416.34,0.732227,6.227
1,386.072,0.751694,10.518
2,353.067,0.772921,15.584
3,350.071,0.774848,20.267
4,347.472,0.77652,24.792
