Iteration,Cost,Cost reduction,time (ms)
0,28.9714,0.384408,126.957
1,16.4906,0.649603,216.677
2,8.71166,0.814892,303.734
3,5.08718,0.891906,392.905
4,5.08718,0.891906,479.074
