Iteration,Cost,Cost reduction,time (ms)
0,22.4602,0.421193,179.031
1,9.93966,0.743851,348.188
2,9.93966,0.743851,510.988
3,9.93966,0.743851,575.566
4,9.93966,0.743851,623.051
5,9.93966,0.743851,669.163
