Iteration,Cost,Cost reduction,time (ms)
0,32.1107,0.445638,222.537
1,17.5805,0.696489,432.723
2,6.87313,0.881342,629.418
3,6.61934,0.885723,828.438
4,4.23189,0.92694,1034.07
5,4.23189,0.92694,1230.88
