Iteration,Cost,Cost reduction,time (ms)
0,7.284069836846481,0.0,31.69846534729004
1,7.195707593599378,0.012130889080733676,222.95594215393066
