Iteration,Cost,Cost reduction,time (ms)
0,4702.71,0.0013922,128.702
1,4664.85,0.00943178,224.442
2,4615.51,0.0199082,325.352
3,3730.21,0.207901,432.994
4,3361.49,0.286196,542.255
5,2793.75,0.406754,654.737
6,769.258,0.83665,766.441
7,705.416,0.850207,872.561
8,701.775,0.85098,980.522
