Iteration,Cost,Cost reduction,time (ms)
0,5519.23,0.00117247,142.074
1,5480.6,0.00816386,241.366
2,5430.7,0.0171931,345.195
3,5377.86,0.0267568,468.18
4,4228.14,0.234823,592.767
5,3916.67,0.291191,729.847
