Iteration,Cost,Cost reduction,time (ms)
0,92.8475,0.475383,581.71
1,82.1251,0.535968,1127.01
2,23.1727,0.869067,1689.86
3,23.1727,0.869067,2254.16
4,20.8722,0.882066,2346.74
5,20.8722,0.882066,2913.89
