Iteration,Cost,Cost reduction,time (ms)
0,36.9984,0.2456,218.631
1,21.3976,0.563702,421.397
2,10.7674,0.780453,623.251
3,7.17346,0.853733,818.937
4,5.05824,0.896862,1020.43
5,5.05824,0.896862,1219.97
