Iteration,Cost,Cost reduction,time (ms)
0,21.8522,0.422559,571.196
1,14.1634,0.625734,1131.58
2,12.3471,0.673729,1649.14
3,3.46214,0.908513,2167.77
4,3.46214,0.908513,2589.32
5,3.28221,0.913268,2678.35
