Iteration,Cost,Cost reduction,time (ms)
0,29.9366,0.352062,186.603
1,14.5954,0.684101,378.866
2,9.53882,0.793545,583.592
3,7.05025,0.847407,781.571
4,3.87666,0.916095,980.823
5,3.87666,0.916095,1172.82
