Iteration,Cost,Cost reduction,time (ms)
0,23.7668,0.454941,109.784
1,10.9882,0.748002,184.486
2,10.9882,0.748002,260.578
3,10.9592,0.748666,312.066
4,8.58874,0.803029,392.161
5,8.58874,0.803029,475.827
