Iteration,Cost,Cost reduction,time (ms)
0,4559.12,0.00141867,412.161
1,4520.48,0.00988206,810.666
2,4470.64,0.0207991,1205.96
3,4373.77,0.0420168,1709.73
4,2477.18,0.457425,2284.1
5,1779.96,0.610137,2821.41
