Iteration,Cost,Cost reduction,time (ms)
0,28.4818,0.269411,569.951
1,11.6723,0.700592,1159.96
2,10.2819,0.736257,1722.16
3,8.93296,0.77086,2248.24
4,6.81962,0.825069,2758.38
5,6.81962,0.825069,3248.22
