Iteration,Cost,Cost reduction,time (ms)
0,89.7693,0.182001,151.733
1,18.0684,0.835356,260.956
2,5.74414,0.947658,366.486
3,3.46063,0.968466,475.381
4,3.46063,0.968466,584.273
5,3.37924,0.969208,660.829
