Iteration,Cost,Cost reduction,time (ms)
0,12.457,0.748041,104.374
1,12.457,0.748041,173.37
2,12.457,0.748041,218.73
3,12.457,0.748041,263.784
4,12.457,0.748041,308.851
5,12.457,0.748041,353.489
6,9.57165,0.806401,398.105
7,9.57165,0.806401,459.785
