Iteration,Cost,Cost reduction,time (ms)
0,26.7104,0.307433,107.138
1,19.977,0.48202,185.23
2,14.9287,0.612916,263.796
3,14.9287,0.612916,351.502
4,14.8227,0.615666,406.279
5,14.8227,0.615666,496.585
