Iteration,Cost,Cost reduction,time (ms)
0,79.6291,0.339599,546.021
1,71.1033,0.410308,1068.82
2,45.3211,0.624131,1620.94
3,45.3211,0.624131,2142.47
4,40.6407,0.662948,2233.27
5,31.4257,0.739372,2749.55
6,31.4257,0.739372,3274.57
