Iteration,Cost,Cost reduction,time (ms)
0,7.753087436846476,0.0,85.88576316833496
1,7.668289572149117,0.01093730276977889,389.12320137023926
