Iteration,Cost,Cost reduction,time (ms)
0,37.3967,0.128376,611.196
1,26.4028,0.384618,1181.88
2,21.2545,0.50461,1753.05
3,15.3664,0.641849,2313.82
4,11.1759,0.739519,2827.02
5,11.1759,0.739519,3356.08
