Iteration,Cost,Cost reduction,time (ms)
0,4559.12,0.00141861,414.474
1,4520.48,0.00988203,811.912
2,4470.64,0.0207989,1210.05
3,4443.32,0.0267821,1709.31
4,2265.72,0.503742,2231.94
5,1719.72,0.623331,3019.18
