Iteration,Cost,Cost reduction,time (ms)
0,25.8894,0.474623,586.285
1,15.6265,0.68289,1135.81
2,2.80464,0.943085,1669.92
3,2.37369,0.95183,2236.27
4,2.37369,0.95183,2812.97
5,2.37369,0.95183,2907.7
