Iteration,Cost,Cost reduction,time (ms)
0,30.7146,0.322087,554.742
1,17.0744,0.623144,1122.81
2,7.25423,0.839889,1716.66
3,5.63776,0.875567,2326.08
4,4.734,0.895514,2899.32
5,4.72548,0.895702,3480.12
