Iteration,Cost,Cost reduction,time (ms)
0,56.6565,0.443175,146.152
1,18.3208,0.819941,250.284
2,8.93285,0.912207,359.728
3,7.29047,0.928349,475.057
4,5.65823,0.94439,588.575
5,2.5192,0.975241,704.335
