Iteration,Cost,Cost reduction,time (ms)
0,4510,0.00143436,153.82
1,4471.37,0.00998803,252.139
2,4421.48,0.0210345,356.426
3,4406.38,0.0243776,478.507
4,3141.82,0.304365,615.586
5,1824.02,0.59614,763.827
