Iteration,Cost,Cost reduction,time (ms)
0,4403.26,0.00146872,180.625
1,4364.62,0.0102313,340.296
2,4314.78,0.0215338,509.504
3,3694.46,0.162204,698.981
4,1253.99,0.715633,914.551
5,1072.54,0.756779,1120.09
