Iteration,Cost,Cost reduction,time (ms)
0,29.7449,0.267101,177.004
1,9.86151,0.757017,351.663
2,9.86151,0.757017,521.22
3,9.86151,0.757017,588.338
4,9.86151,0.757017,637.426
5,9.86151,0.757017,686.242
