Iteration,Cost,Cost reduction,time (ms)
0,5488.6,0.00117882,133.973
1,5449.97,0.00820928,230.685
2,5399.91,0.0173186,333.733
3,5368.14,0.0230999,450.39
4,4007.48,0.270715,566.879
5,3109.52,0.434126,728.22
