Iteration,Cost,Cost reduction,time (ms)
0,22.5378,0.397397,104.184
1,22.5378,0.397397,175.432
2,20.5261,0.451185,224.55
3,15.0497,0.59761,298.288
4,10.8498,0.709905,373.642
5,10.8498,0.709905,448.944
