Iteration,Cost,Cost reduction,time (ms)
0,4463.37,0.00144845,177.114
1,4424.73,0.0100933,337.14
2,4374.89,0.0212416,505.488
3,4329.15,0.0314755,691.727
4,2839.08,0.364835,889.768
5,1977.86,0.55751,1106.31
