Iteration,Cost,Cost reduction,time (ms)
0,87.286,0.233297,190.413
1,70.816,0.377966,303.296
2,44.1129,0.612521,422.424
3,34.2218,0.699402,544.974
4,19.4281,0.829347,674.313
5,5.81725,0.948902,810.016
