Iteration,Cost,Cost reduction,time (ms)
0,24.7132,0.454116,546.012
1,6.30994,0.860621,1044.68
2,6.30994,0.860621,1546.26
3,6.30994,0.860621,1636.52
4,6.30994,0.860621,1694.2
5,6.13043,0.864586,1742.08
