Iteration,Cost,Cost reduction,time (ms)
0,4877.61,0.00134211,129.214
1,4839.74,0.00909391,224.784
2,4790.41,0.0191954,325.497
3,3916.35,0.198153,433.742
4,3638.74,0.254993,544.609
5,2941.08,0.397833,654.929
