Iteration,Cost,Cost reduction,time (ms)
0,4942.77,0.00130814,178.244
1,4904.13,0.00911566,336.936
2,4854.3,0.0191841,507.76
3,4805.76,0.0289921,695.076
4,3298.88,0.333459,891.495
5,1794.15,0.63749,1103.68
