Iteration,Cost,Cost reduction,time (ms)
0,31.8527,0.302005,258.378
1,17.3354,0.620126,476.729
2,17.3354,0.620126,697.62
3,16.1091,0.646998,848.849
4,15.6428,0.657216,1071.93
5,15.6428,0.657216,1286.13
