Iteration,Cost,Cost reduction,time (ms)
0,4624.78,0.00139811,179.03
1,4586.14,0.00974166,337.785
2,4536.3,0.020502,506.145
3,3857.86,0.166994,698.899
4,1674.63,0.638408,917.71
5,1208.52,0.739052,1119.06
