Iteration,Cost,Cost reduction,time (ms)
0,124.011,0,82.449
1,124.011,0,131.516
2,124.011,0,227.45
3,123.343,0.00538641,447.538
4,121.848,0.0174415,500.58
5,114.818,0.0741306,547.294
6,112.554,0.0923809,592.697
7,110.639,0.107824,653.184
8,106.517,0.141064,697.54
9,92.335,0.255427,744.988
