Iteration,Cost,Cost reduction,time (ms)
0,28.4636,0.275077,108.881
1,15.3365,0.609404,183.91
2,14.412,0.632949,265.358
3,8.69709,0.778499,350.969
4,8.3328,0.787777,448.988
5,7.84822,0.800118,547.05
