Iteration,Cost,Cost reduction,time (ms)
0,75.6438,0.468992,153.715
1,73.2811,0.485578,259.421
2,17.2762,0.878724,373.498
3,14.5254,0.898034,512.644
4,13.5128,0.905143,627.97
5,7.17809,0.949611,744.07
