Iteration,Cost,Cost reduction,time (ms)
0,112.34,0.356321,584.97
1,69.8617,0.599713,1151.8
2,39.4101,0.774192,1741.51
3,29.7123,0.829757,2304.55
4,28.597,0.836147,2849.58
5,28.597,0.836147,3401.56
