Iteration,Cost,Cost reduction,time (ms)
0,151.604,0.151274,167.985
1,126.832,0.289956,311.489
2,82.8673,0.536082,444.092
3,51.4288,0.712085,574.659
4,51.4288,0.712085,700.952
5,51.4288,0.712085,770.436
6,51.4288,0.712085,839.492
