Iteration,Cost,Cost reduction,time (ms)
0,25.031,0.499733,15.908
1,16.862,0.662997,27.688
2,13.144,0.737305,39.778
3,13.144,0.737305,51.574
4,13.144,0.737305,56.022
