Iteration,Cost,Cost reduction,time (ms)
0,4284.9,0.00150888,415.244
1,4246.25,0.0105132,811.089
2,4196.42,0.0221258,1207.79
3,4070.44,0.0514833,1712.5
4,2324.65,0.458297,2276.67
5,1705.08,0.602673,2820.97
