Iteration,Cost,Cost reduction,time (ms)
0,68.7707,0.343294,151.987
1,68.7707,0.343294,261.036
2,68.7707,0.343294,340.706
3,68.7707,0.343294,418.768
4,68.7707,0.343294,497.095
5,68.7707,0.343294,577.455
