Iteration,Cost,Cost reduction,time (ms)
0,27.7144,0.421262,110.273
1,14.2081,0.703303,183.772
2,10.3097,0.784711,256.957
3,9.59778,0.799577,334.181
4,5.08825,0.893746,413.28
5,5.08825,0.893746,497.021
