Iteration,Cost,Cost reduction,time (ms)
0,91.9994,0.112781,159.151
1,44.1505,0.574224,249.637
2,44.1505,0.574224,462.461
3,44.1505,0.574224,589.075
4,44.1505,0.574224,652.111
5,23.291,0.775387,696.723
6,23.291,0.775387,761.063
