Iteration,Cost,Cost reduction,time (ms)
0,31.6115,0.30844,107.873
1,21.7974,0.523141,186.073
2,12.2526,0.731952,261.498
3,11.0817,0.757567,338.585
4,9.67478,0.788346,419.306
5,9.42084,0.793902,499.348
