Iteration,Cost,Cost reduction,time (ms)
0,97.6971,0,115.908
1,97.6971,0,210.749
2,97.6971,0,309.287
3,97.6971,0,405.328
4,97.6971,0,556.838
5,96.5536,0.0117039,688.552
6,93.9166,0.0386961,786.78
7,88.4771,0.0943729,894.723
8,80.6721,0.174263,946.571
9,73.3472,0.249239,987.126
