Iteration,Cost,Cost reduction,time (ms)
0,138.726,0.201465,145.485
1,95.6325,0.449519,254.128
2,59.2917,0.658705,371.194
3,51.0319,0.706249,501.435
4,23.4817,0.864834,650.347
5,13.2818,0.923547,856.362
6,10.9257,0.93711,1043.66
7,10.9257,0.93711,1224.79
