Iteration,Cost,Cost reduction,time (ms)
0,28.8125,0.321232,106.363
1,25.0802,0.409159,184.871
2,24.3079,0.427352,258.981
3,16.4652,0.612111,333.155
4,9.82191,0.768615,420.672
5,9.82191,0.768615,532.7
