Iteration,Cost,Cost reduction,time (ms)
0,31.4996,0.323161,105.838
1,16.7154,0.640832,181.982
2,9.75042,0.790491,255.612
3,8.07865,0.826413,333.831
4,8.07865,0.826413,410.724
5,8.07865,0.826413,463.49
