Iteration,Cost,Cost reduction,time (ms)
0,84.7337,0.0900958,145.088
1,84.7337,0.0900958,315.213
2,84.7337,0.0900958,397.027
3,84.7337,0.0900958,479.768
4,84.7337,0.0900958,561.752
