Iteration,Cost,Cost reduction,time (ms)
0,33.7298,0.908469,17.871
1,9.27622,0.974828,30.157
2,2.82011,0.992347,42.756
3,2.3271,0.993685,55.7
4,1.10347,0.997006,68.75
5,1.10347,0.997006,80.991
