Iteration,Cost,Cost reduction,time (ms)
0,36.4715,0,102.195
1,36.4715,0,158.08
2,36.4715,0,211.855
3,34.0258,0.0670589,254.64
4,34.0258,0.0670589,286.287
5,31.7364,0.129831,314.415
6,31.7364,0.129831,688.049
