Iteration,Cost,Cost reduction,time (ms)
0,31.8178,0.304273,113.761
1,17.9001,0.608597,195.351
2,12.1239,0.7349,277.359
3,9.72494,0.787355,361.881
4,4.74139,0.896325,447.093
5,4.74139,0.896325,529.053
