Iteration,Cost,Cost reduction,time (ms)
0,5815.85,0.00111286,134.445
1,5777.22,0.00774803,232.437
2,5727.15,0.0163468,334.52
3,4786.65,0.177881,452.942
4,4041.3,0.305896,565.211
5,2460.52,0.577399,710.318
