Iteration,Cost,Cost reduction,time (ms)
0,63.061,0.399473,160.964
1,59.6915,0.431561,272.293
2,59.1782,0.436449,388.845
3,34.0812,0.675446,513.293
4,24.2514,0.769056,676.164
5,22.5614,0.785149,845.048
