Iteration,Cost,Cost reduction,time (ms)
0,5601.69,0.00116906,130.461
1,5563.83,0.00791992,226.29
2,5514.49,0.0167172,327.839
3,4533.56,0.191626,436.621
4,4095.91,0.269664,548.322
5,3411.95,0.391618,660.744
