Iteration,Cost,Cost reduction,time (ms)
0,5143.63,0.00125758,135.949
1,5105,0.00875955,233.42
2,5054.94,0.0184791,335.763
3,5028.97,0.0235212,451.899
4,3804.27,0.261323,566.633
5,2436.91,0.526823,709.798
