Iteration,Cost,Cost reduction,time (ms)
0,25.0221,0.358156,107.507
1,22.2913,0.428205,185.922
2,14.5333,0.627205,293.856
3,14.5333,0.627205,402.616
4,10.2051,0.738228,459.478
5,10.2051,0.738228,568.54
