Iteration,Cost,Cost reduction,time (ms)
0,99.8758,0.340935,148.364
1,39.785,0.737465,251.388
2,39.785,0.737465,365.821
3,39.785,0.737465,441.379
4,39.785,0.737465,517.305
5,39.6394,0.738425,596.004
