Iteration,Cost,Cost reduction,time (ms)
0,25.6911,0.368662,105.763
1,12.4512,0.694023,181.961
2,10.6907,0.737285,262.672
3,5.26771,0.87055,346.252
4,5.26771,0.87055,428.366
5,5.26771,0.87055,479.472
