Iteration,Cost,Cost reduction,time (ms)
0,46.3541,0.244598,537.658
1,16.0475,0.738484,1071.16
2,3.88993,0.936608,1651.06
3,3.88993,0.936608,2237.98
4,3.88993,0.936608,2333.28
5,3.19523,0.94793,2415
