Iteration,Cost,Cost reduction,time (ms)
0,4606.13,0.00140416,412.979
1,4567.49,0.00978132,810.632
2,4517.65,0.0205869,1204.93
3,4495.56,0.0253756,1705.38
4,3631.11,0.212784,2206
5,2335.04,0.49377,3079.3
