Iteration,Cost,Cost reduction,time (ms)
0,44.674,0.298433,1637.5
1,36.0359,0.434086,3342.06
2,25.4601,0.60017,5062.56
3,24.3713,0.617269,6839.83
4,20.6722,0.67536,8636.34
5,16.6261,0.738901,10404
6,16.6261,0.738901,12178.4
