Iteration,Cost,Cost reduction,time (ms)
0,28.6437,0.472156,144.109
1,28.0618,0.482878,252.066
2,25.3409,0.533019,362.833
3,16.0292,0.704615,471.663
4,7.11634,0.86886,583.132
5,3.04451,0.943896,696.352
