Iteration,Cost,Cost reduction,time (ms)
0,5873.15,0.00110167,138.366
1,5834.51,0.00767222,237.527
2,5784.63,0.0161567,342.183
3,5759.09,0.0205009,463.058
4,3743.07,0.363383,588.575
5,2439.83,0.585037,783.296
