Iteration,Cost,Cost reduction,time (ms)
0,4535.14,0.0014259,181.054
1,4496.5,0.00993407,337.973
2,4446.66,0.0209077,506.266
3,3772.28,0.169397,697.049
4,2087.56,0.540349,912.722
5,1413.76,0.688709,1111.69
