Iteration,Cost,Cost reduction,time (ms)
0,1038.8924081360483,0.0,4253.8440227508545
1,97.08869314980888,0.9065459595339591,13490.378141403198
