Iteration,Cost,Cost reduction,time (ms)
0,4378.54,0.00147675,177.57
1,4339.9,0.0102888,334.638
2,4290.07,0.0216538,503.219
3,4127.13,0.0588122,689.732
4,3203.81,0.269374,883.783
5,2178.52,0.50319,1074.62
