Iteration,Cost,Cost reduction,time (ms)
0,30.3047,0.278075,103.156
1,27.2972,0.34972,177.024
2,13.8134,0.670935,249.655
3,9.91441,0.763817,325.138
4,9.61415,0.770969,401.964
5,9.46512,0.77452,480.701
