Iteration,Cost,Cost reduction,time (ms)
0,29.846,0.354024,112.504
1,18.8558,0.591892,192.117
2,8.08865,0.824932,281.624
3,7.84617,0.83018,374.718
4,7.84617,0.83018,466.588
5,7.84617,0.83018,520.238
