Iteration,Cost,Cost reduction,time (ms)
0,169.736,0.0454438,147.805
1,72.4352,0.592641,261.898
2,69.0987,0.611405,378.099
3,55.0986,0.690138,503.264
4,52.4495,0.705036,637.183
5,41.5206,0.766498,788.618
