Iteration,Cost,Cost reduction,time (ms)
0,30.2164,0.353326,107.489
1,23.172,0.504086,186.28
2,11.5081,0.753711,273.832
3,7.60325,0.83728,375.191
4,7.51677,0.839131,502.666
5,7.51677,0.839131,631.148
