Iteration,Cost,Cost reduction,time (ms)
0,4608.09,0.00140359,414.335
1,4569.45,0.00977718,811.045
2,4519.61,0.0205783,1207.6
3,4500.89,0.0246358,1704.65
4,3179.05,0.311085,2202.42
5,2396.4,0.480687,3138.77
