Iteration,Cost,Cost reduction,time (ms)
0,100.882,0.349018,211.862
1,76.1916,0.508341,328.755
2,10.6715,0.931137,442.525
3,10.6715,0.931137,573.054
4,8.02867,0.948192,652.128
5,7.07188,0.954366,779.079
