Iteration,Cost,Cost reduction,time (ms)
0,29.6461,0.358236,107.333
1,13.3881,0.71018,186.544
2,11.9338,0.741663,276.502
3,9.21814,0.80045,378.773
4,6.92644,0.85006,482.286
5,6.92644,0.85006,592.696
