Iteration,Cost,Cost reduction,time (ms)
0,5697.8,0.0011496,132.124
1,5659.94,0.00778661,228.761
2,5610.6,0.016436,329.757
3,4611.3,0.191617,438.451
4,2826.63,0.504478,546.815
5,2816.29,0.506292,652.65
