Iteration,Cost,Cost reduction,time (ms)
0,115.747,0.0986555,29.839
1,103.704,0.192437,52.415
2,51.9711,0.595292,74.75
3,33.4886,0.739218,94.813
4,24.3327,0.810517,115.072
5,16.3697,0.872527,136.102
6,16.3697,0.872527,155.944
