Iteration,Cost,Cost reduction,time (ms)
0,31.8457,0.292424,101.87
1,18.2131,0.595325,174.837
2,16.99,0.622503,248.484
3,14.7783,0.671644,326.678
4,12.1958,0.729024,405.292
5,12.1958,0.729024,481.891
