Iteration,Cost,Cost reduction,time (ms)
0,29.0686,0.365062,187.455
1,18.4932,0.596058,369.781
2,10.1753,0.777743,546.865
3,9.6953,0.788228,720.987
4,7.65799,0.832728,894.337
5,6.87242,0.849887,1072.63
