Iteration,Cost,Cost reduction,time (ms)
0,38.0534,0.198846,609.242
1,25.9563,0.453531,1173.47
2,14.1216,0.702692,1754.35
3,9.25877,0.805071,2313.33
4,6.32838,0.866766,2880.22
5,4.75354,0.899922,3440.52
