Iteration,Cost,Cost reduction,time (ms)
0,31.4858,0.298138,102.878
1,26.8518,0.401436,179.998
2,26.8518,0.401436,257.086
3,25.7795,0.425338,311.946
4,25.7795,0.425338,397.193
5,25.7795,0.425338,444.17
