Iteration,Cost,Cost reduction,time (ms)
0,4498.32,0.00143745,407.975
1,4459.68,0.0100152,802.663
2,4409.85,0.0210778,1193.86
3,4383.52,0.0269227,1690.92
4,2494.22,0.446318,2230.26
5,1444.71,0.679295,2989.17
6,1042.84,0.768505,3532.3
7,1015.51,0.774572,4106.47
8,1015.51,0.774572,4701.88
