Iteration,Cost,Cost reduction,time (ms)
0,4199.74,0.00155867,127.929
1,4161.88,0.0105596,220.112
2,4112.54,0.0222888,312.279
3,3283.68,0.219343,408.586
4,2952.49,0.298079,507.572
5,2471.43,0.412444,608.853
6,626.232,0.85112,709.755
7,600.999,0.857119,807.843
8,596.649,0.858153,907.319
