Iteration,Cost,Cost reduction,time (ms)
0,68.8622,0.388012,148.33
1,66.7874,0.406451,258.717
2,9.6271,0.914443,375.616
3,8.75497,0.922193,498.714
4,7.93296,0.929499,619.586
5,7.93296,0.929499,742.56
