Iteration,Cost,Cost reduction,time (ms)
0,5554.73,0.00117928,130.598
1,5516.87,0.00798698,226.84
2,5467.53,0.0168591,327.9
3,4476.49,0.195062,437.188
4,1840.91,0.668979,545.357
5,1840.91,0.668979,649.364
