Iteration,Cost,Cost reduction,time (ms)
0,24.0616,0.405534,133.215
1,14.988,0.629706,225.259
2,8.82079,0.782073,315.969
3,7.99253,0.802536,410.014
4,6.90135,0.829495,504.678
5,5.78216,0.857146,605.038
6,5.78216,0.857146,699.403
