Iteration,Cost,Cost reduction,time (ms)
0,4999.06,0.00130984,130.693
1,4961.2,0.00887342,228.46
2,4911.86,0.0187293,330.087
3,3991.19,0.202657,437.704
4,3544.38,0.29192,547.255
5,2861.62,0.428317,660.171
