Iteration,Cost,Cost reduction,time (ms)
0,23.2239,0.452233,178.931
1,19.8795,0.531116,353.935
2,8.39844,0.801911,518.505
3,4.4527,0.894977,660.963
4,4.4527,0.894977,802.653
5,4.4527,0.894977,863.166
