Iteration,Cost,Cost reduction,time (ms)
0,28.9885,0.351961,113.843
1,14.5892,0.673857,189.307
2,9.51336,0.787328,276.085
3,9.1271,0.795963,369.164
4,6.87864,0.846228,460.913
5,6.23682,0.860576,555.925
