Iteration,Cost,Cost reduction,time (ms)
0,23.2453,0.396975,181.752
1,15.3748,0.601149,357.378
2,10.7679,0.720662,523.677
3,6.37089,0.834728,687.932
4,6.37089,0.834728,857.161
5,4.4757,0.883893,921.014
