Iteration,Cost,Cost reduction,time (ms)
0,4942.7,0.00132469,130.436
1,4904.84,0.00897443,229.466
2,4855.51,0.0189429,332.32
3,3950.4,0.20182,441.198
4,3552.93,0.282129,551.993
5,2978.95,0.398101,664.911
6,1788.36,0.638661,778.78
7,1788.36,0.638661,889.255
