Iteration,Cost,Cost reduction,time (ms)
0,5793.66,0.0011177,138.564
1,5755.04,0.00777713,237.488
2,5705.14,0.0163809,342.59
3,5585.44,0.0370167,463.851
4,4409.38,0.239782,592.85
5,4409.38,0.239782,727.219
