Iteration,Cost,Cost reduction,time (ms)
0,40.3783,0.431669,144.777
1,33.8131,0.524075,254.438
2,27.3185,0.615488,364.827
3,23.0548,0.6755,479.092
4,19.984,0.718722,599.35
5,19.0463,0.73192,712.351
