Iteration,Cost,Cost reduction,time (ms)
0,4403.27,0.00146888,411.538
1,4364.63,0.0102314,812.035
2,4314.78,0.0215348,1208.67
3,4169.79,0.0544147,1709.1
4,3377.88,0.233996,2258.41
5,1618.7,0.632927,2773.35
