Iteration,Cost,Cost reduction,time (ms)
0,36.5723,0.1666,550.833
1,7.21922,0.83549,1103.97
2,7.21922,0.83549,1642.54
3,6.9568,0.84147,1735.21
4,6.9568,0.84147,2255.62
5,6.8771,0.843287,2348.44
