Iteration,Cost,Cost reduction,time (ms)
0,101.499,0.327064,147.039
1,61.9369,0.589359,255.494
2,8.49005,0.943711,367.841
3,6.02305,0.960067,482.313
4,6.00693,0.960174,589.438
5,5.88785,0.960964,697.149
