Iteration,Cost,Cost reduction,time (ms)
0,5873.17,0.00110154,179.49
1,5834.53,0.00767347,336.522
2,5784.69,0.0161504,504.777
3,5007.04,0.148411,692.773
4,3858.76,0.343709,907.464
5,1552.26,0.735994,1103.08
