Iteration,Cost,Cost reduction,time (ms)
0,29.171,0.813713,10.256
1,18.4346,0.882276,18.496
2,18.4346,0.882276,25.539
3,18.4346,0.882276,31.087
4,11.6908,0.925342,35.78
5,9.50797,0.939282,43.787
6,9.50797,0.939282,51.121
