Iteration,Cost,Cost reduction,time (ms)
0,5768.47,0.00113511,130.937
1,5730.6,0.0076911,226.964
2,5681.27,0.0162343,328.777
3,4712.98,0.183902,437.591
4,4322.1,0.251587,548.12
5,3616.11,0.373835,661.66
