Iteration,Cost,Cost reduction,time (ms)
0,5548.14,0.00116642,134.138
1,5509.51,0.0081214,232.208
2,5459.61,0.0171039,336.167
3,5392.18,0.0292441,459.269
4,3793.63,0.317031,578.229
5,1871.19,0.663128,701.707
