Iteration,Cost,Cost reduction,time (ms)
0,85.6933,0.404665,18.353
1,74.3292,0.483614,33.077
2,74.3292,0.483614,40.984
3,74.3292,0.483614,50.894
4,74.3292,0.483614,56.172
5,74.3292,0.483614,60.842
6,74.3292,0.483614,69.73
