Iteration,Cost,Cost reduction,time (ms)
0,5355.31,0.00120745,414.198
1,5316.67,0.00841426,811.542
2,5266.84,0.0177075,1208.17
3,4947.61,0.0772462,1717.43
4,3180.03,0.406908,2288.28
5,2466.31,0.54002,2846.15
