Iteration,Cost,Cost reduction,time (ms)
0,76.8322,0.155544,146.745
1,72.6637,0.20136,269.868
2,11.2857,0.87596,396.843
3,8.22762,0.909571,726.575
4,8.22762,0.909571,862.911
5,8.22762,0.909571,961.054
6,4.53277,0.950181,1034.53
7,4.53277,0.950181,1138.44
