Iteration,Cost,Cost reduction,time (ms)
0,26.1086,0.369854,109.273
1,17.0681,0.58805,185.333
2,16.6054,0.599218,262.257
3,14.1359,0.658822,343.119
4,14.1359,0.658822,439.451
5,14.0981,0.659733,493.77
