Iteration,Cost,Cost reduction,time (ms)
0,4463.39,0.00144893,179.509
1,4424.75,0.0100936,334.548
2,4374.91,0.021244,502.319
3,3714.94,0.168892,692.426
4,1372.17,0.693017,907.935
5,1239.23,0.722759,1106.86
