Iteration,Cost,Cost reduction,time (ms)
0,50.9937,0.435513,147.073
1,49.1448,0.455979,253.745
2,16.8158,0.813853,361.363
3,13.9207,0.845901,473.682
4,5.36192,0.940645,587.486
5,4.93946,0.945321,696.574
