Iteration,Cost,Cost reduction,time (ms)
0,45.6194,0.283506,557.449
1,13.3393,0.790494,1104.17
2,11.2043,0.824026,1634.76
3,11.2043,0.824026,2156.32
4,11.2043,0.824026,2246.52
5,11.2043,0.824026,2322.14
