Iteration,Cost,Cost reduction,time (ms)
0,35.9565,0.435985,155.492
1,24.7729,0.611413,260.723
2,17.8925,0.719338,369.931
3,5.79265,0.909136,483.552
4,5.79265,0.909136,605.185
5,5.79265,0.909136,684.62
