Iteration,Cost,Cost reduction,time (ms)
0,6.60022,0.963619,11.675
1,6.60022,0.963619,35.77
2,6.60022,0.963619,51.268
3,3.87038,0.978666,63.416
4,3.87038,0.978666,75.592
5,3.87038,0.978666,82.209
6,2.85495,0.984263,87.189
7,2.85495,0.984263,97.951
