Iteration,Cost,Cost reduction,time (ms)
0,23.5631,0.416944,180.322
1,18.4072,0.544524,341.015
2,16.6095,0.589006,502.222
3,16.6095,0.589006,669.725
4,15.0326,0.628025,728.935
5,14.1744,0.649262,885.853
