Iteration,Cost,Cost reduction,time (ms)
0,27.6091,0.297949,104.833
1,21.9129,0.442795,180.596
2,18.8902,0.519655,258.553
3,4.90961,0.875157,338.34
4,3.78384,0.903784,419.951
5,2.75657,0.929905,502.125
