Iteration,Cost,Cost reduction,time (ms)
0,34.9971,0.196318,179.794
1,16.7649,0.615006,354.257
2,6.00481,0.862104,523.835
3,4.75284,0.890855,696.244
4,4.53831,0.895781,872.675
5,4.28416,0.901617,1050.66
