Iteration,Cost,Cost reduction,time (ms)
0,2.29853,0,23.458
1,1.09507,0.523578,39.029
2,1.09507,0.523578,62.446
3,0.673985,0.706775,74.747
4,0.53778,0.766033,95.394
5,0.53778,0.766033,115.951
6,0.504856,0.780357,124.514
7,0.395258,0.828039,137.794
8,0.347012,0.849029,154.393
9,0.321966,0.859925,178.695
