Iteration,Cost,Cost reduction,time (ms)
0,163.724,0,160.26
1,163.724,0,233.971
2,130.889,0.200547,313.074
3,94.4017,0.423409,546.35
4,53.7397,0.671766,792.781
5,46.1883,0.717889,1043.49
