Iteration,Cost,Cost reduction,time (ms)
0,22.3212,0.437317,115.004
1,12.4067,0.687245,191.655
2,12.4067,0.687245,274.804
3,12.4067,0.687245,325.567
4,12.4067,0.687245,376.101
5,12.4067,0.687245,426.606
