Iteration,Cost,Cost reduction,time (ms)
0,4336,0.00149093,177.871
1,4297.36,0.0103894,337.11
2,4247.53,0.0218646,503.421
3,4203.45,0.0320157,691.675
4,2748,0.367182,887.154
5,2012.13,0.53664,1102.83
