Iteration,Cost,Cost reduction,time (ms)
0,28.08,0.354557,544.351
1,12.2055,0.719445,1121.82
2,11.779,0.729248,1692.61
3,7.99666,0.816189,2258.95
4,7.24726,0.833415,2815.39
5,7.24726,0.833415,3378.42
