Iteration,Cost,Cost reduction,time (ms)
0,89.0946,0.229291,519.786
1,29.9279,0.74111,1048.27
2,29.9279,0.74111,1600.72
3,29.9279,0.74111,1691.06
4,29.3306,0.746277,1770.28
5,29.3306,0.746277,2320.62
