Iteration,Cost,Cost reduction,time (ms)
0,132.471,0.249792,521.494
1,75.0312,0.575083,1053.17
2,22.3858,0.873225,1583.85
3,14.8013,0.916177,2145.47
4,14.8013,0.916177,2685.5
5,14.8013,0.916177,2780.35
