Iteration,Cost,Cost reduction,time (ms)
0,893.298,0.00604176,24.751
1,241.711,0.731052,33.14
2,241.711,0.731052,42.871
3,241.711,0.731052,48.908
4,241.711,0.731052,55.005
5,212.091,0.76401,60.635
6,203.23,0.773869,75.913
7,200.826,0.776544,85.278
8,200.826,0.776544,95.227
