Iteration,Cost,Cost reduction,time (ms)
0,28.4731,0.358279,106.021
1,20.1686,0.545446,181.114
2,19.4669,0.56126,260.841
3,19.4669,0.56126,347.494
4,19.2524,0.566095,400.395
5,9.82038,0.77867,489.836
