Iteration,Cost,Cost reduction,time (ms)
0,163.611,0.0778281,534.174
1,78.2774,0.558801,1133.77
2,8.00212,0.954897,1679.36
3,8.00212,0.954897,2176.68
4,8.00212,0.954897,2256.17
5,8.00212,0.954897,2332.39
