Iteration,Cost,Cost reduction,time (ms)
0,4980.47,0.00129872,147.939
1,4941.84,0.00904585,246.04
2,4891.95,0.0190492,350.673
3,4210.75,0.155646,473.252
4,2661.77,0.466252,601.911
5,2058.45,0.587233,795.463
