Iteration,Cost,Cost reduction,time (ms)
0,4702.79,0.0013756,135.566
1,4664.16,0.00957911,233.361
2,4614.27,0.0201731,338.017
3,4563.71,0.0309091,459.775
4,2631.13,0.441287,590.938
5,2631.13,0.441287,739.65
