Iteration,Cost,Cost reduction,time (ms)
0,4929.01,0.00131187,148.926
1,4890.37,0.00914023,249.138
2,4840.33,0.0192809,353.458
3,4575.99,0.072839,467.179
4,2801.12,0.432454,581.59
5,1761.78,0.643039,700.47
