Iteration,Cost,Cost reduction,time (ms)
0,26.7059,0.328858,592.671
1,23.0907,0.419712,1190.83
2,22.2006,0.44208,1747.6
3,21.9719,0.447828,2301.08
4,21.4656,0.460553,2820.29
5,21.3299,0.463962,3339.89
