Iteration,Cost,Cost reduction,time (ms)
0,4509.99,0.0014335,415.86
1,4471.35,0.00998916,814.578
2,4421.51,0.0210224,1212.09
3,4276.67,0.053093,1711.98
4,3560.32,0.2117,2249.8
5,1528.01,0.66168,2791.42
