Iteration,Cost,Cost reduction,time (ms)
0,31.6065,0.316516,111.57
1,16.0264,0.653433,193.005
2,14.0771,0.695585,279.599
3,9.40648,0.796587,376.182
4,9.40648,0.796587,464.135
5,7.74835,0.832444,520.789
