Iteration,Cost,Cost reduction,time (ms)
0,68.1399,0.366841,141.127
1,68.1399,0.366841,244.639
2,68.1399,0.366841,315.873
3,68.1399,0.366841,388.562
4,68.1399,0.366841,462.168
5,68.1399,0.366841,535.625
