Iteration,Cost,Cost reduction,time (ms)
0,40.942,0.141702,294.528
1,35.8723,0.247982,549.638
2,32.2922,0.323034,831.91
3,32.2922,0.323034,1142.62
4,32.2922,0.323034,1297.1
