Iteration,Cost,Cost reduction,time (ms)
0,28.5442,0.336949,540.766
1,23.2156,0.460728,1063.47
2,19.1011,0.556302,1599.58
3,19.1011,0.556302,2143.66
4,17.7565,0.587537,2237.46
5,16.0806,0.626466,2761.94
