Iteration,Cost,Cost reduction,time (ms)
0,30.5039,0.348762,558.814
1,12.8475,0.725714,1144.4
2,6.87206,0.853286,1807.64
3,5.48241,0.882954,2428.54
4,5.06599,0.891845,3065.31
5,3.74504,0.920046,3697.71
