Iteration,Cost,Cost reduction,time (ms)
0,33.3893,0.438623,151.475
1,32.153,0.45941,263.542
2,15.0073,0.747682,382.009
3,13.2057,0.777972,500.508
4,9.97039,0.832367,625.881
5,6.02897,0.898635,767.05
