Iteration,Cost,Cost reduction,time (ms)
0,27.4016,0.410231,100.231
1,20.5697,0.557275,170.765
2,16.3958,0.647111,243.879
3,14.6803,0.684034,319.238
4,14.6803,0.684034,395.376
5,14.6803,0.684034,447.005
