Iteration,Cost,Cost reduction,time (ms)
0,22.7847,0.484127,107.773
1,15.0014,0.66035,180.392
2,15.0014,0.66035,254.035
3,15.0014,0.66035,302.363
4,15.0014,0.66035,351.391
5,14.8243,0.664359,402.095
