Iteration,Cost,Cost reduction,time (ms)
0,4552.26,0.00142045,157.886
1,4513.62,0.00989665,264.744
2,4463.79,0.0208285,373.103
3,4319.08,0.0525723,501.3
4,2174.19,0.523072,639.008
5,1703.68,0.626283,770.636
6,1500.48,0.670856,904.329
7,1246.26,0.726622,1043.92
8,945.192,0.792664,1180.17
9,919.607,0.798276,1304.64
