Iteration,Cost,Cost reduction,time (ms)
0,37.0001,0.214841,107.66
1,13.3001,0.717766,193.192
2,11.5071,0.755815,285.007
3,9.0611,0.807719,381.021
4,7.5209,0.840403,481.043
5,4.82316,0.89765,589.21
