Iteration,Cost,Cost reduction,time (ms)
0,40.4384,0.386916,809.065
1,31.7286,0.518965,1506.27
2,31.3675,0.52444,2220.19
3,23.9222,0.637317,3071.11
4,23.9222,0.637317,3794.05
