Iteration,Cost,Cost reduction,time (ms)
0,4970.5,0.00131764,133.672
1,4932.64,0.00892449,229.812
2,4883.3,0.018838,330.892
3,3955.69,0.205215,438.681
4,2866.28,0.424103,547.728
5,2430.14,0.511731,652.411
