Iteration,Cost,Cost reduction,time (ms)
0,22.7115,0.465017,174.119
1,14.0313,0.669486,335.757
2,12.5435,0.704531,498.324
3,12.2374,0.711741,659.929
4,12.2374,0.711741,815.767
5,12.2374,0.711741,876.711
