Iteration,Cost,Cost reduction,time (ms)
0,103.993,0.372391,209.038
1,67.6697,0.591604,413.124
2,11.5126,0.93052,627.858
3,6.20616,0.962545,811.126
4,5.54007,0.966565,1010.53
5,5.54007,0.966565,1202.33
