Iteration,Cost,Cost reduction,time (ms)
0,5424.02,0.00119294,150.007
1,5385.39,0.0083072,250.223
2,5335.32,0.0175259,353.895
3,5297.82,0.024432,469.608
4,4089.04,0.247024,586.197
5,2879.54,0.469747,736.086
