Iteration,Cost,Cost reduction,time (ms)
0,26.5733,0.324711,113.851
1,17.8545,0.546276,196.13
2,12.944,0.671062,294.768
3,10.472,0.733882,392.912
4,6.81713,0.826761,501.936
5,5.56582,0.85856,640.083
