Iteration,Cost,Cost reduction,time (ms)
0,31.6265,0.438135,105
1,14.3692,0.744721,184.477
2,6.44637,0.885476,270.085
3,6.44637,0.885476,361.54
4,6.44637,0.885476,411.916
5,6.44637,0.885476,461.782
