Iteration,Cost,Cost reduction,time (ms)
0,5519.22,0.00117222,132.732
1,5480.58,0.0081637,230.459
2,5430.7,0.0171917,335.059
3,5263.93,0.0473723,457.785
4,3287.11,0.405122,581.443
5,2463.55,0.554164,721.49
