Iteration,Cost,Cost reduction,time (ms)
0,25.263,0.343294,586.978
1,22.3531,0.418938,1149.78
2,19.1234,0.502893,1689.6
3,19.1234,0.502893,2205.8
4,18.2091,0.52666,2298.75
5,17.4617,0.546087,2803.35
