Iteration,Cost,Cost reduction,time (ms)
0,5621.9,0.00115052,150.622
1,5583.26,0.00801513,248.825
2,5533.21,0.0169079,352.216
3,5506.98,0.0215675,466.839
4,3927.39,0.302215,580.995
5,3026.49,0.46228,739.145
6,2435.33,0.567312,900.115
7,2100.15,0.626863,1099.23
8,1978.69,0.648443,1278.03
9,1978.69,0.648443,1523.16
