Iteration,Cost,Cost reduction,time (ms)
0,100.551,0.434414,222.256
1,75.8159,0.573544,437.276
2,20.8277,0.882846,649.694
3,12.2715,0.930974,859.828
4,12.2715,0.930974,1064.58
5,12.1116,0.931874,1148.43
