Iteration,Cost,Cost reduction,time (ms)
0,21.5884,0.550566,118.985
1,16.6906,0.652529,205
2,16.6906,0.652529,287.264
3,14.4057,0.700098,334.604
4,13.708,0.714623,421.437
5,13.708,0.714623,506.132
