Iteration,Cost,Cost reduction,time (ms)
0,55.9106,0.50069,221.153
1,55.9106,0.50069,414.951
2,55.9106,0.50069,492.144
3,50.2837,0.550941,568.316
4,48.6238,0.565765,764.526
5,48.6238,0.565765,962.259
