Iteration,Cost,Cost reduction,time (ms)
0,32.8811,0.219615,99.925
1,11.5552,0.725754,171.041
2,11.5552,0.725754,245.578
3,11.5552,0.725754,298.79
4,11.5552,0.725754,351.445
5,11.5552,0.725754,402.669
