Iteration,Cost,Cost reduction,time (ms)
0,28.266,0.282225,105.97
1,28.266,0.282225,177.565
2,28.266,0.282225,223.981
3,28.266,0.282225,268.704
4,28.266,0.282225,315.109
5,28.266,0.282225,361.128
