Iteration,Cost,Cost reduction,time (ms)
0,71.0769,0.36822,140.93
1,59.4755,0.471342,247.704
2,38.2951,0.659607,360.401
3,31.2368,0.722346,476.61
4,26.1589,0.767482,591.143
5,25.6505,0.772001,706.719
