Iteration,Cost,Cost reduction,time (ms)
0,4794.84,0.00136552,130.343
1,4756.98,0.00925082,227.349
2,4707.64,0.0195265,328.922
3,3811.61,0.206144,437.402
4,3422.47,0.287191,548.099
5,2837.33,0.409062,660.961
