Iteration,Cost,Cost reduction,time (ms)
0,32.0323,0.30618,106.589
1,16.9026,0.633889,184.975
2,14.5701,0.684413,264.642
3,13.6238,0.704909,355.461
4,13.6238,0.704909,447.251
5,10.732,0.767546,502.166
