Iteration,Cost,Cost reduction,time (ms)
0,31.093,0.463324,150.473
1,29.7674,0.486204,259.526
2,25.9191,0.552627,369.344
3,21.8464,0.622924,480.389
4,21.8464,0.622924,586.114
5,21.8464,0.622924,661.402
