Iteration,Cost,Cost reduction,time (ms)
0,4378.47,0.00149533,132.255
1,4340.61,0.0101293,228.024
2,4291.27,0.0213814,329.347
3,3437.72,0.216032,437.473
4,2955.45,0.326013,546.227
5,1495.98,0.658844,656.65
