Iteration,Cost,Cost reduction,time (ms)
0,33.0703,0.285444,102.764
1,18.2592,0.60547,181.8
2,17.8027,0.615334,259.966
3,17.5203,0.621436,341.161
4,14.4443,0.6879,424.221
5,13.0508,0.718008,517.844
