Iteration,Cost,Cost reduction,time (ms)
0,128.404,0,90.53
1,70.6918,0.449458,155.53
2,70.6918,0.449458,199.843
3,70.6918,0.449458,231.08
4,70.6918,0.449458,254.332
5,70.6918,0.449458,277.942
6,70.6918,0.449458,293.192
