Iteration,Cost,Cost reduction,time (ms)
0,28.3582,0.591212,18.597
1,15.4742,0.776936,29.289
2,15.4742,0.776936,39.732
3,15.4742,0.776936,44.012
4,15.4742,0.776936,47.945
