Iteration,Cost,Cost reduction,time (ms)
0,5342.53,0.0012109,178.4
1,5303.89,0.00843476,334.286
2,5254.04,0.0177529,502.52
3,4535.88,0.152013,693.707
4,2432.62,0.54522,904.717
5,1147.34,0.785504,1111.06
