Iteration,Cost,Cost reduction,time (ms)
0,5815.82,0.00111199,177.477
1,5777.18,0.00774877,335.296
2,5727.35,0.0163074,503.398
3,5677.13,0.0249337,689.894
4,3884.05,0.332901,886.058
5,2955.52,0.492379,1097.6
