Iteration,Cost,Cost reduction,time (ms)
0,41.1748,0.0136693,522.725
1,25.2154,0.395972,1054.46
2,16.7477,0.598813,1647.65
3,9.64438,0.768971,2185.25
4,6.87796,0.83524,2705.89
5,4.93982,0.881668,3239.77
