Iteration,Cost,Cost reduction,time (ms)
0,57.3925,0.155824,525.916
1,22.6043,0.667518,1055.83
2,19.2854,0.716335,1587.56
3,17.4947,0.742673,2128.02
4,13.8452,0.796353,2666.09
5,13.8452,0.796353,3211.97
