Iteration,Cost,Cost reduction,time (ms)
0,25.8207,0.391206,179.927
1,25.8207,0.391206,350.78
2,24.7413,0.416656,415.691
3,24.7413,0.416656,577.76
4,24.7413,0.416656,637.655
5,24.7413,0.416656,683.528
