Iteration,Cost,Cost reduction,time (ms)
0,126.166,0.321952,148.977
1,59.5772,0.679817,253.943
2,34.4908,0.814638,380.901
3,34.0421,0.81705,503.917
4,33.8412,0.818129,619.568
5,32.0865,0.827559,736.611
