Iteration,Cost,Cost reduction,time (ms)
0,76.0903,0.37136,154.462
1,60.1674,0.502911,261.948
2,60.1674,0.502911,382.511
3,60.1674,0.502911,459.535
4,56.7582,0.531077,537.333
5,55.6055,0.540601,662.103
