Iteration,Cost,Cost reduction,time (ms)
0,5343.1,0.00121025,177.728
1,5304.46,0.00843351,336.548
2,5254.62,0.0177485,504.801
3,5204.39,0.0271385,692.29
4,3607.59,0.325629,885.557
5,2019.39,0.622513,1097.8
