Iteration,Cost,Cost reduction,time (ms)
0,4794.93,0.00134954,144.517
1,4756.3,0.00939552,244.452
2,4706.4,0.0197877,350.064
3,4679.81,0.025326,472.057
4,2925.29,0.390744,595.878
5,2865.8,0.403134,739.827
