Iteration,Cost,Cost reduction,time (ms)
0,4498.24,0.00145529,132.325
1,4460.37,0.00985983,227.888
2,4411.04,0.0208111,329.042
3,3562.26,0.209229,439.302
4,3234.25,0.282043,552.579
5,2691.09,0.402617,662.223
