Iteration,Cost,Cost reduction,time (ms)
0,5343.05,0.00122591,131.405
1,5305.19,0.00830301,229.152
2,5255.85,0.0175261,329.966
3,4294.81,0.197173,437.544
4,1807.09,0.662201,545.812
5,1789.73,0.665447,652.105
