Iteration,Cost,Cost reduction,time (ms)
0,35.0303,0.269336,185.88
1,14.8498,0.690261,366.699
2,14.8498,0.690261,543.185
3,11.9066,0.751651,619.596
4,7.46945,0.844201,787.793
5,5.66075,0.881927,964.059
