Iteration,Cost,Cost reduction,time (ms)
0,83.98,0.381823,148.099
1,83.98,0.381823,252.171
2,83.98,0.381823,324.267
3,83.98,0.381823,398.853
4,83.98,0.381823,473.636
5,83.98,0.381823,548.526
