Iteration,Cost,Cost reduction,time (ms)
0,110.314,0.0441564,142.506
1,36.0324,0.687787,245.169
2,12.5435,0.891314,355.501
3,11.6068,0.89943,464.521
4,11.3401,0.90174,573.541
5,11.3401,0.90174,681.405
