Iteration,Cost,Cost reduction,time (ms)
0,5343.12,0.00121074,178.41
1,5304.48,0.0084338,335.514
2,5254.64,0.0177509,503.893
3,4555.71,0.148403,690.849
4,2622.57,0.509763,905.376
5,975.003,0.817743,1100.96
