Iteration,Cost,Cost reduction,time (ms)
0,5335.45,0.00122725,131.801
1,5297.59,0.00831459,228.705
2,5248.26,0.0175495,331.123
3,4302.03,0.194679,438.647
4,3937.7,0.262881,550.805
5,3169.4,0.406702,663.288
