Iteration,Cost,Cost reduction,time (ms)
0,5366.52,0.00120527,178.95
1,5327.87,0.00839695,337.788
2,5278.04,0.0176726,505.005
3,4558.49,0.151592,693.17
4,2492.76,0.536058,910.601
5,1660.56,0.690943,1108.09
