Iteration,Cost,Cost reduction,time (ms)
0,87.9491,0.33023,222.908
1,70.7321,0.461345,433.248
2,65.4201,0.501798,633.193
3,55.4187,0.577963,829.514
4,37.2546,0.71629,1040.33
5,8.14506,0.937972,1247.23
