Iteration,Cost,Cost reduction,time (ms)
0,59.6202,0.0401499,141.581
1,24.758,0.60141,253.755
2,8.55183,0.86232,375.96
3,6.78748,0.890726,515.105
4,6.78748,0.890726,658.431
5,6.03386,0.902858,750.35
