Iteration,Cost,Cost reduction,time (ms)
0,456.63,0.618645,11.149
1,456.63,0.618645,19.582
2,456.63,0.618645,39.112
3,456.481,0.618769,51.838
4,408.129,0.659151,63.328
5,408.129,0.659151,71.177
6,408.129,0.659151,78.388
