Iteration,Cost,Cost reduction,time (ms)
0,27.3861,0.3032,103.1
1,21.5516,0.45165,177.15
2,15.5299,0.604864,251.884
3,9.49866,0.75832,328.3
4,6.92638,0.823768,406.385
5,6.92638,0.823768,482.573
