Iteration,Cost,Cost reduction,time (ms)
0,5066.45,0.00127706,136.889
1,5027.81,0.00889248,235.554
2,4977.92,0.0187274,340.821
3,4304.48,0.15148,461.685
4,2775.6,0.45286,585.571
5,2081.93,0.5896,737.945
