Iteration,Cost,Cost reduction,time (ms)
0,67.1855,0.257491,569.78
1,34.2201,0.621812,1123.53
2,30.0616,0.667771,1653.22
3,14.7436,0.837059,2173.43
4,10.2862,0.886321,2709.27
5,10.2862,0.886321,3241.09
