Iteration,Cost,Cost reduction,time (ms)
0,29.0601,0.323258,101.843
1,21.8497,0.491169,180.003
2,21.8497,0.491169,256.77
3,21.8497,0.491169,308.378
4,21.8497,0.491169,360.4
5,21.8444,0.491294,413.953
