Iteration,Cost,Cost reduction,time (ms)
0,5.550698636846424,0.0,40.30561447143555
1,5.20964550068884,0.0614432810121629,223.1149673461914
