Iteration,Cost,Cost reduction,time (ms)
0,96.9778,0.374002,155.115
1,65.1468,0.579473,275.264
2,64.0812,0.586352,414.425
3,34.6484,0.776342,557.657
4,32.6306,0.789367,727.512
5,27.6902,0.821258,900.135
