Iteration,Cost,Cost reduction,time (ms)
0,31.0994,0.291591,107.151
1,23.3443,0.468244,184.227
2,19.6947,0.551378,260.063
3,18.3988,0.580896,344.066
4,18.3988,0.580896,459.493
5,15.0711,0.656698,508.731
