Iteration,Cost,Cost reduction,time (ms)
0,36.7379,0.197669,121.527
1,30.3923,0.336252,197.309
2,22.4259,0.510233,276.144
3,22.4259,0.510233,365.526
4,22.4259,0.510233,418.92
5,22.4259,0.510233,471.841
