Iteration,Cost,Cost reduction,time (ms)
0,29.6542,0.38275,109.931
1,11.8325,0.753707,185.946
2,9.80054,0.796003,266.825
3,9.80054,0.796003,347.252
4,9.80054,0.796003,399.083
5,9.78936,0.796235,452.823
