Iteration,Cost,Cost reduction,time (ms)
0,41.4297,0.455032,145.781
1,40.7877,0.463477,252.935
2,5.33316,0.929847,362.344
3,4.90429,0.935489,474.092
4,4.78708,0.937031,587.774
5,4.42365,0.941811,698.52
