Iteration,Cost,Cost reduction,time (ms)
0,28.5862,0.347378,539.6
1,12.7015,0.710025,1136.43
2,12.7015,0.710025,1709.96
3,12.2932,0.719347,1803.98
4,12.2932,0.719347,2354.47
5,12.2932,0.719347,2445.86
