Iteration,Cost,Cost reduction,time (ms)
0,25.3431,0.384507,21.165
1,25.3431,0.384507,39.389
2,25.3431,0.384507,45.473
3,25.3431,0.384507,51.073
4,25.3431,0.384507,57.539
