Iteration,Cost,Cost reduction,time (ms)
0,119.432,0.217801,152.255
1,58.7915,0.614954,265.085
2,22.7052,0.851296,381.11
3,10.1699,0.933394,496.587
4,5.00563,0.967216,632.994
5,4.98435,0.967356,749.511
