Iteration,Cost,Cost reduction,time (ms)
0,24.3008,0.380991,129.697
1,15.3561,0.608838,222.809
2,6.30944,0.839281,322.082
3,5.76696,0.853099,424.346
4,5.63095,0.856564,529.025
5,5.5738,0.85802,635.198
6,5.36304,0.863388,740.657
7,5.36304,0.863388,843.797
