Iteration,Cost,Cost reduction,time (ms)
0,31.6156,0.321432,110.846
1,17.6988,0.620129,189.525
2,11.5759,0.751545,275.276
3,11.5759,0.751545,366.483
4,11.5759,0.751545,415.65
5,11.5759,0.751545,464.663
