Iteration,Cost,Cost reduction,time (ms)
0,46.8178,0.0524252,99.243
1,46.8178,0.0524252,166.26
2,46.8178,0.0524252,212.451
3,46.8178,0.0524252,258.999
4,46.8178,0.0524252,305.435
5,46.8178,0.0524252,353.301
