Iteration,Cost,Cost reduction,time (ms)
0,30.1626,0.323416,102.254
1,16.2431,0.635648,175.036
2,15.8555,0.644342,248.223
3,15.8555,0.644342,322.567
4,15.8555,0.644342,369.657
5,15.8555,0.644342,419.968
