Iteration,Cost,Cost reduction,time (ms)
0,5468.92,0.00118322,141.848
1,5430.28,0.00823896,240.606
2,5380.22,0.017382,344.035
3,5361.44,0.0208119,461.385
4,4022.95,0.265267,575.564
5,1614.89,0.705064,704.15
