Iteration,Cost,Cost reduction,time (ms)
0,17.834,0.621871,110.534
1,14.8228,0.685715,189.188
2,14.8228,0.685715,262.153
3,14.8228,0.685715,303.726
4,14.8228,0.685715,345.411
5,14.8228,0.685715,387.098
6,14.8228,0.685715,427.973
