Iteration,Cost,Cost reduction,time (ms)
0,4535.12,0.00142556,177.161
1,4496.48,0.00993387,334.731
2,4446.65,0.020906,502.975
3,4401.04,0.0309492,691.88
4,2925.45,0.355856,887.058
5,2202.07,0.515133,1101.08
