Iteration,Cost,Cost reduction,time (ms)
0,29.6398,0.310465,188.565
1,16.6764,0.612042,374.492
2,8.40622,0.804439,577.423
3,7.57546,0.823766,765.878
4,6.41488,0.850765,956.259
5,3.45333,0.919662,1142.28
