Iteration,Cost,Cost reduction,time (ms)
0,101.652,0.31469,158.952
1,79.1343,0.466497,271.156
2,34.9912,0.764098,399.168
3,13.4129,0.909573,565.778
4,11.6909,0.921183,785.384
5,9.53723,0.935702,1022.42
