Iteration,Cost,Cost reduction,time (ms)
0,5392.26,0.00121425,131.421
1,5354.4,0.00822706,227.19
2,5305.06,0.0173648,328.324
3,4364.74,0.191537,436.196
4,4027.27,0.254044,548.208
5,3236.83,0.400455,661.637
