Iteration,Cost,Cost reduction,time (ms)
0,4593.11,0.00140836,136.93
1,4554.48,0.00980751,234.075
2,4504.42,0.0206904,338.759
3,4370.44,0.0498205,454.214
4,2286.53,0.502884,565.055
5,1936.42,0.579002,678.372
