Iteration,Cost,Cost reduction,time (ms)
0,4454.91,0.00145233,138.368
1,4416.28,0.0101116,235.527
2,4366.38,0.0212954,338.488
3,4346.42,0.0257705,459.825
4,2567.59,0.424488,599.286
5,2043.53,0.541951,777.915
