Iteration,Cost,Cost reduction,time (ms)
0,31.4858,0.298138,103.606
1,26.8518,0.401436,181.237
2,26.4585,0.410203,264.037
3,26.0496,0.419319,351.705
4,26.0496,0.419319,436.559
5,22.1674,0.505857,491.417
