Iteration,Cost,Cost reduction,time (ms)
0,30.38,0.352799,109.689
1,16.2731,0.653326,189.869
2,14.9288,0.681964,273.307
3,14.3786,0.693685,362.542
4,9.31474,0.801563,454.167
5,7.72008,0.835535,566.121
