Iteration,Cost,Cost reduction,time (ms)
0,108.791,0.285184,525.258
1,65.3801,0.570418,1095.92
2,53.4112,0.64906,1630.63
3,34.0685,0.776152,2174.1
4,26.1344,0.828283,2692.51
5,26.1344,0.828283,3219
