Iteration,Cost,Cost reduction,time (ms)
0,54.8839,0.24937,151.318
1,17.0607,0.766666,259.872
2,7.79864,0.89334,368.608
3,7.50588,0.897344,481.479
4,3.85658,0.947255,596.135
5,2.51432,0.965612,715.825
