Iteration,Cost,Cost reduction,time (ms)
0,5775.51,0.00113381,131.675
1,5737.65,0.00768177,227.646
2,5688.31,0.0162139,329.426
3,4712.24,0.185025,437.231
4,4343.06,0.248874,549.917
5,3615.12,0.37477,661.229
