Iteration,Cost,Cost reduction,time (ms)
0,123.144,0.194556,149.694
1,77.5422,0.492822,258.449
2,19.564,0.872038,375.929
3,17.2172,0.887388,511.912
4,15.9242,0.895845,645.927
5,11.939,0.921911,786.508
6,6.68597,0.956269,939.2
7,6.16323,0.959688,1095.84
8,6.16323,0.959688,1253.04
