Iteration,Cost,Cost reduction,time (ms)
0,127.348,0.217313,153.798
1,99.3419,0.38944,256.437
2,99.3419,0.38944,367.968
3,99.3419,0.38944,447.911
4,99.3419,0.38944,521.971
5,99.3419,0.38944,595.772
