Iteration,Cost,Cost reduction,time (ms)
0,27.4172,0.323745,105.651
1,24.2734,0.401287,179.94
2,18.5943,0.541365,252.597
3,17.8736,0.559141,328.267
4,17.8736,0.559141,403.796
5,16.7482,0.586901,457.852
