Iteration,Cost,Cost reduction,time (ms)
0,39.8459,0,176.588
1,39.8459,0,224.92
2,17.9213,0.550236,276.933
3,16.3276,0.590231,425.921
4,15.0738,0.621699,576.924
5,15.0738,0.621699,726.798
