Iteration,Cost,Cost reduction,time (ms)
0,4378.54,0.00147725,141.359
1,4339.91,0.0102874,239.733
2,4289.85,0.0217027,343.324
3,4164.1,0.0503807,458.398
4,2782.13,0.365538,569.532
5,614.938,0.859764,682.802
6,614.938,0.859764,800.383
