Iteration,Cost,Cost reduction,time (ms)
0,5424,0.00119226,179.066
1,5385.36,0.0083079,336.227
2,5335.53,0.017484,503.922
3,4955.88,0.0873951,693.125
4,4500.31,0.171286,899.867
5,3202.93,0.410193,1101.87
