Iteration,Cost,Cost reduction,time (ms)
0,49.1597,0.190226,1657.57
1,39.0748,0.356347,3356.52
2,33.3002,0.451468,5075.79
3,20.2903,0.665771,6828.59
4,20.2903,0.665771,8695.09
