Iteration,Cost,Cost reduction,time (ms)
0,4257.01,0.00153757,131.494
1,4219.15,0.0104177,227.67
2,4169.82,0.0219885,329.09
3,3346.64,0.215061,437.211
4,2984.65,0.299963,549.626
5,2984.65,0.299963,661.172
