Iteration,Cost,Cost reduction,time (ms)
0,86.6843,0.388358,162.542
1,57.5602,0.593857,269.951
2,24.2939,0.828583,392.383
3,11.7849,0.916846,532.703
4,6.08819,0.957042,697.875
5,6.04302,0.957361,858.159
