Iteration,Cost,Cost reduction,time (ms)
0,5621.9,0.00115064,178.919
1,5583.26,0.00801597,336.818
2,5533.42,0.016871,505.124
3,4790.01,0.148955,697.275
4,3263.29,0.420208,911.886
5,1827.39,0.675326,1109.08
