Iteration,Cost,Cost reduction,time (ms)
0,40.111,0.0691212,540.568
1,15.0177,0.651477,1118.64
2,15.0177,0.651477,1608.29
3,15.0177,0.651477,1699.75
4,14.7239,0.658295,1760.42
5,8.46111,0.803638,2230.69
