Iteration,Cost,Cost reduction,time (ms)
0,5355.33,0.00121018,135.437
1,5316.71,0.00841204,232.427
2,5266.8,0.0177211,336.581
3,4567.76,0.148094,459.708
4,3378.25,0.369944,585.049
5,2501.29,0.5335,727.841
