Iteration,Cost,Cost reduction,time (ms)
0,4711.46,0.00137274,179.598
1,4672.82,0.00956289,336.388
2,4622.98,0.0201269,504.183
3,3934.06,0.166149,693.084
4,2460.09,0.478567,909.464
5,1142.3,0.757882,1104.22
