Iteration,Cost,Cost reduction,time (ms)
0,35.8915,0.114362,584.654
1,12.3038,0.696398,1176.03
2,10.6449,0.737333,1721.7
3,5.26636,0.870051,2267.98
4,4.61467,0.886131,2789.7
5,4.61467,0.886131,3307.72
