Iteration,Cost,Cost reduction,time (ms)
0,58.3478,0.593333,16.626
1,53.2354,0.628965,27.882
2,45.2482,0.684633,39.278
3,25.1262,0.824878,48.501
4,24.5703,0.828752,59.01
5,24.5703,0.828752,68.957
