Iteration,Cost,Cost reduction,time (ms)
0,27.9164,0.375387,105.405
1,18.2904,0.590762,178.367
2,18.1005,0.595013,252.488
3,18.1005,0.595013,327.368
4,17.1109,0.617154,376.824
5,16.655,0.627354,454.262
