Iteration,Cost,Cost reduction,time (ms)
0,33.0185,0.446182,150.433
1,19.7448,0.668821,253.104
2,19.7448,0.668821,361.587
3,19.7448,0.668821,434.482
4,19.7408,0.668889,509.755
5,19.7408,0.668889,615.563
