Iteration,Cost,Cost reduction,time (ms)
0,4665.25,0.00138637,150.876
1,4626.62,0.00965656,251.833
2,4576.56,0.0203716,356.269
3,4338.31,0.071369,474.758
4,3148.95,0.325957,593.243
5,2246.24,0.519184,791.154
