Iteration,Cost,Cost reduction,time (ms)
0,116.328,0.121835,518.888
1,82.4342,0.377699,1027.03
2,12.0973,0.908677,1541.97
3,12.0973,0.908677,2082.12
4,12.0973,0.908677,2172.77
5,12.0973,0.908677,2245.56
