Iteration,Cost,Cost reduction,time (ms)
0,4509.99,0.00143377,150.26
1,4471.36,0.00998815,248.769
2,4421.47,0.0210326,352.864
3,4368.54,0.032752,473.534
4,2239.97,0.504044,595.963
5,2115.37,0.531632,799.42
