Iteration,Cost,Cost reduction,time (ms)
0,26.8312,0.378039,592.461
1,20.74,0.519236,1154.09
2,14.4125,0.66591,1672.13
3,10.4231,0.758386,2181.52
4,7.97928,0.815036,2696.33
5,7.22285,0.832571,3207.91
