Iteration,Cost,Cost reduction,time (ms)
0,21.1896,0.440642,183.163
1,11.3112,0.701409,359.51
2,7.80159,0.794056,531.887
3,7.80159,0.794056,693.727
4,7.80159,0.794056,754.418
5,7.80159,0.794056,803.134
