Iteration,Cost,Cost reduction,time (ms)
0,29.7103,0.329002,103.196
1,26.951,0.39132,175.388
2,26.951,0.39132,250.939
3,26.951,0.39132,301.053
4,26.951,0.39132,351.804
5,26.951,0.39132,402.827
