Iteration,Cost,Cost reduction,time (ms)
0,29.2651,0.361976,588.759
1,20.5265,0.55249,1195.05
2,11.304,0.753555,1753.69
3,9.8157,0.786003,2321.3
4,6.63021,0.855451,2891.03
5,4.34333,0.905309,3485.06
