Iteration,Cost,Cost reduction,time (ms)
0,82.8801,0.204867,527.55
1,37.9078,0.636321,1074.89
2,7.61585,0.926935,1591.82
3,7.61585,0.926935,2108.46
4,7.61585,0.926935,2198.02
5,7.61585,0.926935,2273.36
