Iteration,Cost,Cost reduction,time (ms)
0,4168.96,0.00155121,179.249
1,4130.32,0.0108055,338.139
2,4080.47,0.0227426,505.62
3,3445.33,0.174856,694.61
4,1345.08,0.677858,908.176
5,954.955,0.771292,1103.6
