Iteration,Cost,Cost reduction,time (ms)
0,129.382,0.205906,187.151
1,98.6119,0.394761,300.538
2,48.4529,0.702616,419.18
3,33.4159,0.794907,539.9
4,32.4764,0.800673,668.245
5,24.8148,0.847697,794.202
