Iteration,Cost,Cost reduction,time (ms)
0,28.215,0.367436,113.02
1,13.4745,0.697909,190.248
2,7.83294,0.82439,279.824
3,7.83294,0.82439,366.281
4,7.34998,0.835218,421.523
5,6.21453,0.860674,514.662
