Iteration,Cost,Cost reduction,time (ms)
0,31.4551,0.308732,103.348
1,28.2243,0.379734,180.558
2,20.4227,0.551184,254.643
3,19.5691,0.569942,345.984
4,19.5691,0.569942,430.253
