Iteration,Cost,Cost reduction,time (ms)
0,5775.6,0.00112003,178.733
1,5736.96,0.00780288,336.381
2,5687.12,0.0164223,505.84
3,4954.71,0.143092,696.588
4,1939.14,0.664629,913.448
5,1671.17,0.710974,1118.46
