Iteration,Cost,Cost reduction,time (ms)
0,49.8575,0.386321,525.164
1,28.1246,0.653824,1042.53
2,27.0231,0.667382,1583.47
3,21.0615,0.740761,2141.17
4,19.4411,0.760706,2703.72
5,19.438,0.760744,3265.62
