Iteration,Cost,Cost reduction,time (ms)
0,62.2751,0.83876,18.979
1,62.2751,0.83876,37.826
2,62.2751,0.83876,48.4
3,62.2751,0.83876,54.562
4,62.2751,0.83876,60.083
5,8.41395,0.978215,65.791
6,8.41395,0.978215,71.311
