Iteration,Cost,Cost reduction,time (ms)
0,30.22,0.254107,2163.69
1,24.4687,0.396062,4399.01
2,21.7513,0.463133,6758.19
3,13.8626,0.657843,9137.62
4,12.5507,0.690223,11588.9
5,10.2979,0.745827,13999
6,8.93606,0.77944,16344.1
7,8.93606,0.77944,18678.4
