Iteration,Cost,Cost reduction,time (ms)
0,4.8269354368464406,0.0,86.80558204650879
1,4.483816430051386,0.07108423373054751,399.2774486541748
