Iteration,Cost,Cost reduction,time (ms)
0,60.5843,0.187831,218.437
1,25.4849,0.65836,427.299
2,14.4564,0.806203,635.077
3,10.3978,0.860611,839.372
4,10.3978,0.860611,1029.47
5,9.31235,0.875162,1110.69
