Iteration,Cost,Cost reduction,time (ms)
0,5676.12,0.00113944,413.698
1,5637.48,0.00793935,811.009
2,5587.65,0.0167089,1206.23
3,4834.9,0.149174,1716.24
4,2153.74,0.620993,2351.95
5,1354.29,0.761678,2888.15
