Iteration,Cost,Cost reduction,time (ms)
0,51.1847,0.0341308,98.623
1,51.1847,0.0341308,171.2
2,51.1847,0.0341308,224.744
3,51.1847,0.0341308,278.28
4,51.1847,0.0341308,333.613
5,51.1847,0.0341308,389.93
