Iteration,Cost,Cost reduction,time (ms)
0,92.4816,0.326821,143.08
1,77.371,0.436812,251.347
2,55.2191,0.598057,366.053
3,48.8084,0.644721,483.808
4,36.7832,0.732253,601.2
5,34.9532,0.745574,718.051
