Iteration,Cost,Cost reduction,time (ms)
0,30.9481,0.319255,306.234
1,19.9952,0.56018,548.308
2,16.6712,0.633295,818.915
3,13.1356,0.711066,1072.69
4,13.1356,0.711066,1327.16
