Iteration,Cost,Cost reduction,time (ms)
0,27.6749,0.389334,100.381
1,27.6749,0.389334,165.221
2,27.6749,0.389334,208.892
3,27.6749,0.389334,253.272
4,27.6749,0.389334,299.123
5,27.6749,0.389334,343.829
