Iteration,Cost,Cost reduction,time (ms)
0,111.895,0.334121,148.427
1,90.628,0.460679,254.62
2,34.4809,0.794807,364.612
3,16.7547,0.900294,486.57
4,16.3546,0.902675,615.638
5,15.6402,0.906926,745
