Iteration,Cost,Cost reduction,time (ms)
0,32.394,0.336559,550.999
1,9.9045,0.797152,1112.48
2,7.66175,0.843085,1595.83
3,6.77906,0.861162,2069.36
4,6.13481,0.874357,2537.5
5,5.18832,0.893741,3010.45
