Iteration,Cost,Cost reduction,time (ms)
0,4218.31,0.00153264,140.102
1,4179.67,0.0106779,239.303
2,4129.62,0.0225245,342.287
3,4103.95,0.0286018,460.265
4,2770.13,0.344316,577.028
5,2193.74,0.480744,739.114
