Iteration,Cost,Cost reduction,time (ms)
0,42.5729,0.439995,148.014
1,42.3472,0.442964,256.79
2,36.1383,0.524635,374.7
3,2.66948,0.964886,495.514
4,2.20521,0.970993,610.541
5,2.09623,0.972426,725.019
