Iteration,Cost,Cost reduction,time (ms)
0,31.1077,0.479332,139.28
1,25.2905,0.576697,244.556
2,7.62868,0.872314,352.714
3,4.71334,0.92111,466.694
4,2.64306,0.955761,580.778
5,2.27658,0.961895,694.892
6,1.09471,0.981677,809.024
7,1.05822,0.982288,924.885
8,1.05822,0.982288,1038.72
