Iteration,Cost,Cost reduction,time (ms)
0,5342.52,0.00121203,139.548
1,5303.89,0.00843299,239.153
2,5253.82,0.0177938,343.105
3,5205.78,0.0267754,461.199
4,3888.2,0.273098,577.718
5,2954.62,0.447632,726.717
