Iteration,Cost,Cost reduction,time (ms)
0,4196.69,0.00154224,140.891
1,4158.06,0.0107323,237.363
2,4108.16,0.0226047,340.724
3,4062.19,0.0335418,462.211
4,2210.06,0.474192,589.539
5,2111.21,0.49771,798.282
