Iteration,Cost,Cost reduction,time (ms)
0,30.2971,0.367597,112.295
1,23.3648,0.512299,185.601
2,21.055,0.560511,262.126
3,18.0768,0.622676,344.885
4,18.0768,0.622676,436.113
5,18.0768,0.622676,487.818
