Iteration,Cost,Cost reduction,time (ms)
0,16.0271,0,19.08
1,16.0271,0,29.026
2,9.86087,0.384737,38.241
3,9.86087,0.384737,45.897
4,4.24205,0.73532,51.031
5,4.24205,0.73532,56.928
6,4.24205,0.73532,62.777
