Iteration,Cost,Cost reduction,time (ms)
0,57.3262,0.427517,147.697
1,23.9526,0.760799,249.949
2,3.96169,0.960437,361.356
3,3.96169,0.960437,469.559
4,3.65652,0.963484,547.695
5,3.55538,0.964494,661.392
