Iteration,Cost,Cost reduction,time (ms)
0,4196.68,0.00154092,161.75
1,4158.04,0.0107329,262.996
2,4107.99,0.0226421,367.489
3,3444.23,0.180562,485.084
4,2633.53,0.37344,601.449
5,2270.66,0.459772,765.216
