Iteration,Cost,Cost reduction,time (ms)
0,37.4949,0.0749009,175.192
1,21.2248,0.476328,343.389
2,21.2248,0.476328,504.856
3,21.2248,0.476328,570.132
4,17.5552,0.566866,620.92
5,16.9553,0.581668,776.269
