Iteration,Cost,Cost reduction,time (ms)
0,81.9759,0.364993,150.971
1,64.0076,0.50418,262.328
2,49.884,0.613586,383.561
3,49.884,0.613586,516.455
4,46.3411,0.64103,597.768
5,46.3411,0.64103,729.603
