Iteration,Cost,Cost reduction,time (ms)
0,19.6263,0.549463,106.198
1,5.8276,0.866223,185.294
2,5.8276,0.866223,256.168
3,5.8276,0.866223,295.715
4,5.8276,0.866223,335.244
5,5.8276,0.866223,376.255
6,5.8276,0.866223,415.854
