Iteration,Cost,Cost reduction,time (ms)
0,5697.86,0.0011351,142.856
1,5659.22,0.00790831,240.53
2,5609.17,0.0166823,343.629
3,5577.11,0.0223028,456.649
4,3850.59,0.324972,576.339
5,2558.42,0.551495,758.498
