Iteration,Cost,Cost reduction,time (ms)
0,79.5485,0.317015,163.199
1,71.1573,0.389059,272.411
2,37.7629,0.675777,381.683
3,13.7586,0.881872,493.98
4,13.7155,0.882242,626.368
