Iteration,Cost,Cost reduction,time (ms)
0,4455.49,0.00145156,178.429
1,4416.85,0.0101115,335.952
2,4367.01,0.0212819,503.521
3,3692.48,0.172455,695.069
4,1653.46,0.629433,910.505
5,1183.28,0.734807,1107.75
