Iteration,Cost,Cost reduction,time (ms)
0,5807.65,0.00111393,148.529
1,5769.01,0.00775918,248.896
2,5718.95,0.0163687,354.211
3,5692.04,0.0209979,470.513
4,4314.95,0.257851,585.983
5,4314.95,0.257851,720.819
