Iteration,Cost,Cost reduction,time (ms)
0,28.9879,0.351975,109.348
1,13.2497,0.703802,184.422
2,9.90778,0.778511,265.716
3,5.9803,0.86631,349.439
4,5.9803,0.86631,433.696
5,5.9803,0.86631,485.75
