Iteration,Cost,Cost reduction,time (ms)
0,4463.38,0.00144876,134.426
1,4424.74,0.0100925,231.63
2,4374.69,0.0212902,334.224
3,4295.47,0.0390142,451.016
4,3278.14,0.266611,565.641
5,713.013,0.840484,686.194
