Iteration,Cost,Cost reduction,time (ms)
0,93.671,0.107704,158.571
1,80.6745,0.231507,276.966
2,37.4,0.643733,402.014
3,20.679,0.803015,528.283
4,20.4274,0.805412,655.524
5,19.4299,0.814914,780.825
