Iteration,Cost,Cost reduction,time (ms)
0,26.7109,0.327538,107.795
1,15.7809,0.602706,186.463
2,14.8653,0.625758,275.695
3,14.8653,0.625758,384.152
4,12.1853,0.693227,440.87
5,11.4113,0.712714,551.701
