Iteration,Cost,Cost reduction,time (ms)
0,69.6501,0.378701,574.366
1,55.8044,0.502209,1150.32
2,53.1631,0.52577,1695.21
3,42.1601,0.62392,2234.09
4,22.9977,0.794854,2788.67
5,16.6668,0.851327,3334.12
