Iteration,Cost,Cost reduction,time (ms)
0,5392.36,0.0012002,144.719
1,5353.73,0.00835582,243.943
2,5303.83,0.0175983,348.593
3,5243.63,0.028748,468.741
4,2949.27,0.453722,592.388
5,2919.91,0.459159,831.304
