Iteration,Cost,Cost reduction,time (ms)
0,5113.79,0.00126467,145.326
1,5075.15,0.0088113,257.322
2,5025.32,0.0185442,375.686
3,4872.57,0.0483755,513.433
4,3953.03,0.227965,660.897
5,1966.23,0.615992,797.495
6,1308.64,0.74442,945.075
7,1008.59,0.80302,1098.55
8,888.209,0.826531,1264.33
9,617.458,0.879409,1407.4
