Iteration,Cost,Cost reduction,time (ms)
0,4742.6,0.00136365,179.154
1,4703.96,0.00950012,337.323
2,4654.13,0.0199944,508.212
3,3989.7,0.159901,699.141
4,1349.22,0.715898,917.26
5,1154.9,0.756816,1118.4
