Iteration,Cost,Cost reduction,time (ms)
0,25.7213,0.367797,105.025
1,16.1697,0.602566,182.955
2,3.6913,0.909272,269.318
3,3.15894,0.922357,360.941
4,3.11528,0.92343,452.569
5,2.79437,0.931317,544.072
