Iteration,Cost,Cost reduction,time (ms)
0,58.6057,0.351804,149.548
1,51.1379,0.4344,260.34
2,26.3217,0.708875,377.22
3,13.0903,0.855217,508.571
4,7.80745,0.913647,663.903
5,6.13416,0.932154,841.703
