Iteration,Cost,Cost reduction,time (ms)
0,29.1465,0.356833,108.652
1,17.3308,0.617567,184.864
2,8.08734,0.821539,262.118
3,8.08734,0.821539,349.612
4,7.48579,0.834813,402.175
5,5.5448,0.877645,498.056
