Iteration,Cost,Cost reduction,time (ms)
0,4711.44,0.00137278,138.485
1,4672.81,0.00956135,237.768
2,4622.92,0.0201347,341.742
3,4605.76,0.0237726,464.926
4,3986.42,0.155047,596.079
5,3986.42,0.155047,741.697
