Iteration,Cost,Cost reduction,time (ms)
0,4336,0.00149098,413.401
1,4297.36,0.0103894,812.693
2,4247.53,0.0218646,1208.96
3,4227.25,0.0265356,1713.13
4,2512.71,0.421366,2245.8
5,2129.25,0.509668,3120.18
