Iteration,Cost,Cost reduction,time (ms)
0,35.5339,0.250726,613.68
1,11.9983,0.747003,1217.48
2,11.1284,0.765345,1771.73
3,10.8027,0.772214,2320.93
4,10.8027,0.772214,2863.16
5,10.1231,0.786542,2956.99
