Iteration,Cost,Cost reduction,time (ms)
0,4615.77,0.00140156,161.496
1,4577.14,0.00975966,260.751
2,4527.08,0.0205901,364.446
3,4507.95,0.0247293,479.208
4,3526.43,0.237076,594.403
5,2803.34,0.393512,742.508
