Iteration,Cost,Cost reduction,time (ms)
0,34.0545,0.465368,584.387
1,17.9823,0.71769,1159.94
2,17.9389,0.718372,1710.39
3,17.9389,0.718372,2256.72
4,14.6159,0.77054,2347.75
5,11.1757,0.824549,2889.85
