Iteration,Cost,Cost reduction,time (ms)
0,41.0723,0.130238,103.441
1,22.4977,0.52358,175.434
2,18.4866,0.608521,250.418
3,8.11397,0.828175,328.331
4,8.11397,0.828175,407.204
5,8.0955,0.828567,461.005
