Iteration,Cost,Cost reduction,time (ms)
0,4378.55,0.00147686,178.553
1,4339.91,0.0102888,335.667
2,4290.07,0.0216544,504.333
3,3642.38,0.169358,695.037
4,1271.06,0.710136,914.381
5,783.899,0.821233,1118.02
