Iteration,Cost,Cost reduction,time (ms)
0,5793.66,0.00111651,178.049
1,5755.02,0.00777856,335.612
2,5705.18,0.0163711,502.923
3,4939.87,0.148319,693.336
4,2936.53,0.493714,909.463
5,2271.21,0.608421,1108.08
