Iteration,Cost,Cost reduction,time (ms)
0,32.7439,0.293331,107.802
1,29.486,0.363642,188.915
2,26.5878,0.42619,271.278
3,26.5878,0.42619,354.528
4,22.1896,0.521111,410.278
5,21.4672,0.536702,503.051
