Iteration,Cost,Cost reduction,time (ms)
0,25.4851,0.377745,104.034
1,15.8845,0.612157,174.402
2,15.8845,0.612157,243.38
3,15.8845,0.612157,290.858
4,15.8845,0.612157,339.214
5,15.8845,0.612157,388.16
