Iteration,Cost,Cost reduction,time (ms)
0,4842.95,0.00133612,136.411
1,4804.32,0.00930245,233.653
2,4754.25,0.0196263,336.792
3,3929.47,0.189704,456.019
4,3268.89,0.325923,569.245
5,2283.82,0.529055,712.575
