Iteration,Cost,Cost reduction,time (ms)
0,5650.47,0.00114491,178.538
1,5611.83,0.00797555,342.207
2,5561.99,0.0167862,508.152
3,4827.84,0.146565,698.605
4,4007.88,0.291512,912.991
5,1796.99,0.682339,1116.94
