Iteration,Cost,Cost reduction,time (ms)
0,25.9619,0.381911,571
1,23.8059,0.433241,1116.48
2,19.802,0.528562,1636.09
3,18.3315,0.563573,2148.34
4,18.191,0.566917,2648.53
5,18.191,0.566917,3151.14
