Iteration,Cost,Cost reduction,time (ms)
0,114.726,0,82.145
1,107.125,0.066256,175.214
2,97.3174,0.15174,231.792
3,97.3174,0.15174,280.611
4,97.3174,0.15174,325.634
5,97.3174,0.15174,367.766
6,96.964,0.154821,405.884
