Iteration,Cost,Cost reduction,time (ms)
0,5107.95,0.00126635,414.199
1,5069.31,0.00882156,810.474
2,5019.47,0.0185668,1205.52
3,4303.15,0.158625,1705.26
4,1849.22,0.638431,2334.69
5,1217.06,0.762034,2878.71
