Iteration,Cost,Cost reduction,time (ms)
0,5107.93,0.00126648,141.34
1,5069.3,0.00882019,239.59
2,5019.25,0.018607,342.799
3,4927.2,0.0366053,461.652
4,3881.13,0.241139,570.991
5,1487.83,0.709091,691.373
