Iteration,Cost,Cost reduction,time (ms)
0,50.8934,0.196104,596.491
1,24.3859,0.614808,1169.31
2,11.6393,0.816148,1738.84
3,7.83714,0.876207,2294.24
4,7.83714,0.876207,2859.74
5,3.93853,0.937788,2952.22
