Iteration,Cost,Cost reduction,time (ms)
0,29.6994,0.317346,103.064
1,18.3924,0.577244,177.792
2,17.6215,0.594963,253.768
3,14.5819,0.664829,333.586
4,14.0478,0.677106,413.667
5,14.0478,0.677106,493.952
