Iteration,Cost,Cost reduction,time (ms)
0,26.6106,0.326428,106.315
1,25.9795,0.342401,179.931
2,25.9795,0.342401,250.361
3,20.8877,0.471287,303.394
4,12.614,0.680712,383.23
5,6.91933,0.824857,462.968
