Iteration,Cost,Cost reduction,time (ms)
0,54.1848,0.392977,221.697
1,36.1325,0.595214,426.88
2,21.2398,0.762054,628.946
3,14.8089,0.834098,835.046
4,14.5362,0.837153,1045.03
5,12.86,0.855932,1256.34
