Iteration,Cost,Cost reduction,time (ms)
0,109.332,0.153925,432.775
1,109.332,0.153925,827.625
2,109.332,0.153925,1121.2
3,109.332,0.153925,1416.84
4,109.332,0.153925,1810.48
5,109.332,0.153925,2103.48
6,109.332,0.153925,2396.13
