Iteration,Cost,Cost reduction,time (ms)
0,4639.56,0.00139378,410.997
1,4600.92,0.00971075,808.129
2,4551.08,0.0204373,1203.98
3,4512.7,0.0286997,1704.79
4,3023.64,0.3492,2243.56
5,2719.37,0.414689,3021.8
