Iteration,Cost,Cost reduction,time (ms)
0,116.833,0.246978,145.719
1,78.6756,0.492915,245.608
2,13.3291,0.91409,356.129
3,13.2869,0.914362,472.459
4,5.51549,0.964451,588.542
5,5.51549,0.964451,704.844
