Iteration,Cost,Cost reduction,time (ms)
0,5066.35,0.00129213,127.772
1,5028.49,0.00875553,227.221
2,4979.15,0.0184807,328.379
3,4089.53,0.193847,436.445
4,3748.99,0.260977,549.499
5,3141.7,0.38069,658.704
