Iteration,Cost,Cost reduction,time (ms)
0,43.9682,0.745439,167.611
1,43.9682,0.745439,308.161
2,43.9682,0.745439,412.926
3,4.39837,0.974535,526.748
4,4.39837,0.974535,629.204
5,4.39837,0.974535,688.693
6,4.39837,0.974535,746.858
