Iteration,Cost,Cost reduction,time (ms)
0,77.5084,0.018653,142.743
1,19.0164,0.75923,244.759
2,10.8661,0.862423,354.581
3,7.13804,0.909624,462.587
4,6.33953,0.919734,570.614
5,6.2556,0.920797,678.101
