Iteration,Cost,Cost reduction,time (ms)
0,32.0337,0.330332,109.686
1,19.9895,0.582118,188.074
2,6.97659,0.854154,265.088
3,6.46698,0.864807,343.545
4,6.09693,0.872543,422.235
5,6.09693,0.872543,500.478
