Iteration,Cost,Cost reduction,time (ms)
0,30.8048,0.32233,104.646
1,27.5603,0.393703,181.884
2,27.5603,0.393703,259.049
3,27.5603,0.393703,311.02
4,27.5603,0.393703,359.718
5,27.5603,0.393703,408.823
