Iteration,Cost,Cost reduction,time (ms)
0,29.8984,0.304555,190.116
1,18.7352,0.564213,378.903
2,18.7352,0.564213,567.599
3,16.5404,0.615267,630.409
4,9.93695,0.768864,814.159
5,6.9044,0.839402,1010.89
