Iteration,Cost,Cost reduction,time (ms)
0,32.4962,0,88.269
1,32.4962,0,146.783
2,32.4962,0,189.98
3,31.3756,0.0344821,224.066
4,28.2924,0.129362,278.144
5,28.2924,0.129362,321.679
6,28.2924,0.129362,366.239
