Iteration,Cost,Cost reduction,time (ms)
0,31.0751,0.344299,552.052
1,12.446,0.737382,1105.39
2,11.8889,0.749139,1617.52
3,7.76961,0.836057,2126.15
4,5.97728,0.873876,2661.79
5,5.97728,0.873876,3150.44
