Iteration,Cost,Cost reduction,time (ms)
0,5676.13,0.00113966,413.238
1,5637.49,0.00793948,812.338
2,5587.65,0.0167099,1207.15
3,5484.66,0.034834,1714.53
4,3280.67,0.422682,2216.54
5,3205.25,0.435954,2961.54
