Iteration,Cost,Cost reduction,time (ms)
0,27.397,0.328812,105.438
1,12.0184,0.705566,181.554
2,12.0184,0.705566,256.523
3,11.0124,0.730211,311.856
4,11.0124,0.730211,390.622
5,9.73595,0.761483,448.442
