Iteration,Cost,Cost reduction,time (ms)
0,31.2596,0.31056,104.4
1,18.0702,0.601456,180.001
2,18.0702,0.601456,250.663
3,18.0702,0.601456,302.663
4,18.0702,0.601456,353.813
5,18.0702,0.601456,405.984
