Iteration,Cost,Cost reduction,time (ms)
0,69.1696,0.385743,145.789
1,66.9877,0.40512,253.417
2,44.8686,0.601547,364.704
3,30.3534,0.730448,484.659
4,30.3534,0.730448,593.089
5,30.3534,0.730448,665.376
