Iteration,Cost,Cost reduction,time (ms)
0,91.637,0.192919,528.84
1,48.9949,0.568484,1091.48
2,45.9663,0.595157,1618.73
3,20.8344,0.816504,2153.79
4,11.4701,0.898978,2699.79
5,11.4701,0.898978,3221.73
