Iteration,Cost,Cost reduction,time (ms)
0,120.258,0.29445,146.01
1,112.932,0.337432,254.373
2,65.6759,0.614681,366.513
3,65.6759,0.614681,478.54
4,56.2752,0.669834,559.202
5,55.1258,0.676578,676.898
