Iteration,Cost,Cost reduction,time (ms)
0,4336.01,0.00149118,176.752
1,4297.37,0.0103895,332.678
2,4247.54,0.0218657,500.53
3,4191.33,0.0348103,690.028
4,2526.96,0.418084,889.091
5,1344.77,0.690323,1087.94
6,1078.68,0.7516,1287.22
7,870.981,0.799428,1505.16
8,761.585,0.82462,1716.83
9,761.585,0.82462,1919.55
