Iteration,Cost,Cost reduction,time (ms)
0,72.6267,0.220269,165.904
1,3.28952,0.964683,289.145
2,3.28952,0.964683,471.504
3,3.28952,0.964683,624.619
4,3.28952,0.964683,777.899
5,3.28952,0.964683,929.572
6,3.28952,0.964683,1081.01
