Iteration,Cost,Cost reduction,time (ms)
0,42.5755,0.332768,806.295
1,33.8246,0.46991,1593.7
2,33.8246,0.46991,2419.92
3,33.8246,0.46991,2892.05
4,33.8246,0.46991,3364.68
