Iteration,Cost,Cost reduction,time (ms)
0,4776.9,0.0013536,178.419
1,4738.26,0.00943181,336.411
2,4688.43,0.0198498,504.026
3,4443.04,0.071151,694.099
4,4077.47,0.147576,905.366
5,2257.47,0.528059,1111.33
