Iteration,Cost,Cost reduction,time (ms)
0,27.4203,0.338635,102.5
1,26.6529,0.357144,175.29
2,26.6529,0.357144,247.874
3,24.3886,0.411756,300.752
4,15.0185,0.63776,380.452
5,14.1724,0.658167,459.691
