Iteration,Cost,Cost reduction,time (ms)
0,5113.78,0.00126499,151.787
1,5075.15,0.00881009,251.995
2,5025.27,0.0185528,357.46
3,5008.13,0.021899,476.585
4,4044.14,0.21017,604.449
5,2691.13,0.474415,775.976
