Iteration,Cost,Cost reduction,time (ms)
0,4842.95,0.00133552,411.6
1,4804.31,0.00930361,809.131
2,4754.47,0.0195812,1205.69
3,4084.54,0.157726,1703.91
4,1603.48,0.669347,2331.3
5,1422.91,0.706582,2850.97
