Iteration,Cost,Cost reduction,time (ms)
0,65.8348,0.18357,144.79
1,6.06905,0.924737,247.501
2,3.80579,0.952804,357.083
3,2.51669,0.96879,464.989
4,2.31324,0.971313,575.078
5,2.31324,0.971313,683.852
