Iteration,Cost,Cost reduction,time (ms)
0,86.4317,0.0682049,142.868
1,73.4271,0.208404,252.638
2,36.4301,0.607258,368.371
3,36.4301,0.607258,492.088
4,36.4301,0.607258,572.024
