Iteration,Cost,Cost reduction,time (ms)
0,5854.13,0.00110516,131.326
1,5815.5,0.00769712,228.394
2,5765.45,0.0162375,333.58
3,5747.82,0.0192458,449.257
4,3624.21,0.381599,569.336
5,2895.44,0.50595,748.159
