Iteration,Cost,Cost reduction,time (ms)
0,23.9759,0.402789,110.804
1,18.3722,0.542371,185.394
2,16.7965,0.581618,262.363
3,16.7965,0.581618,346.208
4,16.7965,0.581618,397.018
5,16.7965,0.581618,447.216
