Iteration,Cost,Cost reduction,time (ms)
0,89.3183,0.332006,575.697
1,57.2806,0.57161,1131.05
2,52.3539,0.608456,1640.14
3,52.3539,0.608456,2146.68
4,52.3539,0.608456,2233.25
5,52.3539,0.608456,2302.56
