Iteration,Cost,Cost reduction,time (ms)
0,56.1829,0.390781,152.276
1,51.6109,0.440357,263.753
2,22.0974,0.760387,388.879
3,13.902,0.849254,522.57
4,13.5573,0.852991,661.177
5,13.2736,0.856068,801.293
