Iteration,Cost,Cost reduction,time (ms)
0,4455.39,0.0014694,130.546
1,4417.53,0.00995457,227.962
2,4368.2,0.021012,328.989
3,3507.25,0.213965,437.318
4,3147.76,0.294532,547.182
5,2652.5,0.405528,660.803
