Iteration,Cost,Cost reduction,time (ms)
0,56.7007,0.403821,149.373
1,55.6563,0.414802,257.65
2,25.4122,0.732803,372.055
3,15.2891,0.839243,499.863
4,10.771,0.886749,640.439
5,5.32364,0.944025,792.176
