Iteration,Cost,Cost reduction,time (ms)
0,26.924,0.323378,107.493
1,25.9559,0.347708,184.287
2,24.7345,0.378403,262.615
3,23.6679,0.405208,342.402
4,22.6481,0.430834,425.653
5,21.2202,0.46672,508.167
