Iteration,Cost,Cost reduction,time (ms)
0,26.7514,0.475539,146.427
1,26.1944,0.486459,253.877
2,8.9184,0.825155,370.57
3,3.84548,0.924609,482.579
4,3.84548,0.924609,591.519
5,3.47818,0.93181,669.626
