Iteration,Cost,Cost reduction,time (ms)
0,27.3298,0.410719,571.331
1,12.6744,0.726717,1087.03
2,8.11779,0.824965,1605.92
3,7.45303,0.839299,2125.68
4,7.18053,0.845175,2647.97
5,6.88641,0.851516,3172.68
