Iteration,Cost,Cost reduction,time (ms)
0,31.3178,0.30285,185.916
1,19.178,0.573087,371.137
2,16.1199,0.641163,549.239
3,8.1688,0.818158,727.125
4,6.49813,0.855348,912.404
5,6.49813,0.855348,1091.77
