Iteration,Cost,Cost reduction,time (ms)
0,4953.17,0.00130545,412.139
1,4914.53,0.00909658,809.652
2,4864.7,0.0191438,1207.13
3,4843.7,0.0233768,1710.39
4,2880.81,0.419149,2243.85
5,2394.82,0.517139,3110.8
