Iteration,Cost,Cost reduction,time (ms)
0,28.2252,0.311855,116.348
1,14.0846,0.656611,198.283
2,14.0846,0.656611,287.384
3,10.7557,0.737771,343.727
4,10.694,0.739275,447.694
5,7.73892,0.811321,545.783
