Iteration,Cost,Cost reduction,time (ms)
0,38.0308,0.0338982,530.365
1,35.5305,0.097415,1018.16
2,14.844,0.622916,1558.91
3,14.844,0.622916,2087.58
4,14.844,0.622916,2133.97
5,14.844,0.622916,2176.98
6,14.844,0.622916,2220.3
