Iteration,Cost,Cost reduction,time (ms)
0,31.3792,0.430103,211.447
1,17.832,0.676141,420.744
2,7.83144,0.857768,625.833
3,5.77157,0.895179,836.463
4,5.77157,0.895179,1043.51
5,5.71201,0.896261,1128.53
