Iteration,Cost,Cost reduction,time (ms)
0,77.8076,0.401491,544.288
1,55.1843,0.575513,1053.93
2,21.593,0.833903,1589.55
3,14.5042,0.888431,2118.03
4,14.5042,0.888431,2650.43
