Iteration,Cost,Cost reduction,time (ms)
0,38.7241,0.43749,146.911
1,38.4077,0.442086,255.463
2,37.0715,0.461496,368.408
3,15.5724,0.773793,482.101
4,6.07359,0.911774,607.168
5,3.08563,0.955178,741.247
