Iteration,Cost,Cost reduction,time (ms)
0,5627.5,0.00114965,411.668
1,5588.86,0.00800812,808.423
2,5539.01,0.0168549,1204.88
3,5432.04,0.0358418,1715.26
4,3328.4,0.409228,2287.49
5,2203.99,0.608803,2823.66
