Iteration,Cost,Cost reduction,time (ms)
0,40.4573,0.138586,586.384
1,20.079,0.57248,1137.61
2,15.6873,0.665987,1675.19
3,8.01274,0.829393,2205.84
4,6.49624,0.861682,2744.13
5,5.63825,0.879951,3282.6
