Iteration,Cost,Cost reduction,time (ms)
0,132.41,0.000455573,714.309
1,132.41,0.000455573,1386.7
2,132.41,0.000455573,1687.83
3,132.41,0.000455573,1988.04
4,132.41,0.000455573,2287.15
5,132.41,0.000455573,2586.14
6,132.41,0.000455573,2884.03
