Iteration,Cost,Cost reduction,time (ms)
0,4794.84,0.00136555,132.003
1,4756.98,0.00925084,229.595
2,4707.64,0.019526,330.813
3,3809.64,0.206556,438.726
4,3378.1,0.296434,548.636
5,2773.01,0.422458,662.708
