Iteration,Cost,Cost reduction,time (ms)
0,37.7466,0.173649,123.724
1,16.8187,0.631803,222.603
2,13.7951,0.697997,326.752
3,13.7334,0.699347,429.893
4,8.64063,0.810839,534.103
5,4.52577,0.900921,646.064
6,4.00968,0.91222,752.312
7,4.00968,0.91222,851.932
