Iteration,Cost,Cost reduction,time (ms)
0,4942.78,0.00130827,144.873
1,4904.14,0.00911484,244.688
2,4854.09,0.0192274,348.369
3,4814.75,0.0271758,462.803
4,3027.91,0.388208,577.836
5,2402.08,0.514657,738.859
