Iteration,Cost,Cost reduction,time (ms)
0,4199.81,0.00153976,141.416
1,4161.17,0.0107244,240.495
2,4111.29,0.0225838,345.749
3,4094.89,0.0264835,466.724
4,3413.85,0.188393,598.827
5,2243.21,0.466701,737.263
