Iteration,Cost,Cost reduction,time (ms)
0,5143.64,0.00125761,177.528
1,5105,0.00876046,334.792
2,5055.15,0.0184383,502.644
3,4371.09,0.151263,691.682
4,1898.14,0.631437,902.245
5,1494.49,0.709815,1098.68
