Iteration,Cost,Cost reduction,time (ms)
0,4960.58,0.00130401,178.842
1,4921.94,0.00908336,336.529
2,4872.1,0.019118,505.803
3,4212.77,0.151858,695.341
4,1961.59,0.605081,908.801
5,1327.09,0.732821,1113.25
