Iteration,Cost,Cost reduction,time (ms)
0,46.0493,0.441614,151.153
1,45.8791,0.443678,260.712
2,4.36485,0.947073,371.055
3,2.15434,0.973877,488.059
4,1.67813,0.979651,609.12
5,1.43671,0.982579,736.531
