Iteration,Cost,Cost reduction,time (ms)
0,39.0938,0.120228,180.754
1,17.7646,0.600222,361.172
2,9.52627,0.78562,534.233
3,9.52627,0.78562,698.645
4,9.52627,0.78562,766.026
5,8.91557,0.799363,817.745
