Iteration,Cost,Cost reduction,time (ms)
0,76.6636,0.26454,207.025
1,15.5762,0.850572,348.301
2,10.324,0.900958,474.965
3,9.02683,0.913402,600.695
4,8.65098,0.917008,732.809
5,8.50622,0.918397,864.898
