Iteration,Cost,Cost reduction,time (ms)
0,27.1231,0.315319,183.188
1,15.5852,0.606576,371.464
2,10.2572,0.741073,566.217
3,5.3664,0.864533,758.383
4,3.41763,0.913727,952.121
5,2.69566,0.931952,1145.94
