Iteration,Cost,Cost reduction,time (ms)
0,4677.03,0.00138255,417.223
1,4638.39,0.009633,814.542
2,4588.56,0.0202732,1209.57
3,4572.85,0.0236269,1711.54
4,3256.89,0.304605,2205.92
5,2216.32,0.526781,3099.99
