Iteration,Cost,Cost reduction,time (ms)
0,15.1638,0,14.362
1,15.1638,0,20.609
2,3.74087,0.753302,25.118
3,3.74087,0.753302,35.908
4,3.74087,0.753302,40.686
5,3.17839,0.790396,68.102
6,3.17839,0.790396,74.781
