Iteration,Cost,Cost reduction,time (ms)
0,15.9072,0.956659,12.937
1,5.58395,0.984786,33.658
2,5.58395,0.984786,50.676
3,5.58395,0.984786,62.576
4,3.08429,0.991596,73.651
5,3.08429,0.991596,83.417
6,3.08429,0.991596,90.505
