Iteration,Cost,Cost reduction,time (ms)
0,318.542,0.0407015,90.93
1,318.542,0.0407015,155.087
2,318.542,0.0407015,196.869
3,318.542,0.0407015,238.848
4,318.542,0.0407015,281.609
5,318.542,0.0407015,324.146
