Iteration,Cost,Cost reduction,time (ms)
0,124.331,0.112755,515.902
1,28.3536,0.797664,1049.37
2,11.0177,0.921376,1546.11
3,10.8669,0.922452,2121.27
4,9.33852,0.933359,2634.66
5,9.33852,0.933359,3139.76
