Iteration,Cost,Cost reduction,time (ms)
0,37.0489,0.129208,113.072
1,29.5156,0.306268,197.9
2,13.2992,0.687417,278.547
3,13.2992,0.687417,359.868
4,13.2992,0.687417,408.865
