Iteration,Cost,Cost reduction,time (ms)
0,4366.49,0.0014828,133.823
1,4327.87,0.0103152,230.414
2,4277.96,0.0217275,333.506
3,4239.19,0.0305932,455.107
4,1800.3,0.588313,577.085
5,1520.86,0.652215,730.673
