Iteration,Cost,Cost reduction,time (ms)
0,34.6328,0.422375,173.629
1,16.643,0.722418,334.568
2,14.811,0.752974,483.804
3,13.4994,0.774848,633.513
4,13.4994,0.774848,779.68
5,13.4994,0.774848,840.52
