Iteration,Cost,Cost reduction,time (ms)
0,72.3419,0.218153,158.731
1,50.276,0.456634,274.586
2,50.276,0.456634,597.759
3,50.276,0.456634,679.795
4,50.276,0.456634,755.197
5,50.276,0.456634,832.979
