Iteration,Cost,Cost reduction,time (ms)
0,4552.27,0.00142084,140.795
1,4513.64,0.00989578,240.368
2,4463.75,0.0208397,345.641
3,4136.71,0.0925773,467.731
4,3615.89,0.206825,596.701
5,2593.51,0.431093,744.558
