Iteration,Cost,Cost reduction,time (ms)
0,35.2187,0.226273,427.168
1,21.4613,0.528512,686.432
2,17.7444,0.61017,979.357
3,17.0103,0.626298,1266.7
4,17.0103,0.626298,1578.29
