Iteration,Cost,Cost reduction,time (ms)
0,119.545,0.303079,566.263
1,55.589,0.67593,1095.67
2,55.589,0.67593,1628.97
3,55.589,0.67593,1718.48
4,55.589,0.67593,1792.97
5,55.589,0.67593,1870.44
