Iteration,Cost,Cost reduction,time (ms)
0,4447.86,0.00145368,178.38
1,4409.22,0.0101286,337.21
2,4359.39,0.0213163,505.936
3,4306.22,0.0332521,696.487
4,2795.13,0.372494,897.421
5,1710.72,0.615944,1119.97
