Iteration,Cost,Cost reduction,time (ms)
0,68.9991,0.227704,227.97
1,29.0751,0.674567,457.227
2,14.0556,0.842678,675.574
3,4.21059,0.952872,885.217
4,4.21059,0.952872,1091.12
5,4.21059,0.952872,1173.09
