Iteration,Cost,Cost reduction,time (ms)
0,83.445,0.354871,572.025
1,51.8871,0.598851,1147.17
2,50.0176,0.613304,1661.7
3,50.0176,0.613304,2178.26
4,40.6532,0.685702,2271.26
5,40.6532,0.685702,2780.36
