Iteration,Cost,Cost reduction,time (ms)
0,65.6131,0.0188035,148.791
1,26.9203,0.597426,260.746
2,7.99186,0.880488,380.167
3,7.01832,0.895046,516.19
4,6.76351,0.898857,658.304
5,6.76351,0.898857,796.49
