Iteration,Cost,Cost reduction,time (ms)
0,41.8646,0.103744,549.775
1,22.7828,0.512254,1102.75
2,17.8708,0.617414,1636.53
3,15.7794,0.662187,2166.24
4,13.6515,0.707742,2706.34
5,12.8838,0.724177,3240.56
