Iteration,Cost,Cost reduction,time (ms)
0,28.0662,0.460361,145.524
1,20.5322,0.60522,249.395
2,5.30899,0.897922,361.837
3,5.24315,0.899188,467.076
4,5.24315,0.899188,571.784
5,5.24315,0.899188,644.448
