Iteration,Cost,Cost reduction,time (ms)
0,5775.59,0.00112021,145.256
1,5736.95,0.00780171,245.453
2,5687.07,0.0164292,350.675
3,5669.61,0.0194486,469.661
4,4694.46,0.1881,596.964
5,3624.75,0.373104,772.221
