Iteration,Cost,Cost reduction,time (ms)
0,37.2863,0.42927,154.138
1,29.5268,0.548042,258.865
2,15.9898,0.755249,363.021
3,4.55094,0.93034,473.867
4,4.55094,0.93034,584.786
5,4.35427,0.933351,659.255
