Iteration,Cost,Cost reduction,time (ms)
0,42.2307,0.18428,600.185
1,15.8553,0.693743,1164.09
2,15.8553,0.693743,1698.96
3,15.8553,0.693743,1788.3
4,15.8553,0.693743,1866.61
5,15.8553,0.693743,1947.22
