Iteration,Cost,Cost reduction,time (ms)
0,4336.01,0.00149112,179.57
1,4297.37,0.0103895,337.76
2,4247.54,0.0218653,504.474
3,4195.36,0.0338801,697.004
4,2722.99,0.372942,897.44
5,1477.59,0.659735,1119.61
