Iteration,Cost,Cost reduction,time (ms)
0,34.5336,0.457734,157.411
1,25.2622,0.603319,266.323
2,20.6714,0.675407,383.916
3,14.2642,0.776015,512.908
4,11.7279,0.815842,646.109
5,7.6368,0.880083,789.468
