Iteration,Cost,Cost reduction,time (ms)
0,166.1,0,145.316
1,166.1,0,220.83
2,74.4057,0.552043,301.457
3,66.7273,0.598271,418.425
4,42.242,0.745684,537.348
5,42.242,0.745684,653.511
