Iteration,Cost,Cost reduction,time (ms)
0,76.2451,0.460832,151.284
1,76.2451,0.460832,252.696
2,76.2451,0.460832,326.536
3,76.2451,0.460832,404.688
4,76.0059,0.462524,481.191
5,75.7885,0.464061,590.205
