Iteration,Cost,Cost reduction,time (ms)
0,53.2214,0.0196523,140.017
1,6.18431,0.886084,238.238
2,3.62397,0.933246,341.522
3,1.48207,0.9727,449.463
4,1.46082,0.973091,559.445
5,1.46082,0.973091,667.277
