Iteration,Cost,Cost reduction,time (ms)
0,5392.36,0.00119977,180.11
1,5353.72,0.00835693,336.056
2,5303.88,0.0175895,504.444
3,4584.36,0.150862,693.798
4,2795.52,0.4822,905.009
5,1762.17,0.673603,1107.27
