Iteration,Cost,Cost reduction,time (ms)
0,5342.52,0.00121126,134.934
1,5303.89,0.00843359,234.081
2,5253.99,0.0177614,338.659
3,5188.6,0.0299872,460.042
4,3622.74,0.322726,579.799
5,1610.48,0.69892,701.836
