Iteration,Cost,Cost reduction,time (ms)
0,32.523,0.303479,99.672
1,25.5646,0.452501,171.967
2,17.647,0.622066,242.55
3,12.8512,0.724775,313.579
4,12.4848,0.732622,385.174
5,12.4848,0.732622,454.757
