Iteration,Cost,Cost reduction,time (ms)
0,53.7129,0.293849,578.075
1,24.1675,0.682275,1165.97
2,5.61585,0.92617,1717.04
3,5.61585,0.92617,2265.8
4,5.61585,0.92617,2355.29
5,5.13975,0.932429,2433.7
