Iteration,Cost,Cost reduction,time (ms)
0,4257,0.00153741,128.723
1,4219.14,0.0104176,225.082
2,4169.81,0.0219889,326.309
3,3361.22,0.21164,434.104
4,3059.46,0.282417,549.119
5,2521.86,0.408507,658.545
