Iteration,Cost,Cost reduction,time (ms)
0,84.2412,0.0102022,380.29
1,84.2149,0.0105113,722.231
2,84.2149,0.0105113,1059.26
3,84.2149,0.0105113,1348.91
4,84.2149,0.0105113,1638.81
5,84.2149,0.0105113,1928.26
6,84.2149,0.0105113,2217
