Iteration,Cost,Cost reduction,time (ms)
0,30.359,0.351034,109.328
1,13.5819,0.709669,189.209
2,11.1736,0.761149,277.751
3,10.8095,0.768933,375.391
4,7.65554,0.836352,474.967
5,7.14556,0.847254,565.561
