Iteration,Cost,Cost reduction,time (ms)
0,32.2714,0.270717,101.901
1,15.135,0.657972,174.941
2,15.135,0.657972,247.493
3,15.1249,0.658201,299.266
4,10.961,0.752298,377.066
5,10.8443,0.754937,456.693
