Iteration,Cost,Cost reduction,time (ms)
0,5342.43,0.00122576,130.568
1,5304.57,0.0083038,226.443
2,5255.24,0.017527,328.221
3,4298,0.196483,436.346
4,3830.43,0.283896,545.841
5,2915.17,0.455006,657.162
