Iteration,Cost,Cost reduction,time (ms)
0,28.4766,0.339267,112.507
1,19.8048,0.540477,190.917
2,19.1028,0.556765,269.459
3,18.5146,0.570413,350.708
4,12.5392,0.709059,438.428
5,10.0826,0.766056,529.974
