Iteration,Cost,Cost reduction,time (ms)
0,4877.69,0.00132585,132.019
1,4839.05,0.00923613,229.296
2,4789,0.0194837,331.687
3,4526.48,0.0732322,445.393
4,2165.33,0.556663,560.841
5,792.563,0.837728,676.459
