Iteration,Cost,Cost reduction,time (ms)
0,97.9364,0.325902,220.487
1,42.9769,0.704189,433.72
2,19.9954,0.862371,624.738
3,9.28065,0.936121,832.268
4,6.77411,0.953374,1032.25
5,6.77411,0.953374,1230.6
