Iteration,Cost,Cost reduction,time (ms)
0,90.815,0.176462,575.419
1,20.3093,0.815829,1151.28
2,12.8216,0.88373,1795.91
3,9.2364,0.916242,2437.42
4,6.51483,0.940922,3087.01
5,4.87406,0.955801,3729.32
