Iteration,Cost,Cost reduction,time (ms)
0,111.317,0.32963,145.436
1,92.0102,0.4459,256.671
2,40.5941,0.755536,375.709
3,39.3215,0.7632,506.4
4,39.3215,0.7632,639.71
5,39.3215,0.7632,723.189
