Iteration,Cost,Cost reduction,time (ms)
0,18.3405,0.550086,13.482
1,14.1428,0.653061,22.701
2,11.8309,0.709775,31.517
3,9.8951,0.757262,41.124
4,9.70228,0.761992,50.584
5,9.70228,0.761992,59.999
