Iteration,Cost,Cost reduction,time (ms)
0,4559.09,0.00141824,146.227
1,4520.46,0.0098806,244.1
2,4470.58,0.0208059,349.649
3,4317.87,0.0542525,471.112
4,3560.32,0.220179,612.874
5,3217.32,0.295308,799.189
