Iteration,Cost,Cost reduction,time (ms)
0,4615.75,0.00140129,142.404
1,4577.12,0.00975935,239.215
2,4527.24,0.0205518,342.378
3,4510.26,0.0242245,461.27
4,3611.75,0.218613,589.205
5,2844.03,0.384707,764.635
