Iteration,Cost,Cost reduction,time (ms)
0,28.2019,0.299787,109.145
1,25.4607,0.367848,189.056
2,16.3082,0.59509,273.419
3,13.2185,0.671804,360.342
4,12.091,0.699798,439.606
5,11.8791,0.705058,522.416
