Iteration,Cost,Cost reduction,time (ms)
0,33.2943,0.479993,147.447
1,17.195,0.73144,251.122
2,13.834,0.783933,362.164
3,13.834,0.783933,467.953
4,10.5611,0.835052,544.042
5,10.5611,0.835052,652.395
