Iteration,Cost,Cost reduction,time (ms)
0,29.5791,0.305997,123.596
1,26.2038,0.38519,202.301
2,26.2038,0.38519,282.589
3,24.5634,0.423679,338.216
4,21.4453,0.496837,430.334
5,21.4453,0.496837,523.817
