Iteration,Cost,Cost reduction,time (ms)
0,46.855,0.187956,147.124
1,35.8947,0.377908,254.764
2,4.48318,0.922302,366.179
3,2.77484,0.951909,484.387
4,2.66318,0.953844,610.523
5,2.66318,0.953844,730.526
