Iteration,Cost,Cost reduction,time (ms)
0,25.8511,0.375205,113.005
1,16.6126,0.59849,190.628
2,12.2445,0.704063,271.844
3,12.2445,0.704063,365.042
4,11.4508,0.723244,419.82
5,11.4508,0.723244,510.552
