Iteration,Cost,Cost reduction,time (ms)
0,5113.78,0.00126445,414.732
1,5075.14,0.00881121,812.957
2,5025.31,0.0185433,1210.65
3,4871.48,0.0485862,1711.68
4,4126.96,0.193994,2254.22
5,1948.65,0.619424,2791.06
