Iteration,Cost,Cost reduction,time (ms)
0,4942.8,0.00130869,178.579
1,4904.16,0.00911599,337.017
2,4854.32,0.0191867,504.957
3,4205.25,0.15033,696.384
4,1926.63,0.610726,908.177
5,1182.72,0.761033,1110.46
