Iteration,Cost,Cost reduction,time (ms)
0,131.729,0,83.993
1,130.756,0.0073865,138.44
2,124.26,0.0566996,184.204
3,124.05,0.0582934,241.108
4,119.081,0.0960183,276.391
5,119.081,0.0960183,317.407
6,116.6,0.114852,353.419
7,115.952,0.119772,421.764
