Iteration,Cost,Cost reduction,time (ms)
0,26.9901,0.317447,104.21
1,8.58379,0.782925,182.152
2,7.9732,0.798366,264.167
3,7.9732,0.798366,347.267
4,7.70311,0.805196,398.235
5,7.70311,0.805196,480.448
