Iteration,Cost,Cost reduction,time (ms)
0,123.352,0.272061,206.456
1,99.1197,0.415064,320.7
2,98.2536,0.420175,442.377
3,78.4494,0.537046,566.375
4,50.8077,0.700168,698.145
5,46.777,0.723954,834.673
