Iteration,Cost,Cost reduction,time (ms)
0,26.9881,0.31335,107.228
1,26.9881,0.31335,177.449
2,26.9881,0.31335,221.98
3,26.9881,0.31335,267.122
4,26.9881,0.31335,312.61
5,26.9881,0.31335,359.389
