Iteration,Cost,Cost reduction,time (ms)
0,4665.23,0.00138613,157.332
1,4626.59,0.00965611,257.747
2,4576.54,0.0203695,361.385
3,4367.96,0.0650178,475.157
4,3187.77,0.317644,592.306
5,2945.25,0.369555,752.54
