Iteration,Cost,Cost reduction,time (ms)
0,23.0128,0.574924,211.043
1,23.0128,0.574924,541.597
2,23.0128,0.574924,755.771
3,23.0128,0.574924,960.747
4,23.0128,0.574924,1162.11
5,23.0128,0.574924,1361.5
6,23.0128,0.574924,1561.51
