Iteration,Cost,Cost reduction,time (ms)
0,97.6877,0.244121,172.019
1,67.6594,0.476471,326.218
2,55.4343,0.571066,471.405
3,17.792,0.862331,633.017
4,17.3316,0.865893,790.34
5,17.3316,0.865893,955.692
