Iteration,Cost,Cost reduction,time (ms)
0,22.5975,0.471838,104.804
1,12.3695,0.710893,178.134
2,7.05449,0.835119,254.099
3,6.70494,0.843289,336.721
4,4.46292,0.89569,424.61
5,4.46292,0.89569,511.711
