Iteration,Cost,Cost reduction,time (ms)
0,87.6491,0.419975,219.222
1,87.6491,0.419975,418.98
2,87.6491,0.419975,497.647
3,83.2342,0.449191,577.708
4,83.2342,0.449191,769.775
5,77.7217,0.48567,847.925
