Iteration,Cost,Cost reduction,time (ms)
0,82.9246,0.36387,145.826
1,38.1939,0.707008,250.219
2,19.2069,0.85266,358.792
3,13.3758,0.897392,470.422
4,11.405,0.912511,580.73
5,10.104,0.92249,689.687
