Iteration,Cost,Cost reduction,time (ms)
0,38.2917,0.156599,579.645
1,20.3358,0.55209,1133.12
2,14.9791,0.670076,1707.4
3,13.7091,0.698047,2307.99
4,10.4825,0.769116,2869.26
5,10.4825,0.769116,3434.6
