Iteration,Cost,Cost reduction,time (ms)
0,4942.79,0.00130905,138.511
1,4904.16,0.00911471,236.42
2,4854.27,0.0191957,340.72
3,4197.38,0.15192,461.542
4,2641.29,0.466327,586.363
5,1717.34,0.653012,745.041
