Iteration,Cost,Cost reduction,time (ms)
0,1039.8123470215326,0.0,4235.0969314575195
1,86.44201820044836,0.9168676747799204,12502.198457717896
2,52.953017565607624,0.9490744481758774,27861.217737197876
3,52.92065994939329,0.9491055668833125,45489.01462554932
4,52.88835738330994,0.9491366326483766,62967.740297317505
5,52.886372614190016,0.9491385414246337,80479.2993068695
6,52.79919732020218,0.9492223789499695,96727.5857925415
7,52.79870863800559,0.9492228489214966,114057.90567398071
