Iteration,Cost,Cost reduction,time (ms)
0,5807.64,0.0011138,179.068
1,5769,0.00775984,339.565
2,5719.16,0.0163315,508.838
3,5652.88,0.0277318,698.544
4,4109.25,0.293229,902.732
5,2727.01,0.530967,1134.95
