Iteration,Cost,Cost reduction,time (ms)
0,44.0615,0.350949,144.141
1,20.9178,0.691869,252.891
2,20.9178,0.691869,367.519
3,20.9178,0.691869,447.543
4,20.6218,0.696229,530.397
5,19.4557,0.713406,649.637
