Iteration,Cost,Cost reduction,time (ms)
0,41.3058,0.0735226,99.343
1,41.3058,0.0735226,174.402
2,41.3058,0.0735226,227.765
3,41.3058,0.0735226,284.599
4,41.3058,0.0735226,342.829
5,41.3058,0.0735226,401.832
