Iteration,Cost,Cost reduction,time (ms)
0,4312.51,0.00149962,181.378
1,4273.87,0.0104463,339.226
2,4224.02,0.0219865,509.058
3,3609.44,0.164284,699.529
4,1564.43,0.637778,913.213
5,1189.74,0.724532,1112.32
