Iteration,Cost,Cost reduction,time (ms)
0,5387.15,0.00121552,131.688
1,5349.29,0.00823492,228.538
2,5299.95,0.0173817,329.976
3,4344.2,0.19458,438.451
4,3952.54,0.267195,548.755
5,3241.55,0.399012,662.311
