Iteration,Cost,Cost reduction,time (ms)
0,4439.61,0.00145671,412.755
1,4400.97,0.0101476,809.307
2,4351.12,0.0213578,1203.88
3,3709.23,0.165731,1703.06
4,1499.27,0.662789,2332.73
5,873.381,0.803562,2876.5
