Iteration,Cost,Cost reduction,time (ms)
0,41.4351,0.28742,99.578
1,41.4351,0.28742,169.517
2,41.4351,0.28742,218.141
3,41.4351,0.28742,266.188
4,41.4351,0.28742,314.074
5,41.4351,0.28742,359.826
