Iteration,Cost,Cost reduction,time (ms)
0,4447.86,0.00145396,140.073
1,4409.23,0.0101275,238.112
2,4359.17,0.0213643,341.918
3,4062.25,0.0880248,461.483
4,3206.75,0.280085,580.352
5,2325.55,0.477914,746.289
