Iteration,Cost,Cost reduction,time (ms)
0,49.2666,0.432831,147.82
1,47.5927,0.452103,250.33
2,46.4927,0.464766,359.443
3,29.2286,0.663514,479.323
4,22.3837,0.742314,599.319
5,22.3837,0.742314,730.252
