Iteration,Cost,Cost reduction,time (ms)
0,5335.55,0.00121248,178.694
1,5296.91,0.00844577,336.197
2,5247.07,0.0177761,505.384
3,4543.56,0.149468,695.282
4,2053.11,0.615668,907.98
5,1412.18,0.735647,1111.74
