Iteration,Cost,Cost reduction,time (ms)
0,25.8182,0.359241,190.476
1,11.3562,0.71816,376.972
2,8.06449,0.799854,577.603
3,6.63869,0.83524,764.507
4,6.31365,0.843307,954.259
5,3.40029,0.915611,1141.23
