Iteration,Cost,Cost reduction,time (ms)
0,96.4789,0.0157608,150.155
1,39.7093,0.594902,266.637
2,16.2368,0.834359,379.958
3,16.2368,0.834359,491.49
4,16.0161,0.83661,569.749
5,16.0161,0.83661,679.761
