Iteration,Cost,Cost reduction,time (ms)
0,29.4614,0.358952,189.148
1,12.9816,0.717535,380.371
2,9.12973,0.801347,584.895
3,5.81101,0.873559,769.281
4,3.78484,0.917646,955.993
5,3.32632,0.927623,1146.95
