Iteration,Cost,Cost reduction,time (ms)
0,78.5683,0.360487,221.372
1,59.7147,0.513947,430.321
2,51.9305,0.577307,645.09
3,13.964,0.886339,856.192
4,13.4033,0.890903,1076.23
5,13.4033,0.890903,1297.66
