Iteration,Cost,Cost reduction,time (ms)
0,44.6022,0.295477,226.544
1,24.1185,0.619031,446.872
2,15.3827,0.757019,656.677
3,4.89657,0.922655,878.954
4,3.94549,0.937678,1104.25
5,2.99414,0.952705,1331.26
