Iteration,Cost,Cost reduction,time (ms)
0,26.2065,0.362898,112.491
1,11.548,0.719259,193.689
2,9.76809,0.76253,286.16
3,8.86816,0.784408,392.656
4,3.96207,0.903679,510.444
5,3.96207,0.903679,630.042
