Iteration,Cost,Cost reduction,time (ms)
0,26.7273,0.319768,103.203
1,26.1417,0.334673,175.831
2,26.1417,0.334673,245.715
3,20.6119,0.475411,297.316
4,10.3095,0.737616,373.847
5,9.1459,0.767229,451.139
