Iteration,Cost,Cost reduction,time (ms)
0,27.5298,0.37533,534.657
1,11.3717,0.741968,1064.66
2,10.36,0.764924,1579.18
3,10.36,0.764924,2087.04
4,10.36,0.764924,2178.15
5,10.36,0.764924,2237.65
