Iteration,Cost,Cost reduction,time (ms)
0,29.4469,0.327022,106.325
1,21.1317,0.517057,181.954
2,18.0232,0.588099,257.884
3,4.80555,0.890174,335.623
4,4.80555,0.890174,415.899
5,4.78606,0.89062,464.429
