Iteration,Cost,Cost reduction,time (ms)
0,30.3132,0.344108,573.125
1,16.3802,0.645579,1167.97
2,8.01363,0.826608,1762.08
3,4.91138,0.893732,2345.19
4,4.87732,0.894469,2953.19
5,4.42652,0.904223,3550.79
