Iteration,Cost,Cost reduction,time (ms)
0,32.1168,0.303802,120.678
1,23.1967,0.497164,202.604
2,13.2889,0.711935,290.247
3,9.43736,0.795426,390.524
4,9.43736,0.795426,494.642
5,9.35889,0.797127,552.313
