Iteration,Cost,Cost reduction,time (ms)
0,24.5621,0.396442,103.155
1,21.6141,0.468882,175.111
2,7.25741,0.821665,247.974
3,7.25741,0.821665,320.444
4,7.25741,0.821665,370.382
5,7.25741,0.821665,419.441
