Iteration,Cost,Cost reduction,time (ms)
0,4257.03,0.00153807,132.243
1,4219.17,0.0104179,229.77
2,4169.83,0.0219902,330.749
3,3323.84,0.220413,437.807
4,2093.32,0.509025,546.883
5,2093.32,0.509025,650.494
