Iteration,Cost,Cost reduction,time (ms)
0,12.9405,0.680292,116.501
1,8.09838,0.799921,232.475
2,8.09838,0.799921,472.656
3,8.09838,0.799921,662.05
4,8.09838,0.799921,822.685
5,8.09838,0.799921,969.643
6,8.09838,0.799921,1084.18
