Iteration,Cost,Cost reduction,time (ms)
0,4199.84,0.00153985,150.746
1,4161.2,0.0107251,251.654
2,4111.14,0.0226262,356.194
3,4091.54,0.027285,473.023
4,3194.14,0.240632,586.645
5,2029.8,0.51744,722.056
