Iteration,Cost,Cost reduction,time (ms)
0,4168.94,0.00155135,135.026
1,4130.3,0.0108038,234.459
2,4080.42,0.0227515,338.136
3,3936.86,0.0571323,462.138
4,3592.84,0.139524,601.4
5,2268.84,0.456618,740.874
