Iteration,Cost,Cost reduction,time (ms)
0,23.1332,0.415421,113.039
1,18.0276,0.544441,188.652
2,17.2388,0.564373,264.13
3,14.4397,0.635107,342.29
4,9.70545,0.754742,422.514
5,9.70545,0.754742,498.901
