Iteration,Cost,Cost reduction,time (ms)
0,4980.48,0.00129857,179.351
1,4941.84,0.00904695,337.202
2,4892,0.0190406,506.656
3,4185.71,0.160668,697.292
4,2355.61,0.527646,912.3
5,2193.16,0.560222,1112.38
