Iteration,Cost,Cost reduction,time (ms)
0,114.057,0.320079,150.395
1,98.7195,0.411509,262.118
2,48.8092,0.709036,376.116
3,25.3705,0.84876,502.847
4,19.8633,0.88159,631.023
5,19.1596,0.885785,757.492
