Iteration,Cost,Cost reduction,time (ms)
0,77.3495,0.332846,151.031
1,52.7104,0.545363,259.81
2,25.8974,0.77663,380.495
3,6.39731,0.944822,528.497
4,6.39731,0.944822,684.686
5,6.39731,0.944822,765.944
