Iteration,Cost,Cost reduction,time (ms)
0,88.4425,0.339995,575.358
1,63.5421,0.525815,1149.12
2,62.9449,0.530272,1667.44
3,57.7006,0.569407,2193.76
4,54.87,0.590531,2720.31
5,54.357,0.59436,3242.7
