Iteration,Cost,Cost reduction,time (ms)
0,26.6551,0.3293,605.56
1,23.6465,0.405002,1191.95
2,22.6616,0.429785,1756.34
3,21.6278,0.455798,2319.44
4,21.6278,0.455798,2862.8
5,21.4765,0.459605,2955.75
