Iteration,Cost,Cost reduction,time (ms)
0,4312.51,0.00149965,178.061
1,4273.87,0.0104463,337.182
2,4224.02,0.0219867,505.554
3,3613.69,0.163301,694.082
4,1894.26,0.561411,910.981
5,852.471,0.802622,1106.61
