Iteration,Cost,Cost reduction,time (ms)
0,52.007,0.200503,142.618
1,31.7078,0.51256,253.259
2,6.60726,0.898427,362.779
3,2.85131,0.956167,478.59
4,2.85131,0.956167,605.802
5,2.77888,0.957281,686.617
