Iteration,Cost,Cost reduction,time (ms)
0,27.0802,0.316173,176.745
1,17.3336,0.562294,359.074
2,17.3336,0.562294,521.525
3,14.7791,0.626801,589.628
4,14.0035,0.646385,744.086
5,11.0799,0.720212,907.446
