Iteration,Cost,Cost reduction,time (ms)
0,33.4793,0.197177,578.626
1,20.5434,0.507377,1110.17
2,13.7829,0.669491,1640.89
3,11.3513,0.727799,2162.08
4,11.3513,0.727799,2687.59
5,11.3513,0.727799,2781.39
