Iteration,Cost,Cost reduction,time (ms)
0,4642.67,0.00139285,414.27
1,4604.02,0.00970427,811.241
2,4554.19,0.0204237,1208.6
3,4515.2,0.0288106,1710.78
4,3046.24,0.344774,2250.59
5,2245.99,0.516901,3032.92
