Iteration,Cost,Cost reduction,time (ms)
0,62.1243,0.32828,151.441
1,42.9941,0.535126,258.4
2,30.3392,0.671957,379.738
3,27.1163,0.706805,504.37
4,8.91147,0.903645,639.991
5,6.95085,0.924844,793.925
