Iteration,Cost,Cost reduction,time (ms)
0,4439.52,0.00147469,132.489
1,4401.66,0.00999015,228.528
2,4352.32,0.0210864,330.015
3,3495.3,0.213846,439.218
4,3081.82,0.306844,549.989
5,2606.59,0.413732,663.578
