Iteration,Cost,Cost reduction,time (ms)
0,113.862,0.387874,208.201
1,96.9046,0.47904,418.46
2,41.0594,0.779264,628.952
3,39.4693,0.787813,839.155
4,32.6711,0.82436,1048.99
5,32.6711,0.82436,1253.48
