Iteration,Cost,Cost reduction,time (ms)
0,4378.47,0.00149526,132.118
1,4340.61,0.0101293,228.347
2,4291.27,0.0213805,329.407
3,3439.2,0.215694,437.746
4,2978.94,0.320656,546.318
5,1443.57,0.670796,654.407
