Iteration,Cost,Cost reduction,time (ms)
0,22.1338,0.481163,104.02
1,12.1387,0.715458,176.507
2,11.1666,0.738245,252.64
3,11.1666,0.738245,334.936
4,10.7811,0.74728,387.447
5,8.62853,0.797739,475.427
