Iteration,Cost,Cost reduction,time (ms)
0,31.7016,0.301777,108.61
1,19.0412,0.580621,190.266
2,14.7426,0.675297,273.381
3,6.109,0.86545,361.465
4,4.95637,0.890837,457.353
5,4.82168,0.893803,565.897
