Iteration,Cost,Cost reduction,time (ms)
0,75.4293,0.434934,228.331
1,60.3335,0.548022,447.69
2,18.8677,0.858656,649.941
3,18.555,0.860998,848.823
4,8.40699,0.93702,1052.66
5,5.74252,0.956981,1254.38
