Iteration,Cost,Cost reduction,time (ms)
0,116.277,0.323743,145.52
1,113.732,0.338546,253.17
2,74.5096,0.566659,364.237
3,33.0099,0.808018,477.908
4,27.2272,0.841649,590.824
5,18.3552,0.893248,701.218
