Iteration,Cost,Cost reduction,time (ms)
0,28.7616,0.343608,106.53
1,19.2075,0.561649,180.742
2,8.83241,0.798428,256.937
3,7.03536,0.83944,356.048
4,6.55981,0.850293,465.142
5,6.55981,0.850293,582.591
