Iteration,Cost,Cost reduction,time (ms)
0,54.7179,0.394339,171.666
1,48.4723,0.46347,284.503
2,38.0732,0.578575,396.783
3,6.66746,0.926199,514.94
4,2.44042,0.972987,635.668
5,2.22828,0.975336,751.243
