Iteration,Cost,Cost reduction,time (ms)
0,5424.02,0.00119305,141.251
1,5385.38,0.00830701,241.412
2,5335.32,0.0175257,345.556
3,4901.6,0.0973935,461.711
4,2707.79,0.501373,570.5
5,2481.27,0.543086,685.811
