Iteration,Cost,Cost reduction,time (ms)
0,423.813,0.621424,14.022
1,423.813,0.621424,27.688
2,423.813,0.621424,34.584
3,364.49,0.674415,47.229
4,364.49,0.674415,61.212
5,364.49,0.674415,78.416
6,316.07,0.717667,91.165
7,300.158,0.73188,105.823
8,282.414,0.747731,118.757
9,282.414,0.747731,128.002
