Iteration,Cost,Cost reduction,time (ms)
0,30.7053,0.469902,145.694
1,12.1917,0.789521,248.248
2,5.14796,0.911125,356.431
3,4.10043,0.92921,468.02
4,2.56446,0.955727,578.302
5,2.56446,0.955727,687.105
