Iteration,Cost,Cost reduction,time (ms)
0,34.8387,0.208673,101.863
1,14.8078,0.663656,174.201
2,14.8078,0.663656,249.651
3,14.8078,0.663656,298.16
4,14.8078,0.663656,346.87
5,14.8078,0.663656,397.848
