Iteration,Cost,Cost reduction,time (ms)
0,4319.23,0.0014972,146.24
1,4280.59,0.010429,246.538
2,4230.54,0.0220009,351.376
3,4195.12,0.0301886,467.799
4,3261.77,0.245956,583.538
5,2485.35,0.425446,725.995
