Iteration,Cost,Cost reduction,time (ms)
0,26.0673,0.358641,177.348
1,19.1639,0.528492,349.52
2,19.1639,0.528492,508.168
3,19.1639,0.528492,572.177
4,19.1639,0.528492,622.471
5,13.0605,0.678659,670.691
