Iteration,Cost,Cost reduction,time (ms)
0,56.9617,0.400313,147.39
1,56.3376,0.406883,255.501
2,20.5292,0.783871,368.828
3,5.66276,0.940383,496.044
4,3.42767,0.963914,634.165
5,2.38547,0.974886,775.301
