Iteration,Cost,Cost reduction,time (ms)
0,4942.8,0.00130917,140.206
1,4904.17,0.00911478,239.178
2,4854.27,0.0191962,344.192
3,4834.08,0.0232764,466.327
4,3292.99,0.334652,608.236
5,2239.61,0.547487,787.433
