Iteration,Cost,Cost reduction,time (ms)
0,158.916,0,697.657
1,147.241,0.0734656,1001.42
2,147.241,0.0734656,1662.85
3,142.416,0.103833,1966.02
4,95.5598,0.398679,2631.54
5,86.5595,0.455314,3300.19
6,74.453,0.531496,3977.03
7,74.453,0.531496,4648.07
