Iteration,Cost,Cost reduction,time (ms)
0,25.2196,0.420499,107.524
1,19.3829,0.554617,181.019
2,19.3829,0.554617,255.006
3,19.3829,0.554617,303.424
4,19.3829,0.554617,352.747
5,19.3829,0.554617,402.105
