Iteration,Cost,Cost reduction,time (ms)
0,125.48,0.072797,137.189
1,43.3787,0.679464,236.07
2,30.4827,0.774756,349.301
3,28.2351,0.791364,472.439
4,25.7526,0.809708,588.962
5,20.0397,0.851922,706.985
