Iteration,Cost,Cost reduction,time (ms)
0,5107.96,0.0012664,149.879
1,5069.32,0.00882075,250.363
2,5019.26,0.0186085,354.446
3,4974.73,0.0273152,474.665
4,3517.57,0.312227,590.01
5,2773.96,0.457622,771.386
