Iteration,Cost,Cost reduction,time (ms)
0,5562.78,0.00117719,131.729
1,5524.92,0.00797523,227.818
2,5475.58,0.0168336,330.949
3,4503.5,0.191375,438.483
4,4082.69,0.266934,549.092
5,3435.1,0.383212,661.615
