Iteration,Cost,Cost reduction,time (ms)
0,123.223,0.325395,527.743
1,93.2187,0.489659,1080.04
2,22.3709,0.877527,1626.88
3,8.64137,0.952691,2180.03
4,8.64137,0.952691,2661.93
5,8.64137,0.952691,2748.55
