Iteration,Cost,Cost reduction,time (ms)
0,91.0793,0.335724,528.642
1,64.4093,0.530239,1081.56
2,44.3091,0.676838,1616.21
3,42.3159,0.691375,2171.05
4,17.1868,0.87465,2715.14
5,13.1179,0.904326,3277.09
6,10.8932,0.920552,3846.59
7,10.8932,0.920552,4387.19
