Iteration,Cost,Cost reduction,time (ms)
0,4711.45,0.00137308,148.11
1,4672.82,0.00956153,247.397
2,4622.76,0.0201716,351.385
3,4409.28,0.0654219,465.973
4,2985.3,0.367245,585.283
5,2358.51,0.500097,709.748
