Iteration,Cost,Cost reduction,time (ms)
0,45.5035,0,115.762
1,45.5035,0,162.623
2,27.4377,0.39702,207.934
3,27.4377,0.39702,304.272
4,27.4377,0.39702,355.875
