Iteration,Cost,Cost reduction,time (ms)
0,29.7428,0.343675,108.571
1,18.5862,0.589863,186.097
2,18.168,0.599092,264.94
3,10.6411,0.765185,345.926
4,9.85816,0.782463,433.404
5,6.5261,0.855991,521.53
