Iteration,Cost,Cost reduction,time (ms)
0,4711.38,0.00138978,132.811
1,4673.52,0.00941452,229.292
2,4624.18,0.0198719,330.137
3,3731.81,0.209016,437.925
4,3237.08,0.313878,548.336
5,942.618,0.800205,662.324
