Iteration,Cost,Cost reduction,time (ms)
0,46.786,0,130.583
1,29.2295,0.37525,192.647
2,29.2295,0.37525,302.135
3,22.8579,0.511437,394.98
4,22.8579,0.511437,467.377
5,18.2625,0.609659,512.538
6,15.8085,0.66211,581.814
7,15.8085,0.66211,641.2
