Iteration,Cost,Cost reduction,time (ms)
0,4980.47,0.00129855,146.974
1,4941.83,0.00904582,245.122
2,4891.95,0.0190484,350.131
3,4834.52,0.0305639,470.337
4,2663.93,0.465819,598.121
5,2458.85,0.506943,814.566
