Iteration,Cost,Cost reduction,time (ms)
0,126.54,0.283379,141.701
1,78.4175,0.555905,244.719
2,37.2693,0.788936,352.457
3,26.3087,0.851008,472.71
4,4.18042,0.976325,584.838
5,3.91614,0.977822,692.711
