Iteration,Cost,Cost reduction,time (ms)
0,29.945,0.329722,187.998
1,13.2091,0.704333,378.777
2,11.6412,0.739427,582.417
3,10.7863,0.758564,779.224
4,8.40427,0.811882,979.575
5,6.95712,0.844274,1174.15
