Iteration,Cost,Cost reduction,time (ms)
0,70.7131,0.338106,146.64
1,67.8307,0.365087,253.616
2,66.296,0.379452,372.96
3,52.2219,0.51119,486.997
4,52.2219,0.51119,596.335
5,42.0811,0.60611,671.358
