Iteration,Cost,Cost reduction,time (ms)
0,99.6308,0.319641,146.215
1,70.9641,0.515401,257.721
2,70.9641,0.515401,385.581
3,70.9641,0.515401,484.149
4,70.9641,0.515401,583.29
5,70.9641,0.515401,682.811
