Iteration,Cost,Cost reduction,time (ms)
0,110.96,0.184821,518.337
1,52.0126,0.617884,1072.97
2,46.3095,0.659783,1619.61
3,44.6658,0.671858,2182.87
4,42.6018,0.687021,2745.73
5,40.6354,0.701468,3297.74
