Iteration,Cost,Cost reduction,time (ms)
0,2.51921,0.961173,166.168
1,2.51921,0.961173,283.774
2,2.51921,0.961173,354.427
3,2.51921,0.961173,428.117
4,2.51921,0.961173,498.052
5,2.51921,0.961173,568.175
6,2.51921,0.961173,635.274
