Iteration,Cost,Cost reduction,time (ms)
0,30.4267,0.290878,107.93
1,27.2854,0.364088,190.963
2,27.2854,0.364088,277.328
3,27.2854,0.364088,326.445
4,27.2854,0.364088,374.885
5,27.2854,0.364088,427.115
