Iteration,Cost,Cost reduction,time (ms)
0,97.1787,0.192438,150.278
1,35.4557,0.705361,260.824
2,5.50877,0.954222,372.365
3,2.33515,0.980595,486.674
4,2.33515,0.980595,598.563
5,2.33515,0.980595,674.07
