Iteration,Cost,Cost reduction,time (ms)
0,27.9241,0.34988,593.107
1,20.959,0.512039,1113.42
2,12.2711,0.71431,1678.38
3,11.2577,0.737901,2252.94
4,11.2577,0.737901,2811.03
5,10.2056,0.762398,2903.67
