Iteration,Cost,Cost reduction,time (ms)
0,4.49453,0.918914,15.033
1,4.49453,0.918914,24.401
2,4.49453,0.918914,31.858
3,4.49453,0.918914,37.402
4,4.49453,0.918914,42.877
5,4.49453,0.918914,48.961
6,4.49453,0.918914,53.806
