Iteration,Cost,Cost reduction,time (ms)
0,5820.01,0.00111156,157.402
1,5781.37,0.00774272,258.137
2,5731.32,0.0163339,361.877
3,5691.46,0.0231751,478.573
4,4174.45,0.283538,593.318
5,3224.98,0.446497,738.299
