Iteration,Cost,Cost reduction,time (ms)
0,134.482,0.0510766,147.602
1,55.6026,0.607662,256.75
2,48.4273,0.658291,370.719
3,22.0013,0.844756,490.481
4,20.0367,0.858619,619.607
5,18.3238,0.870705,746.518
