Iteration,Cost,Cost reduction,time (ms)
0,65.2971,0.498471,203.044
1,65.2971,0.498471,363.03
2,65.2971,0.498471,442.348
3,60.7086,0.533714,522.349
4,60.7086,0.533714,685.514
5,60.7086,0.533714,764.364
