Iteration,Cost,Cost reduction,time (ms)
0,30.907,0.324255,103.727
1,26.9418,0.410949,180.256
2,25.7472,0.437069,255.5
3,24.6444,0.46118,329.024
4,22.3087,0.512247,402.117
5,20.7867,0.545524,473.275
6,12.4107,0.728654,544.391
7,12.4107,0.728654,619.742
