Iteration,Cost,Cost reduction,time (ms)
0,29.248,0.366949,103.964
1,21.4381,0.535987,183.92
2,18.6713,0.595873,263.082
3,8.15533,0.823484,350.99
4,7.76776,0.831872,452.756
5,7.76776,0.831872,553.84
