Iteration,Cost,Cost reduction,time (ms)
0,134.69,0.108678,525.173
1,77.8563,0.484779,1061.14
2,22.179,0.853228,1599.93
3,10.9171,0.927755,2161.62
4,10.9171,0.927755,2700.24
5,10.9171,0.927755,2793.22
