Iteration,Cost,Cost reduction,time (ms)
0,30.873,0.26439,542.299
1,23.1686,0.447962,1095.09
2,16.5438,0.605812,1657.8
3,12.8881,0.692915,2223.88
4,7.13675,0.829953,2801.47
5,6.08805,0.85494,3376.3
