Iteration,Cost,Cost reduction,time (ms)
0,90.297,0.0347256,524.857
1,34.8648,0.627296,1092.8
2,5.50087,0.941196,1667.64
3,3.68045,0.960656,2256.08
4,3.68045,0.960656,2824.2
5,3.68045,0.960656,2915.62
