Iteration,Cost,Cost reduction,time (ms)
0,25.1975,0.382586,115.748
1,17.0749,0.581614,191.969
2,13.1911,0.67678,269.689
3,12.1451,0.702408,371.288
4,12.1451,0.702408,476.495
5,11.5998,0.71577,530.989
