Iteration,Cost,Cost reduction,time (ms)
0,27.0336,0.359215,103.585
1,21.6449,0.486945,175.455
2,20.4119,0.51617,247.046
3,20.4119,0.51617,320.527
4,19.5356,0.536942,372.217
5,19.5356,0.536942,446.573
