Iteration,Cost,Cost reduction,time (ms)
0,4624.77,0.00139849,131.723
1,4586.14,0.00974034,229.57
2,4536.09,0.0205477,331.424
3,4536.09,0.0205477,443.907
4,4536.09,0.0205477,514.91
5,4536.09,0.0205477,583.402
