Iteration,Cost,Cost reduction,time (ms)
0,29.0002,0.409803,149.527
1,12.7826,0.739856,263.977
2,7.2022,0.853425,386.763
3,4.17493,0.915034,517.072
4,4.00429,0.918507,662.72
5,4.00429,0.918507,808.436
