Iteration,Cost,Cost reduction,time (ms)
0,35.2301,0.241663,258.889
1,31.165,0.329165,489.011
2,18.7816,0.595721,710.994
3,18.7816,0.595721,934.932
4,15.9071,0.657595,1070.95
5,15.9071,0.657595,1292.1
