Iteration,Cost,Cost reduction,time (ms)
0,5468.92,0.00118337,135.383
1,5430.29,0.00823895,232.191
2,5380.22,0.0173825,334.898
3,4495.18,0.179023,455.16
4,3772.43,0.311022,567.527
5,2770.38,0.494031,712.037
