Iteration,Cost,Cost reduction,time (ms)
0,5107.86,0.0012819,132.332
1,5070,0.00868461,228.702
2,5020.66,0.0183309,330.319
3,4093.39,0.199636,438.505
4,3704.13,0.275748,549.936
5,3108.12,0.392283,662.637
