Iteration,Cost,Cost reduction,time (ms)
0,27.2833,0.466798,152.422
1,27.0086,0.472167,261.391
2,23.839,0.53411,374.552
3,21.8059,0.573843,496.03
4,21.8059,0.573843,610.408
5,20.6611,0.596216,690.355
