Iteration,Cost,Cost reduction,time (ms)
0,47.5796,0.482323,143.202
1,43.858,0.522815,250.504
2,27.6048,0.699653,361.416
3,26.1789,0.715168,477.259
4,13.7566,0.850325,590.401
5,13.7566,0.850325,700.73
