Iteration,Cost,Cost reduction,time (ms)
0,30.3778,0.361143,107.364
1,16.6252,0.650366,182.469
2,16.6252,0.650366,264.678
3,16.0544,0.662371,318.48
4,12.1463,0.744559,408.421
5,12.1463,0.744559,502.193
