Iteration,Cost,Cost reduction,time (ms)
0,4920.68,0.00131562,147.247
1,4882.06,0.00915473,243.638
2,4832.16,0.0192817,347.593
3,4166.95,0.154291,472.024
4,2766.67,0.438485,602.682
5,2138.05,0.566069,777.729
