Iteration,Cost,Cost reduction,time (ms)
0,4642.59,0.00141031,130.483
1,4604.73,0.00955381,227.334
2,4555.39,0.0201659,328.54
3,3672.88,0.209988,436.753
4,3196.76,0.312399,545.176
5,2397.81,0.484246,653.37
