Iteration,Cost,Cost reduction,time (ms)
0,74.3862,0.371069,150.989
1,51.5195,0.564405,260.865
2,28.6995,0.757348,386.124
3,17.2929,0.853789,511.445
4,11.8353,0.899933,642.133
5,8.63446,0.926996,790.497
