Iteration,Cost,Cost reduction,time (ms)
0,5519.23,0.00117249,148.878
1,5480.6,0.00816387,246.285
2,5430.7,0.0171932,350.225
3,4719.91,0.145828,471.88
4,3047.81,0.44843,596.721
5,2067.49,0.625841,753.363
