Iteration,Cost,Cost reduction,time (ms)
0,36.4801,0.196211,556.562
1,16.9481,0.626572,1158.72
2,10.3719,0.771469,1767.63
3,4.40424,0.902958,2363.46
4,3.35062,0.926174,2949.02
5,3.21563,0.929148,3528.81
