Iteration,Cost,Cost reduction,time (ms)
0,4872.96,0.00132722,178.525
1,4834.32,0.00924633,336.927
2,4784.48,0.0194603,504.237
3,4069.32,0.166027,695.729
4,1629.45,0.666058,913.304
5,1102.1,0.774133,1117.21
