Iteration,Cost,Cost reduction,time (ms)
0,30.0043,0.275739,595.465
1,24.0089,0.420458,1184.75
2,23.3303,0.43684,1759.35
3,22.3317,0.460945,2332.99
4,21.8205,0.473284,2904.22
5,21.8205,0.473284,3466.21
