Iteration,Cost,Cost reduction,time (ms)
0,98.2925,0.232616,149.698
1,54.1248,0.57744,258.41
2,50.155,0.608433,380.897
3,19.3995,0.848545,497.41
4,17.1404,0.866183,623.39
5,16.4673,0.871437,761.049
