Iteration,Cost,Cost reduction,time (ms)
0,27.2259,0.381285,186.789
1,15.7376,0.642359,368.108
2,6.36019,0.855463,542.723
3,5.25598,0.880557,709.242
4,5.25598,0.880557,869.372
5,5.25598,0.880557,936.178
