Iteration,Cost,Cost reduction,time (ms)
0,27.3361,0.413058,104.031
1,15.4847,0.667524,182.406
2,13.636,0.707217,265.175
3,13.5818,0.70838,357.995
4,13.2787,0.714889,452.351
5,13.2787,0.714889,544.288
