Iteration,Cost,Cost reduction,time (ms)
0,28.8827,0.445289,149.629
1,22.7421,0.563222,253.131
2,14.4232,0.722994,361.234
3,10.2908,0.802359,477.82
4,7.45493,0.856823,596.845
5,5.94916,0.885742,714.863
