Iteration,Cost,Cost reduction,time (ms)
0,5775.53,0.00113419,133.961
1,5737.67,0.00768195,231.408
2,5688.33,0.0162153,332.507
3,4686,0.189566,440.038
4,3405.41,0.411041,550.538
5,2889.98,0.500184,655.014
