Iteration,Cost,Cost reduction,time (ms)
0,4257.11,0.00151902,134.233
1,4218.47,0.0105809,231.016
2,4168.41,0.0223213,333.272
3,4125.94,0.0322834,450.446
4,3122.32,0.267677,563.827
5,670.586,0.842718,683.136
