Iteration,Cost,Cost reduction,time (ms)
0,26.026,0.341684,102.939
1,23.1189,0.415217,173.886
2,8.2529,0.791247,246.515
3,8.2529,0.791247,319.208
4,7.68098,0.805713,369.213
5,7.68098,0.805713,443.892
