Iteration,Cost,Cost reduction,time (ms)
0,150.235,0.00580608,144.062
1,36.3666,0.759341,244.8
2,34.0929,0.774387,349.64
3,22.5931,0.850488,462.277
4,4.80219,0.968221,582.49
5,3.84873,0.974531,701.463
