Iteration,Cost,Cost reduction,time (ms)
0,140.044,0.0311935,150.909
1,54.6374,0.622027,261.83
2,39.6747,0.725537,381.069
3,6.43193,0.955505,520.765
4,6.43193,0.955505,732.731
5,6.43193,0.955505,816.714
