Iteration,Cost,Cost reduction,time (ms)
0,39.2395,0.866469,13.658
1,39.2395,0.866469,29.241
2,6.74919,0.977033,41.542
3,4.29042,0.9854,72.953
4,4.29042,0.9854,80.274
5,4.29042,0.9854,86.283
6,4.29042,0.9854,91.712
