Iteration,Cost,Cost reduction,time (ms)
0,26.7271,0.611884,223.619
1,16.9385,0.754029,421.924
2,16.9385,0.754029,624.579
3,14.5051,0.789365,698.701
4,14.5051,0.789365,890.341
5,14.5051,0.789365,966.085
