Iteration,Cost,Cost reduction,time (ms)
0,32.1969,0.454678,572.791
1,27.1119,0.540802,1162.23
2,19.2938,0.673218,1693.4
3,19.2938,0.673218,2205.2
4,19.2938,0.673218,2291.37
5,19.2938,0.673218,2364.08
