Iteration,Cost,Cost reduction,time (ms)
0,76.7786,0.321119,147.004
1,61.8085,0.453486,261.192
2,29.0112,0.743481,388.547
3,27.909,0.753227,512.256
4,20.5946,0.817902,637.732
5,13.6166,0.879601,762.078
