Iteration,Cost,Cost reduction,time (ms)
0,103.915,0.321919,141.145
1,94.233,0.385098,249.165
2,75.7422,0.505757,369.888
3,36.422,0.762334,493.752
4,24.279,0.841571,618.049
5,24.279,0.841571,744.246
