Iteration,Cost,Cost reduction,time (ms)
0,22.9694,0.451408,174.492
1,18.6947,0.553503,340.173
2,18.6947,0.553503,499.098
3,18.6947,0.553503,559.417
4,18.6947,0.553503,607.305
5,18.6947,0.553503,656.006
