Iteration,Cost,Cost reduction,time (ms)
0,52.0122,0.420363,153.155
1,41.7372,0.53487,257.017
2,38.326,0.572886,369.496
3,8.64399,0.903669,478.642
4,8.64399,0.903669,585.251
5,8.5983,0.904178,661.135
