Iteration,Cost,Cost reduction,time (ms)
0,31.7991,0.304574,102.783
1,19.7757,0.567518,174.726
2,18.2598,0.600669,248.378
3,16.5881,0.637228,325.37
4,8.38843,0.816551,405.339
5,6.23417,0.863663,485.353
