Iteration,Cost,Cost reduction,time (ms)
0,27.7334,0.326868,106.495
1,23.4423,0.431018,184.164
2,23.4423,0.431018,261.954
3,22.4717,0.454575,314.886
4,22.4717,0.454575,391.179
5,22.4717,0.454575,437.366
