Iteration,Cost,Cost reduction,time (ms)
0,113.146,0.332633,146.31
1,98.513,0.418942,256.24
2,33.3037,0.803565,377.402
3,33.3037,0.803565,497.674
4,33.2935,0.803625,585.818
5,33.2935,0.803625,706.641
