Iteration,Cost,Cost reduction,time (ms)
0,29.6461,0.358236,104.814
1,13.3881,0.71018,184.425
2,12.59,0.727458,274.875
3,8.86079,0.808186,365.193
4,6.93665,0.849839,453.526
5,6.79627,0.852878,564.528
