Iteration,Cost,Cost reduction,time (ms)
0,25.3835,0.436627,537.456
1,15.9105,0.646876,1086.88
2,15.781,0.64975,1597.43
3,14.5065,0.678036,2106.2
4,11.093,0.753796,2510.81
5,11.093,0.753796,2922.91
