Iteration,Cost,Cost reduction,time (ms)
0,65.1979,0.378837,156.959
1,53.7216,0.488176,274.874
2,10.8907,0.896241,409.556
3,8.07492,0.923068,553.733
4,5.33523,0.949169,698.709
5,5.2639,0.949849,844.929
