Iteration,Cost,Cost reduction,time (ms)
0,45.9881,0.349073,148.587
1,25.0221,0.64583,254.513
2,19.8654,0.71882,370.836
3,12.9532,0.816657,495.345
4,3.94337,0.944184,622.237
5,2.38003,0.966312,753.725
