Iteration,Cost,Cost reduction,time (ms)
0,4877.7,0.00132583,414.03
1,4839.06,0.00923728,812.438
2,4789.22,0.0194408,1208.46
3,4749.11,0.0276534,1708.38
4,3251.1,0.33436,2248.15
5,2811.86,0.424292,3046.52
