Iteration,Cost,Cost reduction,time (ms)
0,5666.04,0.00114181,414.54
1,5627.4,0.00795369,811.69
2,5577.56,0.0167404,1209.57
3,5557.91,0.0202033,1707.58
4,3980.66,0.298255,2206.04
5,3050.5,0.462232,3128.61
