Iteration,Cost,Cost reduction,time (ms)
0,121.575,0.0802227,135.204
1,40.596,0.69287,235.686
2,26.497,0.799536,351.107
3,17.8523,0.864938,476.247
4,10.1011,0.92358,603.728
5,6.49694,0.950847,725.856
