Iteration,Cost,Cost reduction,time (ms)
0,27.9771,0.305258,197.904
1,18.5104,0.54034,392.215
2,18.5104,0.54034,565.668
3,18.5104,0.54034,629.171
4,16.0143,0.602324,678.829
5,16.0143,0.602324,819.096
