Iteration,Cost,Cost reduction,time (ms)
0,5519.22,0.00117183,177.93
1,5480.58,0.00816481,337.465
2,5430.74,0.0171833,505.916
3,5371.77,0.0278563,702.442
4,3716.19,0.327472,903.101
5,3281.95,0.406056,1100.54
