Iteration,Cost,Cost reduction,time (ms)
0,29.5794,0.323994,107.693
1,25.8208,0.409892,185.243
2,19.1975,0.561262,262.951
3,18.4703,0.577881,343.732
4,16.2277,0.629133,427.216
5,16.2277,0.629133,514.281
