Iteration,Cost,Cost reduction,time (ms)
0,26.2826,0.324001,102.973
1,25.0672,0.355263,176.68
2,18.27,0.530088,251.137
3,18.27,0.530088,326.57
4,17.9749,0.537679,378.957
5,17.7636,0.543112,457.81
