Iteration,Cost,Cost reduction,time (ms)
0,25.824,0.410364,106.017
1,13.245,0.697578,182.77
2,11.2361,0.743447,259.636
3,11.2361,0.743447,336.089
4,10.7067,0.755536,388.432
5,5.93461,0.864496,472.253
