Iteration,Cost,Cost reduction,time (ms)
0,78.7822,0.374251,150.699
1,54.4304,0.567672,259.089
2,27.9447,0.778042,382.083
3,22.0267,0.825047,501.951
4,22.0267,0.825047,624.142
5,20.8081,0.834726,702.284
