Iteration,Cost,Cost reduction,time (ms)
0,5366.51,0.00120521,411.338
1,5327.87,0.00839691,807.989
2,5278.04,0.0176722,1203.58
3,5236.9,0.0253282,1707.18
4,3609.71,0.328174,2244.47
5,2966.76,0.447837,3039.8
