Iteration,Cost,Cost reduction,time (ms)
0,112.35,0.359338,208.789
1,57.9584,0.669499,412.358
2,50.7353,0.710688,623.672
3,50.7353,0.710688,830.555
4,50.7353,0.710688,915.947
5,50.7353,0.710688,995.517
