Iteration,Cost,Cost reduction,time (ms)
0,55.4251,0.325402,149.459
1,53.0974,0.353733,255.814
2,36.63,0.554164,373.011
3,36.4092,0.556851,497.371
4,33.4543,0.592816,624.347
5,33.4543,0.592816,747.686
