Iteration,Cost,Cost reduction,time (ms)
0,5519.22,0.00117229,139.161
1,5480.59,0.00816375,235.946
2,5430.7,0.0171921,341.394
3,5259.37,0.0481983,464.428
4,3036.83,0.450417,600.811
5,2902.24,0.474775,751.448
