Iteration,Cost,Cost reduction,time (ms)
0,110.06,0.343331,223.421
1,78.3196,0.53271,430.018
2,78.3196,0.53271,643.829
3,54.0857,0.6773,724.879
4,23.3467,0.860703,916.165
5,23.3467,0.860703,1122.61
