Iteration,Cost,Cost reduction,time (ms)
0,43.5906,0.362344,1634.35
1,35.9577,0.474,3272.12
2,31.4744,0.539583,4933.51
3,30.7835,0.549689,6593.1
4,14.5458,0.78722,8265.97
5,10.5348,0.845893,9990.73
6,10.5348,0.845893,11722.3
