Iteration,Cost,Cost reduction,time (ms)
0,41.591,0.286467,580.435
1,12.2839,0.789258,1185.79
2,4.89033,0.916102,1718.52
3,2.11395,0.963733,2254.71
4,1.79018,0.969288,2786.1
5,1.79018,0.969288,3307.17
