Iteration,Cost,Cost reduction,time (ms)
0,30.1616,0.315933,106.734
1,25.0997,0.430738,184.393
2,23.4586,0.467957,258.688
3,23.2626,0.472403,334.198
4,23.2626,0.472403,407.312
