Iteration,Cost,Cost reduction,time (ms)
0,58.5605,0.848485,6.339
1,58.5605,0.848485,10.235
2,58.5605,0.848485,13.116
3,58.5605,0.848485,16.158
4,58.5605,0.848485,18.717
