Iteration,Cost,Cost reduction,time (ms)
0,4608.08,0.00140333,180.81
1,4569.44,0.00977702,341.437
2,4519.6,0.020577,510.377
3,4461.49,0.0331712,700.491
4,3211.17,0.304121,903.452
5,1530.06,0.668427,1141.5
