Iteration,Cost,Cost reduction,time (ms)
0,43.3661,0,760.505
1,43.3661,0,963.073
2,43.3661,0,1164.01
3,12.6299,0.708761,1368.57
4,12.6299,0.708761,1862.09
5,12.6299,0.708761,1906.88
6,12.6299,0.708761,1950.95
