Iteration,Cost,Cost reduction,time (ms)
0,28.181,0.304327,107.452
1,13.4655,0.667593,185.578
2,7.76729,0.808258,263.609
3,7.76729,0.808258,347.016
4,6.9425,0.828618,400.911
5,6.09754,0.849477,496.671
