Iteration,Cost,Cost reduction,time (ms)
0,4179.68,0.00154686,179.292
1,4141.04,0.0107775,341.331
2,4091.2,0.0226822,508.836
3,3436.53,0.179073,700.91
4,2230.76,0.46711,916.656
5,939.952,0.775462,1117.28
