Iteration,Cost,Cost reduction,time (ms)
0,4552.28,0.00142077,179.496
1,4513.64,0.00989688,336.45
2,4463.8,0.0208303,504.733
3,3804.11,0.165538,694.483
4,1528.36,0.664743,911.491
5,1454.61,0.680919,1104.49
