Iteration,Cost,Cost reduction,time (ms)
0,104.375,0.319424,141.756
1,94.2674,0.385329,249.112
2,80.1002,0.477706,367.733
3,57.1883,0.627103,487.071
4,53.5073,0.651105,604.006
5,35.1673,0.770692,722.01
