Iteration,Cost,Cost reduction,time (ms)
0,5519.15,0.00118662,132.078
1,5481.29,0.00803828,228.458
2,5431.95,0.016967,329.838
3,4457.19,0.193372,437.727
4,3889.33,0.296139,545.872
5,2877.25,0.479297,655.638
