Iteration,Cost,Cost reduction,time (ms)
0,40.9365,0.300192,145.635
1,10.13,0.826827,250.774
2,4.31932,0.926161,361.285
3,4.31932,0.926161,471.148
4,2.61606,0.955278,550.202
5,2.61606,0.955278,666.374
