Iteration,Cost,Cost reduction,time (ms)
0,56.1379,0.811284,144.302
1,19.9092,0.933072,310.679
2,3.29555,0.988922,451.331
3,3.29555,0.988922,603.307
4,3.29555,0.988922,663.071
5,3.29555,0.988922,708.338
