Iteration,Cost,Cost reduction,time (ms)
0,5873.07,0.00111508,129.517
1,5835.21,0.00755435,223.155
2,5785.88,0.0159454,316.398
3,4781.54,0.186762,413.731
4,4341.2,0.261654,512.831
5,3564.1,0.393823,614.705
6,3250.8,0.447108,714.521
7,2662.29,0.547201,814.874
8,2243.67,0.618399,916.452
9,1313.52,0.776598,1017.15
