Iteration,Cost,Cost reduction,time (ms)
0,4593.13,0.0014086,143.366
1,4554.5,0.00980785,243.482
2,4504.6,0.020656,349.053
3,4183.06,0.0905614,470.045
4,2729.21,0.406644,599.367
5,1966.76,0.572407,742.449
