Iteration,Cost,Cost reduction,time (ms)
0,5854.16,0.00110511,411.919
1,5815.52,0.00769836,810.795
2,5765.68,0.0162028,1207.4
3,5014.39,0.144395,1704.26
4,2161.84,0.631125,2333.99
5,1283.75,0.780954,2880.54
