Iteration,Cost,Cost reduction,time (ms)
0,28.0368,0.310284,200.413
1,15.9068,0.608687,386.818
2,11.3998,0.719562,568.287
3,6.89453,0.830392,751.015
4,6.67436,0.835808,935.958
5,6.67436,0.835808,1115.05
