Iteration,Cost,Cost reduction,time (ms)
0,48.4683,0.234578,234.479
1,6.62545,0.895369,468.79
2,6.62545,0.895369,673.993
3,6.62545,0.895369,751.474
4,6.62545,0.895369,831.039
5,6.62545,0.895369,907.883
