Iteration,Cost,Cost reduction,time (ms)
0,4606.05,0.00142182,132.814
1,4568.19,0.00962967,229.183
2,4518.85,0.0203265,330.683
3,3633.14,0.212345,438.379
4,1557.1,0.662426,549.501
5,1498.44,0.675142,654.403
