Iteration,Cost,Cost reduction,time (ms)
0,60.5415,0.420062,210.483
1,40.1814,0.615095,422.09
2,40.1814,0.615095,628.192
3,36.3731,0.651576,714.473
4,30.0846,0.711814,924.902
5,19.8836,0.809531,1140
