Iteration,Cost,Cost reduction,time (ms)
0,80.3777,0.289296,574.012
1,30.4018,0.731185,1097.53
2,27.0154,0.761128,1616.25
3,27.0154,0.761128,2175.62
4,27.0154,0.761128,2266.01
5,27.0154,0.761128,2346.36
