Iteration,Cost,Cost reduction,time (ms)
0,44.2354,0.269933,595.727
1,31.4453,0.481023,1156.45
2,16.948,0.720288,1699.41
3,11.1496,0.815986,2325.51
4,11.1496,0.815986,2953.55
5,11.1496,0.815986,3051.91
