Iteration,Cost,Cost reduction,time (ms)
0,30.3814,0.301371,104.083
1,25.0622,0.423687,177.652
2,25.0622,0.423687,249.446
3,20.8843,0.519759,300.245
4,18.5666,0.573056,375.303
5,18.5666,0.573056,450.82
