Iteration,Cost,Cost reduction,time (ms)
0,122.525,0.233971,528.123
1,42.0804,0.736913,1080.46
2,34.1914,0.786234,1600.8
3,9.08287,0.943214,2123.28
4,9.08266,0.943215,2616.3
5,9.08266,0.943215,3110.59
