Iteration,Cost,Cost reduction,time (ms)
0,4942.79,0.00130878,158.71
1,4904.15,0.0091147,261.072
2,4854.09,0.0192287,365.867
3,4545.47,0.0815855,483.789
4,3340.2,0.325112,600.226
5,3340.2,0.325112,749.036
