Iteration,Cost,Cost reduction,time (ms)
0,111.501,0.345995,147.809
1,90.82,0.467298,261.477
2,80.8299,0.525894,385.599
3,73.9255,0.566392,513.429
4,64.9785,0.61887,652.098
5,52.119,0.694297,786.516
