Iteration,Cost,Cost reduction,time (ms)
0,32.9738,0.469735,146.884
1,17,0.726617,258.788
2,8.50679,0.863199,383.241
3,8.50679,0.863199,490.77
4,8.50679,0.863199,575.578
5,8.50679,0.863199,652.302
