Iteration,Cost,Cost reduction,time (ms)
0,4319.21,0.00149667,420.541
1,4280.57,0.0104297,820.845
2,4230.74,0.0219489,1221.73
3,3925.72,0.0924612,1739.38
4,2570.93,0.405659,2396.42
5,1332.71,0.691908,2999.06
