Iteration,Cost,Cost reduction,time (ms)
0,37.1326,0.210143,106.375
1,16.1756,0.655925,186.52
2,14.7175,0.686939,272.819
3,9.72474,0.793143,368.474
4,9.72474,0.793143,471.942
5,9.70225,0.793621,528.334
