Iteration,Cost,Cost reduction,time (ms)
0,4319.23,0.00149711,179.119
1,4280.59,0.0104299,335.503
2,4230.75,0.0219514,504.149
3,3575.37,0.173459,695.208
4,1266.96,0.707108,912.852
5,1004.86,0.767699,1114.97
