Iteration,Cost,Cost reduction,time (ms)
0,29.5229,0.206989,175.061
1,9.35961,0.748593,349.395
2,7.08558,0.809675,518.013
3,5.05026,0.864346,678.468
4,4.85855,0.869495,836.01
5,4.44832,0.880514,994.937
