Iteration,Cost,Cost reduction,time (ms)
0,5355.26,0.00122295,132.405
1,5317.4,0.00828401,228.702
2,5268.06,0.0174862,329.897
3,4307.16,0.196698,438.793
4,3747.99,0.300985,547.299
5,1058.67,0.802553,656.781
