Iteration,Cost,Cost reduction,time (ms)
0,33.3028,0.287568,107.673
1,27.8486,0.404248,186.666
2,21.3973,0.542258,266.951
3,16.0439,0.656781,362.784
4,10.4384,0.776697,480.127
5,9.58682,0.794914,624.357
