Iteration,Cost,Cost reduction,time (ms)
0,29.9005,0.365409,105.919
1,20.1583,0.572172,181.716
2,14.3878,0.694642,255.077
3,10.3381,0.78059,331.453
4,10.3381,0.78059,408.54
5,8.346,0.82287,462.12
