Iteration,Cost,Cost reduction,time (ms)
0,33.3734,0.280587,184.67
1,24.3155,0.475844,361.228
2,21.2748,0.541391,542.424
3,10.15,0.781203,718.895
4,10.15,0.781203,894.621
5,10.15,0.781203,973.526
