Iteration,Cost,Cost reduction,time (ms)
0,5033.15,0.00128526,179.515
1,4994.51,0.00895257,337.687
2,4944.67,0.0188429,505.99
3,4286.31,0.14948,697.199
4,1525.62,0.697276,906.081
5,1350.06,0.732112,1103.48
