Iteration,Cost,Cost reduction,time (ms)
0,39.6943,0.385431,221.998
1,21.1672,0.672278,422.217
2,20.5238,0.68224,620.579
3,20.5238,0.68224,815.297
4,20.5238,0.68224,897.79
5,20.5238,0.68224,973.273
