Iteration,Cost,Cost reduction,time (ms)
0,4872.96,0.00132736,158.195
1,4834.32,0.00924536,259.246
2,4784.27,0.0195039,363.871
3,4061.54,0.167621,481.045
4,1332.14,0.726988,592.124
5,1051.35,0.784535,704.264
