Iteration,Cost,Cost reduction,time (ms)
0,21.2738,0.437022,185.053
1,10.7705,0.714975,363.504
2,6.18619,0.836292,535.357
3,5.12782,0.8643,704.656
4,5.12782,0.8643,876.19
5,5.12782,0.8643,949.595
