Iteration,Cost,Cost reduction,time (ms)
0,28.4861,0.631666,79.381
1,28.4861,0.631666,189.682
2,28.4861,0.631666,250.752
3,28.4861,0.631666,301.437
4,15.4074,0.800777,339.704
5,15.4074,0.800777,402.24
6,15.4074,0.800777,439.897
