Iteration,Cost,Cost reduction,time (ms)
0,30.2629,0.314736,603.652
1,20.0215,0.54664,1158.01
2,14.513,0.671372,1688.06
3,9.16596,0.792449,2220.5
4,9.16596,0.792449,2763.51
5,9.16596,0.792449,2854.01
