Iteration,Cost,Cost reduction,time (ms)
0,147.687,0.205893,537.431
1,52.061,0.72007,1064.48
2,20.9107,0.887564,1652.57
3,20.9107,0.887564,2124.96
4,20.6523,0.888954,2210.58
5,11.0464,0.940604,2701.32
