Iteration,Cost,Cost reduction,time (ms)
0,30.0247,0.325984,574.354
1,15.5091,0.65184,1194.33
2,13.3141,0.701116,1815.12
3,8.67164,0.805333,2409.03
4,4.39673,0.901299,2986.07
5,4.14692,0.906907,3548.14
