Iteration,Cost,Cost reduction,time (ms)
0,23.4288,0.387037,104.957
1,11.2151,0.706581,178.017
2,6.15023,0.839093,255.024
3,5.65702,0.851996,357.328
4,5.40197,0.858669,462.447
5,5.40197,0.858669,571.902
