Iteration,Cost,Cost reduction,time (ms)
0,1039.0710391131452,0.0,4258.429765701294
1,104.66050479287847,0.8992749284185545,11153.38110923767
