Iteration,Cost,Cost reduction,time (ms)
0,60.925,0.421383,228.77
1,17.4832,0.833958,440.553
2,7.98546,0.92416,651.988
3,7.98546,0.92416,868.641
4,5.31012,0.949569,954.116
5,5.31012,0.949569,1168.73
