Iteration,Cost,Cost reduction,time (ms)
0,5343.03,0.00122559,132.303
1,5305.17,0.00830286,228.959
2,5255.83,0.0175255,330.419
3,4307.76,0.194749,437.952
4,3878.82,0.274931,547.067
5,3207.35,0.40045,660.199
