Iteration,Cost,Cost reduction,time (ms)
0,27.4654,0.368212,114.784
1,17.6952,0.592956,190.839
2,11.9968,0.724037,269.823
3,11.9177,0.725857,357.909
4,11.9177,0.725857,446.056
5,11.9177,0.725857,497.738
