Iteration,Cost,Cost reduction,time (ms)
0,25.601,0.415047,115.989
1,19.0151,0.565526,187.075
2,15.909,0.636497,262.504
3,13.7311,0.68626,358.995
4,13.7311,0.68626,459.051
5,13.7311,0.68626,510.219
