Iteration,Cost,Cost reduction,time (ms)
0,25.3638,0.341855,583.989
1,20.1876,0.476168,1140.4
2,18.8499,0.510879,1648.87
3,18.8499,0.510879,2155.1
4,18.8499,0.510879,2244.43
5,18.8499,0.510879,2304.15
