Iteration,Cost,Cost reduction,time (ms)
0,78.3095,0.252627,225.608
1,21.6694,0.793191,445.621
2,14.1447,0.865005,652.053
3,4.55015,0.956574,881.536
4,3.54145,0.966201,1118.93
5,3.54145,0.966201,1353.57
