Iteration,Cost,Cost reduction,time (ms)
0,4456.8,0.00145063,410.468
1,4418.16,0.0101082,807.244
2,4368.33,0.0212729,1203.86
3,4346.7,0.0261174,1711.11
4,2794.77,0.373829,2244.84
5,1640.98,0.632337,3151.29
