Iteration,Cost,Cost reduction,time (ms)
0,5033.15,0.0012852,157.762
1,4994.51,0.00895168,260.917
2,4944.45,0.0188848,365.511
3,4898.26,0.028051,483.927
4,3436.81,0.318043,600.882
5,3061.55,0.392503,793.452
