Iteration,Cost,Cost reduction,time (ms)
0,97.0525,0.303025,149.66
1,93.275,0.330153,259.199
2,70.7631,0.49182,376.351
3,29.367,0.789103,505.401
4,29.367,0.789103,643.312
5,15.9244,0.88564,727.113
