Iteration,Cost,Cost reduction,time (ms)
0,4872.86,0.00134346,131.74
1,4835,0.00910278,227.636
2,4785.66,0.0192141,328.681
3,3901.84,0.200346,436.766
4,3577.04,0.266913,547.28
5,2919.62,0.401645,659.787
