Iteration,Cost,Cost reduction,time (ms)
0,85.1087,0.183686,592.948
1,10.1344,0.902796,1156.27
2,3.90953,0.962502,1741.81
3,3.87557,0.962828,2308.42
4,3.87557,0.962828,2867.75
5,3.84809,0.963091,2959.14
