Iteration,Cost,Cost reduction,time (ms)
0,31.4189,0.349187,107.027
1,15.7339,0.674087,186.857
2,14.3767,0.702201,272.389
3,10.3153,0.786329,362.025
4,4.72016,0.902226,461.537
5,4.34586,0.90998,566.946
