Iteration,Cost,Cost reduction,time (ms)
0,123.11,0.207633,231.537
1,65.0839,0.581102,466.588
2,42.1915,0.728444,667.64
3,12.6065,0.918861,875.094
4,5.70591,0.963275,1081.81
5,5.70591,0.963275,1285.54
