Iteration,Cost,Cost reduction,time (ms)
0,4615.75,0.00140094,147.312
1,4577.11,0.00975943,247.133
2,4527.06,0.0205874,351.085
3,4333.66,0.0624295,466.172
4,3170.76,0.314019,583.823
5,2275.73,0.507654,773.249
