Iteration,Cost,Cost reduction,time (ms)
0,4608.09,0.00140349,143.6
1,4569.45,0.00977618,242.634
2,4519.39,0.0206237,345.831
3,4463.81,0.0326689,461.958
4,2562.61,0.444669,576.995
5,2436.38,0.472024,739.122
