Iteration,Cost,Cost reduction,time (ms)
0,81.3663,0.256253,234.639
1,18.7875,0.828269,490.001
2,9.24957,0.915452,688.845
3,9.24957,0.915452,877.033
4,7.03674,0.935679,951.985
5,5.3986,0.950653,1143.83
