Iteration,Cost,Cost reduction,time (ms)
0,125.591,0.299688,146.784
1,112.881,0.370559,257.061
2,25.2779,0.859047,377.501
3,17.2756,0.903669,496.28
4,16.9328,0.905581,622.55
5,9.05773,0.949493,736.163
