Iteration,Cost,Cost reduction,time (ms)
0,4559.11,0.00141834,167.422
1,4520.47,0.00988093,261.077
2,4470.42,0.0208437,354.07
3,4445.55,0.0262898,455.191
4,3778.41,0.172415,556.794
5,2758.15,0.395883,661.593
6,1377.94,0.69819,771.86
7,848.471,0.814159,882.447
8,736.867,0.838604,983.18
9,616.735,0.864916,1080.34
