Iteration,Cost,Cost reduction,time (ms)
0,481.521,0,23.546
1,400.881,0.167468,34.728
2,389.117,0.191899,46.863
3,389.117,0.191899,68.479
4,353.283,0.266317,81.638
5,301.631,0.373586,92.654
6,301.631,0.373586,111.154
