Iteration,Cost,Cost reduction,time (ms)
0,4842.87,0.00135232,131.141
1,4805.01,0.00915937,229.978
2,4755.67,0.0193338,330.893
3,3845.71,0.206976,439.004
4,2821.05,0.418271,548.652
5,2481.28,0.488336,653.169
