Iteration,Cost,Cost reduction,time (ms)
0,5621.81,0.00116473,130.597
1,5583.95,0.00789152,227.3
2,5534.61,0.0166566,328.828
3,4570.79,0.187901,437.385
4,4227.19,0.248949,550.731
5,3431.08,0.390395,662.783
