Iteration,Cost,Cost reduction,time (ms)
0,29.6929,0.321611,103.827
1,28.7136,0.343985,177.077
2,28.7136,0.343985,246.785
3,20.1112,0.540522,300.185
4,19.7595,0.548557,379.226
5,17.6267,0.597285,458.296
