Iteration,Cost,Cost reduction,time (ms)
0,30.1689,0.362502,107.733
1,19.1074,0.596241,182.879
2,19.1074,0.596241,258.888
3,19.1074,0.596241,308.668
4,19.1057,0.596278,360.74
5,19.1057,0.596278,437.64
