Iteration,Cost,Cost reduction,time (ms)
0,32.7746,0.279372,104.703
1,27.3445,0.398766,181.607
2,27.3445,0.398766,262.098
3,27.3445,0.398766,309.236
4,27.3445,0.398766,355.905
5,27.3445,0.398766,402.971
