Iteration,Cost,Cost reduction,time (ms)
0,35.1675,0.243199,568.329
1,24.9188,0.463749,1130.9
2,20.009,0.569408,1692.86
3,14.8189,0.681098,2241.93
4,5.93838,0.872207,2804.47
5,5.20381,0.888014,3368.76
