Iteration,Cost,Cost reduction,time (ms)
0,4552.26,0.00142094,140.465
1,4513.63,0.00989537,238.435
2,4463.57,0.0208756,342.17
3,4419.73,0.0304935,459.119
4,3496.62,0.232986,575.762
5,3166.26,0.305451,726.406
