Iteration,Cost,Cost reduction,time (ms)
0,5011.69,0.00129077,148.359
1,4973.05,0.00898973,246.167
2,4923.16,0.0189316,349.652
3,4889.23,0.0256933,469.608
4,3339.13,0.334592,605.452
5,2070.58,0.587384,791.166
