Iteration,Cost,Cost reduction,time (ms)
0,33.9594,0.136465,137.091
1,21.1801,0.461424,209.298
2,21.1801,0.461424,278.334
3,21.1801,0.461424,313.587
4,21.1801,0.461424,348.589
5,21.1801,0.461424,383.342
6,21.1801,0.461424,418.248
