Iteration,Cost,Cost reduction,time (ms)
0,5768.55,0.00112151,152.683
1,5729.91,0.00781126,254.266
2,5680.03,0.0164492,358.378
3,5616.37,0.0274719,478.507
4,3034.62,0.474526,601.525
5,1434.92,0.75153,796.67
