Iteration,Cost,Cost reduction,time (ms)
0,65.8011,0.0316039,5595.54
1,62.8523,0.075001,11129
2,52.7457,0.22374,16982.1
3,41.6247,0.387408,22752.9
4,30.2285,0.555127,28682.2
5,23.0112,0.661343,34590.4
6,15.4771,0.772223,40506.8
7,13.0309,0.808224,46702.2
8,9.44429,0.861008,52811.1
9,9.44429,0.861008,58982.2
