Iteration,Cost,Cost reduction,time (ms)
0,31.7953,0.393176,173.294
1,5.20057,0.900745,337.201
2,5.20057,0.900745,479.239
3,5.20057,0.900745,537.734
4,5.20057,0.900745,584.384
5,5.20057,0.900745,630.519
