Iteration,Cost,Cost reduction,time (ms)
0,4319.24,0.00149734,152.532
1,4280.6,0.0104291,253.556
2,4230.54,0.0220017,358.386
3,4210.61,0.0266081,473.362
4,3281.76,0.241336,587.667
5,2163.06,0.499954,725.506
