Iteration,Cost,Cost reduction,time (ms)
0,45.6446,0.545786,30.992
1,45.6446,0.545786,82.578
2,45.6446,0.545786,110.639
3,45.6446,0.545786,119.706
4,6.59595,0.934363,129.597
5,6.59595,0.934363,148.61
6,6.35685,0.936742,153.155
7,2.68633,0.973268,161.087
8,2.68633,0.973268,168.289
