Iteration,Cost,Cost reduction,time (ms)
0,31.9648,0.311884,106.435
1,13.2113,0.715598,183.977
2,13.2113,0.715598,257.507
3,12.7805,0.724871,307.575
4,12.7805,0.724871,387.83
5,10.953,0.764212,439.332
