Iteration,Cost,Cost reduction,time (ms)
0,43.6142,0.381964,88.761
1,43.6142,0.381964,171.073
2,34.0022,0.518171,219.8
3,34.0022,0.518171,285.616
4,34.0022,0.518171,329.871
5,34.0022,0.518171,367.922
6,34.0022,0.518171,407.212
