Iteration,Cost,Cost reduction,time (ms)
0,4583.11,0.001411,409.523
1,4544.47,0.00983023,807.176
2,4494.64,0.0206891,1204.88
3,4454.78,0.0293719,1708.43
4,3542.47,0.228151,2251.08
5,1381.3,0.699037,2841.24
