Iteration,Cost,Cost reduction,time (ms)
0,4498.24,0.0014555,131.025
1,4460.38,0.00985993,228.011
2,4411.05,0.020812,329.059
3,3548.25,0.212341,437.529
4,3067.66,0.319025,545.847
5,1559.75,0.653759,654.386
