Iteration,Cost,Cost reduction,time (ms)
0,4319.22,0.00149696,179.116
1,4280.58,0.0104299,335.177
2,4230.74,0.0219505,504.655
3,3582.91,0.171715,695.27
4,2632.98,0.391316,907.666
5,2632.98,0.391316,1105.43
