Iteration,Cost,Cost reduction,time (ms)
0,4463.4,0.00144909,413.969
1,4424.76,0.0100937,811.205
2,4374.91,0.0212447,1210.42
3,4360.45,0.0244795,1704.94
4,2603.21,0.417611,2212.82
5,1151.56,0.742372,3019.44
