Iteration,Cost,Cost reduction,time (ms)
0,1.10408,0.877253,6.869
1,0.192652,0.978582,11.74
2,0.137647,0.984697,15.845
3,0.135639,0.98492,19.811
4,0.135639,0.98492,23.784
