Iteration,Cost,Cost reduction,time (ms)
0,4378.56,0.00147703,414.881
1,4339.92,0.0102889,815.065
2,4290.07,0.0216553,1212.52
3,4268.44,0.0265882,1713.9
4,3417.8,0.220576,2213.14
5,2203.87,0.497411,3089.46
