Iteration,Cost,Cost reduction,time (ms)
0,5650.47,0.00114491,152.452
1,5611.83,0.00797478,252.857
2,5561.77,0.0168236,357.243
3,5299.22,0.063237,475.882
4,4036.21,0.286503,594.655
5,2218.93,0.60775,806.273
