Iteration,Cost,Cost reduction,time (ms)
0,5793.66,0.00111645,179.072
1,5755.02,0.00777853,337.463
2,5705.18,0.0163707,506.586
3,5519.54,0.0483764,696.663
4,4593.27,0.208075,891.433
5,2573.72,0.556266,1080.93
