Iteration,Cost,Cost reduction,time (ms)
0,4455.48,0.00145136,411.242
1,4416.84,0.0101114,809.23
2,4367,0.0212809,1205.32
3,4328.41,0.0299294,1711.33
4,2502.23,0.439208,2252.38
5,2311.67,0.481916,2915.38
