Iteration,Cost,Cost reduction,time (ms)
0,102.009,0.210681,152.837
1,23.9065,0.815018,268.067
2,7.71196,0.940327,385.841
3,5.40871,0.958149,501.109
4,4.93629,0.961804,618.436
5,3.97837,0.969217,732.589
