Iteration,Cost,Cost reduction,time (ms)
0,140.943,0.207211,151.779
1,94.3014,0.469565,263.79
2,49.4702,0.721735,394.649
3,49.4702,0.721735,536.3
4,42.7041,0.759794,624.737
5,42.7041,0.759794,765.919
