Iteration,Cost,Cost reduction,time (ms)
0,31.5688,0.454993,155.595
1,31.5688,0.454993,264.641
2,31.5688,0.454993,340.234
3,31.5688,0.454993,416.479
4,31.5688,0.454993,493.525
5,31.5688,0.454993,569.555
