Iteration,Cost,Cost reduction,time (ms)
0,33.0575,0.280516,526.417
1,9.74626,0.787877,1119.88
2,6.22423,0.864532,1680.23
3,4.26936,0.907079,2217.14
4,3.96875,0.913622,2733.63
5,3.96875,0.913622,3251.62
