Iteration,Cost,Cost reduction,time (ms)
0,25.7239,0.404003,111.772
1,25.7239,0.404003,185.838
2,25.7239,0.404003,228.519
3,25.7239,0.404003,271.085
4,25.7239,0.404003,313.543
5,25.7239,0.404003,356.17
6,25.7239,0.404003,398.682
