Iteration,Cost,Cost reduction,time (ms)
0,32.6549,0.328625,100.257
1,9.03058,0.814334,170.161
2,9.03058,0.814334,237.981
3,9.03058,0.814334,284.179
4,9.03058,0.814334,333.123
5,9.03058,0.814334,379.517
