Iteration,Cost,Cost reduction,time (ms)
0,31.4062,0.227549,613.785
1,30.5119,0.249545,1209.02
2,15.2279,0.625463,1778.83
3,13.4673,0.668764,2371.5
4,10.0682,0.752367,2967.41
5,8.56913,0.789238,3545.22
