Iteration,Cost,Cost reduction,time (ms)
0,23.4961,0.432779,101.52
1,14.5739,0.64817,171.514
2,11.2067,0.729458,242.579
3,10.6467,0.742977,316.876
4,10.5151,0.746155,392.627
5,10.2889,0.751614,469.905
