Iteration,Cost,Cost reduction,time (ms)
0,27.513,0.296927,104.3
1,21.7557,0.444051,183.52
2,18.611,0.52441,268.252
3,17.2625,0.558871,354.826
4,11.4487,0.707438,448.255
5,10.0069,0.744282,539.438
