Iteration,Cost,Cost reduction,time (ms)
0,31.7474,0.308578,103.621
1,17.7637,0.613126,178.153
2,17.7637,0.613126,249.451
3,17.7417,0.613605,300.964
4,17.4227,0.620553,380.324
5,11.5249,0.749,462.197
