Iteration,Cost,Cost reduction,time (ms)
0,35.5727,0.790011,21.969
1,12.8333,0.924244,34.186
2,10.8981,0.935667,44.406
3,7.86177,0.953591,55.592
4,7.49103,0.95578,67.079
5,7.49103,0.95578,79.828
