Iteration,Cost,Cost reduction,time (ms)
0,116.827,0.311628,152.991
1,114.409,0.325878,261.394
2,61.0212,0.640449,370.822
3,29.9408,0.823582,493.38
4,27.0452,0.840644,611.67
5,27.0452,0.840644,739.367
