Iteration,Cost,Cost reduction,time (ms)
0,4284.9,0.0015091,144.89
1,4246.26,0.0105123,241.254
2,4196.38,0.022137,344.574
3,4180.51,0.0258346,466.989
4,2931.99,0.316772,602.284
5,2931.99,0.316772,746.655
