Iteration,Cost,Cost reduction,time (ms)
0,4606.09,0.00140587,133.79
1,4567.47,0.00977836,232.009
2,4517.41,0.0206327,336.07
3,4494.44,0.0256128,452.007
4,2785.03,0.396211,566.752
5,2785.03,0.396211,735.301
