Iteration,Cost,Cost reduction,time (ms)
0,81.6928,0.374397,151.217
1,79.9942,0.387405,259.382
2,75.2993,0.423358,378.849
3,68.2997,0.476961,507.168
4,56.9683,0.563737,650.305
5,49.69,0.619474,797.483
