Iteration,Cost,Cost reduction,time (ms)
0,5196.72,0.00124444,159.652
1,5158.08,0.00867004,260.386
2,5108.03,0.018289,364.395
3,5080.48,0.0235838,481.976
4,3443.14,0.338263,597.553
5,3029.05,0.417848,795.102
