Iteration,Cost,Cost reduction,time (ms)
0,76.2398,0.371609,157.114
1,76.2114,0.371842,266.326
2,70.5283,0.418684,382.377
3,40.1645,0.668952,509.413
4,38.3959,0.683529,645.792
5,38.3959,0.683529,781.479
