Iteration,Cost,Cost reduction,time (ms)
0,4942.79,0.00130905,145.737
1,4904.16,0.00911471,243.453
2,4854.1,0.0192297,346.445
3,4712.8,0.0477799,461.674
4,3482.83,0.296295,573.306
5,3006.18,0.392602,690.394
