Iteration,Cost,Cost reduction,time (ms)
0,8.62482,0.860277,138.821
1,4.82838,0.92178,245.604
2,4.82838,0.92178,368.362
3,4.82838,0.92178,461.412
4,4.82838,0.92178,554.275
5,4.82838,0.92178,643.115
6,4.82838,0.92178,729.006
