Iteration,Cost,Cost reduction,time (ms)
0,134.38,0.235362,234.064
1,47.448,0.730017,476.489
2,39.2091,0.776896,676.169
3,37.7643,0.785118,878.697
4,23.6493,0.865433,1096.8
5,11.1907,0.936324,1313.39
