Iteration,Cost,Cost reduction,time (ms)
0,35.1244,0.113491,107.776
1,26.3049,0.336088,181.94
2,26.0035,0.343693,252.925
3,13.576,0.657353,321.706
4,7.02327,0.822739,429.191
5,7.02327,0.822739,491.042
6,7.02327,0.822739,530.133
