Iteration,Cost,Cost reduction,time (ms)
0,4642.65,0.00139314,143.653
1,4604.02,0.00970286,242.996
2,4554.14,0.0204325,348.131
3,4498.31,0.0324404,468.697
4,3109.41,0.331184,596.921
5,2307.83,0.503601,754.98
