Iteration,Cost,Cost reduction,time (ms)
0,33.8837,0.281861,103.666
1,23.8959,0.493545,178.048
2,14.1393,0.700328,251.232
3,5.02903,0.893414,328.882
4,5.02903,0.893414,407.559
5,4.87134,0.896756,461.146
