Iteration,Cost,Cost reduction,time (ms)
0,23.9998,0.369286,107.519
1,19.4894,0.487819,182.554
2,19.4894,0.487819,258.443
3,19.4894,0.487819,308.571
4,19.4894,0.487819,359.198
5,19.4894,0.487819,411.019
