Iteration,Cost,Cost reduction,time (ms)
0,4877.63,0.00134255,131.823
1,4839.77,0.00909411,229.043
2,4790.43,0.0191962,330.944
3,3883.64,0.204855,439.255
4,3355.74,0.312937,548.274
5,2630.71,0.461381,656.758
