Iteration,Cost,Cost reduction,time (ms)
0,30.573,0.315493,102.143
1,19.8028,0.55663,175.373
2,19.5384,0.562548,248.406
3,17.4173,0.610039,325.684
4,13.7982,0.691068,404.754
5,7.27258,0.837172,483.464
