Iteration,Cost,Cost reduction,time (ms)
0,5232.39,0.00125183,132.591
1,5194.53,0.0084784,228.786
2,5145.19,0.0178964,330.118
3,4186.54,0.200882,437.702
4,1696.01,0.676269,546.607
5,1696.01,0.676269,650.869
