Iteration,Cost,Cost reduction,time (ms)
0,4179.69,0.00154782,140.347
1,4141.06,0.0107763,239.495
2,4091.16,0.0226955,343.606
3,4072.37,0.0271848,466.398
4,3082.68,0.263605,605.742
5,2215.56,0.470744,776.086
