Iteration,Cost,Cost reduction,time (ms)
0,64.4462,0.193076,148.667
1,21.9934,0.724623,257.259
2,4.22015,0.94716,370.655
3,1.91926,0.975969,490.785
4,1.52901,0.980855,619.142
5,1.47088,0.981583,748.728
