Iteration,Cost,Cost reduction,time (ms)
0,25.203,0.384884,103.264
1,21.0518,0.4862,176.52
2,21.0518,0.4862,249.501
3,20.897,0.489978,301.857
4,18.8353,0.540298,381.318
5,7.06607,0.827542,461.574
