Iteration,Cost,Cost reduction,time (ms)
0,97.6971,0,127.259
1,97.6971,0,164.543
2,97.6971,0,187.845
3,97.6971,0,213.219
4,97.6971,0,228.866
5,97.6971,0,246.339
6,85.0011,0.129952,266.423
7,71.2028,0.271188,283.231
8,71.2028,0.271188,315.189
