Iteration,Cost,Cost reduction,time (ms)
0,4540.32,0.00142393,179.507
1,4501.68,0.00992252,339.251
2,4451.84,0.0208821,508.731
3,4406.8,0.0307888,695.206
4,2922.57,0.357223,891.093
5,2179.79,0.520587,1103.98
