Iteration,Cost,Cost reduction,time (ms)
0,5033.13,0.00128491,149.891
1,4994.49,0.00895147,248.373
2,4944.61,0.0188496,354.945
3,4877.92,0.0320839,476.168
4,2691.72,0.465887,598.401
5,2601.63,0.483763,847.378
