Iteration,Cost,Cost reduction,time (ms)
0,27.6283,0.315611,104.408
1,15.8718,0.606833,176.651
2,10.6189,0.736955,248.068
3,10.6189,0.736955,320.034
4,5.19331,0.871355,368.386
5,4.40921,0.890778,441.871
