Iteration,Cost,Cost reduction,time (ms)
0,5366.52,0.00120574,136.428
1,5327.88,0.00839585,234.472
2,5277.99,0.0176815,338.762
3,4576.48,0.148245,460.292
4,3011.92,0.439434,583.774
5,1643.07,0.694198,735.648
