Iteration,Cost,Cost reduction,time (ms)
0,17.9088,0.612637,565.358
1,17.9088,0.612637,1130.71
2,17.9088,0.612637,1220.75
3,17.9088,0.612637,1287.07
4,17.9088,0.612637,1336.77
5,17.9088,0.612637,1383.77
