Iteration,Cost,Cost reduction,time (ms)
0,23.7174,0.400081,188.404
1,15.9975,0.595351,358.667
2,10.0694,0.7453,529.12
3,9.86388,0.750498,695.414
4,9.59344,0.757338,861.534
5,9.59344,0.757338,1027.56
