Iteration,Cost,Cost reduction,time (ms)
0,21.0899,0.428591,2137.26
1,15.0277,0.592841,4264.61
2,13.244,0.641168,6418.82
3,13.0946,0.645215,8580.38
4,11.2751,0.694513,10749
5,11.0974,0.699329,12957.5
6,10.4259,0.717522,15181.3
7,10.4259,0.717522,17390
