Iteration,Cost,Cost reduction,time (ms)
0,4319.24,0.00149735,413.356
1,4280.6,0.0104301,807.891
2,4230.75,0.0219525,1205.58
3,4136.57,0.0437265,1708.7
4,2326.17,0.462247,2290.98
5,1415.91,0.672676,2827.8
