Iteration,Cost,Cost reduction,time (ms)
0,29.1721,0.39418,104.176
1,17.432,0.637987,175.326
2,17.432,0.637987,247.003
3,16.6146,0.654962,295.13
4,16.6146,0.654962,371.788
5,16.0723,0.666224,423.912
