Iteration,Cost,Cost reduction,time (ms)
0,30.2935,0.318271,109.686
1,27.7079,0.376458,189.83
2,24.4248,0.450341,273.675
3,22.7389,0.488282,361.445
4,19.3342,0.564902,445.944
5,14.3528,0.677002,538.313
