Iteration,Cost,Cost reduction,time (ms)
0,59.1787,0.367656,217.349
1,33.0479,0.646873,418.818
2,25.7674,0.724667,623.333
3,25.7674,0.724667,825.987
4,25.7674,0.724667,909.34
5,23.4034,0.749927,989.462
