Iteration,Cost,Cost reduction,time (ms)
0,116.745,0.16336,589.9
1,45.788,0.671865,1205.52
2,12.9796,0.906983,1808.83
3,12.633,0.909467,2377.53
4,10.9243,0.921712,2944.79
5,10.9243,0.921712,3501.16
