Iteration,Cost,Cost reduction,time (ms)
0,25.708,0.36782,107.658
1,11.4531,0.71836,187.473
2,10.53,0.741059,276.309
3,7.76597,0.809029,367.068
4,4.56334,0.887784,466.043
5,4.54388,0.888263,568.659
