Iteration,Cost,Cost reduction,time (ms)
0,27.5923,0.321176,186.235
1,13.0343,0.679332,383.777
2,8.958,0.779616,589.074
3,8.958,0.779616,789.851
4,7.62799,0.812337,872.199
5,6.59304,0.837799,1050.68
