Iteration,Cost,Cost reduction,time (ms)
0,5815.85,0.00111239,179.125
1,5777.21,0.00774901,335.472
2,5727.37,0.0163094,503.859
3,4945.58,0.150584,694.508
4,3214.3,0.447935,909.502
5,2812.42,0.516959,1115.01
