Iteration,Cost,Cost reduction,time (ms)
0,4498.31,0.00143716,176.722
1,4459.67,0.010015,336.067
2,4409.84,0.0210763,505.093
3,3785.88,0.159586,695.857
4,1465.18,0.674749,913.87
5,1342.39,0.702008,1108.04
