Iteration,Cost,Cost reduction,time (ms)
0,38.136,0.280606,541.246
1,27.0226,0.490249,1102.3
2,14.1114,0.733804,1632.98
3,11.3626,0.785656,2178.96
4,11.3626,0.785656,2718.67
5,11.3626,0.785656,2804.77
