Iteration,Cost,Cost reduction,time (ms)
0,101.773,0.305412,220.262
1,78.3679,0.465149,428.638
2,36.6706,0.749728,632.845
3,19.3232,0.868122,842.084
4,10.9306,0.9254,1046.98
5,10.9306,0.9254,1233.51
