Iteration,Cost,Cost reduction,time (ms)
0,31.3893,0.322758,105.949
1,14.6187,0.684594,182.518
2,13.9445,0.69914,259.898
3,13.7363,0.703632,341.014
4,8.94078,0.807098,429.941
5,8.94078,0.807098,504.766
