Iteration,Cost,Cost reduction,time (ms)
0,21.7173,0.443499,560.806
1,9.12335,0.766216,1078.16
2,8.87814,0.772499,1598.26
3,8.87814,0.772499,2111.88
4,8.3547,0.785912,2204.07
5,8.3547,0.785912,2715.31
