Iteration,Cost,Cost reduction,time (ms)
0,109.66,0.0498172,184.802
1,62.4981,0.458468,309.306
2,27.1552,0.764706,426.725
3,11.6637,0.898937,553.348
4,11.6637,0.898937,686.253
5,11.6637,0.898937,791.284
