Iteration,Cost,Cost reduction,time (ms)
0,4642.58,0.00141019,130.529
1,4604.72,0.00955376,226.779
2,4555.39,0.0201654,329.897
3,3679.05,0.208661,438.894
4,3310.92,0.287842,549.479
5,2761.61,0.405995,663.07
