Iteration,Cost,Cost reduction,time (ms)
0,28.6788,0.306267,105.395
1,16.5072,0.600696,179.527
2,15.9672,0.613759,254.026
3,15.9672,0.613759,328.529
4,15.5561,0.623703,382.078
5,14.4993,0.649267,462.277
