Iteration,Cost,Cost reduction,time (ms)
0,34.4719,0.242569,107.098
1,34.4719,0.242569,183.583
2,34.4719,0.242569,231.551
3,34.4719,0.242569,279.391
4,34.4719,0.242569,324.055
5,34.4719,0.242569,370.116
