Iteration,Cost,Cost reduction,time (ms)
0,5548.05,0.00118035,131.043
1,5510.19,0.00799639,227.659
2,5460.85,0.0168787,329.652
3,4486.12,0.19236,438.182
4,4048.85,0.271083,548.482
5,3392.92,0.38917,661.752
