Iteration,Cost,Cost reduction,time (ms)
0,41.2182,0.102412,529.284
1,19.016,0.585898,1085.89
2,12.7725,0.72186,1599.42
3,9.81048,0.786362,2111.17
4,9.81048,0.786362,2592.07
5,9.42956,0.794657,2685.21
