Iteration,Cost,Cost reduction,time (ms)
0,78.1089,0.340508,562.584
1,48.5662,0.589944,1068.4
2,43.1864,0.635367,1612.89
3,42.2011,0.643686,2163.06
4,41.8767,0.646425,2699.56
5,33.5434,0.716785,3233.76
