Iteration,Cost,Cost reduction,time (ms)
0,78.3954,0.288396,162.293
1,61.7996,0.439038,276.958
2,19.4304,0.823629,394.383
3,18.0242,0.836393,513.999
4,17.5544,0.840657,638.88
5,17.5544,0.840657,761.355
