Iteration,Cost,Cost reduction,time (ms)
0,43.7659,0.425294,145.147
1,13.1431,0.827413,249.583
2,6.93387,0.908949,358.811
3,1.61251,0.978826,467.262
4,1.61251,0.978826,575.543
5,1.52141,0.980022,652.231
