Iteration,Cost,Cost reduction,time (ms)
0,35.8013,0.166412,177.994
1,17.0379,0.603295,362.463
2,9.9705,0.76785,534.601
3,9.9705,0.76785,697.737
4,9.20647,0.785639,761.3
5,9.20647,0.785639,916.202
