Iteration,Cost,Cost reduction,time (ms)
0,58.6611,0.0182506,141.143
1,22.6608,0.62075,240.961
2,16.6935,0.720619,358.137
3,10.6898,0.821096,469.848
4,6.19896,0.896255,579.639
5,2.79702,0.953189,689.729
