Iteration,Cost,Cost reduction,time (ms)
0,4780.52,0,122.968
1,4780.52,0,167.693
2,4780.19,6.82926e-05,214.413
3,4780.19,6.82926e-05,317.935
4,4780.19,6.82926e-05,365.901
5,4780.19,6.82926e-05,413.004
