Iteration,Cost,Cost reduction,time (ms)
0,4877.62,0.00134235,126.531
1,4839.76,0.00909402,218.573
2,4790.42,0.0191953,310.608
3,3892.43,0.203051,406.157
4,3499.09,0.283586,504.241
5,2912.86,0.403612,604.336
6,1817.61,0.627858,704.073
7,1815.3,0.628329,802.493
