Iteration,Cost,Cost reduction,time (ms)
0,27.6261,0.364998,117.002
1,21.4764,0.506353,189.035
2,21.4764,0.506353,265.58
3,21.3713,0.508769,314.89
4,17.4642,0.598575,394.592
5,10.1671,0.766303,481.973
