Iteration,Cost,Cost reduction,time (ms)
0,31.1643,0.352427,187.162
1,19.9631,0.58518,367.864
2,10.9307,0.772868,554.655
3,9.12459,0.810397,742.528
4,9.12459,0.810397,929.033
5,8.16846,0.830265,1001.92
