Iteration,Cost,Cost reduction,time (ms)
0,111.619,0.341242,150.987
1,8.09227,0.952241,259.986
2,8.09227,0.952241,366.719
3,7.98126,0.952896,444.516
4,6.53866,0.96141,558.881
5,6.53866,0.96141,675.389
