Iteration,Cost,Cost reduction,time (ms)
0,574.253,0.443823,13.157
1,284.215,0.724732,23.272
2,284.215,0.724732,30.405
3,158.495,0.846494,39.737
4,158.495,0.846494,47.006
5,158.495,0.846494,56.1
6,158.495,0.846494,67.511
