Iteration,Cost,Cost reduction,time (ms)
0,7.753087436846476,0.0,30.742406845092773
1,7.668289573116262,0.010937302645035785,222.19324111938477
