Iteration,Cost,Cost reduction,time (ms)
0,44.3008,0.342947,797.207
1,44.3008,0.342947,1551.02
2,44.3008,0.342947,2018.32
3,44.3008,0.342947,2503.77
4,44.3008,0.342947,2975.13
