Iteration,Cost,Cost reduction,time (ms)
0,15.961,0.649363,103.868
1,15.961,0.649363,224.56
2,15.961,0.649363,315.384
3,15.961,0.649363,406.401
4,15.961,0.649363,497.204
5,15.961,0.649363,581.647
6,15.961,0.649363,644.104
