Iteration,Cost,Cost reduction,time (ms)
0,169.062,0.0475014,209.365
1,38.1331,0.785157,413.039
2,31.9595,0.81994,625.303
3,26.358,0.851498,839.274
4,21.9311,0.87644,1053.09
5,21.9311,0.87644,1263.7
