Iteration,Cost,Cost reduction,time (ms)
0,49.6505,0.27129,868.249
1,40.7986,0.401208,1704.51
2,40.7986,0.401208,2671.76
3,39.7233,0.416989,3158.6
4,36.6865,0.46156,4034.07
5,31.1267,0.54316,5000.54
6,24.7797,0.636314,6046.81
7,22.5856,0.668516,7154.32
8,19.6084,0.712211,8257.41
9,14.6073,0.785612,9355.45
