Iteration,Cost,Cost reduction,time (ms)
0,129.326,0.843293,6.678
1,11.9735,0.985491,11.524
2,4.88228,0.994084,15.995
3,4.26392,0.994833,20.469
4,4.26392,0.994833,24.51
