Iteration,Cost,Cost reduction,time (ms)
0,5041.42,0.00128301,180.154
1,5002.78,0.00893781,338.792
2,4952.94,0.0188113,506.856
3,4255.38,0.156999,696.285
4,1640.58,0.674998,912.068
5,1583.12,0.68638,1115.36
