Iteration,Cost,Cost reduction,time (ms)
0,4953.09,0.00132168,131.031
1,4915.23,0.00895551,227.757
2,4865.89,0.0189031,328.917
3,3977.99,0.197928,436.36
4,3693.85,0.255219,547.432
5,2975.09,0.400139,658.14
