Iteration,Cost,Cost reduction,time (ms)
0,36.2089,0.313509,223.95
1,15.6895,0.70254,436.529
2,7.2114,0.863278,649.287
3,4.55405,0.913659,861.807
4,2.29102,0.956564,1074.82
5,2.29102,0.956564,1296.88
