Iteration,Cost,Cost reduction,time (ms)
0,76.4863,0.408102,179.559
1,21.9913,0.829818,290.946
2,18.2424,0.858829,451.088
3,17.5927,0.863857,567.124
4,17.5927,0.863857,673.469
5,17.5927,0.863857,731.835
6,17.5927,0.863857,790.149
