Iteration,Cost,Cost reduction,time (ms)
0,1.48702,0.803425,7.106
1,0.409624,0.94585,11.489
2,0.262941,0.965241,15.822
3,0.242709,0.967915,20.303
4,0.234502,0.969,24.579
5,0.233985,0.969069,28.888
