Iteration,Cost,Cost reduction,time (ms)
0,4463.3,0.00146671,132.284
1,4425.43,0.00993693,228.268
2,4376.1,0.0209737,329.424
3,3521.94,0.212068,436.981
4,3186.87,0.28703,550.281
5,2700.14,0.395922,661.49
