Iteration,Cost,Cost reduction,time (ms)
0,33.9163,0.263788,570.002
1,15.708,0.659032,1177.32
2,11.969,0.740192,1801.2
3,6.28524,0.863568,2407.09
4,4.99729,0.891525,2989.44
5,3.82399,0.916994,3572.65
