Iteration,Cost,Cost reduction,time (ms)
0,27.9259,0.37175,105.675
1,6.04991,0.863895,181.677
2,6.04991,0.863895,258.018
3,6.04991,0.863895,306.206
4,6.04991,0.863895,354.944
5,6.04991,0.863895,403.55
