Iteration,Cost,Cost reduction,time (ms)
0,5.76099,0,6.208
1,5.76099,0,9.176
2,5.24369,0.0897943,12.913
3,5.24369,0.0897943,16.749
4,5.24369,0.0897943,19.815
