Iteration,Cost,Cost reduction,time (ms)
0,29.1863,0.322539,113.035
1,24.0522,0.441709,190.25
2,20.7969,0.517269,268.415
3,10.1132,0.765255,350.638
4,9.36931,0.782523,446.947
5,9.14344,0.787766,545.155
