Iteration,Cost,Cost reduction,time (ms)
0,26.7922,0.328758,194.208
1,14.5671,0.63504,386.348
2,12.7493,0.680584,566.267
3,6.86015,0.828128,744.92
4,4.67271,0.882932,932.906
5,4.67271,0.882932,1121.19
