Iteration,Cost,Cost reduction,time (ms)
0,27.0971,0.3105,102.932
1,14.7093,0.625715,174.098
2,11.722,0.701729,248.787
3,11.722,0.701729,321.071
4,10.1079,0.7428,371.747
5,8.0075,0.796245,448.315
