Iteration,Cost,Cost reduction,time (ms)
0,30.0244,0.307653,111.223
1,27.1605,0.373693,189.793
2,26.2157,0.395479,266.07
3,26.2157,0.395479,339.921
4,23.2989,0.462739,392.102
5,21.0496,0.514606,470.733
6,16.7063,0.614761,548.044
7,15.9126,0.633065,623.736
8,14.4901,0.665865,704.665
9,10.1871,0.765091,785.801
