Iteration,Cost,Cost reduction,time (ms)
0,32.5772,0.309921,110.809
1,14.9442,0.683438,191.029
2,5.56003,0.882223,274.502
3,5.56003,0.882223,367.132
4,5.25984,0.888581,421.059
5,5.25984,0.888581,514.13
