Iteration,Cost,Cost reduction,time (ms)
0,4456.73,0.00146896,130.475
1,4418.87,0.0099516,227.351
2,4369.53,0.0210057,329.819
3,3518.96,0.211575,437.924
4,3148.87,0.294495,547.64
5,2669.36,0.40193,660.275
