Iteration,Cost,Cost reduction,time (ms)
0,4509.99,0.00143359,178.526
1,4471.35,0.00998921,337.223
2,4421.52,0.0210228,505.702
3,4183.76,0.0736651,695.494
4,3708.64,0.178862,899.933
5,2263.89,0.498747,1108.15
