Iteration,Cost,Cost reduction,time (ms)
0,26.8104,0.319246,109.53
1,23.9139,0.392792,188.167
2,22.6314,0.425356,268.032
3,21.2542,0.460325,350.575
4,20.9881,0.467082,435.103
5,20.1547,0.488243,518.361
