Iteration,Cost,Cost reduction,time (ms)
0,0.805195,0,45.113
1,0.805195,0,63.36
2,0.805195,0,78.379
3,0.805195,0,84.946
4,0.805195,0,92.664
5,0.775402,0.0370011,98.989
6,0.763069,0.0523182,108.877
7,0.748132,0.0708696,119.985
8,0.74375,0.076311,130.801
