Iteration,Cost,Cost reduction,time (ms)
0,4559.12,0.00141906,140.284
1,4520.48,0.00988068,239.323
2,4470.59,0.0208089,344.257
3,3828.89,0.16136,465.868
4,2314.35,0.49309,590.105
5,1094.72,0.760225,743.509
