Iteration,Cost,Cost reduction,time (ms)
0,82.9922,0.374302,210.38
1,73.8735,0.44305,417.285
2,38.2425,0.711681,625.413
3,38.2425,0.711681,819.482
4,34.2397,0.741858,901.586
5,34.2397,0.741858,1098.07
