Iteration,Cost,Cost reduction,time (ms)
0,83.2351,0.192985,608.216
1,31.0497,0.698955,1207.54
2,25.3009,0.754693,1783.7
3,15.7985,0.846824,2361.04
4,14.3885,0.860494,2951.79
5,13.8155,0.86605,3563.38
