Iteration,Cost,Cost reduction,time (ms)
0,4454.9,0.00145151,178.363
1,4416.26,0.0101127,336.915
2,4366.42,0.0212835,505.528
3,4306.9,0.0346258,694.106
4,3479.28,0.220133,898.417
5,2723.38,0.389565,1130.21
