Iteration,Cost,Cost reduction,time (ms)
0,65.9511,0.412591,150.587
1,53.2313,0.525882,261.992
2,50.8821,0.546806,374.723
3,43.5618,0.612006,498.146
4,26.4074,0.764796,616.705
5,26.4074,0.764796,751.382
