Iteration,Cost,Cost reduction,time (ms)
0,5562.87,0.00116338,139.047
1,5524.24,0.00809995,238.403
2,5474.35,0.0170591,342.742
3,5453.86,0.0207381,463.208
4,2995.15,0.462209,594.795
5,2774.44,0.501837,743.369
