Iteration,Cost,Cost reduction,time (ms)
0,47.3979,0.171046,6.826
1,30.9485,0.458734,11.449
2,3.17287,0.944509,16.103
3,1.67722,0.970667,20.692
4,1.16139,0.979688,25.774
5,0.792899,0.986133,30.488
6,0.569745,0.990036,34.77
7,0.516907,0.99096,39.162
8,0.516907,0.99096,43.438
