Iteration,Cost,Cost reduction,time (ms)
0,3.53203,0.607323,27.387
1,3.53203,0.607323,46.855
2,2.25192,0.749641,60.384
3,1.23257,0.862968,85.793
4,1.23257,0.862968,101.817
5,1.23257,0.862968,113.315
6,0.729566,0.91889,123.842
7,0.729566,0.91889,138.979
