Iteration,Cost,Cost reduction,time (ms)
0,61.484,0.394654,149.684
1,51.9689,0.488335,257.879
2,29.7746,0.706852,373.689
3,27.5382,0.72887,498.355
4,25.2175,0.751718,631.822
5,20.2986,0.800148,770.749
