Iteration,Cost,Cost reduction,time (ms)
0,81.0867,0.228383,165.037
1,43.2102,0.588814,306.663
2,38.2994,0.635545,440.029
3,23.1905,0.77932,585.714
4,23.1905,0.77932,755.998
5,18.0775,0.827976,844.109
