Iteration,Cost,Cost reduction,time (ms)
0,5033.07,0.00130123,132.068
1,4995.21,0.00881367,231.015
2,4945.87,0.018604,332.574
3,4018.78,0.202564,439.948
4,2612.11,0.481686,548.347
5,2612.11,0.481686,653.692
