Iteration,Cost,Cost reduction,time (ms)
0,68.6882,0.342024,154.75
1,65.1387,0.376025,267.337
2,55.7272,0.466179,387.202
3,54.0306,0.482432,513.012
4,45.8881,0.56043,640.068
5,20.0155,0.808268,771.898
