Iteration,Cost,Cost reduction,time (ms)
0,4583.04,0.00142868,131.33
1,4545.18,0.00967781,229.63
2,4495.84,0.0204284,331.476
3,3619.64,0.211339,439.436
4,3120.07,0.320187,547.93
5,2666.95,0.418913,659.063
