Iteration,Cost,Cost reduction,time (ms)
0,29.1894,0.333907,596.201
1,25.8095,0.411035,1160.84
2,25.3107,0.422418,1698.36
3,23.2067,0.47043,2237.29
4,13.7841,0.68545,2759.17
5,9.62156,0.780439,3242.68
