Iteration,Cost,Cost reduction,time (ms)
0,30.4694,0.362072,186.887
1,17.4877,0.633866,362.329
2,17.0644,0.642728,534.389
3,15.4647,0.676221,704.09
4,10.9703,0.770318,877.185
5,6.76653,0.858332,1059.71
