Iteration,Cost,Cost reduction,time (ms)
0,53.9436,0.0311894,137.237
1,6.67478,0.880123,236.554
2,3.51887,0.936802,341.035
3,2.51163,0.954892,449.912
4,2.16167,0.961177,559.065
5,2.16167,0.961177,666.575
