Iteration,Cost,Cost reduction,time (ms)
0,71.2935,0.11405,146.07
1,36.7138,0.543765,254.313
2,19.3559,0.759468,370.951
3,3.87378,0.951861,488.632
4,1.90927,0.976274,606.998
5,1.87782,0.976665,725.457
6,1.76223,0.978101,845.887
7,1.76223,0.978101,965.019
