Iteration,Cost,Cost reduction,time (ms)
0,11.8378,0.779589,158.516
1,10.7785,0.799312,294.993
2,10.7785,0.799312,435.262
3,10.4311,0.80578,523.088
4,9.87358,0.816161,665.498
5,9.87358,0.816161,814.307
