Iteration,Cost,Cost reduction,time (ms)
0,5650.46,0.00114469,409.218
1,5611.82,0.00797542,802.155
2,5561.98,0.0167849,1198.05
3,5534,0.0217319,1697.18
4,4168.39,0.263135,2237.48
5,2115.12,0.6261,2999.56
6,1296.71,0.770774,3597.61
7,816.757,0.855618,4199.13
8,816.757,0.855618,4867.21
