Iteration,Cost,Cost reduction,time (ms)
0,61.2662,0.405704,158.105
1,42.7106,0.585697,269.052
2,42.7106,0.585697,402.39
3,42.7106,0.585697,485.51
4,42.7106,0.585697,588.211
5,9.41688,0.908654,680.979
