Iteration,Cost,Cost reduction,time (ms)
0,49.0921,0.239378,591.488
1,16.7915,0.739836,1167.82
2,6.28624,0.902602,1700.24
3,6.28624,0.902602,2237.59
4,6.28624,0.902602,2328.47
5,6.28624,0.902602,2404.88
