Iteration,Cost,Cost reduction,time (ms)
0,4378.55,0.00147739,134.557
1,4339.91,0.0102875,232.291
2,4290.02,0.0216652,336.356
3,3663.74,0.164488,457.492
4,2576.87,0.412348,582.525
5,1700.5,0.612203,734.203
