Iteration,Cost,Cost reduction,time (ms)
0,155.573,0.131183,590.352
1,61.1337,0.658592,1194.45
2,50.0224,0.720644,1758.33
3,41.6417,0.767447,2350.54
4,41.6417,0.767447,2943.98
5,41.6417,0.767447,3038.05
