Iteration,Cost,Cost reduction,time (ms)
0,4455.38,0.00146911,130.947
1,4417.52,0.00995445,228.506
2,4368.18,0.0210118,329.122
3,3532.48,0.208308,437.248
4,3267.39,0.267719,548.904
5,2669.8,0.40165,658.973
