Iteration,Cost,Cost reduction,time (ms)
0,36.1032,0.170023,102.32
1,36.1032,0.170023,331.402
2,22.6034,0.48037,527.822
3,22.6034,0.48037,609.732
4,22.6034,0.48037,653.427
5,22.6034,0.48037,697.117
6,22.6034,0.48037,740.486
