Iteration,Cost,Cost reduction,time (ms)
0,5488.61,0.00117855,180.734
1,5449.97,0.00821042,336.881
2,5400.13,0.0172802,505.653
3,4654.47,0.152977,695.809
4,2100.1,0.617822,911.718
5,1880.09,0.65786,1112.85
