Iteration,Cost,Cost reduction,time (ms)
0,21.9537,0.779573,19.148
1,12.1341,0.878167,29.47
2,12.1341,0.878167,38.109
3,10.4311,0.895266,43.323
4,9.74649,0.90214,54.099
5,8.89094,0.91073,64.722
6,8.73269,0.912319,76.03
7,8.22672,0.917399,87.694
8,8.09066,0.918765,98.971
9,8.09066,0.918765,108.646
