Iteration,Cost,Cost reduction,time (ms)
0,91.1682,0.326187,579.853
1,72.9344,0.460951,1118.08
2,68.7384,0.491963,1651.35
3,44.6679,0.669865,2207.39
4,44.6679,0.669865,2751.8
5,44.6679,0.669865,2839.66
