Iteration,Cost,Cost reduction,time (ms)
0,5011.61,0.00130679,133.78
1,4973.75,0.00885135,229.898
2,4924.41,0.0186835,330.861
3,4004.23,0.202053,437.993
4,2646,0.472717,546.164
5,2646,0.472717,650.818
