Iteration,Cost,Cost reduction,time (ms)
0,92.6697,0.0580404,136.98
1,25.3715,0.742106,236.499
2,14.9388,0.848152,346.893
3,10.556,0.892702,464.431
4,10.0951,0.897386,583.631
5,9.65864,0.901823,702.163
