Iteration,Cost,Cost reduction,time (ms)
0,55.4094,0.00257298,146.232
1,17.8276,0.679085,258.778
2,12.1973,0.780437,385.905
3,5.09796,0.908231,515.403
4,5.09796,0.908231,650.259
5,4.24013,0.923673,740.091
