Iteration,Cost,Cost reduction,time (ms)
0,55.3446,0.217411,813.454
1,48.2726,0.317411,1571.31
2,32.5707,0.53944,2464.86
3,29.8177,0.578369,3358.03
4,29.8177,0.578369,4386.89
