Iteration,Cost,Cost reduction,time (ms)
0,114.354,0.0697064,138.253
1,33.8572,0.724565,238.098
2,23.5097,0.808743,353.149
3,11.8118,0.903908,463.453
4,11.8118,0.903908,572.916
5,8.82351,0.928219,653.963
