Iteration,Cost,Cost reduction,time (ms)
0,27.1886,0.37572,186.01
1,14.2177,0.673546,364.926
2,7.79742,0.820962,551.196
3,7.04214,0.838305,727.233
4,4.7614,0.890673,903.824
5,3.97897,0.908638,1081.4
