Iteration,Cost,Cost reduction,time (ms)
0,4319.22,0.001497,179.199
1,4280.58,0.0104299,338.168
2,4230.75,0.0219508,506.863
3,4069.47,0.0592337,697.829
4,3171.79,0.266757,885.187
5,1801.14,0.583619,1072.4
