Iteration,Cost,Cost reduction,time (ms)
0,31.8608,0.306597,105.85
1,17.5603,0.617826,180.934
2,17.5603,0.617826,250.83
3,17.5603,0.617826,301.446
4,17.5092,0.61894,354.445
5,17.3088,0.623301,433.077
