Iteration,Cost,Cost reduction,time (ms)
0,37.5193,0.137869,109.328
1,37.5193,0.137869,185.17
2,37.5193,0.137869,229.996
3,37.5193,0.137869,275.761
4,37.5193,0.137869,322.616
5,37.5193,0.137869,367.138
