Iteration,Cost,Cost reduction,time (ms)
0,71.4674,0.0121304,147.635
1,37.6457,0.479636,253.938
2,2.6701,0.963092,365.768
3,2.47195,0.965831,481.42
4,2.47195,0.965831,594.273
5,2.47195,0.965831,666.951
