Iteration,Cost,Cost reduction,time (ms)
0,4642.59,0.00141042,130.151
1,4604.73,0.00955385,227.577
2,4555.39,0.0201667,330.513
3,3670.27,0.210551,438.486
4,3165.8,0.319059,546.317
5,1934.47,0.58391,655.957
