Iteration,Cost,Cost reduction,time (ms)
0,4665.25,0.00138619,414.488
1,4626.61,0.00965741,812.647
2,4576.77,0.0203254,1208.33
3,4536.42,0.0289623,1710.88
4,3400.7,0.272068,2253.77
5,1701.12,0.635868,2912.61
