Iteration,Cost,Cost reduction,time (ms)
0,4257.04,0.00153817,133.103
1,4219.18,0.0104179,229.619
2,4169.84,0.0219903,331.353
3,3320.8,0.221126,439.311
4,1383.2,0.675579,548.951
5,1341.26,0.685416,656.339
