Iteration,Cost,Cost reduction,time (ms)
0,5548.13,0.00116573,414.189
1,5509.49,0.00812231,810.258
2,5459.65,0.0170939,1206.66
3,5443.94,0.0199226,1711.07
4,3868.27,0.303592,2204.22
5,2383.84,0.570835,3125.58
