Iteration,Cost,Cost reduction,time (ms)
0,5621.8,0.00116465,129.883
1,5583.94,0.00789148,225.841
2,5534.61,0.0166572,327.511
3,4581.72,0.185958,435.424
4,4273.31,0.240755,547.976
5,3522.67,0.37412,657.154
