Iteration,Cost,Cost reduction,time (ms)
0,59.2562,0.18396,144.8
1,35.0467,0.517359,249.187
2,31.1093,0.571583,360.895
3,25.3839,0.650429,481.988
4,9.8158,0.864823,603.621
5,6.50675,0.910393,767.834
