Iteration,Cost,Cost reduction,time (ms)
0,29.2069,0.294925,103.422
1,18.0629,0.563949,175.801
2,16.6372,0.598368,251.664
3,15.1872,0.633371,329.638
4,8.16478,0.802896,409.383
5,6.913,0.833115,488.986
