Iteration,Cost,Cost reduction,time (ms)
0,4179.67,0.00154722,146.819
1,4141.03,0.010776,244.234
2,4091.15,0.0226924,349.369
3,4038.63,0.0352384,470.584
4,2712.79,0.351958,597.85
5,2301.12,0.450301,756.382
