Iteration,Cost,Cost reduction,time (ms)
0,70.5688,0.219488,541.163
1,42.1425,0.533891,1096.74
2,38.8883,0.569885,1600.72
3,20.7866,0.770095,2127.68
4,20.7866,0.770095,2684.9
5,20.7866,0.770095,2776.46
