Iteration,Cost,Cost reduction,time (ms)
0,4455.46,0.00145131,138.733
1,4416.82,0.01011,236.385
2,4366.78,0.021327,339.692
3,4164.65,0.0666269,454.232
4,2996.18,0.328502,571.661
5,2776.59,0.377716,744.109
