Iteration,Cost,Cost reduction,time (ms)
0,5807.64,0.00111377,413.119
1,5769,0.00775982,813.398
2,5719.16,0.0163314,1210.22
3,5676.3,0.0237027,1715.07
4,4024.8,0.307753,2251.48
5,3520.01,0.394574,3065.33
