Iteration,Cost,Cost reduction,time (ms)
0,1.26956,0.924477,17.645
1,0.221302,0.986835,30.238
2,0.0982232,0.994157,42.612
3,0.0804982,0.995211,55.099
4,0.0763782,0.995456,67.683
5,0.0751652,0.995529,79.947
6,0.0746952,0.995557,91.914
