Iteration,Cost,Cost reduction,time (ms)
0,5768.54,0.00112131,150.012
1,5729.91,0.00781132,249.032
2,5679.86,0.016478,353.006
3,5446.38,0.0569069,466.764
4,4391.93,0.239495,584.099
5,3515.9,0.391189,750.22
