Iteration,Cost,Cost reduction,time (ms)
0,24.8702,0.373484,103.124
1,24.8702,0.373484,173.063
2,23.2476,0.41436,222.437
3,23.2476,0.41436,294.651
4,22.7618,0.426598,346.07
5,10.5048,0.735369,424.339
