Iteration,Cost,Cost reduction,time (ms)
0,24.4001,0.391819,105.232
1,20.3133,0.493686,176.012
2,20.3133,0.493686,245.896
3,20.3133,0.493686,292.848
4,20.3133,0.493686,341.067
5,20.3133,0.493686,389.719
