Iteration,Cost,Cost reduction,time (ms)
0,4583.12,0.00141122,179.503
1,4544.48,0.00983036,342.027
2,4494.64,0.0206903,505.733
3,3839.05,0.163533,697.908
4,1561.48,0.659778,914.582
5,1208.92,0.736597,1106.93
