Iteration,Cost,Cost reduction,time (ms)
0,50.758,0.179389,520.64
1,27.467,0.555938,1025.88
2,7.65163,0.876295,1575.58
3,5.24832,0.91515,2113.26
4,4.4596,0.927901,2672.75
5,2.94579,0.952375,3222.75
