Iteration,Cost,Cost reduction,time (ms)
0,4960.56,0.00130406,146.681
1,4921.92,0.00908191,246.689
2,4872.04,0.0191253,351.546
3,4713.48,0.0510471,472.982
4,2849.7,0.426278,598.088
5,1383.28,0.721508,735.65
