Iteration,Cost,Cost reduction,time (ms)
0,128.13,0.00844963,704.91
1,128.13,0.00844963,1370.22
2,128.13,0.00844963,1654.07
3,128.13,0.00844963,1936.44
4,128.13,0.00844963,2219.79
5,128.13,0.00844963,2503.35
6,128.13,0.00844963,2785.63
