Iteration,Cost,Cost reduction,time (ms)
0,4510,0.00143374,170.239
1,4471.36,0.0099893,310.76
2,4421.52,0.0210233,454.068
3,4363.16,0.0339462,614.21
4,2736.41,0.394127,785.276
5,2327.29,0.48471,955.586
6,2172.67,0.518945,1129.55
7,897.233,0.801342,1303.46
8,797.555,0.823412,1476.75
9,797.555,0.823412,1650.3
