Iteration,Cost,Cost reduction,time (ms)
0,22.0808,0.482393,105.799
1,14.5101,0.659861,177.271
2,7.57187,0.822504,252.096
3,7.57187,0.822504,333.382
4,7.44649,0.825443,385.451
5,7.44649,0.825443,467.918
