Iteration,Cost,Cost reduction,time (ms)
0,4608,0.00142088,132.316
1,4570.14,0.00962542,228.153
2,4520.8,0.020317,329.014
3,3640.97,0.210982,437.164
4,3182.91,0.310245,545.89
5,2439.01,0.471453,654.271
