Iteration,Cost,Cost reduction,time (ms)
0,4552.27,0.00142067,152.592
1,4513.64,0.00989588,253.231
2,4463.58,0.0208762,357.633
3,4427.34,0.0288264,474.006
4,3447.65,0.24373,589.817
5,3267.64,0.283216,729.359
