Iteration,Cost,Cost reduction,time (ms)
0,32.7205,0.440246,215.74
1,20.2385,0.653778,423.157
2,14.4601,0.752629,623.656
3,12.1873,0.791511,829.604
4,12.1873,0.791511,1046.26
5,10.0846,0.827482,1126.49
