Iteration,Cost,Cost reduction,time (ms)
0,5424.01,0.00119288,149.385
1,5385.37,0.00830691,250.356
2,5335.48,0.0174938,355.732
3,5316.9,0.0209154,478.844
4,3707.71,0.317242,608.447
5,3707.71,0.317242,761.065
