Iteration,Cost,Cost reduction,time (ms)
0,4639.57,0.00139399,179.366
1,4600.93,0.00971087,338.164
2,4551.09,0.0204384,505.044
3,3865.52,0.167998,694.904
4,2359.65,0.492117,912.349
5,1091.34,0.765104,1110.75
