Iteration,Cost,Cost reduction,time (ms)
0,5793.64,0.00111624,413.92
1,5755,0.0077784,808.41
2,5705.17,0.0163698,1205.07
3,5542.49,0.0444187,1705.87
4,4650.05,0.198283,2248.27
5,2011.48,0.6532,2788.28
