Iteration,Cost,Cost reduction,time (ms)
0,4999.12,0.00129388,134.671
1,4960.49,0.00901184,231.823
2,4910.44,0.0190111,333.843
3,4892.35,0.0226247,446.568
4,3163.43,0.368022,561.186
5,2632.41,0.474107,741.671
