Iteration,Cost,Cost reduction,time (ms)
0,87.4833,0.332213,155.217
1,47.4846,0.637535,263.059
2,44.365,0.661348,384.012
3,40.5593,0.690398,513.893
4,5.1831,0.960436,642.564
5,5.1831,0.960436,777.424
