Iteration,Cost,Cost reduction,time (ms)
0,21.5963,0.423381,553.267
1,20.823,0.444027,1074.57
2,20.0378,0.464993,1595.17
3,19.9773,0.466608,2117.17
4,13.8622,0.629879,2638.29
5,8.83893,0.764001,3145.89
