Iteration,Cost,Cost reduction,time (ms)
0,5424.01,0.00119286,155.34
1,5385.38,0.00830712,253.256
2,5335.49,0.0174944,357.2
3,5212.07,0.0402207,481.371
4,4388.17,0.191939,615.25
5,3014.01,0.444984,755.335
