Iteration,Cost,Cost reduction,time (ms)
0,27.8913,0.36864,102.966
1,15.0542,0.659225,175.829
2,10.5474,0.761245,250.063
3,10.5474,0.761245,324.121
4,10.5474,0.761245,374.575
5,10.1897,0.769341,426.523
