Iteration,Cost,Cost reduction,time (ms)
0,71.2583,0,394.738
1,31.9902,0.551068,776.999
2,31.9902,0.551068,1059.84
3,31.9902,0.551068,1234.14
4,30.6759,0.569511,1615.05
5,25.759,0.638512,1651.04
6,25.759,0.638512,1701.25
