Iteration,Cost,Cost reduction,time (ms)
0,27.2421,0.309507,105.64
1,14.7323,0.626587,179.37
2,14.2862,0.637893,255.832
3,12.414,0.685347,333.252
4,11.8058,0.700765,413.289
5,11.6962,0.703543,494.146
