Iteration,Cost,Cost reduction,time (ms)
0,89.8432,0.30874,223.508
1,45.7389,0.648082,453.29
2,24.5173,0.811362,670.652
3,5.65164,0.956516,904.062
4,5.65164,0.956516,1114.28
5,5.65164,0.956516,1201.33
