Iteration,Cost,Cost reduction,time (ms)
0,37.8164,0.17298,566.342
1,30.9502,0.323139,1116.85
2,19.2678,0.578626,1655.25
3,11.6051,0.746204,2181.17
4,6.78414,0.851635,2710.41
5,6.55447,0.856658,3239.3
