Iteration,Cost,Cost reduction,time (ms)
0,89.212,0.192998,588.55
1,45.7,0.586603,1168.65
2,12.4823,0.887086,1718.32
3,4.94232,0.955292,2299.53
4,4.94232,0.955292,2884.64
5,3.64868,0.966994,2980.67
