Iteration,Cost,Cost reduction,time (ms)
0,30.7252,0.278498,373.131
1,30.7252,0.278498,635.715
2,30.7252,0.278498,793.459
3,30.7252,0.278498,946.994
4,30.7252,0.278498,1099.84
