Iteration,Cost,Cost reduction,time (ms)
0,4677.05,0.00138283,178.163
1,4638.41,0.00963316,336.878
2,4588.57,0.0202748,503.557
3,3944.53,0.157787,690.971
4,2300.65,0.508779,908.08
5,1446.84,0.69108,1107.52
