Iteration,Cost,Cost reduction,time (ms)
0,20.6214,0.56277,122.094
1,20.4785,0.565799,220.997
2,8.80507,0.813308,303.592
3,8.80507,0.813308,381.034
4,8.80507,0.813308,419.035
5,8.80507,0.813308,456.855
6,8.80507,0.813308,494.687
