Iteration,Cost,Cost reduction,time (ms)
0,62.1436,0.150081,596.762
1,6.92869,0.905239,1179.71
2,4.9718,0.932002,1750.71
3,4.9718,0.932002,2306.62
4,4.16743,0.943003,2397.76
5,4.16743,0.943003,2934.85
