Iteration,Cost,Cost reduction,time (ms)
0,31.0406,0.207713,587.262
1,30.5776,0.219532,1167.59
2,18.7083,0.522486,1740.36
3,9.48581,0.757882,2270.33
4,9.48581,0.757882,2805.94
5,9.48581,0.757882,2899.06
