Iteration,Cost,Cost reduction,time (ms)
0,5697.88,0.00113543,140.185
1,5659.24,0.00790853,237.779
2,5609.18,0.0166841,340.612
3,5562.59,0.0248523,458.828
4,3833.84,0.327911,577.249
5,3296.24,0.422155,770.675
