Iteration,Cost,Cost reduction,time (ms)
0,44.0144,0.120332,74.04
1,44.0144,0.120332,128.112
2,44.0144,0.120332,157.645
3,44.0144,0.120332,183.513
4,44.0144,0.120332,208.418
5,44.0144,0.120332,254.79
6,44.0144,0.120332,288.368
