Iteration,Cost,Cost reduction,time (ms)
0,5650.45,0.00114496,153.596
1,5611.82,0.00797445,256.467
2,5561.93,0.0167932,363.003
3,4867.75,0.139506,485.068
4,3338.72,0.409801,610.66
5,2448.63,0.567145,774.652
