Iteration,Cost,Cost reduction,time (ms)
0,24.766,0.386761,106.734
1,24.1366,0.402344,182.476
2,21.7308,0.461915,266.631
3,19.3669,0.52045,360.107
4,18.3059,0.546721,472.183
5,14.1468,0.649707,599.518
