Iteration,Cost,Cost reduction,time (ms)
0,5733.84,0.00112805,178.586
1,5695.2,0.00785956,336.551
2,5645.37,0.0165411,504.968
3,4882.06,0.149513,695.736
4,2057.11,0.641638,910.903
5,1306.22,0.772449,1108.72
