Iteration,Cost,Cost reduction,time (ms)
0,31.5744,0.344292,545.163
1,6.46305,0.865781,1050.53
2,5.39333,0.887996,1501.15
3,5.39333,0.887996,1956.81
4,5.05005,0.895125,2047.63
5,4.86556,0.898956,2484.93
