Iteration,Cost,Cost reduction,time (ms)
0,27.6289,0.343509,316.931
1,24.6447,0.414417,571.335
2,21.0755,0.499226,827.034
3,18.4845,0.56079,1098.27
4,18.4845,0.56079,1366.38
