Iteration,Cost,Cost reduction,time (ms)
0,29.5248,0.324196,103.885
1,17.7188,0.594427,178.74
2,17.7188,0.594427,252.546
3,17.7006,0.594845,306.172
4,17.7006,0.594845,384.192
5,17.7006,0.594845,438.014
