Iteration,Cost,Cost reduction,time (ms)
0,30.5492,0.299541,109.252
1,30.5492,0.299541,180.55
2,30.5492,0.299541,228.431
3,30.5492,0.299541,274.247
4,30.5492,0.299541,321.292
5,30.5492,0.299541,366.255
