Iteration,Cost,Cost reduction,time (ms)
0,27.979,0.303966,104.885
1,15.5346,0.613547,179.135
2,11.3758,0.717004,253.174
3,7.31027,0.818143,330.294
4,6.88538,0.828713,411.865
5,6.88538,0.828713,491.426
