Iteration,Cost,Cost reduction,time (ms)
0,4606.05,0.00142166,131.981
1,4568.19,0.00962959,228.5
2,4518.85,0.0203261,329.64
3,3638.91,0.211094,438.374
4,2503.38,0.457274,547.27
5,2499.44,0.458128,653.563
