Iteration,Cost,Cost reduction,time (ms)
0,44.1411,0.111905,13.906
1,26.3983,0.46888,27.295
2,15.8399,0.68131,36.978
3,8.98454,0.819236,46.455
4,7.52166,0.848668,58.134
5,7.52166,0.848668,71.219
