Iteration,Cost,Cost reduction,time (ms)
0,5650.47,0.00114578,133.967
1,5611.84,0.00797417,232.957
2,5561.94,0.0167951,336.695
3,5206.63,0.0796051,458.03
4,4113.28,0.272879,582.185
5,2059.44,0.635945,708.812
