Iteration,Cost,Cost reduction,time (ms)
0,4559.09,0.00142002,135.233
1,4520.47,0.00987927,235.221
2,4470.57,0.020808,338.523
3,4451.04,0.0250857,459.921
4,3615.93,0.208,584.523
5,2031.64,0.555009,757.978
