Iteration,Cost,Cost reduction,time (ms)
0,36.1921,0.220733,105.355
1,17.2805,0.627926,180.784
2,17.2805,0.627926,257.417
3,17.2334,0.62894,310.238
4,17.1827,0.630031,393.01
5,17.1827,0.630031,476.597
