Iteration,Cost,Cost reduction,time (ms)
0,4711.45,0.00137249,157.126
1,4672.81,0.0095617,254.285
2,4622.93,0.0201344,360.387
3,4565.68,0.0322677,480.37
4,2207.33,0.532139,606.017
5,1739.52,0.631294,887.873
