Iteration,Cost,Cost reduction,time (ms)
0,4179.67,0.00154714,138.059
1,4141.03,0.0107761,236.468
2,4091.15,0.0226925,340.671
3,4037.04,0.0356193,460.628
4,2276.07,0.456286,582.885
5,1260.31,0.698934,761.789
