Iteration,Cost,Cost reduction,time (ms)
0,110.971,0.357759,152.379
1,102.728,0.405466,260.027
2,73.1334,0.576742,377.164
3,21.4986,0.875577,492.925
4,21.4986,0.875577,619.081
5,21.4986,0.875577,696.584
