Iteration,Cost,Cost reduction,time (ms)
0,384.077,0.696322,7.223
1,27.2019,0.978492,12.073
2,27.2019,0.978492,16.55
3,27.2019,0.978492,19.643
4,27.2019,0.978492,22.65
