Iteration,Cost,Cost reduction,time (ms)
0,5107.94,0.00126617,181.509
1,5069.3,0.00882145,339.066
2,5019.47,0.0185658,507.03
3,4958.13,0.0305588,697.646
4,3572.49,0.301486,900.406
5,1276.19,0.750472,1132.11
