Iteration,Cost,Cost reduction,time (ms)
0,24.3335,0.393274,103.431
1,19.455,0.514914,175.246
2,19.455,0.514914,247.08
3,19.455,0.514914,294.982
4,19.455,0.514914,342.937
5,19.455,0.514914,392.167
