Iteration,Cost,Cost reduction,time (ms)
0,29.7001,0.33136,111.296
1,27.3951,0.383253,190.25
2,26.9193,0.393965,271.177
3,17.8971,0.597081,352.592
4,14.1214,0.682085,434.194
5,14.1214,0.682085,514.389
