Iteration,Cost,Cost reduction,time (ms)
0,108.953,0.344168,217.388
1,53.0887,0.680437,443.645
2,26.7165,0.839182,661.498
3,15.2664,0.908105,877.952
4,12.4819,0.924866,1096.81
5,12.4819,0.924866,1311.17
