Iteration,Cost,Cost reduction,time (ms)
0,26.9066,0.386531,117.543
1,16.2147,0.630306,189.453
2,15.9626,0.636054,263.477
3,15.8876,0.637763,339.478
4,15.8876,0.637763,415.755
5,15.2338,0.65267,467.849
