Iteration,Cost,Cost reduction,time (ms)
0,74.9364,0.365658,582.58
1,53.012,0.551249,1157.97
2,43.3533,0.633011,1685.59
3,42.6858,0.638661,2214.38
4,37.9835,0.678467,2758.97
5,34.9218,0.704384,3296.02
