Iteration,Cost,Cost reduction,time (ms)
0,4624.72,0.00141606,133.785
1,4586.86,0.00959083,230.857
2,4537.52,0.0202445,332.393
3,3646.65,0.212605,440.551
4,1484.92,0.679371,551.478
5,1452.66,0.686338,660.475
