Iteration,Cost,Cost reduction,time (ms)
0,82.9073,0.417995,582.66
1,56.7508,0.601612,1122
2,44.9867,0.684196,1632.14
3,15.8693,0.888598,2177.31
4,15.8693,0.888598,2732.13
5,15.8693,0.888598,2823.82
