Iteration,Cost,Cost reduction,time (ms)
0,4877.62,0.00134251,133.155
1,4839.76,0.00909409,230.187
2,4790.42,0.0191963,330.887
3,3884.85,0.204606,437.928
4,3356.13,0.312858,546.546
5,2560.93,0.475669,656.874
