Iteration,Cost,Cost reduction,time (ms)
0,30.2728,0.358488,107.563
1,14.3105,0.696746,182.75
2,12.6659,0.731596,261.527
3,12.6659,0.731596,360.771
4,12.4352,0.736486,411.433
5,8.56715,0.818453,516.295
