Iteration,Cost,Cost reduction,time (ms)
0,29.538,0.372936,109.038
1,19.0543,0.595496,185.27
2,19.0543,0.595496,260.555
3,19.0543,0.595496,310.535
4,19.0413,0.595772,362.694
5,19.0413,0.595772,442.843
