Iteration,Cost,Cost reduction,time (ms)
0,73.9127,0.390615,156.644
1,73.9127,0.390615,267.155
2,73.9127,0.390615,344.257
3,73.9127,0.390615,422.017
4,73.9127,0.390615,500.271
5,73.9127,0.390615,579.503
