Iteration,Cost,Cost reduction,time (ms)
0,23.9758,0.383032,181.219
1,14.1961,0.634692,353.831
2,10.9832,0.717369,523.912
3,4.8144,0.876111,687.263
4,4.37029,0.887539,846.57
5,4.37029,0.887539,1005.19
