Iteration,Cost,Cost reduction,time (ms)
0,5519.23,0.00117196,410.188
1,5480.59,0.00816489,804.959
2,5430.75,0.0171842,1201.94
3,5388.28,0.0248702,1705.38
4,3183.5,0.423874,2251.03
5,2115.11,0.617223,2905.44
