Iteration,Cost,Cost reduction,time (ms)
0,5033.14,0.0012855,144.333
1,4994.5,0.00895125,243.58
2,4944.61,0.0188512,348.922
3,4277.5,0.151225,469.94
4,2747.69,0.454781,593.676
5,1325.97,0.736891,748.74
