Iteration,Cost,Cost reduction,time (ms)
0,95.3609,0.0740824,145.602
1,9.00114,0.912602,260.045
2,3.92897,0.961851,391.285
3,3.92897,0.961851,721.539
4,3.92897,0.961851,1012.11
5,3.92897,0.961851,1302.27
6,3.92897,0.961851,1591.85
