Iteration,Cost,Cost reduction,time (ms)
0,64.6914,0.614169,155.116
1,14.9707,0.910712,408.809
2,14.9707,0.910712,651.148
3,14.9707,0.910712,732.789
4,14.9707,0.910712,805.724
5,14.9707,0.910712,880.644
