Iteration,Cost,Cost reduction,time (ms)
0,33.0203,0.267772,107.325
1,33.0203,0.267772,181.282
2,33.0203,0.267772,226.394
3,33.0203,0.267772,273.765
4,33.0203,0.267772,320.402
5,33.0203,0.267772,365.419
