Iteration,Cost,Cost reduction,time (ms)
0,28.9721,0.468067,149.552
1,28.7526,0.472097,256.669
2,25.5054,0.531716,371.794
3,9.52718,0.825079,485.044
4,1.95616,0.964085,605.495
5,1.30161,0.976102,728.911
