Iteration,Cost,Cost reduction,time (ms)
0,87.0582,0.334808,147.783
1,71.058,0.457062,254.852
2,36.6605,0.719885,366.958
3,18.7137,0.857013,484.634
4,15.8894,0.878593,597.914
5,15.8894,0.878593,716.817
