Iteration,Cost,Cost reduction,time (ms)
0,28.4041,0.333243,105.121
1,14.8756,0.65081,180.646
2,14.6934,0.655087,258.205
3,14.6934,0.655087,334.258
4,14.5315,0.658888,389.986
5,14.0796,0.669496,472.012
