Iteration,Cost,Cost reduction,time (ms)
0,32.01,0.334853,112.672
1,16.4207,0.658788,192.835
2,12.2287,0.745896,281.985
3,10.4919,0.781986,368.316
4,7.83464,0.837201,456.074
5,4.37742,0.90904,550.924
