Iteration,Cost,Cost reduction,time (ms)
0,80.8698,0.3207,575.371
1,57.3541,0.51823,1115.69
2,51.6945,0.56577,1643.71
3,38.832,0.673814,2227.56
4,13.8422,0.883727,2821.37
5,6.04952,0.949184,3474.31
