Iteration,Cost,Cost reduction,time (ms)
0,39.9944,0.464916,145.834
1,33.4565,0.552387,260.063
2,12.5357,0.832286,377.685
3,9.35113,0.874892,500.051
4,8.65716,0.884176,618.627
5,3.78585,0.949349,739.552
