Iteration,Cost,Cost reduction,time (ms)
0,107.248,0.374503,218.868
1,48.8095,0.71533,427.801
2,14.4952,0.91546,640.06
3,9.47733,0.944726,846.898
4,9.14674,0.946654,1058.26
5,5.85298,0.965864,1270.64
