Iteration,Cost,Cost reduction,time (ms)
0,32.9176,0.39185,152.423
1,25.6855,0.525461,261.396
2,22.9957,0.575156,377.572
3,22.3885,0.586374,499.709
4,15.9095,0.706073,638.257
5,15.9095,0.706073,784.673
