Iteration,Cost,Cost reduction,time (ms)
0,74.5441,0.338588,578.274
1,44.506,0.605109,1110.73
2,40.8172,0.637839,1638.6
3,29.0367,0.742364,2163.15
4,29.0367,0.742364,2725.53
5,29.0367,0.742364,2816.77
