Iteration,Cost,Cost reduction,time (ms)
0,24.5015,0.435391,106.154
1,16.0336,0.630523,175.947
2,16.0336,0.630523,247.201
3,16.0336,0.630523,295.226
4,16.0336,0.630523,343.951
5,16.0336,0.630523,393.075
