Iteration,Cost,Cost reduction,time (ms)
0,5343.03,0.00122562,131.961
1,5305.17,0.00830287,227.984
2,5255.84,0.0175251,328.742
3,4305.51,0.19517,436.34
4,3813.26,0.287186,546.068
5,3044.65,0.430862,661.222
