Iteration,Cost,Cost reduction,time (ms)
0,4665.25,0.00138623,178.108
1,4626.61,0.00965743,337.016
2,4576.77,0.0203255,505.845
3,3916.42,0.161676,696.632
4,1418.61,0.696342,913.91
5,1293.05,0.723217,1113.53
