Iteration,Cost,Cost reduction,time (ms)
0,27.6517,0.358938,106.838
1,23.2876,0.460111,181.917
2,17.5108,0.594039,258.516
3,17.5108,0.594039,339.876
4,16.4713,0.618138,393.987
5,15.3869,0.643279,482.915
