Iteration,Cost,Cost reduction,time (ms)
0,13.0188,0.699142,96.624
1,13.0188,0.699142,170.251
2,13.0188,0.699142,220.91
3,13.0188,0.699142,271.164
4,13.0188,0.699142,321.672
5,13.0188,0.699142,372.137
6,13.0188,0.699142,422.512
