Iteration,Cost,Cost reduction,time (ms)
0,4482.8,0.00144253,180.107
1,4444.16,0.0100499,339.429
2,4394.32,0.0211514,506.282
3,3722.5,0.170802,696.066
4,1615.1,0.640232,913.313
5,1027.3,0.771167,1110.06
