Iteration,Cost,Cost reduction,time (ms)
0,4776.93,0.0013541,178.839
1,4738.29,0.00943212,336.419
2,4688.45,0.0198522,505.852
3,4054.45,0.152392,695.558
4,1397.68,0.707806,907.099
5,1195.39,0.750097,1104
