Iteration,Cost,Cost reduction,time (ms)
0,24.9885,0.371744,103.995
1,13.4058,0.662953,178.904
2,5.61956,0.858714,260.531
3,5.06293,0.872709,352.045
4,4.88455,0.877193,450.776
5,4.88455,0.877193,548.916
