Iteration,Cost,Cost reduction,time (ms)
0,4168.85,0.00156992,129.21
1,4130.99,0.0106376,225.468
2,4081.65,0.0224535,326.693
3,3278.11,0.214899,434.946
4,3026.62,0.275132,547.402
5,2468.69,0.408755,657.78
