Iteration,Cost,Cost reduction,time (ms)
0,4611.55,0.00140192,175.397
1,4572.9,0.00976944,334.766
2,4523.08,0.0205594,502.729
3,3874.72,0.160957,694.358
4,2356.13,0.489797,910.599
5,2356.13,0.489797,1107.85
