Iteration,Cost,Cost reduction,time (ms)
0,5343.03,0.00122551,132.016
1,5305.16,0.00830282,230.643
2,5255.83,0.0175246,332.999
3,4315.46,0.193309,444.44
4,3922.82,0.266705,557.851
5,3273.46,0.38809,672.013
