Iteration,Cost,Cost reduction,time (ms)
0,69.7878,0.224886,226.312
1,40.528,0.549867,450.95
2,15.8184,0.82431,670.484
3,5.76659,0.935952,901.385
4,5.76659,0.935952,1133.19
5,5.76659,0.935952,1223.72
