Iteration,Cost,Cost reduction,time (ms)
0,28.176,0.398832,179.207
1,18.3896,0.607638,346.926
2,18.1334,0.613102,513.386
3,16.2025,0.6543,674.732
4,13.8164,0.705212,839.771
5,10.1544,0.783344,1003.2
