Iteration,Cost,Cost reduction,time (ms)
0,28.1689,0.391384,529.364
1,21.8005,0.528978,1053.7
2,12.5956,0.72786,1569.42
3,7.48818,0.838211,2108.56
4,6.76543,0.853826,2664.2
5,6.52258,0.859073,3227.07
