Iteration,Cost,Cost reduction,time (ms)
0,5343.1,0.00121045,144.244
1,5304.46,0.00843257,243.141
2,5254.41,0.0177884,346.968
3,5032.25,0.0593166,461.066
4,4042.04,0.244417,579.247
5,2984.34,0.442135,766.665
