Iteration,Cost,Cost reduction,time (ms)
0,74.5935,0.33276,216.937
1,61.5581,0.449362,333.417
2,55.0925,0.507197,455.625
3,46.4711,0.584316,578.234
4,46.4711,0.584316,698.656
5,45.4957,0.593041,779.593
