Iteration,Cost,Cost reduction,time (ms)
0,37.4154,0.186094,174.887
1,18.6804,0.59364,352.026
2,12.796,0.721646,525.198
3,10.481,0.772004,685.011
4,10.481,0.772004,845.172
5,8.24992,0.820537,917.354
