Iteration,Cost,Cost reduction,time (ms)
0,118.842,0.297913,149.977
1,109.793,0.35137,256.583
2,97.7369,0.422597,365.814
3,88.6753,0.476131,482.787
4,87.708,0.481845,601.242
5,44.9723,0.734316,721.782
