Iteration,Cost,Cost reduction,time (ms)
0,69.9345,0.597967,17.98
1,14.4749,0.916788,29.746
2,13.5105,0.922332,42.1
3,13.5105,0.922332,54.657
4,13.5105,0.922332,59.042
