Iteration,Cost,Cost reduction,time (ms)
0,29.1928,0.283122,179.156
1,21.6735,0.467772,354.3
2,18.9917,0.533626,528.722
3,8.04073,0.802546,699.095
4,6.25429,0.846415,844.255
5,5.50759,0.864752,995.596
