Iteration,Cost,Cost reduction,time (ms)
0,72.1697,0.340317,170.043
1,18.6188,0.829811,410.996
2,18.6188,0.829811,621.09
3,18.6188,0.829811,708.808
4,18.6188,0.829811,793.222
5,18.6188,0.829811,878.539
