Iteration,Cost,Cost reduction,time (ms)
0,87.3038,0.0475385,143.004
1,20.1428,0.780247,242.528
2,13.832,0.849096,352.748
3,7.97208,0.913027,464.019
4,7.8813,0.914017,576.754
5,7.56402,0.917479,691.242
