Iteration,Cost,Cost reduction,time (ms)
0,83.1009,0.343652,145.564
1,68.6756,0.457586,252.56
2,43.2514,0.658392,376.73
3,35.4086,0.720335,506.657
4,33.0165,0.739229,631.649
5,32.4867,0.743413,758.178
