Iteration,Cost,Cost reduction,time (ms)
0,30.7757,0.342026,183.352
1,19.4683,0.583775,376.279
2,12.8052,0.72623,561.616
3,11.3644,0.757034,746.055
4,10.3926,0.777809,928.943
5,5.91188,0.873606,1112.77
