Iteration,Cost,Cost reduction,time (ms)
0,5775.6,0.00112003,411.549
1,5736.96,0.00780288,809.399
2,5687.12,0.0164223,1205.17
3,5325.08,0.0790364,1709.55
4,3884.3,0.328218,2352.27
5,1734.4,0.700039,2950.55
