Iteration,Cost,Cost reduction,time (ms)
0,4665.18,0.00140379,133.964
1,4627.32,0.00950777,230.004
2,4577.98,0.0200691,331.318
3,3687.87,0.210601,438.663
4,1559.6,0.666163,550.366
5,1526.83,0.673178,655.999
