Iteration,Cost,Cost reduction,time (ms)
0,4611.55,0.00140192,411.639
1,4572.9,0.00976945,809.124
2,4523.08,0.0205594,1205.22
3,4227.69,0.0845232,1713.26
4,3281.55,0.289403,2275.1
5,1865.24,0.596094,2831.67
