Iteration,Cost,Cost reduction,time (ms)
0,4611.57,0.00140304,150.619
1,4572.94,0.0097685,250.631
2,4523.04,0.0205732,356.462
3,4502.72,0.0249743,478.018
4,2508.81,0.456737,608.429
5,2396.86,0.480981,765.232
