Iteration,Cost,Cost reduction,time (ms)
0,14.322,0.890612,162.318
1,7.52525,0.942524,499.256
2,7.52525,0.942524,614.228
3,7.52525,0.942524,674.625
4,7.52525,0.942524,734.679
5,7.52525,0.942524,794.682
6,7.52525,0.942524,854.341
