Iteration,Cost,Cost reduction,time (ms)
0,28.8075,0.33313,105.394
1,22.0414,0.489761,179.068
2,22.0414,0.489761,247.546
3,19.4213,0.550412,298.422
4,19.4213,0.550412,375.108
5,19.4213,0.550412,427.149
