Iteration,Cost,Cost reduction,time (ms)
0,4218.29,0.00153562,135.385
1,4179.68,0.0106753,234.608
2,4129.77,0.0224877,338.787
3,3525.21,0.165587,461.275
4,2917.36,0.309465,587.835
5,1686.45,0.600819,770.792
