Iteration,Cost,Cost reduction,time (ms)
0,4168.95,0.00155096,177.844
1,4130.31,0.0108053,336.592
2,4080.47,0.0227413,504.958
3,3443.93,0.17519,696.899
4,1881.47,0.549394,915.607
5,1551.62,0.628392,1115.22
