Iteration,Cost,Cost reduction,time (ms)
0,5468.91,0.00118276,180.516
1,5430.27,0.00823993,341.186
2,5380.43,0.0173422,509.301
3,4652.95,0.150206,700.611
4,2232.24,0.592315,916.853
5,1338.51,0.75554,1119.92
