Iteration,Cost,Cost reduction,time (ms)
0,76.5043,0.254103,78.392
1,32.4141,0.683971,166.117
2,32.4141,0.683971,330.479
3,30.3272,0.704318,436.497
4,26.6065,0.740593,506.3
5,22.4302,0.781311,674.104
6,22.4302,0.781311,829.274
