Iteration,Cost,Cost reduction,time (ms)
0,5488.6,0.00117843,135.671
1,5449.97,0.00820955,233.436
2,5399.91,0.017318,335.68
3,5374.05,0.0220255,450.651
4,3729.31,0.321336,564.661
5,3633.9,0.338699,721.898
6,3633.9,0.338699,855.171
