Iteration,Cost,Cost reduction,time (ms)
0,24.9562,0.351272,109.031
1,12.4379,0.676682,187.253
2,8.27276,0.784952,265.823
3,6.70882,0.825606,367.516
4,6.70882,0.825606,470.684
5,6.4647,0.831952,526.222
