Iteration,Cost,Cost reduction,time (ms)
0,5113.78,0.00126509,131.856
1,5075.15,0.0088099,229.842
2,5025.26,0.0185528,333.695
3,5009.45,0.0216405,454.242
4,3548.51,0.306967,587.636
5,3498.36,0.316761,730.639
