Iteration,Cost,Cost reduction,time (ms)
0,43.135,0.133043,99.989
1,43.135,0.133043,168.603
2,43.135,0.133043,215.419
3,43.135,0.133043,260.595
4,43.135,0.133043,307.214
5,43.135,0.133043,353.886
