Iteration,Cost,Cost reduction,time (ms)
0,40.4072,0.242032,107.784
1,40.4072,0.242032,183.157
2,40.4072,0.242032,230.289
3,20.7124,0.611471,280.797
4,20.7124,0.611471,379.151
5,20.7124,0.611471,427.863
