Iteration,Cost,Cost reduction,time (ms)
0,31.9081,0.342608,99.869
1,10.4594,0.784508,171.031
2,9.96178,0.794761,241.424
3,9.96178,0.794761,312.651
4,9.96178,0.794761,365.32
5,9.96178,0.794761,410.835
