Iteration,Cost,Cost reduction,time (ms)
0,68.5188,0.358732,209.638
1,32.2888,0.697809,419.819
2,29.2088,0.726635,631.603
3,24.0206,0.775191,844.06
4,24.0206,0.775191,1052.65
5,24.0206,0.775191,1138.88
