Iteration,Cost,Cost reduction,time (ms)
0,22.6398,0.518423,523.348
1,10.0989,0.785183,1034.82
2,10.0989,0.785183,1526.64
3,9.92754,0.788829,1619.14
4,8.27661,0.823946,2091.58
5,8.27661,0.823946,2560.06
