Iteration,Cost,Cost reduction,time (ms)
0,165.588,0,163.029
1,59.6276,0.639904,243.331
2,35.8186,0.783689,446.125
3,35.8186,0.783689,653.559
4,35.8186,0.783689,745.477
5,35.8186,0.783689,841.899
