Iteration,Cost,Cost reduction,time (ms)
0,5733.78,0.00114239,132.89
1,5695.92,0.0077378,229.784
2,5646.58,0.016333,331.196
3,4643.35,0.191102,438.652
4,2738.4,0.522955,548.056
5,2738.4,0.522955,654.943
