Iteration,Cost,Cost reduction,time (ms)
0,29.8776,0.313497,107.393
1,26.575,0.389381,185.545
2,25.4345,0.415587,265.897
3,25.4345,0.415587,344.419
4,22.8883,0.474092,399.125
5,22.1545,0.490951,484.365
