Iteration,Cost,Cost reduction,time (ms)
0,4872.94,0.00132682,414.973
1,4834.3,0.00924609,810.825
2,4784.47,0.0194581,1210.84
3,4477.97,0.0822733,1721.91
4,3584.73,0.265335,2289.61
5,2473.1,0.493155,2852.06
