Iteration,Cost,Cost reduction,time (ms)
0,5164.12,0.00125415,135.678
1,5125.5,0.00872362,233.562
2,5075.59,0.0183753,337.914
3,5054.18,0.0225163,458.139
4,2292.46,0.556636,588.1
5,2292.46,0.556636,740.822
