Iteration,Cost,Cost reduction,time (ms)
0,76.1881,0.36964,579.161
1,70.2165,0.419046,1129.1
2,28.9959,0.760096,1685.48
3,17.2791,0.857037,2281.29
4,17.2791,0.857037,2768.62
5,16.1499,0.86638,2855.02
