Iteration,Cost,Cost reduction,time (ms)
0,5366.43,0.00122032,131.316
1,5328.57,0.00826672,227.467
2,5279.24,0.0174491,328.508
3,4321.28,0.195741,436.749
4,3781.64,0.296175,545.093
5,2504.75,0.533826,654.653
