Iteration,Cost,Cost reduction,time (ms)
0,26.8335,0.347655,604.954
1,11.9803,0.708748,1250.98
2,6.70925,0.836892,1938.64
3,4.14834,0.89915,2625.95
4,3.93421,0.904356,3298.5
5,2.77188,0.932613,3952.92
