Iteration,Cost,Cost reduction,time (ms)
0,29.7551,0.358016,571.582
1,15.6113,0.663176,1152.6
2,9.3647,0.797951,1770.76
3,5.39489,0.883602,2344.38
4,4.4447,0.904103,2942.24
5,4.4447,0.904103,3522.71
