Iteration,Cost,Cost reduction,time (ms)
0,4999.15,0.00129446,136.963
1,4960.52,0.00901218,232.913
2,4910.62,0.0189802,334.839
3,4576.13,0.0858038,456.908
4,3134.22,0.373861,605.575
5,1867.6,0.626901,779.176
