Iteration,Cost,Cost reduction,time (ms)
0,353.147,0.770279,6.491
1,345.904,0.774991,10.745
2,342.636,0.777117,14.832
3,342.636,0.777117,18.798
4,342.636,0.777117,22.18
