Iteration,Cost,Cost reduction,time (ms)
0,57.7412,0.379863,149.754
1,47.5471,0.489348,259.149
2,35.8229,0.615264,370.319
3,28.8724,0.689912,488.995
4,21.4245,0.769903,608.525
5,14.2719,0.846721,732.557
