Iteration,Cost,Cost reduction,time (ms)
0,30.6999,0.344559,103.45
1,20.7336,0.557339,176.412
2,20.7336,0.557339,248.884
3,16.1908,0.654328,301.588
4,13.147,0.719311,380.895
5,13.147,0.719311,458.185
