Iteration,Cost,Cost reduction,time (ms)
0,20.1398,0.552341,172.046
1,20.1398,0.552341,328.777
2,18.9454,0.578889,384.85
3,18.9454,0.578889,538.327
4,18.9454,0.578889,595.006
5,18.9454,0.578889,643.925
