Iteration,Cost,Cost reduction,time (ms)
0,27.0455,0.327854,110.237
1,13.8574,0.655611,191.102
2,10.1063,0.748835,280.511
3,9.82575,0.755807,373.57
4,9.5234,0.763321,469.452
5,5.62921,0.860101,567.356
