Iteration,Cost,Cost reduction,time (ms)
0,60.6383,0.307392,148.272
1,43.3642,0.504696,259.276
2,6.84741,0.921789,375.134
3,6.84741,0.921789,506.441
4,6.62604,0.924318,590.655
5,6.62604,0.924318,722.629
