Iteration,Cost,Cost reduction,time (ms)
0,63.0576,0.484227,145.854
1,63.0576,0.484227,316.248
2,63.0576,0.484227,408.165
3,63.0576,0.484227,500.045
4,63.0576,0.484227,591.504
5,63.0576,0.484227,682.302
6,63.0576,0.484227,773.562
