Iteration,Cost,Cost reduction,time (ms)
0,4312.5,0.00149943,152.534
1,4273.86,0.0104452,253.431
2,4223.81,0.0220345,358.5
3,4200.32,0.0274719,476.891
4,2961.55,0.314292,592.54
5,2441.79,0.434637,742.58
