Iteration,Cost,Cost reduction,time (ms)
0,4776.92,0.00135393,178.915
1,4738.28,0.00943201,338.643
2,4688.44,0.0198514,507.064
3,4027.07,0.158116,697.771
4,1668.92,0.651102,914.659
5,1244.16,0.7399,1108.63
