Iteration,Cost,Cost reduction,time (ms)
0,93.9027,0.282796,158.16
1,67.2685,0.486221,280.973
2,56.3414,0.56968,397.199
3,48.616,0.628684,521.912
4,48.616,0.628684,679.48
