Iteration,Cost,Cost reduction,time (ms)
0,5768.54,0.00112126,143.874
1,5729.91,0.0078113,242.866
2,5680.02,0.0164486,347.276
3,5503.51,0.0470132,469.883
4,3460.27,0.400821,615.004
5,2343.32,0.594231,796.884
