Iteration,Cost,Cost reduction,time (ms)
0,4960.57,0.00130374,411.183
1,4921.92,0.0090832,810.654
2,4872.09,0.0191167,1205.6
3,4802.56,0.0331145,1707
4,2627.76,0.47096,2196.73
5,2504.47,0.495782,2892.03
