Iteration,Cost,Cost reduction,time (ms)
0,5854.14,0.00110486,413.788
1,5815.5,0.0076982,808.605
2,5765.67,0.0162013,1207.61
3,5619.73,0.0411024,1714.5
4,3489,0.404671,2278.04
5,3043.25,0.480729,2783.13
