Iteration,Cost,Cost reduction,time (ms)
0,4606.11,0.00140408,134.641
1,4567.48,0.00978011,232.347
2,4517.42,0.0206317,336.991
3,4476.08,0.0295954,452.688
4,3687.68,0.200518,568.612
5,3269.46,0.291189,713.515
