Iteration,Cost,Cost reduction,time (ms)
0,5819.99,0.00111119,179.052
1,5781.35,0.00774323,339.696
2,5731.52,0.0162958,506.776
3,5679.7,0.0251882,694.828
4,3969.21,0.318761,891.049
5,3279.74,0.437096,1103.84
