Iteration,Cost,Cost reduction,time (ms)
0,36.9265,0.147197,291.492
1,26.6497,0.384535,543.916
2,26.6497,0.384535,809.242
3,26.6497,0.384535,963.598
4,26.6497,0.384535,1119.33
