Iteration,Cost,Cost reduction,time (ms)
0,39.253,0.135804,107.353
1,9.67288,0.787041,186.159
2,9.47753,0.791342,268.277
3,9.47753,0.791342,353.123
4,8.97061,0.802502,404.018
5,8.97061,0.802502,491.837
