Iteration,Cost,Cost reduction,time (ms)
0,24.2822,0.514698,27.933
1,22.6817,0.546686,48.63
2,20.5252,0.589785,70.167
3,13.4796,0.730598,90.605
4,12.065,0.758869,110.578
5,11.1633,0.776891,131.336
6,10.4216,0.791714,152.05
7,10.4216,0.791714,172.806
