Iteration,Cost,Cost reduction,time (ms)
0,28.956,0.350362,186.035
1,11.9493,0.731913,357.198
2,11.9493,0.731913,522.039
3,6.09616,0.863231,588.54
4,6.09616,0.863231,733.193
5,6.09616,0.863231,790.539
