Iteration,Cost,Cost reduction,time (ms)
0,4218.32,0.00153297,134.836
1,4179.69,0.010678,235.073
2,4129.63,0.022526,338.026
3,3466.22,0.179554,455.061
4,2953.91,0.300817,571.291
5,2084.87,0.506515,730.73
