Iteration,Cost,Cost reduction,time (ms)
0,32.6999,0.295423,109.137
1,31.7589,0.315698,185.028
2,18.6725,0.597668,261.932
3,17.7863,0.616763,347.048
4,17.3744,0.625638,436.739
5,17.2346,0.628649,527.754
