Iteration,Cost,Cost reduction,time (ms)
0,5343.1,0.00121079,134.366
1,5304.47,0.00843248,232.691
2,5254.58,0.0177576,337.226
3,5236.47,0.0211432,457.975
4,3778.05,0.293767,595.44
5,2498.74,0.53291,805.293
