Iteration,Cost,Cost reduction,time (ms)
0,5548.12,0.00116567,161.316
1,5509.49,0.00812151,261.696
2,5459.44,0.0171316,365.948
3,5434.38,0.0216426,479.549
4,2347.6,0.577359,592.308
5,1612.11,0.70977,711.61
