Iteration,Cost,Cost reduction,time (ms)
0,27.5568,0.348065,108.033
1,21.0416,0.5022,183.109
2,20.3772,0.51792,255.423
3,20.0883,0.524755,328.211
4,19.1301,0.547423,403.681
5,9.12836,0.784043,479.936
