Iteration,Cost,Cost reduction,time (ms)
0,32.7929,0.483831,146.223
1,16.3813,0.742153,249.18
2,11.9466,0.811958,355.818
3,1.26392,0.980105,468.189
4,1.26392,0.980105,581.625
5,1.23171,0.980613,660.533
