Iteration,Cost,Cost reduction,time (ms)
0,4593.13,0.00140818,180.983
1,4554.49,0.009809,337.657
2,4504.65,0.0206453,507.19
3,3889.3,0.154428,697.798
4,1744.72,0.62068,909.468
5,1232.96,0.731943,1114.72
