Iteration,Cost,Cost reduction,time (ms)
0,87.6186,0.344581,150.255
1,39.0237,0.708089,253.663
2,32.5498,0.756516,365.08
3,32.5498,0.756516,479.363
4,22.1693,0.834165,567.434
5,18.4102,0.862285,686.946
