Iteration,Cost,Cost reduction,time (ms)
0,4615.77,0.0014016,137.451
1,4577.14,0.00975953,235.45
2,4527.08,0.0205898,337.425
3,4419.85,0.0437874,453.221
4,1934.02,0.581585,563.376
5,1247.67,0.730072,677.532
