Iteration,Cost,Cost reduction,time (ms)
0,97.6143,0.071646,207.687
1,50.6746,0.518063,401.188
2,27.1531,0.741762,596.482
3,16.3464,0.844539,790.918
4,16.2521,0.845436,983.429
5,4.48915,0.957306,1176.38
