Iteration,Cost,Cost reduction,time (ms)
0,93.119,0.39094,199.33
1,58.1166,0.619878,347.021
2,14.0281,0.908247,545.747
3,14.0281,0.908247,756.473
4,14.0281,0.908247,846.208
