Iteration,Cost,Cost reduction,time (ms)
0,21.8236,0.940778,6.918
1,5.00636,0.986414,11.25
2,2.35321,0.993614,15.957
3,1.62251,0.995597,20.617
4,0.853555,0.997684,25.376
5,0.685066,0.998141,29.879
6,0.685066,0.998141,33.848
