Iteration,Cost,Cost reduction,time (ms)
0,33.0124,0.247804,596.756
1,19.1797,0.562987,1127.31
2,7.49511,0.829222,1715.88
3,7.49511,0.829222,2266.37
4,7.29196,0.833851,2352.84
5,7.29196,0.833851,2885.77
