Iteration,Cost,Cost reduction,time (ms)
0,89.1768,0.32962,149.27
1,71.8192,0.460104,259.95
2,20.5918,0.845203,374.748
3,18.7231,0.859251,496.354
4,18.7231,0.859251,615.789
5,18.7231,0.859251,693.272
