Iteration,Cost,Cost reduction,time (ms)
0,88.6041,0.374655,141.937
1,79.2303,0.440813,250.112
2,53.452,0.622749,365.865
3,37.512,0.73525,483.849
4,22.264,0.842867,600.878
5,17.286,0.878,711.823
