Iteration,Cost,Cost reduction,time (ms)
0,29.6562,0.0873928,13.318
1,26.1074,0.196601,23.546
2,15.0229,0.537703,32.452
3,12.9745,0.600738,41.609
4,11.9398,0.632579,51.273
5,11.9398,0.632579,60.133
