Iteration,Cost,Cost reduction,time (ms)
0,4559.03,0.00143616,131.477
1,4521.17,0.00972868,229.801
2,4471.83,0.020535,333.174
3,3598.37,0.211851,442.659
4,3109.94,0.31883,550.672
5,2357.03,0.48374,660.528
