Iteration,Cost,Cost reduction,time (ms)
0,56.2869,0.276659,520.91
1,26.7936,0.655677,1042.19
2,11.07,0.85774,1582.86
3,9.42753,0.878847,2130.98
4,9.42753,0.878847,2670.91
5,9.42753,0.878847,2763.01
