Iteration,Cost,Cost reduction,time (ms)
0,4611.47,0.0014196,130.759
1,4573.61,0.00961806,227.836
2,4524.28,0.0203008,328.543
3,3659.26,0.207614,436.64
4,3340.69,0.276599,553.43
5,2772.44,0.399649,667.705
