Iteration,Cost,Cost reduction,time (ms)
0,43.5042,0.117613,101.003
1,43.5042,0.117613,170.319
2,43.5042,0.117613,220.41
3,43.5042,0.117613,271.867
4,43.5042,0.117613,324.529
5,43.5042,0.117613,379.5
