Iteration,Cost,Cost reduction,time (ms)
0,31.4759,0.290818,106.737
1,16.8353,0.620686,186.095
2,13.2089,0.702392,267.349
3,9.51864,0.785536,364.921
4,7.67682,0.827034,465.096
5,7.23453,0.836999,567.105
