Iteration,Cost,Cost reduction,time (ms)
0,139.946,0.219656,234.403
1,108.125,0.397092,370.925
2,52.7445,0.705895,493.359
3,19.1628,0.893147,635.63
4,16.0869,0.910299,773.008
5,16.0869,0.910299,911.05
