Iteration,Cost,Cost reduction,time (ms)
0,42.2676,0.268698,151.302
1,42.2676,0.268698,265.595
2,42.2676,0.268698,343.341
3,42.2676,0.268698,422.038
4,42.2676,0.268698,502.259
5,42.2676,0.268698,582.543
