Iteration,Cost,Cost reduction,time (ms)
0,4611.56,0.00140285,136.614
1,4572.93,0.0097684,234.992
2,4523.04,0.020572,339.446
3,3873.87,0.161145,460.776
4,2557.29,0.44624,584.454
5,1529.65,0.668767,738.296
