Iteration,Cost,Cost reduction,time (ms)
0,596.794,0.540322,29.322
1,175.258,0.865008,45.985
2,175.258,0.865008,115.707
3,175.258,0.865008,130.3
4,69.7917,0.946243,143.618
5,69.7917,0.946243,159.237
6,69.7917,0.946243,167.801
