Iteration,Cost,Cost reduction,time (ms)
0,161.178,0.0156411,141.665
1,37.9891,0.76799,243.592
2,33.0382,0.798227,353.747
3,26.7276,0.836768,460.222
4,26.1083,0.84055,578.123
5,7.08304,0.956742,699.033
