Iteration,Cost,Cost reduction,time (ms)
0,70.1835,0.331286,522.807
1,44.1533,0.579304,1043.68
2,31.8478,0.696552,1587.7
3,29.2217,0.721573,2170.89
4,16.4352,0.843404,2732.07
5,16.4352,0.843404,3295.99
