Iteration,Cost,Cost reduction,time (ms)
0,31.8951,0.298961,105.358
1,26.596,0.415434,180.158
2,22.0478,0.515401,257.05
3,14.5796,0.679547,336.801
4,4.5287,0.900461,418.287
5,4.30491,0.90538,499.442
