Iteration,Cost,Cost reduction,time (ms)
0,66.4143,0.0207562,147.652
1,34.1794,0.496042,260.795
2,14.8211,0.781471,382.792
3,8.55845,0.87381,510.356
4,8.55845,0.87381,650.251
5,8.02198,0.88172,737.611
