Iteration,Cost,Cost reduction,time (ms)
0,4624.78,0.00139871,144.693
1,4586.15,0.00974043,240.182
2,4536.26,0.0205126,337.013
3,4504.31,0.0274115,447.062
4,3078.99,0.335171,568.374
5,1961.11,0.576549,727.408
6,1961.11,0.576549,935.96
