Iteration,Cost,Cost reduction,time (ms)
0,58.1798,0.39038,220.445
1,41.4109,0.566088,436.852
2,12.3619,0.870469,638.917
3,11.6719,0.877699,846.808
4,11.6345,0.878091,1052.02
5,11.6345,0.878091,1261.09
