Iteration,Cost,Cost reduction,time (ms)
0,4168.93,0.00155106,135.12
1,4130.3,0.0108037,232.84
2,4080.24,0.0227909,335.425
3,3880.03,0.0707425,450.004
4,2774.01,0.335632,568.147
5,2652.11,0.364825,737.625
