Iteration,Cost,Cost reduction,time (ms)
0,38.5243,0.346859,163.527
1,38.5243,0.346859,273.584
2,31.7581,0.461573,353.841
3,21.5193,0.635161,489.143
4,5.49765,0.906793,635.234
5,3.80918,0.935419,795.098
