Iteration,Cost,Cost reduction,time (ms)
0,5666.04,0.0011418,152.597
1,5627.4,0.00795293,251.815
2,5577.34,0.0167778,355.566
3,5531.24,0.0249048,473.739
4,3812.84,0.32784,592.016
5,2896.3,0.489415,781.546
