Iteration,Cost,Cost reduction,time (ms)
0,20.1704,0.54337,127.669
1,20.1704,0.54337,206.252
2,20.1704,0.54337,251.452
3,20.1704,0.54337,296.486
4,20.1704,0.54337,341.355
5,20.1704,0.54337,390.274
6,20.1704,0.54337,440.133
