Iteration,Cost,Cost reduction,time (ms)
0,30.7754,0.309826,108.339
1,16.1598,0.637598,187.398
2,15.4192,0.654206,278.352
3,15.4192,0.654206,362.834
4,14.4217,0.676576,418.568
5,13.5771,0.695518,509.951
