Iteration,Cost,Cost reduction,time (ms)
0,35.1569,0.237901,190.015
1,14.699,0.681368,370.918
2,11.8463,0.743206,557.21
3,11.362,0.753705,736.822
4,9.58415,0.792244,915.965
5,6.61288,0.856652,1103.89
