Iteration,Cost,Cost reduction,time (ms)
0,4196.59,0.00155973,130.629
1,4158.73,0.0105674,227.716
2,4109.39,0.0223047,329.153
3,3289.52,0.217365,438.237
4,2991.61,0.288243,551.483
5,2431.11,0.421598,663.988
