Iteration,Cost,Cost reduction,time (ms)
0,29.9933,0.320262,190.379
1,26.1638,0.407049,377.166
2,23.7197,0.46244,551.103
3,20.4502,0.536538,720.898
4,18.2948,0.585385,888.996
5,18.2948,0.585385,1056.08
