Iteration,Cost,Cost reduction,time (ms)
0,52.0062,0.417639,144.318
1,49.2461,0.448546,252.922
2,43.473,0.513194,363.886
3,25.5247,0.714176,480.526
4,16.3716,0.816672,598.322
5,7.15867,0.919838,716.733
