Iteration,Cost,Cost reduction,time (ms)
0,47.6576,0.339202,146.441
1,30.8655,0.572033,251.831
2,9.12648,0.873457,363.403
3,6.92786,0.903942,485.371
4,2.18015,0.969771,613.707
5,1.74664,0.975782,742.817
6,1.69343,0.97652,875.167
7,1.37873,0.980883,1006.84
8,1.0329,0.985678,1136.82
9,0.918226,0.987268,1265.96
