Iteration,Cost,Cost reduction,time (ms)
0,109.553,0.310727,143.763
1,104.344,0.343501,251.931
2,83.0052,0.477759,363.6
3,79.5636,0.499412,478.303
4,74.2081,0.533107,593.599
5,25.6447,0.838652,709.271
