Iteration,Cost,Cost reduction,time (ms)
0,32.4076,0.311767,107.088
1,16.1514,0.656996,188.129
2,12.0941,0.743161,274.746
3,11.4367,0.757121,364.475
4,9.45034,0.799305,462.208
5,8.2981,0.823775,561.29
