Iteration,Cost,Cost reduction,time (ms)
0,25.4444,0.344217,104.395
1,21.5587,0.444364,176.273
2,20.0596,0.483001,247.881
3,20.0596,0.483001,320.97
4,19.648,0.493609,371.654
5,19.648,0.493609,446.605
