Iteration,Cost,Cost reduction,time (ms)
0,50.313,0.442199,164.59
1,39.2051,0.565347,277.128
2,34.6816,0.615498,398.657
3,34.6816,0.615498,530.22
4,27.3373,0.696921,613.254
5,12.9393,0.856547,754.59
