Iteration,Cost,Cost reduction,time (ms)
0,31.4546,0.504842,576.417
1,24.878,0.608371,1081.95
2,16.7635,0.736109,1587.47
3,16.7635,0.736109,2129.67
4,15.6451,0.753715,2220.61
5,14.9018,0.765416,2764.54
