Iteration,Cost,Cost reduction,time (ms)
0,5519.24,0.00117262,146.356
1,5480.61,0.00816395,247.133
2,5430.71,0.0171938,352.456
3,5080.33,0.0806028,476.1
4,4093.62,0.259169,626.491
5,3350.74,0.393609,806.372
