Iteration,Cost,Cost reduction,time (ms)
0,56.5181,0.378815,150.767
1,37.4934,0.587913,255.694
2,28.3282,0.688648,361.694
3,13.275,0.854096,468.199
4,10.1424,0.888526,577.029
5,3.05135,0.966463,688.477
6,3.05135,0.966463,796.833
