Iteration,Cost,Cost reduction,time (ms)
0,115.19,0.340998,144.481
1,9.1432,0.947692,247.564
2,9.1432,0.947692,355.091
3,9.1432,0.947692,430.205
4,9.1432,0.947692,505.482
5,9.1432,0.947692,581.063
