Iteration,Cost,Cost reduction,time (ms)
0,4454.91,0.00145177,149.12
1,4416.27,0.0101119,249.654
2,4366.22,0.0213324,353.885
3,4338.9,0.0274548,471.852
4,3462.6,0.223874,586.706
5,2567.2,0.424573,716.082
