Iteration,Cost,Cost reduction,time (ms)
0,5011.67,0.00129069,138.447
1,4973.04,0.00898935,237.703
2,4923.15,0.01893,342.195
3,4864.89,0.0305408,466.337
4,3460.98,0.310306,594.536
5,2495.64,0.502677,761.392
