Iteration,Cost,Cost reduction,time (ms)
0,21.6515,0,16.47
1,21.6515,0,36.7
2,16.8671,0.220975,46.243
3,5.70022,0.736729,53.981
4,5.70022,0.736729,63.3
5,5.70022,0.736729,70.076
6,5.70022,0.736729,75.561
