Iteration,Cost,Cost reduction,time (ms)
0,24.8987,0.359596,108.372
1,22.4202,0.423345,183.756
2,19.4608,0.499462,258.248
3,12.9405,0.667165,344.601
4,11.5991,0.701667,444.336
5,8.1056,0.791521,539.456
