Iteration,Cost,Cost reduction,time (ms)
0,5011.66,0.00129042,141.582
1,4973.03,0.00898943,239.6
2,4922.98,0.0189631,342.296
3,4721.07,0.0591984,457.537
4,3377.35,0.326971,574.946
5,2375.66,0.526585,747.196
