Iteration,Cost,Cost reduction,time (ms)
0,33.4642,0.20495,272.163
1,24.33,0.421962,516.22
2,24.33,0.421962,751.709
3,24.33,0.421962,906.365
4,24.33,0.421962,1062.61
