Iteration,Cost,Cost reduction,time (ms)
0,5775.59,0.0011201,140.698
1,5736.96,0.00780194,241.052
2,5687.07,0.0164296,346.709
3,4992.18,0.136611,467.655
4,4059.48,0.297919,591.402
5,1996.06,0.654784,739.108
