Iteration,Cost,Cost reduction,time (ms)
0,60.0192,0.959991,6.572
1,48.4406,0.967709,10.877
2,34.4968,0.977004,15.271
3,28.0579,0.981296,19.416
4,28.0579,0.981296,23.862
