Iteration,Cost,Cost reduction,time (ms)
0,123.036,0.327026,145.876
1,122.912,0.327702,256.547
2,40.3467,0.779314,369.273
3,38.5997,0.78887,495.018
4,23.2009,0.873097,639.845
5,16.6731,0.908803,781.939
