Iteration,Cost,Cost reduction,time (ms)
0,4482.73,0.00146081,132.11
1,4444.87,0.00989415,229.147
2,4395.53,0.0208848,330.949
3,3521.31,0.215621,438.259
4,2502.18,0.442633,547.672
5,2182.22,0.513905,652.404
