Iteration,Cost,Cost reduction,time (ms)
0,154.034,0.171765,153.171
1,64.9783,0.650615,276.488
2,13.3667,0.928128,385.121
3,7.47956,0.959783,504.075
4,7.47956,0.959783,624.607
5,7.42191,0.960093,700.157
