Iteration,Cost,Cost reduction,time (ms)
0,4593.12,0.00140847,134.1
1,4554.49,0.00980757,231.398
2,4504.43,0.020691,334.665
3,3817.13,0.170116,453.122
4,2921.4,0.364856,570.193
5,1292.01,0.719104,714.043
