Iteration,Cost,Cost reduction,time (ms)
0,74.3755,0.207802,154.386
1,44.0999,0.530278,278.947
2,20.9239,0.777133,424.785
3,14.8009,0.842351,607.061
4,14.8009,0.842351,797.142
5,11.6514,0.875897,884.618
