Iteration,Cost,Cost reduction,time (ms)
0,40.0995,0.251818,589.616
1,10.5289,0.80355,1137.4
2,9.69116,0.819181,1673.84
3,9.69116,0.819181,2221.81
4,8.17088,0.847547,2315.88
5,8.17088,0.847547,2857.81
