Iteration,Cost,Cost reduction,time (ms)
0,5768.57,0.00112152,180.194
1,5729.93,0.00781247,335.815
2,5680.09,0.016443,504.573
3,4935.96,0.145295,693.918
4,2185.28,0.6216,909.561
5,1917.68,0.667937,1105.89
