Iteration,Cost,Cost reduction,time (ms)
0,33.5143,0.263115,184.802
1,24.4163,0.463155,371.461
2,24.4163,0.463155,556.909
3,20.9071,0.540313,635.139
4,20.5631,0.547875,807.571
5,20.5631,0.547875,988.295
