Iteration,Cost,Cost reduction,time (ms)
0,102.784,0.35303,147.117
1,45.7462,0.712053,266.451
2,45.7462,0.712053,394.087
3,43.0855,0.728801,493.628
4,43.0855,0.728801,625.782
5,43.0855,0.728801,723.626
