Iteration,Cost,Cost reduction,time (ms)
0,4624.77,0.00139821,150.716
1,4586.14,0.00974061,248.852
2,4536.26,0.0205113,353.597
3,4483.46,0.0319113,473.774
4,2446.61,0.471717,595.394
5,2446.61,0.471717,794.066
