Iteration,Cost,Cost reduction,time (ms)
0,93.8606,0.367966,144.295
1,47.2864,0.681585,248.113
2,10.0417,0.932382,355.936
3,9.21023,0.937981,471.385
4,9.20481,0.938017,591.319
5,9.13437,0.938491,711.158
