Iteration,Cost,Cost reduction,time (ms)
0,585.32,0.470144,16.337
1,140.955,0.872402,29.425
2,140.955,0.872402,58.606
3,140.955,0.872402,71.191
4,140.955,0.872402,85.078
5,109.736,0.900663,95.61
6,67.4049,0.938982,106.602
7,67.4049,0.938982,126.9
