Iteration,Cost,Cost reduction,time (ms)
0,4454.91,0.00145178,178.029
1,4416.27,0.0101129,334.829
2,4366.43,0.0212849,503.924
3,3740.64,0.161552,693.802
4,2020.57,0.547098,908.402
5,940.146,0.789271,1104.01
