Iteration,Cost,Cost reduction,time (ms)
0,30.001,0.298327,103.162
1,25.8546,0.395306,177.812
2,19.4231,0.545726,253.472
3,5.19316,0.878541,332.168
4,4.16758,0.902527,412.272
5,4.16758,0.902527,489.494
