Iteration,Cost,Cost reduction,time (ms)
0,24.0415,0.39612,178.547
1,15.4573,0.611741,346.072
2,12.5391,0.685041,511.508
3,12.5391,0.685041,666.005
4,12.5391,0.685041,727.986
5,12.5391,0.685041,776.634
