Iteration,Cost,Cost reduction,time (ms)
0,5873.17,0.00110159,414.84
1,5834.53,0.0076735,811.357
2,5784.69,0.0161506,1209.32
3,5764.76,0.0195399,1709.35
4,4151.28,0.293957,2208.53
5,2788.17,0.525793,3132.59
