Iteration,Cost,Cost reduction,time (ms)
0,57.7221,0.483362,588.569
1,38.7002,0.653616,1132.73
2,29.679,0.73436,1679.61
3,29.3858,0.736985,2236.36
4,29.3858,0.736985,2789.07
5,26.9272,0.75899,2884.49
