Iteration,Cost,Cost reduction,time (ms)
0,34.9026,0.230239,587.117
1,21.2736,0.530821,1165.58
2,21.2736,0.530821,1702.75
3,14.5481,0.679148,1793.28
4,12.6322,0.721402,2313.36
5,11.3814,0.748988,2850.09
