Iteration,Cost,Cost reduction,time (ms)
0,5.0894186368464345,0.0,29.568910598754883
1,4.747074400922405,0.06726588248125664,173.69318008422852
