Iteration,Cost,Cost reduction,time (ms)
0,4606.03,0.00142132,132.058
1,4568.17,0.00962944,228.718
2,4518.84,0.0203247,330.032
3,3653.78,0.207868,438.551
4,3296.82,0.285255,550.216
5,2795.45,0.393952,663.989
