Iteration,Cost,Cost reduction,time (ms)
0,4509.91,0.00145152,129.861
1,4472.05,0.00983434,226.111
2,4422.72,0.0207573,326.985
3,3575.63,0.208313,436.327
4,3239.59,0.282717,550.619
5,2666.89,0.40952,660.542
