Iteration,Cost,Cost reduction,time (ms)
0,81.9862,0.344934,134.815
1,11.6508,0.906911,231.964
2,6.49885,0.948074,329.633
3,6.49885,0.948074,436.15
4,6.49885,0.948074,505.672
