Iteration,Cost,Cost reduction,time (ms)
0,4606.1,0.00140396,145.978
1,4567.47,0.00977991,244.223
2,4517.59,0.0205942,348.876
3,4500.37,0.0243266,475.45
4,2784.86,0.396247,614.992
5,2539.48,0.449445,900.524
