Iteration,Cost,Cost reduction,time (ms)
0,22.2595,0.407678,179.877
1,12.9099,0.656469,346.472
2,7.66088,0.796145,511.113
3,3.53013,0.906064,677.919
4,3.46764,0.907727,844.255
5,3.4236,0.908898,1009.43
