Iteration,Cost,Cost reduction,time (ms)
0,12.516,0,17.692
1,7.43322,0.406104,30.716
2,7.42461,0.406792,47.229
3,7.42461,0.406792,54.422
4,5.08863,0.593431,64.282
5,5.08863,0.593431,72.802
6,5.08863,0.593431,80.051
