Iteration,Cost,Cost reduction,time (ms)
0,8.303498636846472,0.0,335.1266384124756
1,8.222710699110118,0.009729385319323103,1142.256498336792
