Iteration,Cost,Cost reduction,time (ms)
0,5627.48,0.00114928,413.269
1,5588.84,0.0080079,810.899
2,5539,0.0168532,1208.79
3,4843.35,0.140329,1714.53
4,2070.15,0.632558,2352.26
5,1874.68,0.667253,2889.58
