Iteration,Cost,Cost reduction,time (ms)
0,35.5085,0.450309,213.685
1,15.3135,0.762939,416.797
2,15.3135,0.762939,618.206
3,4.542,0.929687,709.394
4,3.30685,0.948808,951.607
5,2.78929,0.95682,1201.18
