Iteration,Cost,Cost reduction,time (ms)
0,5143.62,0.00125735,147.863
1,5104.98,0.00876027,254.108
2,5055.15,0.0184368,363.068
3,4900.78,0.0484108,486.922
4,4218.17,0.180954,622.915
5,3860.73,0.250357,750.14
6,2511.27,0.512385,878.692
7,1182.01,0.770488,999.942
8,873.718,0.830349,1142.07
9,873.718,0.830349,1282.32
