Iteration,Cost,Cost reduction,time (ms)
0,63.9364,0.386758,153.719
1,46.9741,0.549451,262.306
2,23.5569,0.774056,375.548
3,17.319,0.833886,498.49
4,9.40493,0.909793,623.565
5,9.19991,0.91176,764.123
