Iteration,Cost,Cost reduction,time (ms)
0,26.1128,0.33456,190.467
1,23.8853,0.391323,368.601
2,22.7578,0.420056,547.022
3,22.7578,0.420056,719.86
4,18.4549,0.529707,792.318
5,15.1768,0.613245,955.872
