Iteration,Cost,Cost reduction,time (ms)
0,4842.94,0.00133529,414.798
1,4804.29,0.00930348,813.604
2,4754.46,0.0195799,1210.3
3,4703.33,0.0301232,1714.76
4,3408.2,0.297193,2301.54
5,2383.31,0.508537,2925.68
