Iteration,Cost,Cost reduction,time (ms)
0,117.793,0.339241,155.127
1,54.1879,0.696034,265.205
2,54.1879,0.696034,385.074
3,54.1879,0.696034,463.579
4,51.8024,0.709415,542.707
5,51.8024,0.709415,666.541
