Iteration,Cost,Cost reduction,time (ms)
0,106.224,0.299604,570.046
1,67.3871,0.555679,1082.44
2,51.5462,0.660126,1602.52
3,33.3293,0.780241,2133.15
4,33.3293,0.780241,2656.99
5,26.986,0.822066,2752.12
