Iteration,Cost,Cost reduction,time (ms)
0,92.4067,0.347817,212.095
1,55.7889,0.606256,421.581
2,20.5575,0.85491,639.498
3,4.82891,0.965919,870.728
4,4.82891,0.965919,1101.73
5,4.82891,0.965919,1192.02
