Iteration,Cost,Cost reduction,time (ms)
0,22.2417,0.436411,184.524
1,18.4682,0.53203,365.707
2,10.7943,0.726481,533.194
3,6.88652,0.825501,700.691
4,5.86842,0.851299,867.559
5,3.86321,0.902109,1035.31
