Iteration,Cost,Cost reduction,time (ms)
0,51.1941,0.444502,147.149
1,47.4104,0.485558,259.122
2,41.2194,0.552736,371.262
3,25.5716,0.722527,487.25
4,22.1497,0.759657,604.427
5,19.7796,0.785375,720.792
