Iteration,Cost,Cost reduction,time (ms)
0,111.006,0.146314,590.922
1,31.4043,0.758486,1169.38
2,10.2905,0.920862,1755.16
3,7.26411,0.944136,2329.89
4,7.26411,0.944136,2886.38
5,7.26411,0.944136,2978.01
