Iteration,Cost,Cost reduction,time (ms)
0,4179.48,0.00154765,135.975
1,4140.85,0.0107767,234.533
2,4090.79,0.0227356,338.434
3,3428.56,0.180938,455.475
4,2638.13,0.369767,572.658
5,2150.34,0.486297,722.976
