Iteration,Cost,Cost reduction,time (ms)
0,5697.79,0.00114937,130.627
1,5659.92,0.0077865,228.948
2,5610.59,0.0164356,330.881
3,4620.43,0.190015,439.686
4,4176.03,0.267921,550.242
5,3487.57,0.388612,662.665
