Iteration,Cost,Cost reduction,time (ms)
0,37.8111,0.593704,25.096
1,28.7667,0.69089,39.848
2,24.4604,0.737162,52.997
3,14.6918,0.842131,66.762
4,12.9315,0.861045,80.164
5,8.73975,0.906088,93.414
6,7.61719,0.91815,105.498
7,6.65204,0.928521,119.032
8,6.65204,0.928521,132.228
