Iteration,Cost,Cost reduction,time (ms)
0,4336.02,0.00149132,410.64
1,4297.38,0.0103896,808.971
2,4247.54,0.0218665,1205.34
3,3928.08,0.0954328,1711.3
4,2028.26,0.532928,2355.36
5,1864.41,0.57066,2969.52
