Iteration,Cost,Cost reduction,time (ms)
0,26.5312,0.349705,105.431
1,11.659,0.714231,181.878
2,11.2589,0.724038,259.966
3,11.2589,0.724038,334.621
4,10.9855,0.73074,392.275
5,10.9855,0.73074,473.777
