Iteration,Cost,Cost reduction,time (ms)
0,136.195,0.225848,157.903
1,24.4188,0.8612,273.487
2,24.4188,0.8612,382.316
3,22.661,0.871192,459.119
4,22.661,0.871192,569.023
5,18.8495,0.892857,644.266
