Iteration,Cost,Cost reduction,time (ms)
0,44.6283,0.892834,6.421
1,6.27104,0.984941,10.461
2,2.82752,0.99321,14.563
3,2.62834,0.993689,18.883
4,1.43652,0.99655,23.907
5,1.43652,0.99655,27.666
