Iteration,Cost,Cost reduction,time (ms)
0,65.3745,0.187604,216.193
1,39.0893,0.514245,345.134
2,6.59367,0.918062,459.83
3,4.9608,0.938353,574.392
4,2.20072,0.972652,692.304
5,2.20072,0.972652,816.619
