Iteration,Cost,Cost reduction,time (ms)
0,5873.08,0.00111513,133.824
1,5835.22,0.00755437,229.169
2,5785.88,0.0159452,329.905
3,4776.11,0.187686,437.787
4,4252.52,0.276737,547.101
5,3141.07,0.465772,659.006
