Iteration,Cost,Cost reduction,time (ms)
0,120.62,0.228456,234.926
1,54.142,0.653682,475.632
2,35.865,0.77059,701.44
3,20.7557,0.867237,929.342
4,7.24071,0.953685,1148.11
5,7.24071,0.953685,1362.63
