Iteration,Cost,Cost reduction,time (ms)
0,34.5253,0.456563,148.147
1,34.3818,0.458821,255.688
2,30.3008,0.523058,372.894
3,19.2668,0.696735,489.023
4,11.0391,0.826242,608.214
5,9.36695,0.852562,731.352
