Iteration,Cost,Cost reduction,time (ms)
0,5601.75,0.00115484,149.507
1,5563.12,0.00804348,249.628
2,5513.24,0.0169383,354.785
3,5495.24,0.0201476,475.002
4,4692.66,0.163255,606.069
5,2895.82,0.483648,748.696
