Iteration,Cost,Cost reduction,time (ms)
0,2.50125,0.92266,6.806
1,1.07417,0.966786,11.782
2,0.426861,0.986801,16.028
3,0.33641,0.989598,20.432
4,0.310992,0.990384,24.737
5,0.302285,0.990653,29.111
6,0.302285,0.990653,33.553
