Iteration,Cost,Cost reduction,time (ms)
0,24.6012,0.400008,103.695
1,22.0635,0.461899,177.159
2,7.35018,0.820739,250.494
3,7.35018,0.820739,321.933
4,7.35018,0.820739,370.77
5,7.33545,0.821098,422.043
