Iteration,Cost,Cost reduction,time (ms)
0,27.2761,0.335335,604.192
1,14.8238,0.638773,1181.62
2,10.7236,0.738686,1734.53
3,10.7236,0.738686,2292.63
4,10.3546,0.747679,2384.6
5,8.88687,0.783444,2941.06
