Iteration,Cost,Cost reduction,time (ms)
0,125.293,0.302107,146.163
1,117.676,0.34453,255.519
2,95.0142,0.47076,367.509
3,93.5711,0.478799,481.641
4,50.2651,0.720018,600.322
5,33.1443,0.815383,716.584
