Iteration,Cost,Cost reduction,time (ms)
0,5232.45,0.00123614,178.844
1,5193.81,0.00861184,336.756
2,5143.98,0.0181249,504.74
3,4412.15,0.157815,697.339
4,1591.01,0.69631,914.685
5,1501.35,0.713423,1118.3
