Iteration,Cost,Cost reduction,time (ms)
0,88.9551,0.363462,154.381
1,63.6293,0.544686,263.124
2,14.9808,0.892801,382.381
3,10.2102,0.926939,507.671
4,5.1169,0.963385,645.992
5,4.67615,0.966539,787.446
