Iteration,Cost,Cost reduction,time (ms)
0,41.4865,0.595517,69.554
1,41.4865,0.595517,163.653
2,41.4865,0.595517,216.33
3,41.4865,0.595517,251.442
4,41.4865,0.595517,284.412
5,39.9063,0.610924,317.204
6,39.9063,0.610924,353.977
