Iteration,Cost,Cost reduction,time (ms)
0,5196.72,0.00124491,138.123
1,5158.08,0.00866972,233.931
2,5108.03,0.0182898,335.776
3,5096.37,0.0205296,451.921
4,4235.59,0.185963,562.391
5,3392.97,0.347907,752.541
