Iteration,Cost,Cost reduction,time (ms)
0,4872.95,0.00132712,149.987
1,4834.31,0.00924538,247.541
2,4784.26,0.0195031,350.699
3,4759.36,0.0246063,465.301
4,3281,0.327585,579.013
5,3281,0.327585,733.03
