Iteration,Cost,Cost reduction,time (ms)
0,20.8524,0.182188,26.852
1,18.655,0.268367,43.96
2,13.8323,0.45751,60.546
3,11.9404,0.531708,75.094
4,10.7439,0.578635,88.798
5,8.71563,0.658181,106.218
6,6.91524,0.728791,124.932
7,6.56919,0.742363,143.388
8,6.36813,0.750248,162.693
9,6.36813,0.750248,180.171
