Iteration,Cost,Cost reduction,time (ms)
0,142.531,0.0443541,139.365
1,19.7183,0.867792,245.908
2,4.50345,0.969805,357.021
3,4.48627,0.96992,473.675
4,4.48627,0.96992,585.128
5,4.48627,0.96992,662.681
