Iteration,Cost,Cost reduction,time (ms)
0,19.2547,0.601297,111.274
1,16.2961,0.66256,184.23
2,16.2961,0.66256,265.082
3,14.477,0.700228,316.591
4,11.219,0.76769,404.08
5,11.219,0.76769,495.327
