Iteration,Cost,Cost reduction,time (ms)
0,4403.26,0.00146875,183.234
1,4364.62,0.0102313,341.035
2,4314.78,0.021534,509.511
3,3694.47,0.162203,699.374
4,1454.68,0.67012,916.131
5,1148.91,0.739462,1112.15
