Iteration,Cost,Cost reduction,time (ms)
0,37.5146,0.194991,175.182
1,23.0764,0.504815,345.358
2,13.9935,0.699721,516.562
3,11.5332,0.752515,690.703
4,9.32691,0.799858,860.684
5,9.32691,0.799858,1025.87
