Iteration,Cost,Cost reduction,time (ms)
0,63.9711,0.310494,146.357
1,46.6861,0.496798,255.667
2,36.8513,0.602802,377.241
3,6.81427,0.926553,496.549
4,4.54252,0.951039,615.352
5,3.87676,0.958215,734.478
