Iteration,Cost,Cost reduction,time (ms)
0,5.00764,0.918781,7.189
1,2.69814,0.956239,11.308
2,1.64727,0.973283,15.552
3,1.40188,0.977263,20.097
4,0.918543,0.985102,24.378
5,0.79932,0.987036,28.984
6,0.701743,0.988618,33.431
7,0.637399,0.989662,37.942
8,0.590774,0.990418,42.368
9,0.554922,0.991,46.699
