Iteration,Cost,Cost reduction,time (ms)
0,27.6306,0.365096,577.917
1,19.664,0.548154,1076.69
2,19.664,0.548154,1581.72
3,13.3822,0.692499,1671.76
4,12.568,0.711208,2165.72
5,12.568,0.711208,2677.38
