Iteration,Cost,Cost reduction,time (ms)
0,31.2606,0.250282,102.003
1,31.2606,0.250282,168.943
2,31.2606,0.250282,212.947
3,31.2606,0.250282,257.333
4,31.2606,0.250282,304.55
5,31.2606,0.250282,349.74
