Iteration,Cost,Cost reduction,time (ms)
0,28.5184,0.300212,117.699
1,23.8493,0.414782,199.819
2,22.4966,0.447976,284.787
3,22.4966,0.447976,367.202
4,20.22,0.503838,422.483
5,18.1255,0.555234,520.822
