Iteration,Cost,Cost reduction,time (ms)
0,38.7225,0.682899,23.436
1,27.7916,0.772413,41.887
2,22.4065,0.816512,57.584
3,21.9388,0.820342,78.725
4,15.1715,0.87576,97.892
5,12.9662,0.893819,115.666
6,9.43734,0.922717,132.915
7,8.48844,0.930488,150.699
8,8.48844,0.930488,166.269
