Iteration,Cost,Cost reduction,time (ms)
0,40.915,0.16057,107.196
1,39.2412,0.19491,183.873
2,39.2412,0.19491,260.898
3,35.462,0.272444,314.547
4,19.1152,0.607824,405.268
5,19.1152,0.607824,500.018
