Iteration,Cost,Cost reduction,time (ms)
0,25.7429,0.351927,110.27
1,14.6085,0.632234,188.197
2,4.72059,0.88116,270.18
3,4.08122,0.897256,362.888
4,3.76657,0.905178,460.549
5,3.76657,0.905178,559.422
