Iteration,Cost,Cost reduction,time (ms)
0,37.623,0.185101,100.309
1,37.623,0.185101,168.271
2,37.623,0.185101,213.387
3,37.623,0.185101,259.149
4,37.623,0.185101,305.702
5,37.623,0.185101,353.042
