Iteration,Cost,Cost reduction,time (ms)
0,27.5034,0.463604,151.48
1,26.8228,0.476878,264.389
2,21.935,0.572205,376.374
3,13.2931,0.740746,497.677
4,9.76784,0.809499,621.052
5,6.01085,0.882771,746.318
