Iteration,Cost,Cost reduction,time (ms)
0,23.3292,0.480924,186.318
1,22.7193,0.494494,371.91
2,22.7193,0.494494,560.269
3,20.093,0.55293,636.802
4,14.9144,0.668154,811.469
5,14.0196,0.688064,998.865
