Iteration,Cost,Cost reduction,time (ms)
0,128.023,0.15677,597.282
1,31.5296,0.792329,1198.99
2,28.8379,0.810058,1796.5
3,17.9977,0.881457,2365.89
4,17.9977,0.881457,2916.27
5,15.646,0.896947,3009.47
