Iteration,Cost,Cost reduction,time (ms)
0,105.671,0.333421,153.11
1,105.671,0.333421,257.313
2,105.671,0.333421,330.555
3,105.671,0.333421,403.518
4,105.671,0.333421,476.231
5,105.671,0.333421,549.45
