Iteration,Cost,Cost reduction,time (ms)
0,111.077,0.308309,145.364
1,100.167,0.376243,255.239
2,88.28,0.450267,357.961
3,80.4286,0.499159,464.881
4,47.4099,0.704771,572.866
5,34.1608,0.787275,683.884
6,32.6478,0.796697,798.48
7,25.0388,0.84408,915.138
8,6.79022,0.957716,1025.36
9,4.31998,0.973099,1124.23
