Iteration,Cost,Cost reduction,time (ms)
0,134.813,0.0439413,207.748
1,26.6043,0.811329,411.34
2,20.355,0.855647,602.843
3,9.93689,0.92953,841.071
4,9.34994,0.933693,1085.38
5,9.34994,0.933693,1324.92
