Iteration,Cost,Cost reduction,time (ms)
0,27.9113,0.371673,183.979
1,10.2353,0.769587,334.909
2,10.2353,0.769587,472.983
3,9.63742,0.783047,545.701
4,9.63742,0.783047,685.327
