Iteration,Cost,Cost reduction,time (ms)
0,4447.86,0.00145374,146.405
1,4409.22,0.0101286,258.346
2,4359.39,0.0213166,377.624
3,4218.78,0.0528833,515.89
4,3116.9,0.300256,663.021
5,1951.73,0.561836,801.093
6,1310.23,0.705854,976.18
7,1310.23,0.705854,1103.21
