Iteration,Cost,Cost reduction,time (ms)
0,27.9696,0.31265,104.356
1,27.1886,0.331845,177.535
2,27.1886,0.331845,247.715
3,21.6405,0.468188,299.273
4,20.0161,0.508106,376.662
5,19.792,0.513615,455.95
