Iteration,Cost,Cost reduction,time (ms)
0,71.1359,0.327387,220.045
1,37.4827,0.645589,431.64
2,13.3081,0.874168,636.501
3,6.35629,0.939899,829.24
4,3.64739,0.965513,1012.18
5,3.64739,0.965513,1196.45
