Iteration,Cost,Cost reduction,time (ms)
0,103.793,0.223589,155.533
1,62.5404,0.532175,261.565
2,30.3444,0.773013,378.973
3,24.0734,0.819922,510.971
4,21.3114,0.840583,643.176
5,21.3114,0.840583,771.779
