Iteration,Cost,Cost reduction,time (ms)
0,137.548,0.247647,139.82
1,48.5121,0.734652,241.644
2,42.5052,0.767508,367.8
3,41.9381,0.77061,496.803
4,41.9381,0.77061,623.859
5,41.6705,0.772073,703.441
