Iteration,Cost,Cost reduction,time (ms)
0,5676.13,0.00113961,134.493
1,5637.49,0.00793866,233.308
2,5587.44,0.0167469,335.946
3,5246.71,0.0767062,453.011
4,4252.5,0.251664,571.835
5,3454.37,0.392116,750.871
