Iteration,Cost,Cost reduction,time (ms)
0,30.6203,0.316201,105.4
1,20.5596,0.540871,178.167
2,10.1435,0.773479,251.653
3,10.1435,0.773479,325.732
4,10.1435,0.773479,376.296
5,10.1435,0.773479,427.306
