Iteration,Cost,Cost reduction,time (ms)
0,29.3678,0.324,105.875
1,20.0042,0.539535,182.679
2,20.0042,0.539535,257.235
3,18.8096,0.567032,309.403
4,18.2261,0.580464,392.206
5,17.4248,0.598909,476.221
