Iteration,Cost,Cost reduction,time (ms)
0,24.5703,0.451182,103.615
1,19.7953,0.55784,180.379
2,15.5374,0.652946,257.706
3,15.5374,0.652946,371.903
4,15.5374,0.652946,421.95
