Iteration,Cost,Cost reduction,time (ms)
0,42.0829,0.446746,160.49
1,42.0829,0.446746,270.25
2,41.7378,0.451283,348.117
3,32.8308,0.568381,469.499
4,26.1561,0.656132,601.446
5,26.1561,0.656132,731.077
