Iteration,Cost,Cost reduction,time (ms)
0,4179.68,0.00154775,137.141
1,4141.05,0.0107761,236.541
2,4091.16,0.0226946,341.014
3,3450.35,0.175772,461.988
4,2160.18,0.483972,585.214
5,1371.92,0.672273,730.863
