Iteration,Cost,Cost reduction,time (ms)
0,28.3782,0.353128,105.697
1,25.7981,0.411942,183.985
2,25.7981,0.411942,260.391
3,25.3641,0.421833,314.828
4,23.3806,0.467046,402.332
5,23.3806,0.467046,482.645
