Iteration,Cost,Cost reduction,time (ms)
0,4333.09,0.00149248,147.132
1,4294.45,0.0103956,246.13
2,4244.4,0.0219307,350.365
3,4219.58,0.0276502,466.769
4,3105.99,0.284263,581.463
5,2418.57,0.44267,722.75
