Iteration,Cost,Cost reduction,time (ms)
0,27.9053,0.317245,184.616
1,19.6026,0.520386,361.591
2,19.6026,0.520386,525.361
3,19.6026,0.520386,597.522
4,19.6026,0.520386,649.657
5,19.6026,0.520386,696.199
