Iteration,Cost,Cost reduction,time (ms)
0,4179.67,0.00154706,155.488
1,4141.04,0.0107763,254.853
2,4091.15,0.0226928,360.542
3,4069.1,0.027961,481.928
4,3414.9,0.184238,605.768
5,1910.83,0.543535,801.469
