Iteration,Cost,Cost reduction,time (ms)
0,72.656,0.201068,145.049
1,42.4594,0.533113,251.717
2,38.1463,0.58054,360.328
3,30.7704,0.661646,474.735
4,14.4999,0.840558,596.171
5,14.4999,0.840558,717.013
