Iteration,Cost,Cost reduction,time (ms)
0,24.4775,0.445863,103.403
1,17.331,0.60765,174.366
2,15.043,0.659446,244.296
3,4.1291,0.906523,315.551
4,4.1291,0.906523,389.103
