Iteration,Cost,Cost reduction,time (ms)
0,69.8489,0.379176,575.092
1,44.6161,0.603448,1152.32
2,44.6161,0.603448,1680.66
3,38.962,0.653701,1765.85
4,38.962,0.653701,2289.38
5,38.9085,0.654177,2377.98
