Iteration,Cost,Cost reduction,time (ms)
0,5423.93,0.00120746,132.29
1,5386.07,0.00817923,228.914
2,5336.73,0.0172651,330.112
3,4373.8,0.194584,438.476
4,3803.1,0.299677,547.359
5,1783.22,0.671628,656.129
