Iteration,Cost,Cost reduction,time (ms)
0,27.4247,0.377864,111.189
1,19.0602,0.567616,186.288
2,17.4662,0.603775,261.786
3,10.424,0.76353,341.022
4,7.58689,0.82789,433.767
5,5.02487,0.88601,530.587
