Iteration,Cost,Cost reduction,time (ms)
0,4611.57,0.00140248,160.503
1,4572.93,0.00976868,262.75
2,4522.87,0.0206079,366.277
3,3824.99,0.17173,483.763
4,1220.58,0.735693,593.56
5,701.769,0.848038,705.358
