Iteration,Cost,Cost reduction,time (ms)
0,28.2532,0.329761,110.628
1,14.3294,0.66007,189.827
2,11.7013,0.722414,271.941
3,7.76566,0.815778,365.085
4,7.76566,0.815778,455.59
5,7.76566,0.815778,509.091
