Iteration,Cost,Cost reduction,time (ms)
0,57.79,0.210726,225.317
1,45.1443,0.383436,442.339
2,11.8855,0.837672,662.44
3,7.52309,0.897252,879.676
4,3.77425,0.948453,1105.56
5,3.77425,0.948453,1322.52
