Iteration,Cost,Cost reduction,time (ms)
0,4677.02,0.00138267,141.35
1,4638.39,0.00963177,239.266
2,4588.34,0.0203183,341.63
3,4382.52,0.0642639,456.021
4,3081.96,0.341953,572.275
5,2245.41,0.52057,731.114
