Iteration,Cost,Cost reduction,time (ms)
0,24.1366,0.378059,117.519
1,15.4462,0.601991,190.046
2,15.4462,0.601991,263.355
3,15.4462,0.601991,312.529
4,15.4462,0.601991,362.852
5,15.4462,0.601991,413.172
