Iteration,Cost,Cost reduction,time (ms)
0,382.194,0.735375,7.295
1,373.209,0.741596,12.412
2,373.209,0.741596,17.184
3,373.209,0.741596,19.67
4,373.209,0.741596,22.674
