Iteration,Cost,Cost reduction,time (ms)
0,23.0402,0.520342,112.172
1,13.9056,0.710509,182.324
2,13.9056,0.710509,262.42
3,13.9056,0.710509,308.619
4,13.9056,0.710509,354.204
