Iteration,Cost,Cost reduction,time (ms)
0,27.0956,0.316013,552.888
1,15.2701,0.61453,1185.73
2,9.24971,0.766505,1833.48
3,6.88855,0.826109,2463.66
4,6.39615,0.838539,3088.87
5,6.18813,0.84379,3713.22
