Iteration,Cost,Cost reduction,time (ms)
0,4463.39,0.00144945,135.615
1,4424.75,0.0100923,234.667
2,4374.86,0.0212545,340.346
3,3732.26,0.165018,460.781
4,1703.51,0.61889,584.537
5,1462.31,0.672852,736.5
