Iteration,Cost,Cost reduction,time (ms)
0,109.296,0.324686,149.467
1,107.767,0.33413,257.811
2,69.0286,0.573488,371.606
3,45.7913,0.717065,495.397
4,41.5526,0.743255,617.528
5,38.8369,0.760035,737.711
