Iteration,Cost,Cost reduction,time (ms)
0,108.85,0.308893,218.904
1,77.8417,0.50577,426.957
2,20.3503,0.870792,629.813
3,15.8122,0.899606,837.294
4,15.0697,0.90432,1045.62
5,8.23282,0.947728,1253.58
