Iteration,Cost,Cost reduction,time (ms)
0,567.061,0.0283897,90.405
1,567.061,0.0283897,154.156
2,567.061,0.0283897,197.179
3,567.061,0.0283897,238.743
4,567.061,0.0283897,282.396
5,567.061,0.0283897,326.563
