Iteration,Cost,Cost reduction,time (ms)
0,5342.51,0.00121089,156
1,5303.88,0.00843359,257.178
2,5253.99,0.0177601,362.951
3,5173.23,0.0328581,484.752
4,2893.18,0.459117,605.276
5,1524.15,0.715059,791.671
