Iteration,Cost,Cost reduction,time (ms)
0,115.192,0.358234,140.856
1,109.788,0.388341,249.84
2,89.3625,0.502137,360.549
3,85.8064,0.521949,482.141
4,82.7349,0.539061,605.652
5,75.2151,0.580956,719.96
