Iteration,Cost,Cost reduction,time (ms)
0,244.722,0.781399,60.245
1,236.844,0.788437,74.836
2,86.3442,0.922872,85.712
3,86.3442,0.922872,97.021
4,86.3442,0.922872,101.953
5,86.3442,0.922872,107.462
6,86.2534,0.922953,115.634
