Iteration,Cost,Cost reduction,time (ms)
0,25.8147,0.399145,108.837
1,15.7253,0.633983,183.699
2,11.8454,0.724289,261.714
3,11.8454,0.724289,360.375
4,11.3324,0.73623,414.323
5,11.3324,0.73623,517.993
