Iteration,Cost,Cost reduction,time (ms)
0,5107.94,0.00126666,138.279
1,5069.31,0.0088203,235.845
2,5019.42,0.0185753,340.865
3,5004.28,0.0215357,461.915
4,3558.48,0.304226,598.23
5,3508.99,0.313904,742.825
