Iteration,Cost,Cost reduction,time (ms)
0,46.9018,0.265714,147.965
1,28.2248,0.558117,255.12
2,11.4572,0.820629,375.419
3,10.5616,0.83465,504.103
4,6.17109,0.903386,629.003
5,2.51491,0.960627,768.91
