Iteration,Cost,Cost reduction,time (ms)
0,31.7869,0.335905,106.477
1,24.7479,0.482964,180.186
2,24.7479,0.482964,249.215
3,23.1371,0.516617,302.241
4,23.1371,0.516617,377.379
5,23.1371,0.516617,430.444
