Iteration,Cost,Cost reduction,time (ms)
0,26.3787,0.324432,580.243
1,23.5989,0.395623,1176.54
2,23.5989,0.395623,1757.52
3,22.1081,0.433802,1853.72
4,21.2454,0.455897,2399.45
5,20.4621,0.475957,2936.04
