Iteration,Cost,Cost reduction,time (ms)
0,28.7305,0.336361,105.099
1,21.8738,0.494741,178.729
2,21.8738,0.494741,248.726
3,20.4928,0.526642,299.904
4,20.4928,0.526642,376.025
5,20.4747,0.527058,429.438
