Iteration,Cost,Cost reduction,time (ms)
0,26.3216,0.393206,106.273
1,23.3982,0.4606,180.002
2,13.5454,0.687737,252.521
3,9.93954,0.770863,327.037
4,6.3169,0.854376,404.401
5,6.17745,0.857591,488.688
