Iteration,Cost,Cost reduction,time (ms)
0,5733.85,0.00112855,148.528
1,5695.21,0.00785858,244.959
2,5645.32,0.0165499,348.7
3,5630.05,0.0192108,471.218
4,3868.87,0.326019,612.786
5,3016.18,0.474563,836.3
