Iteration,Cost,Cost reduction,time (ms)
0,42.9393,0.568865,25.996
1,13.1767,0.867698,38.434
2,10.7969,0.891593,51.615
3,8.87581,0.910882,65.276
4,8.87581,0.910882,79.39
