Iteration,Cost,Cost reduction,time (ms)
0,26.6383,0.2929,101.596
1,7.50226,0.800856,174.885
2,7.2784,0.806799,252.321
3,6.33073,0.831954,332.144
4,6.11459,0.837691,411.407
5,6.11459,0.837691,490.094
