Iteration,Cost,Cost reduction,time (ms)
0,28.7151,0.344334,109.675
1,28.7151,0.344334,184.49
2,28.7151,0.344334,227.472
3,28.7151,0.344334,279.06
4,28.7151,0.344334,326.633
5,28.7151,0.344334,375.748
