Iteration,Cost,Cost reduction,time (ms)
0,25.6004,0.363414,105.766
1,24.6167,0.387875,179.203
2,24.6167,0.387875,249.424
3,21.8652,0.456295,299.289
4,17.1664,0.573135,374.956
5,17.1664,0.573135,450.514
