Iteration,Cost,Cost reduction,time (ms)
0,4872.95,0.001327,416.831
1,4834.31,0.0092462,815.208
2,4784.47,0.0194593,1215.18
3,4088.86,0.16202,1720.79
4,1699.69,0.651661,2354.28
5,1082.22,0.778206,2892.63
