Iteration,Cost,Cost reduction,time (ms)
0,5355.33,0.00120772,411.34
1,5316.69,0.00841443,810.072
2,5266.85,0.0177091,1202.89
3,5225.94,0.0253388,1705.67
4,3588.27,0.330772,2245.01
5,3066.91,0.428008,3039.81
