Iteration,Cost,Cost reduction,time (ms)
0,25.3228,0.439767,185.997
1,15.3116,0.661251,357.88
2,10.4485,0.76884,524.571
3,10.4485,0.76884,689.318
4,10.4485,0.76884,753.334
5,10.4485,0.76884,800.219
