Iteration,Cost,Cost reduction,time (ms)
0,5366.53,0.00120554,414.027
1,5327.89,0.00839711,810.72
2,5278.05,0.017674,1207.33
3,5119.21,0.0472364,1705.13
4,4143.87,0.228762,2252.51
5,2092.66,0.610524,2762.9
