Iteration,Cost,Cost reduction,time (ms)
0,71.8281,0.378267,143.857
1,53.0859,0.540497,246.499
2,17.3454,0.849861,356.012
3,16.833,0.854296,465.539
4,14.7921,0.871962,578.494
5,12.4803,0.891972,699.65
