Iteration,Cost,Cost reduction,time (ms)
0,4754.97,0.00135988,177.905
1,4716.33,0.0094753,336.108
2,4666.49,0.0199415,503.952
3,3982.73,0.163546,696.184
4,1780.99,0.625956,912.989
5,1780.99,0.625956,1111.4
