Iteration,Cost,Cost reduction,time (ms)
0,30.798,0.322341,108.844
1,27.6563,0.391469,185.94
2,22.3566,0.50808,267.79
3,12.2988,0.729384,366.344
4,7.19018,0.841792,477.383
5,7.19018,0.841792,589.193
