Iteration,Cost,Cost reduction,time (ms)
0,80.0083,0.183788,208.454
1,39.0269,0.601864,404.84
2,22.4385,0.771092,615.493
3,21.4883,0.780785,830.437
4,21.2639,0.783074,1044.84
5,15.8922,0.837874,1265.27
