Iteration,Cost,Cost reduction,time (ms)
0,28.2137,0.281048,563.115
1,18.6118,0.525726,1078.48
2,9.80773,0.750075,1607.66
3,8.5651,0.781741,2105.35
4,8.30625,0.788337,2604.4
5,8.30625,0.788337,3092.61
