Iteration,Cost,Cost reduction,time (ms)
0,29.8228,0.298887,521.588
1,14.547,0.658009,1139.41
2,9.77482,0.770201,1733.75
3,6.54857,0.846047,2290.84
4,6.54857,0.846047,2833.03
5,6.50966,0.846962,2932.36
