Iteration,Cost,Cost reduction,time (ms)
0,27.258,0.314716,110.256
1,20.7465,0.478418,188.745
2,11.4164,0.712985,287.926
3,9.80471,0.753503,413.316
4,9.80471,0.753503,548.004
5,9.80471,0.753503,606.95
