Iteration,Cost,Cost reduction,time (ms)
0,4942.8,0.00130861,179.497
1,4904.16,0.00911594,336.115
2,4854.31,0.0191864,504.138
3,4173.55,0.156735,693.775
4,1558.33,0.685139,909.698
5,1037.42,0.790388,1115.04
