Iteration,Cost,Cost reduction,time (ms)
0,24.1896,0.43296,176.19
1,14.7235,0.654859,339.504
2,14.7235,0.654859,500.168
3,14.7235,0.654859,563.365
4,14.7235,0.654859,611.756
5,14.7235,0.654859,662.057
