Iteration,Cost,Cost reduction,time (ms)
0,29.5246,0.239458,177.061
1,26.5508,0.316064,347.626
2,17.5033,0.549123,518.42
3,17.5033,0.549123,679.538
4,15.3309,0.605081,747.961
5,12.4182,0.680114,910.901
