Iteration,Cost,Cost reduction,time (ms)
0,31.786,0.301812,106.348
1,28.8477,0.366353,184.234
2,28.8477,0.366353,263.828
3,28.5874,0.372071,318.149
4,27.5014,0.395924,403.254
5,26.2791,0.422772,489.817
