Iteration,Cost,Cost reduction,time (ms)
0,4676.97,0.00140013,132.527
1,4639.11,0.00948377,229.497
2,4589.77,0.0200183,330.71
3,3705.78,0.208763,438.833
4,2580.88,0.448946,548.66
5,2550.03,0.455531,655.679
