Iteration,Cost,Cost reduction,time (ms)
0,114.757,0.315883,153.786
1,106.248,0.366608,263.889
2,28.2354,0.831677,381.75
3,15.2206,0.909264,513.065
4,12.7072,0.924247,653.171
5,12.7072,0.924247,797.753
