Iteration,Cost,Cost reduction,time (ms)
0,86.3061,0.239648,590.439
1,32.3273,0.715198,1136.47
2,19.0621,0.832064,1655.71
3,19.0621,0.832064,2192.12
4,17.8863,0.842422,2282.47
5,16.2606,0.856745,2821.75
