Iteration,Cost,Cost reduction,time (ms)
0,38.9873,0.181613,611.917
1,10.7394,0.774567,1223.41
2,10.4699,0.780225,1767.37
3,9.13708,0.808202,2312.51
4,9.13708,0.808202,2848.43
5,7.20333,0.848794,2943.27
