Iteration,Cost,Cost reduction,time (ms)
0,27.4957,0.402954,187.414
1,22.1235,0.519606,358.965
2,9.0157,0.804232,530.57
3,7.75099,0.831694,703.206
4,7.75099,0.831694,869.548
5,7.30465,0.841386,940.712
