Iteration,Cost,Cost reduction,time (ms)
0,48.1308,0.0591163,109.953
1,42.5494,0.168225,184.915
2,42.5494,0.168225,266.098
3,42.5494,0.168225,317.418
4,42.5494,0.168225,368.117
5,42.5494,0.168225,419.18
