Iteration,Cost,Cost reduction,time (ms)
0,80.6304,0.44377,581.98
1,80.6304,0.44377,1101.35
2,80.6304,0.44377,1190.58
3,80.6304,0.44377,1266.58
4,76.6122,0.471489,1346.04
5,76.6122,0.471489,1859.56
