Iteration,Cost,Cost reduction,time (ms)
0,32.3797,0.256742,106.924
1,20.4985,0.529468,188.864
2,20.4985,0.529468,286.946
3,20.2858,0.53435,340.438
4,19.9036,0.543122,442.436
5,19.9036,0.543122,550.468
