Iteration,Cost,Cost reduction,time (ms)
0,5665.95,0.00115594,132.882
1,5628.09,0.00783026,229.93
2,5578.75,0.0165285,332.039
3,4586.82,0.191396,439.67
4,4015.45,0.292121,548.509
5,2797.64,0.506807,657.931
