Iteration,Cost,Cost reduction,time (ms)
0,30.9181,0.356518,108.428
1,13.8486,0.711777,181.721
2,9.41196,0.804114,257.144
3,9.41196,0.804114,335.19
4,9.06567,0.811321,387.584
5,9.06567,0.811321,466.43
