Iteration,Cost,Cost reduction,time (ms)
0,25.8419,0.348617,113.771
1,20.3241,0.4877,193.042
2,17.0278,0.57079,274.199
3,17.0278,0.57079,353.391
4,15.0928,0.619563,406.738
5,15.0587,0.620423,489.516
