Iteration,Cost,Cost reduction,time (ms)
0,4319.21,0.00149685,139.508
1,4280.58,0.0104288,238.076
2,4230.53,0.0219987,342.179
3,4207,0.0274381,455.661
4,1761.21,0.592848,569.136
5,1156.77,0.732581,685.779
