Iteration,Cost,Cost reduction,time (ms)
0,36.2727,0.224885,293.407
1,27.4275,0.413898,535.314
2,19.0906,0.592051,821.605
3,11.4585,0.755142,1225.04
4,11.3755,0.756916,1630.23
