Iteration,Cost,Cost reduction,time (ms)
0,53.1925,0.151797,147.379
1,9.4572,0.849196,264.591
2,9.4572,0.849196,395.779
3,9.4572,0.849196,478.4
4,9.4572,0.849196,559.33
5,9.4572,0.849196,642.08
