Iteration,Cost,Cost reduction,time (ms)
0,4606.11,0.0014038,134.864
1,4567.47,0.00978016,233.764
2,4517.42,0.0206308,336.456
3,4490.98,0.0263632,455.167
4,3075.92,0.333145,569.427
5,3075.92,0.333145,741.052
