Iteration,Cost,Cost reduction,time (ms)
0,5488.61,0.00117852,412.963
1,5449.97,0.0082104,808.473
2,5400.13,0.01728,1204.58
3,5040.48,0.0827302,1709.97
4,3045.85,0.445713,2357.31
5,2392.24,0.564659,2966.46
