Iteration,Cost,Cost reduction,time (ms)
0,4482.78,0.00144213,177.387
1,4444.14,0.0100497,335.705
2,4394.31,0.0211491,505.053
3,3741.23,0.166627,697.757
4,1494.3,0.66714,915.588
5,891.082,0.801508,1112.99
