Iteration,Cost,Cost reduction,time (ms)
0,60.6911,0.3944,145.846
1,59.6858,0.404431,253.955
2,51.0098,0.491004,366.088
3,51.0098,0.491004,478.174
4,50.323,0.497856,557.954
5,39.362,0.60723,673.291
