Iteration,Cost,Cost reduction,time (ms)
0,49.8641,0.218641,1707.49
1,37.3681,0.41445,3420.89
2,25.2815,0.603845,5180.89
3,25.2815,0.603845,6941.9
4,25.2815,0.603845,7450.18
