Iteration,Cost,Cost reduction,time (ms)
0,4312.51,0.00149968,412.612
1,4273.87,0.0104463,809.081
2,4224.03,0.0219867,1205.74
3,4051.93,0.0618323,1708.57
4,3524.42,0.183972,2247.41
5,1227.77,0.715726,2820.39
