Iteration,Cost,Cost reduction,time (ms)
0,68.6532,0.407853,143.645
1,22.9161,0.802345,241.715
2,16.2585,0.859767,346.807
3,16.2585,0.859767,453.174
4,16.2585,0.859767,529.485
5,16.2585,0.859767,604.978
