Iteration,Cost,Cost reduction,time (ms)
0,50.6828,0.466862,222.047
1,50.6828,0.466862,422.613
2,50.6828,0.466862,501.632
3,50.6828,0.466862,578.811
4,50.6828,0.466862,655.1
5,49.3424,0.480962,734.306
