Iteration,Cost,Cost reduction,time (ms)
0,26.4634,0.328376,111.715
1,25.6553,0.348883,189.163
2,24.2374,0.38487,265.802
3,14.0609,0.643143,346.376
4,10.7658,0.72677,431.942
5,10.3244,0.737973,519.77
