Iteration,Cost,Cost reduction,time (ms)
0,4676.96,0.00139984,130.806
1,4639.1,0.00948364,227.702
2,4589.76,0.0200174,330.298
3,3717.51,0.206256,438.644
4,3338.81,0.287114,549.078
5,2799.65,0.402234,663.328
