Iteration,Cost,Cost reduction,time (ms)
0,24.0502,0.409048,565.747
1,18.3184,0.549888,1067.77
2,18.3184,0.549888,1579.41
3,16.7658,0.588037,1670.01
4,15.6147,0.616322,2167.63
5,15.6147,0.616322,2682.72
