Iteration,Cost,Cost reduction,time (ms)
0,29.98,0.352725,105.061
1,16.5301,0.64311,181.662
2,15.7685,0.659554,259.456
3,15.7685,0.659554,338.541
4,15.7685,0.659554,390.216
5,15.7657,0.659614,443.801
