Iteration,Cost,Cost reduction,time (ms)
0,1506.11,0.0236146,13.402
1,1058.43,0.31384,28.056
2,1046.44,0.321609,39.859
3,989.071,0.358802,47.668
4,989.071,0.358802,55.471
5,989.071,0.358802,61.428
6,989.071,0.358802,67.413
