Iteration,Cost,Cost reduction,time (ms)
0,22.9178,0.486804,118.805
1,14.8908,0.666551,197.265
2,12.5298,0.71942,274.488
3,8.61756,0.807028,347.86
4,8.61756,0.807028,420.375
