Iteration,Cost,Cost reduction,time (ms)
0,39.6371,0.409345,153.285
1,19.9413,0.702843,268.568
2,4.41854,0.934157,393.046
3,3.4098,0.949189,521.007
4,3.31413,0.950614,648.421
5,3.27232,0.951237,774.126
