Iteration,Cost,Cost reduction,time (ms)
0,5392.28,0.00121465,131.25
1,5354.42,0.00822725,228.583
2,5305.08,0.0173662,330.935
3,4337.8,0.196531,438.431
4,2751.21,0.490406,547.078
5,2731.92,0.49398,653.001
