Iteration,Cost,Cost reduction,time (ms)
0,31.7087,0.303813,105.441
1,28.2544,0.379656,183.415
2,18.1973,0.600465,264.569
3,16.1967,0.644389,351.215
4,12.1155,0.733996,443.663
5,9.60399,0.789138,542.776
