Iteration,Cost,Cost reduction,time (ms)
0,140.623,0.216118,158.219
1,42.1764,0.764893,285.718
2,30.5572,0.829663,417.721
3,15.4544,0.913851,549.745
4,8.58605,0.952138,703.309
5,5.28617,0.970533,866.534
