Iteration,Cost,Cost reduction,time (ms)
0,5548.13,0.00116571,138.622
1,5509.49,0.00812153,237.64
2,5459.44,0.0171319,340.648
3,5416.41,0.0248784,459.478
4,4192.17,0.24528,576.405
5,3598.85,0.352096,732.001
