Iteration,Cost,Cost reduction,time (ms)
0,4447.87,0.00145447,140.945
1,4409.24,0.0101274,243.824
2,4359.35,0.0213284,347.158
3,4311.77,0.0320097,469.836
4,3241.37,0.272314,594.119
5,2906.86,0.347412,732.927
