Iteration,Cost,Cost reduction,time (ms)
0,5107.87,0.00128208,132.082
1,5070.01,0.0086847,228.464
2,5020.67,0.0183321,330.709
3,4085.6,0.201162,438.766
4,3552.77,0.305342,546.48
5,1336.48,0.738683,655.088
