Iteration,Cost,Cost reduction,time (ms)
0,25.7197,0.356108,113.079
1,11.9328,0.701264,191.608
2,8.91352,0.77685,286.724
3,8.59158,0.78491,382.56
4,8.59158,0.78491,480.109
5,8.58346,0.785113,537.171
