Iteration,Cost,Cost reduction,time (ms)
0,48.5838,0.36442,579.837
1,34.0958,0.553955,1136.89
2,23.233,0.696064,1707.23
3,17.5081,0.770957,2249.89
4,15.6443,0.795339,2799.95
5,15.1708,0.801534,3369.66
