Iteration,Cost,Cost reduction,time (ms)
0,4540.32,0.00142449,146.042
1,4501.68,0.00992123,244.79
2,4451.8,0.0208924,351.7
3,4399.17,0.0324679,472.681
4,2116.02,0.534614,603.597
5,1774.73,0.609675,813.695
