Iteration,Cost,Cost reduction,time (ms)
0,27.2077,0.307401,108.424
1,22.6625,0.423102,186.232
2,20.1285,0.48761,260.462
3,13.1531,0.665174,340.574
4,13.1531,0.665174,427.824
5,10.5526,0.731372,480.654
