Iteration,Cost,Cost reduction,time (ms)
0,5355.32,0.00120749,176.73
1,5316.67,0.00841429,337.552
2,5266.84,0.017708,504.809
3,5217.43,0.0269246,690.61
4,3558.39,0.336342,884.785
5,2694.82,0.497402,1098.28
