Iteration,Cost,Cost reduction,time (ms)
0,25.4232,0.35498,109.86
1,22.9387,0.418013,188.515
2,22.9387,0.418013,266.903
3,22.9387,0.418013,317.435
4,22.9387,0.418013,370.76
5,22.9387,0.418013,424.324
