Iteration,Cost,Cost reduction,time (ms)
0,41.3646,0.390675,182.302
1,27.1947,0.599407,298.916
2,21.9402,0.676809,429.965
3,21.9402,0.676809,576.809
4,21.9402,0.676809,659.9
5,21.9402,0.676809,742.281
