Iteration,Cost,Cost reduction,time (ms)
0,4953.18,0.00130567,141.523
1,4914.54,0.00909584,239.959
2,4864.49,0.0191877,343.43
3,4721.05,0.048109,459.329
4,3591.83,0.275791,573.823
5,3002.42,0.394631,692.498
