Iteration,Cost,Cost reduction,time (ms)
0,21.2961,0.474972,125.029
1,21.2961,0.474972,235.934
2,21.2961,0.474972,299.61
3,21.2961,0.474972,361.399
4,21.2961,0.474972,421.872
5,21.2961,0.474972,485.465
6,21.2961,0.474972,534.548
