Iteration,Cost,Cost reduction,time (ms)
0,120.294,0.26127,146.768
1,96.915,0.40484,259.323
2,94.4522,0.419964,384.824
3,27.7107,0.829827,518.277
4,6.30697,0.961269,650.855
5,5.97713,0.963294,794.551
