Iteration,Cost,Cost reduction,time (ms)
0,4447.78,0.00147177,132.614
1,4409.92,0.00997152,231.554
2,4360.58,0.0210469,333.867
3,3511.53,0.211659,441.777
4,3216.97,0.27779,554.934
5,2639.74,0.407376,667.751
