Iteration,Cost,Cost reduction,time (ms)
0,30.5641,0.327843,589.043
1,23.6826,0.479178,1159.8
2,23.6826,0.479178,1720.33
3,23.492,0.483371,1814.71
4,21.7822,0.520972,2348.9
5,21.7822,0.520972,2893.15
