Iteration,Cost,Cost reduction,time (ms)
0,87.2651,0.185886,213.24
1,55.3199,0.48391,421.278
2,33.0874,0.691321,622.696
3,22.3588,0.79141,838.093
4,3.71245,0.965366,1061.27
5,2.52089,0.976482,1289.78
