Iteration,Cost,Cost reduction,time (ms)
0,23.9618,0.380966,102.284
1,17.1449,0.557076,174.999
2,5.66078,0.853758,248.319
3,5.66078,0.853758,321.919
4,5.00806,0.870621,369.845
5,4.55118,0.882424,446.053
