Iteration,Cost,Cost reduction,time (ms)
0,25.1459,0.380997,110.925
1,14.2795,0.648489,186.005
2,10.3019,0.746405,263.811
3,10.2551,0.747557,344.775
4,10.2551,0.747557,436.614
5,9.56311,0.76459,489.298
