Iteration,Cost,Cost reduction,time (ms)
0,31.469,0.320555,179.244
1,22.9763,0.503921,358.266
2,19.3308,0.582629,547.943
3,14.3345,0.690503,720.251
4,10.0903,0.782142,896.585
5,10.0903,0.782142,1074.18
