Iteration,Cost,Cost reduction,time (ms)
0,42.7862,0.065186,105.107
1,23.488,0.486823,184.863
2,23.488,0.486823,264.9
3,23.488,0.486823,308.781
4,23.488,0.486823,356.012
