Iteration,Cost,Cost reduction,time (ms)
0,33.2314,0.479099,149.295
1,30.8008,0.517199,258.841
2,22.2522,0.651198,380.436
3,18.6238,0.708073,506.098
4,16.1141,0.747413,641.665
5,12.2519,0.807952,786.557
