Iteration,Cost,Cost reduction,time (ms)
0,87.4732,0.380236,220.871
1,80.6234,0.428768,432.023
2,52.5031,0.628006,640.134
3,40.5484,0.712707,849.051
4,7.74752,0.945107,1059.74
5,7.74752,0.945107,1255.7
