Iteration,Cost,Cost reduction,time (ms)
0,29.8458,0.328125,124.881
1,23.5898,0.468957,217.265
2,20.646,0.535226,307.367
3,17.0844,0.615404,398.649
4,17.0844,0.615404,493.936
