Iteration,Cost,Cost reduction,time (ms)
0,28.0221,0.397326,179.888
1,12.8443,0.723757,346.622
2,7.59698,0.836611,514.699
3,5.32201,0.885539,658.659
4,3.21535,0.930847,799.394
5,3.21535,0.930847,938.969
