Iteration,Cost,Cost reduction,time (ms)
0,35.33,0.249066,600.106
1,20.4904,0.564481,1154.72
2,12.5712,0.732802,1705.16
3,10.5353,0.776073,2226.92
4,9.89779,0.789624,2747.31
5,9.7153,0.793503,3270.69
