Iteration,Cost,Cost reduction,time (ms)
0,4711.45,0.00137254,179.567
1,4672.81,0.00956277,338.851
2,4622.98,0.0201259,507.6
3,4455.35,0.0556559,695.869
4,3479.12,0.262574,887.707
5,1604.57,0.6599,1075.64
