Iteration,Cost,Cost reduction,time (ms)
0,4606.13,0.00140431,148.845
1,4567.49,0.00978029,247.354
2,4517.6,0.0205965,353.842
3,4500.5,0.0243038,476.267
4,3754.74,0.185983,603.064
5,2727.99,0.408579,748.864
