Iteration,Cost,Cost reduction,time (ms)
0,31.217,0.312231,108.25
1,19.2006,0.576975,187.022
2,16.5735,0.634854,267.415
3,15.8105,0.651664,344.396
4,12.4563,0.725565,419.34
5,5.95477,0.868805,498.094
6,4.98185,0.890241,580.168
7,4.98185,0.890241,659.659
