Iteration,Cost,Cost reduction,time (ms)
0,25.6545,0.365887,114.7
1,16.29,0.597354,194.383
2,12.9663,0.679508,284.002
3,10.1579,0.748923,378.795
4,8.81895,0.782019,472.497
5,8.81895,0.782019,565.301
