Iteration,Cost,Cost reduction,time (ms)
0,5011.67,0.00129033,153.506
1,4973.04,0.00898974,254.24
2,4922.99,0.0189634,358.763
3,4895.75,0.0243916,476.745
4,3350.24,0.332375,590.991
5,2541.97,0.493445,779.514
