Iteration,Cost,Cost reduction,time (ms)
0,121.626,0.311753,147.197
1,114.944,0.349564,258.659
2,112.124,0.365522,376.367
3,52.6173,0.702253,500.56
4,42.0188,0.762227,643.88
5,17.6747,0.899984,796.549
