Iteration,Cost,Cost reduction,time (ms)
0,31.5028,0.296579,105.11
1,19.5655,0.563126,181.895
2,18.2343,0.59285,264.096
3,15.3123,0.658095,355.038
4,12.0221,0.73156,454.277
5,12.0221,0.73156,540.682
