Iteration,Cost,Cost reduction,time (ms)
0,24.7494,0.459264,172.834
1,24.7494,0.459264,319.333
2,15.076,0.670612,380.008
3,10.9444,0.760882,532.174
4,10.9444,0.760882,682.682
