Iteration,Cost,Cost reduction,time (ms)
0,4168.94,0.00155088,177.414
1,4130.3,0.0108053,335.898
2,4080.47,0.0227408,504.613
3,3921.91,0.0607149,694.509
4,3123.84,0.251849,887.457
5,1620.76,0.611833,1080.45
