Iteration,Cost,Cost reduction,time (ms)
0,22.5003,0.502463,107.606
1,22.1108,0.511077,186.797
2,15.7629,0.651444,267.907
3,11.5508,0.744584,350.437
4,8.20962,0.818465,430.526
5,8.20962,0.818465,561.598
6,8.20962,0.818465,651.818
