Iteration,Cost,Cost reduction,time (ms)
0,43.1458,0.176205,578.011
1,11.9746,0.771366,1152.65
2,4.14811,0.920799,1772.15
3,4.14811,0.920799,2335.4
4,4.14811,0.920799,2425.17
5,4.07343,0.922225,2506.2
