Iteration,Cost,Cost reduction,time (ms)
0,24.37,0.36084,107.351
1,15.8659,0.583879,182.007
2,15.6536,0.589449,259.658
3,14.7743,0.612509,341.607
4,5.33216,0.860152,431.628
5,5.33216,0.860152,530.649
