Iteration,Cost,Cost reduction,time (ms)
0,28.039,0.344412,588.244
1,14.7836,0.654341,1175.47
2,10.5292,0.753815,1814.9
3,5.568,0.869813,2430.16
4,4.10135,0.904105,3055.74
5,2.66876,0.937601,3679.23
