Iteration,Cost,Cost reduction,time (ms)
0,4929.02,0.00131207,412.952
1,4890.38,0.00914125,809.915
2,4840.55,0.0192389,1207.61
3,4770.86,0.0333588,1709.6
4,2880.53,0.416366,2199.98
5,2421.65,0.50934,2925.32
