Iteration,Cost,Cost reduction,time (ms)
0,5107.94,0.00126613,156.891
1,5069.3,0.00882057,257.41
2,5019.25,0.018607,362.254
3,4935.53,0.0349777,480.105
4,3797.98,0.257398,593.917
5,3776.27,0.261642,708.977
