Iteration,Cost,Cost reduction,time (ms)
0,38.4225,0.241507,103.158
1,34.1277,0.326291,173.311
2,18.6277,0.632274,252.858
3,18.6277,0.632274,335.083
4,18.6277,0.632274,384.238
5,17.9102,0.646438,434.499
