Iteration,Cost,Cost reduction,time (ms)
0,121.382,0.304699,143.555
1,73.8467,0.57699,247.357
2,63.2448,0.63772,358.266
3,42.7525,0.755104,476.348
4,6.63784,0.961977,597.093
5,6.63784,0.961977,703.635
