Iteration,Cost,Cost reduction,time (ms)
0,33.2713,0.293206,106.246
1,14.9723,0.68194,184.401
2,7.87498,0.832709,263.747
3,6.13513,0.86967,356.847
4,5.84453,0.875843,455.163
5,5.66144,0.879732,557.388
