Iteration,Cost,Cost reduction,time (ms)
0,28.638,0.342724,102.512
1,27.7699,0.36265,173.915
2,27.6683,0.364982,248.314
3,16.3468,0.624821,326.366
4,9.5921,0.77985,405.664
5,9.5921,0.77985,483.142
