Iteration,Cost,Cost reduction,time (ms)
0,32.2858,0.238126,535.87
1,27.1609,0.359063,1093.19
2,21.5926,0.490462,1651.57
3,19.5424,0.538844,2215.63
4,18.0103,0.574997,2785.44
5,16.0124,0.622143,3319.91
