Iteration,Cost,Cost reduction,time (ms)
0,8.303498636846472,0.0,85.84380149841309
1,8.222710699110118,0.009729385319323103,388.6878490447998
