Iteration,Cost,Cost reduction,time (ms)
0,5342.42,0.00122548,130.615
1,5304.56,0.00830367,226.837
2,5255.22,0.0175273,327.519
3,4328.27,0.190823,435.488
4,4031.88,0.246233,547.179
5,3324.55,0.37847,657.992
