Iteration,Cost,Cost reduction,time (ms)
0,4960.48,0.00131985,130.009
1,4922.62,0.00894226,226.769
2,4873.28,0.0188744,328.522
3,3972.89,0.200148,437.468
4,3635.23,0.268128,551.581
5,3049.06,0.386141,663.328
