Iteration,Cost,Cost reduction,time (ms)
0,52.7677,0.604203,586.942
1,45.4855,0.658825,1099.49
2,35.4056,0.734432,1599.23
3,33.892,0.745785,2098.87
4,33.892,0.745785,2597.73
5,33.892,0.745785,2683.57
