Iteration,Cost,Cost reduction,time (ms)
0,27.4375,0.309407,103.833
1,18.4845,0.534752,175.441
2,11.6107,0.707761,246.859
3,11.6107,0.707761,319.241
4,4.47368,0.887399,369.883
5,4.47368,0.887399,444.402
