Iteration,Cost,Cost reduction,time (ms)
0,78.324,0.358832,209.089
1,56.2274,0.539717,411.613
2,36.2637,0.703142,621.286
3,16.7592,0.862808,829.223
4,13.8764,0.886407,1043.86
5,13.8764,0.886407,1253.78
