Iteration,Cost,Cost reduction,time (ms)
0,37.7986,0.338931,6.38
1,37.7986,0.338931,10.556
2,37.7986,0.338931,13.144
3,37.7986,0.338931,16.072
4,37.7986,0.338931,19.125
