Iteration,Cost,Cost reduction,time (ms)
0,53.9878,0.379155,149.791
1,23.5952,0.728661,260.688
2,4.4928,0.948334,389.807
3,3.71006,0.957335,553.323
4,3.29698,0.962086,721.067
5,3.29698,0.962086,883.384
