Iteration,Cost,Cost reduction,time (ms)
0,119.132,0.0769122,138.036
1,41.1445,0.681193,236.204
2,20.4246,0.84174,345.321
3,8.62511,0.933169,458.677
4,5.31119,0.958846,583.863
5,4.42115,0.965743,705.046
