Iteration,Cost,Cost reduction,time (ms)
0,4872.95,0.00132709,175.251
1,4834.31,0.00924625,330.246
2,4784.48,0.0194595,497.279
3,4725.35,0.0315768,687.82
4,2917.66,0.402048,887.512
5,1942.62,0.601874,1089.08
6,1557.71,0.680761,1286.18
7,1038.87,0.787093,1487.63
8,824.568,0.831011,1687.69
9,690.45,0.858498,1885.88
