Iteration,Cost,Cost reduction,time (ms)
0,4333.09,0.00149237,178.7
1,4294.45,0.0103967,338.745
2,4244.61,0.0218815,506.871
3,3633.62,0.162677,695.218
4,1743.02,0.598343,909.879
5,1161.43,0.732362,1107.08
