Iteration,Cost,Cost reduction,time (ms)
0,28.1213,0.361488,2113.39
1,23.5718,0.464787,4324.16
2,17.9098,0.593345,6479.86
3,15.0718,0.657786,8714
4,14.4722,0.671399,10953.5
5,14.4722,0.671399,13293.6
