Iteration,Cost,Cost reduction,time (ms)
0,35.2426,0.354213,78.402
1,33.4709,0.386676,194.126
2,31.6491,0.42006,271.577
3,31.6491,0.42006,358.452
4,31.6491,0.42006,445.673
5,31.6491,0.42006,492.072
6,31.6491,0.42006,536.342
