Iteration,Cost,Cost reduction,time (ms)
0,103.817,0.234812,540.751
1,37.2703,0.725298,1086.01
2,17.4568,0.871334,1628.47
3,16.2463,0.880256,2144.83
4,16.2463,0.880256,2678.39
5,9.31578,0.931338,2768.83
