Iteration,Cost,Cost reduction,time (ms)
0,28.491,0.41225,177.491
1,14.7007,0.696734,345.909
2,10.6649,0.77999,507.796
3,9.32835,0.807562,666.286
4,9.32835,0.807562,824.669
5,9.32835,0.807562,886.018
