Iteration,Cost,Cost reduction,time (ms)
0,9.83072,0.751178,192.138
1,8.24194,0.791391,362.993
2,5.7596,0.854221,500.53
3,5.7596,0.854221,720.563
4,5.7596,0.854221,842.645
5,5.7596,0.854221,945.312
6,5.7596,0.854221,1021.95
