Iteration,Cost,Cost reduction,time (ms)
0,4333.09,0.00149394,138.996
1,4294.46,0.0103947,237.506
2,4244.56,0.0218943,341.597
3,4049.81,0.0667719,464.554
4,3321.91,0.234508,607.912
5,2303.85,0.469107,763.621
