Iteration,Cost,Cost reduction,time (ms)
0,16.2862,0.951539,30.064
1,8.90883,0.973491,57.372
2,8.79996,0.973815,67.536
3,6.81882,0.97971,83.687
4,6.06512,0.981953,96.828
5,6.06512,0.981953,114.826
6,3.17685,0.990547,123.601
7,3.17685,0.990547,134.637
