Iteration,Cost,Cost reduction,time (ms)
0,4583.1,0.00141061,176.698
1,4544.45,0.00983,335.67
2,4494.63,0.0206869,503.855
3,3855.09,0.160033,696.123
4,3855.09,0.160033,903.359
5,3832.4,0.164976,984.579
