Iteration,Cost,Cost reduction,time (ms)
0,33.8567,0.160918,110.29
1,24.3683,0.396072,183.386
2,20.1421,0.500812,260.14
3,17.5459,0.565155,340.203
4,14.6043,0.638056,420.634
5,14.6043,0.638056,499.605
