Iteration,Cost,Cost reduction,time (ms)
0,4510.02,0.00143415,144.354
1,4471.38,0.00998859,243.391
2,4421.32,0.0210726,346.944
3,4380.68,0.0300698,461.943
4,3407.87,0.24546,578.152
5,2027.89,0.551004,711.548
