Iteration,Cost,Cost reduction,time (ms)
0,32.1454,0.258334,100.996
1,32.1454,0.258334,170.057
2,32.1454,0.258334,216.061
3,32.1454,0.258334,263.526
4,32.1454,0.258334,310.725
5,32.1454,0.258334,359.911
