Iteration,Cost,Cost reduction,time (ms)
0,22.693,0.406286,183.887
1,15.0224,0.606971,351.857
2,11.3203,0.703829,517.64
3,11.3203,0.703829,683.633
4,11.3203,0.703829,748.242
5,11.3203,0.703829,796.408
