Iteration,Cost,Cost reduction,time (ms)
0,121.532,0.157624,521.95
1,73.8854,0.487879,1051.09
2,59.6289,0.586695,1567.86
3,51.0841,0.645922,2109.31
4,47.8366,0.668431,2669.82
5,43.3605,0.699456,3223.68
