Iteration,Cost,Cost reduction,time (ms)
0,5854.06,0.00111857,130.89
1,5816.2,0.00757879,227.375
2,5766.86,0.0159965,329.299
3,4782.9,0.183891,437.564
4,4424.42,0.245058,550.606
5,3586.95,0.387957,662.697
