Iteration,Cost,Cost reduction,time (ms)
0,28.4152,0.341847,106.869
1,26.0907,0.395687,185.026
2,20.6912,0.52075,260.787
3,19.8404,0.540457,341.088
4,14.3901,0.666695,439.756
5,7.1062,0.835406,540.466
