Iteration,Cost,Cost reduction,time (ms)
0,978.956,0.136935,14.91
1,761.959,0.328244,23.777
2,576.389,0.491846,36.706
3,461.773,0.592893,52.575
4,440.516,0.611633,69.787
5,440.516,0.611633,81.165
6,413.927,0.635075,90.502
7,413.927,0.635075,101.945
