Iteration,Cost,Cost reduction,time (ms)
0,4929.03,0.00131276,137.815
1,4890.4,0.00914016,235.332
2,4840.5,0.0192497,339.603
3,4810.55,0.0253193,461.547
4,4444.83,0.0994196,589.105
5,2479.02,0.497717,726.454
