Iteration,Cost,Cost reduction,time (ms)
0,5342.44,0.00122597,134.395
1,5304.58,0.0083039,230.489
2,5255.24,0.017528,331.572
3,4291.68,0.197666,439.057
4,2552.2,0.522864,548.51
5,2552.2,0.522864,652.117
