Iteration,Cost,Cost reduction,time (ms)
0,80.089,0.35316,150.291
1,50.292,0.593816,259.083
2,24.9117,0.798801,375.873
3,24.1059,0.805308,490.038
4,24.0342,0.805887,610.77
5,22.1383,0.8212,726.815
