Iteration,Cost,Cost reduction,time (ms)
0,5548.12,0.00116563,132.849
1,5509.48,0.00812149,230.108
2,5459.44,0.0171318,334.027
3,5424.2,0.0234746,448.551
4,3414.77,0.385235,564.668
5,2913.36,0.475505,768.847
