Iteration,Cost,Cost reduction,time (ms)
0,40.2544,0.0777132,122.965
1,36.6691,0.159857,203.711
2,21.0495,0.517726,290.047
3,19.0706,0.563064,393.963
4,10.3222,0.763504,510.051
5,10.3222,0.763504,651.511
