Iteration,Cost,Cost reduction,time (ms)
0,29.6515,0.318784,104.783
1,14.0815,0.676491,179.671
2,14.0815,0.676491,252.89
3,12.1827,0.720113,306.769
4,7.68119,0.823531,388.396
5,6.96605,0.839961,470.6
