Iteration,Cost,Cost reduction,time (ms)
0,30.4614,0.24665,127.08
1,19.5773,0.515828,204.654
2,16.4016,0.594366,284.528
3,16.4016,0.594366,376.18
4,15.8239,0.608655,430.056
5,15.2028,0.624016,528.763
