Iteration,Cost,Cost reduction,time (ms)
0,36.2003,0.0850832,546.059
1,18.5677,0.530726,1101.23
2,18.5677,0.530726,1640.44
3,18.5677,0.530726,1729.96
4,18.5677,0.530726,1799.65
5,13.984,0.646573,1851.57
