Iteration,Cost,Cost reduction,time (ms)
0,4218.23,0.00155174,130.371
1,4180.37,0.0105133,225.745
2,4131.04,0.0221904,326.519
3,3310.02,0.216524,435.291
4,3005.37,0.288635,548.579
5,2454.52,0.41902,659.384
