Iteration,Cost,Cost reduction,time (ms)
0,38.0098,0.184366,543.488
1,21.8239,0.531692,1073.29
2,21.8239,0.531692,1595.23
3,21.5093,0.538441,1687.57
4,15.7664,0.661677,2201.78
5,14.7543,0.683395,2741.84
