Iteration,Cost,Cost reduction,time (ms)
0,4615.76,0.00140092,180.268
1,4577.12,0.00976072,339.388
2,4527.29,0.0205422,508.954
3,3888.15,0.158816,699.755
4,1480.11,0.679785,917.132
5,1104.27,0.761096,1114.75
