Iteration,Cost,Cost reduction,time (ms)
0,73.1516,0.307136,165.441
1,15.4484,0.853678,279.223
2,10.9659,0.896135,403.214
3,7.52892,0.928689,521.07
4,7.52892,0.928689,654.582
