Iteration,Cost,Cost reduction,time (ms)
0,117.148,0.316758,149.439
1,109.216,0.363025,258.681
2,61.3133,0.642404,381.421
3,34.532,0.7986,528.833
4,34.532,0.7986,682.113
5,30.2923,0.823327,767.614
