Iteration,Cost,Cost reduction,time (ms)
0,169.895,0.0414847,150.862
1,46.4572,0.737897,261.437
2,37.7474,0.787036,383.271
3,31.7779,0.820715,509.367
4,23.398,0.867993,644.536
5,21.8517,0.876717,776.442
