Iteration,Cost,Cost reduction,time (ms)
0,4877.69,0.00132575,148.55
1,4839.06,0.00923633,248.235
2,4789.01,0.0194836,352.634
3,4722.25,0.0331505,472.105
4,2485.28,0.491157,588.187
5,1358.78,0.721798,758.819
