Iteration,Cost,Cost reduction,time (ms)
0,24.9805,0.355139,170.243
1,13.5016,0.651462,330.041
2,13.0896,0.662098,478.609
3,13.0896,0.662098,625.304
4,13.0896,0.662098,685.373
5,12.8362,0.66864,733.522
