Iteration,Cost,Cost reduction,time (ms)
0,27.3898,0.325782,107.58
1,21.2092,0.477921,183.895
2,14.811,0.635419,257.098
3,6.38382,0.842858,335.782
4,6.38382,0.842858,413.338
5,6.10651,0.849684,463.257
