Iteration,Cost,Cost reduction,time (ms)
0,128.372,0.300267,153.517
1,119.494,0.348658,264.206
2,97.4768,0.46867,395.093
3,13.8487,0.924513,536.834
4,13.334,0.927318,697.627
5,13.334,0.927318,860.747
