Iteration,Cost,Cost reduction,time (ms)
0,27.3232,0.296674,10.51
1,20.5465,0.471112,18.669
2,17.0365,0.561463,25.919
3,16.2747,0.581073,33.543
4,13.464,0.653423,40.994
5,12.9487,0.666687,48.332
6,12.9487,0.666687,55.617
