Iteration,Cost,Cost reduction,time (ms)
0,30.6163,0.267346,106.734
1,24.0873,0.423587,182.38
2,10.3793,0.751622,262.268
3,10.3793,0.751622,350.049
4,10.2712,0.754207,403.718
5,10.1767,0.75647,494.065
