Iteration,Cost,Cost reduction,time (ms)
0,30.053,0.307475,105.379
1,17.6931,0.59229,179.129
2,13.2119,0.695551,252.794
3,13.2119,0.695551,329.499
4,13.1996,0.695834,384.305
5,13.1996,0.695834,463.142
