Iteration,Cost,Cost reduction,time (ms)
0,33.8765,0.466775,154.184
1,25.0074,0.606377,265.334
2,25.0074,0.606377,387.889
3,17.2793,0.72802,469.78
4,13.7553,0.783488,594.942
5,12.6169,0.801406,723.583
