Iteration,Cost,Cost reduction,time (ms)
0,39.3196,0.242924,162.043
1,33.4484,0.35597,287.516
2,4.06043,0.921819,422.841
3,2.25698,0.956543,557.18
4,1.78908,0.965552,708.14
5,1.61288,0.968945,864.11
