Iteration,Cost,Cost reduction,time (ms)
0,10.0953,0.93451,19.087
1,2.19097,0.985787,32.007
2,0.737364,0.995217,46.104
3,0.506092,0.996717,58.689
4,0.417329,0.997293,71.101
5,0.387089,0.997489,84.041
6,0.366273,0.997624,96.337
7,0.349892,0.99773,109.152
8,0.333655,0.997836,121.675
9,0.322247,0.99791,134.211
