Iteration,Cost,Cost reduction,time (ms)
0,5854.15,0.00110491,144.33
1,5815.51,0.0076982,256.136
2,5765.67,0.0162016,374.471
3,5603.38,0.0438936,512.698
4,3079.43,0.474556,659.328
5,1690.76,0.711504,797.8
6,1690.76,0.711504,954.363
