Iteration,Cost,Cost reduction,time (ms)
0,104.53,3.51448e-05,422.794
1,20.9786,0.799312,595.04
2,13.8818,0.867203,1008.29
3,13.8818,0.867203,1205.6
4,13.8818,0.867203,1291.95
5,13.8818,0.867203,1376.96
6,13.8818,0.867203,1463.58
