Iteration,Cost,Cost reduction,time (ms)
0,25.9918,0.330492,528.448
1,11.6338,0.700331,1073.24
2,4.87666,0.874385,1626.89
3,4.713,0.8786,2154.43
4,4.713,0.8786,2682.68
