Iteration,Cost,Cost reduction,time (ms)
0,4877.6,0.00134206,128.288
1,4839.74,0.00909389,225.973
2,4790.41,0.0191949,327.884
3,3921.7,0.197058,437.159
4,3591.65,0.264633,549.196
5,2961.96,0.393557,657.632
