Iteration,Cost,Cost reduction,time (ms)
0,53.2284,0.423309,151.215
1,46.2044,0.499409,262.793
2,28.5099,0.691116,375.963
3,14.7742,0.839932,498.332
4,14.4228,0.843739,623.916
5,9.87565,0.893005,751.469
