Iteration,Cost,Cost reduction,time (ms)
0,25.8206,0.466184,530.956
1,12.5441,0.740662,1036.6
2,12.5441,0.740662,1512.59
3,9.45438,0.80454,1576.37
4,9.45438,0.80454,2030.93
5,9.45438,0.80454,2122.75
