Iteration,Cost,Cost reduction,time (ms)
0,26.982,0.535134,27.359
1,10.6561,0.816409,41.806
2,7.5073,0.870659,55.932
3,7.5073,0.870659,70.264
4,7.5073,0.870659,77.479
