Iteration,Cost,Cost reduction,time (ms)
0,38.9687,0.448491,221.129
1,33.1982,0.530159,432.143
2,5.96465,0.915585,630.415
3,5.16031,0.926968,827.949
4,4.12999,0.94155,1026.16
5,4.12999,0.94155,1226.23
