Iteration,Cost,Cost reduction,time (ms)
0,29.932,0.287931,111.765
1,17.4646,0.584526,188.498
2,11.243,0.732534,266.413
3,9.71491,0.768887,355.755
4,3.99268,0.905016,450.974
5,3.77526,0.910188,553.091
