Iteration,Cost,Cost reduction,time (ms)
0,4454.82,0.00146963,132.784
1,4416.96,0.00995588,229.46
2,4367.62,0.0210141,331.199
3,3513.91,0.21237,439.387
4,3088.95,0.307624,549.017
5,2615.09,0.413838,661.328
