Iteration,Cost,Cost reduction,time (ms)
0,65.7419,0.183038,165.676
1,31.8156,0.604633,306.064
2,10.1348,0.874057,451.733
3,3.15495,0.960794,607.047
4,3.15495,0.960794,765.465
