Iteration,Cost,Cost reduction,time (ms)
0,5468.91,0.00118316,136.012
1,5430.28,0.00823883,234.426
2,5380.38,0.0173507,337.595
3,5365.07,0.0201469,458.837
4,3831.43,0.300246,595.132
5,2323.02,0.575734,741.718
