Iteration,Cost,Cost reduction,time (ms)
0,117.254,0.251539,576.44
1,75.4851,0.518161,1193.61
2,28.2039,0.819968,1753.66
3,26.8071,0.828884,2373.67
4,15.9985,0.897878,2995.35
5,15.9985,0.897878,3607.83
