Iteration,Cost,Cost reduction,time (ms)
0,25.1944,0.380713,111.425
1,16.8826,0.585021,188.13
2,16.8826,0.585021,263.038
3,16.8826,0.585021,313.386
4,16.8826,0.585021,364.118
5,16.8761,0.585179,416.508
