Iteration,Cost,Cost reduction,time (ms)
0,4403.25,0.00146908,141.033
1,4364.62,0.0102298,239.984
2,4314.73,0.0215437,344.808
3,4299.64,0.0249649,466.384
4,3064.63,0.305029,602.838
5,1950.93,0.557586,751.807
