Iteration,Cost,Cost reduction,time (ms)
0,5793.64,0.00111747,131.994
1,5755.01,0.00777672,228.614
2,5705.12,0.0163786,332.886
3,5634.17,0.0286118,454.328
4,2230.62,0.615418,577.822
5,1981.32,0.6584,814.806
