Iteration,Cost,Cost reduction,time (ms)
0,64.9369,0.427322,150.241
1,63.8679,0.43675,258.749
2,49.3154,0.565088,372.829
3,25.8108,0.772375,496.709
4,25.8108,0.772375,618.667
5,25.8108,0.772375,704.38
