Iteration,Cost,Cost reduction,time (ms)
0,31.2324,0.319382,520.119
1,16.6653,0.636829,1084.88
2,13.5136,0.705511,1634.19
3,6.75394,0.852818,2179.08
4,6.75394,0.852818,2743.35
5,6.75394,0.852818,2838.84
