Iteration,Cost,Cost reduction,time (ms)
0,28.2144,0.355768,579.136
1,12.2913,0.719347,1187.4
2,5.64081,0.871201,1810.67
3,3.75726,0.914209,2393.9
4,3.18737,0.927221,3003.91
5,3.16596,0.92771,3612.7
