Iteration,Cost,Cost reduction,time (ms)
0,55.7536,0.111206,133.181
1,53.5161,0.146876,223.356
2,45.1256,0.280632,321.727
3,35.3406,0.436619,436.345
4,14.2866,0.772251,559.506
5,14.2866,0.772251,663.336
6,14.2866,0.772251,737.751
