Iteration,Cost,Cost reduction,time (ms)
0,4742.61,0.00136374,158.129
1,4703.97,0.00949926,260.238
2,4653.91,0.0200395,365.15
3,4628.57,0.0253759,481.791
4,3433.5,0.277019,596.248
5,3272.48,0.310925,740.439
