Iteration,Cost,Cost reduction,time (ms)
0,4677.05,0.00138427,134.864
1,4638.42,0.00963141,233.617
2,4588.35,0.0203228,336.545
3,4545.31,0.0295125,452.972
4,3630.55,0.224827,568.225
5,3052.61,0.348226,705.238
