Iteration,Cost,Cost reduction,time (ms)
0,5342.53,0.00121095,418.016
1,5303.89,0.00843479,814.92
2,5254.04,0.0177533,1211.56
3,5097.08,0.0470987,1710.42
4,3106.8,0.419183,2256.57
5,1759.31,0.671095,2771.64
