Iteration,Cost,Cost reduction,time (ms)
0,4711.45,0.0013725,178.076
1,4672.81,0.00956275,335.641
2,4622.98,0.0201256,504.175
3,3934.97,0.165953,695.879
4,1514.1,0.679075,913.447
5,1514.1,0.679075,1104.44
