Iteration,Cost,Cost reduction,time (ms)
0,33.0261,0.369801,215.54
1,22.4869,0.570909,417.947
2,9.39172,0.820789,619.148
3,5.37872,0.897364,827.913
4,3.06793,0.941458,1038.46
5,3.06793,0.941458,1249.52
