Iteration,Cost,Cost reduction,time (ms)
0,25.9167,0.359001,115.319
1,18.9607,0.531044,190.723
2,16.3598,0.595373,268.712
3,16.3598,0.595373,355.248
4,16.3598,0.595373,411.582
5,16.3598,0.595373,460.888
