Iteration,Cost,Cost reduction,time (ms)
0,140.861,0.0365326,145.383
1,93.691,0.35917,251.35
2,44.6077,0.694891,357.922
3,34.5159,0.763917,471.813
4,10.5614,0.927762,598.042
5,7.4064,0.949341,722.728
