Iteration,Cost,Cost reduction,time (ms)
0,521.902,0,10.405
1,521.902,0,19.411
2,342.17,0.344379,29.283
3,305.809,0.41405,41.743
4,305.809,0.41405,50.934
5,257.287,0.50702,60.194
6,191.852,0.632398,81.407
7,188.177,0.63944,104.415
8,125.743,0.759067,113.849
9,100.663,0.807122,121.576
