Iteration,Cost,Cost reduction,time (ms)
0,103.731,0.161426,144.423
1,31.8606,0.742434,253.179
2,18.6898,0.848909,363.618
3,12.5608,0.898457,486.398
4,12.0888,0.902273,607.781
5,12.0888,0.902273,728.514
