Iteration,Cost,Cost reduction,time (ms)
0,4980.46,0.00129877,134.555
1,4941.83,0.00904559,231.614
2,4891.78,0.0190821,334.055
3,4873.02,0.0228438,450.751
4,2759.34,0.446687,568.349
5,2109.46,0.577002,759.933
