Iteration,Cost,Cost reduction,time (ms)
0,22.0241,0.431024,563.31
1,11.7415,0.696668,1104.92
2,3.94682,0.898037,1618.56
3,3.94682,0.898037,2029.93
4,3.86281,0.900207,2116.16
5,3.86281,0.900207,2514.79
