Iteration,Cost,Cost reduction,time (ms)
0,4.784229836846442,0.0,32.2718620300293
1,4.440981779138393,0.0717457290752368,180.75990676879883
