Iteration,Cost,Cost reduction,time (ms)
0,22.8045,0.466145,105.298
1,15.2158,0.643797,178.419
2,5.88875,0.862144,253.491
3,5.66845,0.867301,338.011
4,5.28515,0.876274,426.703
5,4.70927,0.889756,516.786
