Iteration,Cost,Cost reduction,time (ms)
0,5468.92,0.00118327,142.255
1,5430.29,0.00823907,241.543
2,5380.39,0.0173516,347.077
3,5308.35,0.0305088,468.63
4,4130.94,0.245546,594.473
5,2486.11,0.54595,737.181
