Iteration,Cost,Cost reduction,time (ms)
0,23.4463,0.39029,180.433
1,18.7451,0.512543,346.545
2,18.7451,0.512543,510.332
3,18.7451,0.512543,574.34
4,18.7451,0.512543,624.721
5,18.7451,0.512543,672.183
