Iteration,Cost,Cost reduction,time (ms)
0,4624.8,0.00139856,412.873
1,4586.16,0.00974193,809.459
2,4536.32,0.0205041,1205.27
3,4359.56,0.05867,1706.69
4,3739.51,0.192554,2245.62
5,3507.4,0.242671,2810.97
