Iteration,Cost,Cost reduction,time (ms)
0,108.688,0.318203,150.777
1,106.353,0.332851,258.828
2,48.4714,0.695942,371.275
3,43.6402,0.726247,498.071
4,24.4156,0.846842,620.56
5,16.618,0.895756,750.471
