Iteration,Cost,Cost reduction,time (ms)
0,35.9841,0.164629,547.292
1,11.647,0.729616,1136.03
2,7.37576,0.828772,1740.5
3,6.19268,0.856237,2302.47
4,4.08351,0.905201,2859.6
5,4.08351,0.905201,3390.81
