Iteration,Cost,Cost reduction,time (ms)
0,5.22467783684643,0.0,31.57186508178711
1,4.8827209531155535,0.06545032907469728,172.7132797241211
