Iteration,Cost,Cost reduction,time (ms)
0,5627.48,0.00114977,135.5
1,5588.85,0.00800688,231.941
2,5538.96,0.0168619,334.682
3,5501.89,0.0234411,455.611
4,3200.51,0.431925,592.464
5,2679.5,0.524402,780.433
6,2365.47,0.580141,1017.41
7,1978.59,0.64881,1253.12
8,1804.9,0.679639,1509.49
9,1581.63,0.719269,1799.59
