Iteration,Cost,Cost reduction,time (ms)
0,31.5898,0.346828,108.926
1,15.322,0.683192,184.959
2,10.5026,0.782842,267.221
3,10.5026,0.782842,351.532
4,7.90295,0.836594,406.816
5,6.68824,0.86171,494.678
