Iteration,Cost,Cost reduction,time (ms)
0,23.3377,0.460999,104.626
1,14.6966,0.660572,179.14
2,14.6513,0.661618,258.645
3,11.3239,0.738467,342.843
4,11.3239,0.738467,439.927
5,11.3239,0.738467,492.489
