Iteration,Cost,Cost reduction,time (ms)
0,26.4284,0.321196,174.865
1,12.1619,0.687627,365.564
2,10.4208,0.732346,561.043
3,10.091,0.740816,749.551
4,10.091,0.740816,931.935
5,8.60317,0.779031,1012.23
