Iteration,Cost,Cost reduction,time (ms)
0,4593.03,0.00142538,130.346
1,4555.17,0.00965667,227.054
2,4505.84,0.0203827,328.265
3,3642.09,0.208171,436.347
4,3269.38,0.289202,547.668
5,2728.08,0.406885,661.638
