Iteration,Cost,Cost reduction,time (ms)
0,141.015,0.204421,520.592
1,96.3578,0.456368,1075.68
2,23.216,0.86902,1642.03
3,19.3972,0.890565,2195.94
4,19.3972,0.890565,2746.54
5,11.0341,0.937748,2838.9
