Iteration,Cost,Cost reduction,time (ms)
0,103.472,0.332855,149.862
1,93.4832,0.397257,258.396
2,71.3304,0.54009,371.984
3,67.212,0.566643,491.305
4,67.212,0.566643,599.689
5,67.212,0.566643,675.704
