Iteration,Cost,Cost reduction,time (ms)
0,31.3284,0.316494,111.671
1,21.9096,0.521989,190.255
2,21.6984,0.526596,272.768
3,9.90674,0.78386,359.015
4,9.56923,0.791224,447.525
5,9.56439,0.791329,536.272
