Iteration,Cost,Cost reduction,time (ms)
0,115.658,0.35832,535.365
1,68.9452,0.617487,1079.25
2,65.2785,0.63783,1627.2
3,65.2785,0.63783,2175.23
4,65.2785,0.63783,2261.61
5,63.0306,0.650301,2341.2
