Iteration,Cost,Cost reduction,time (ms)
0,170.484,0.0425132,142.365
1,65.5061,0.632099,250.956
2,65.2009,0.633813,366.056
3,53.1776,0.701339,487.435
4,53.1776,0.701339,610.494
5,51.9423,0.708277,694.795
