Iteration,Cost,Cost reduction,time (ms)
0,4559.04,0.0014363,134.905
1,4521.18,0.00972874,230.873
2,4471.84,0.0205354,332.312
3,3594.53,0.212692,440.478
4,2405.39,0.473149,549.032
5,2396.57,0.47508,655.775
