Iteration,Cost,Cost reduction,time (ms)
0,101.074,0.332254,144.473
1,94.5998,0.375023,255.867
2,68.2025,0.549418,373.617
3,68.2025,0.549418,488.442
4,61.9442,0.590763,571.781
5,52.8002,0.651174,693.184
