Iteration,Cost,Cost reduction,time (ms)
0,94.4762,0.218146,152.577
1,60.0611,0.502954,264.853
2,49.0396,0.594164,389.096
3,30.371,0.74866,518.685
4,28.6194,0.763156,657.5
5,27.0054,0.776512,799.568
