Iteration,Cost,Cost reduction,time (ms)
0,71.2583,0,64.401
1,28.9455,0.593794,115.517
2,28.9455,0.593794,205.089
3,28.9455,0.593794,250.226
4,28.9455,0.593794,278.965
5,20.3424,0.714526,303.031
6,20.3424,0.714526,357.603
