Iteration,Cost,Cost reduction,time (ms)
0,28.7643,0.36538,101.153
1,13.9322,0.692617,171.505
2,13.9322,0.692617,240.643
3,13.9322,0.692617,289.132
4,13.9322,0.692617,338.054
5,13.9322,0.692617,387.508
