Iteration,Cost,Cost reduction,time (ms)
0,4540.34,0.00142492,137.456
1,4501.71,0.00992149,237.297
2,4451.81,0.0208948,341.585
3,3781.95,0.168221,462.259
4,2039.98,0.551338,586.707
5,1221.06,0.731447,732.454
