Iteration,Cost,Cost reduction,time (ms)
0,29.6205,0.307229,529.973
1,16.2146,0.620769,1149.41
2,11.9689,0.720068,1719.06
3,9.027,0.788874,2302.19
4,5.1915,0.87858,2886.46
5,4.77915,0.888224,3457.15
