Iteration,Cost,Cost reduction,time (ms)
0,5011.69,0.00129059,178.841
1,4973.05,0.00899075,336.61
2,4923.21,0.0189226,505.346
3,4254.78,0.152125,696.035
4,1737.76,0.653707,912.614
5,1578.39,0.685465,1108.18
