Iteration,Cost,Cost reduction,time (ms)
0,26.3063,0.392629,103.671
1,12.5457,0.710339,177.237
2,12.5457,0.710339,249.847
3,11.4607,0.73539,303.188
4,11.4607,0.73539,383.379
5,11.4607,0.73539,439.106
