Iteration,Cost,Cost reduction,time (ms)
0,68.1034,0.319416,145.883
1,44.2988,0.557305,250.195
2,20.2226,0.797908,360.85
3,13.7673,0.862418,477.563
4,12.538,0.874703,594.788
5,12.538,0.874703,708.301
