Iteration,Cost,Cost reduction,time (ms)
0,25.9844,0.436541,107.088
1,16.6162,0.639686,187.468
2,16.6162,0.639686,266.264
3,15.8899,0.655435,317.036
4,15.3069,0.668077,404.427
5,11.7848,0.744453,500.055
