Iteration,Cost,Cost reduction,time (ms)
0,31.767,0.279836,546.8
1,17.3297,0.607132,1143.08
2,9.50747,0.784464,1753.05
3,8.80632,0.800359,2294.07
4,8.59575,0.805133,2834.97
5,8.59575,0.805133,3382.44
