Iteration,Cost,Cost reduction,time (ms)
0,6.95927,0.96164,8.862
1,6.95927,0.96164,31.053
2,6.95927,0.96164,47.527
3,3.95471,0.978202,59.373
4,3.95471,0.978202,69.884
5,3.95471,0.978202,77.246
6,2.83256,0.984387,82.291
7,2.83256,0.984387,89.3
