Iteration,Cost,Cost reduction,time (ms)
0,80.3159,0.399125,560.044
1,47.0092,0.648306,1076.91
2,44.4784,0.66724,1585.36
3,44.4784,0.66724,2105.29
4,41.4296,0.690048,2197.47
5,41.4296,0.690048,2708.05
