Iteration,Cost,Cost reduction,time (ms)
0,35.2743,0.210365,187.325
1,32.8298,0.265086,350.752
2,20.5154,0.540751,520.388
3,15.1284,0.661343,684.915
4,10.315,0.769094,849.624
5,10.315,0.769094,1005.16
