Iteration,Cost,Cost reduction,time (ms)
0,5387.25,0.00120088,179.385
1,5348.61,0.00836484,337.399
2,5298.77,0.0176059,506.585
3,4574.92,0.151806,697.587
4,1715.58,0.681931,906.923
5,1715.58,0.681931,1102.86
