Iteration,Cost,Cost reduction,time (ms)
0,64.1869,0.483792,221.638
1,25.9046,0.791668,431.435
2,20.5875,0.834429,636.867
3,17.173,0.86189,839.278
4,7.09122,0.94297,1044.5
5,3.22128,0.974094,1262.21
