Iteration,Cost,Cost reduction,time (ms)
0,33.8862,0.131347,537.791
1,17.0186,0.563738,1100.82
2,6.60246,0.83075,1641.54
3,5.95629,0.847314,2166.25
4,5.76035,0.852337,2685.69
5,4.30005,0.889771,3207.99
