Iteration,Cost,Cost reduction,time (ms)
0,121.429,0.138166,221.84
1,53.6702,0.619079,446.863
2,29.4741,0.790809,656.504
3,12.1409,0.913831,859.919
4,7.71852,0.945218,1066.22
5,4.02023,0.971467,1273.01
