Iteration,Cost,Cost reduction,time (ms)
0,26.8028,0.345119,116.052
1,19.5076,0.523366,194.058
2,8.79151,0.785194,283.287
3,7.46329,0.817647,377.343
4,4.11263,0.899515,467.934
5,3.95027,0.903482,564.176
