Iteration,Cost,Cost reduction,time (ms)
0,24.8794,0.430974,186.372
1,16.5513,0.62145,353.462
2,10.2702,0.765106,523.002
3,9.51445,0.782392,689.457
4,6.29287,0.856074,856.528
5,6.29287,0.856074,1018.53
