Iteration,Cost,Cost reduction,time (ms)
0,81.6541,0.51761,579.84
1,81.6541,0.51761,1123.82
2,81.6541,0.51761,1214.09
3,80.1745,0.526351,1286.91
4,80.1745,0.526351,1828.92
5,80.1745,0.526351,1915.11
