Iteration,Cost,Cost reduction,time (ms)
0,6.45148,0.702031,6.436
1,0.9671,0.955333,10.523
2,0.310013,0.985682,14.98
3,0.267643,0.987639,19.389
4,0.257112,0.988125,23.557
5,0.254013,0.988268,27.785
6,0.252546,0.988336,32.018
