Iteration,Cost,Cost reduction,time (ms)
0,31.723,0.293393,103.688
1,28.9156,0.355926,176.985
2,24.853,0.446417,251.863
3,21.9961,0.510053,329.766
4,12.4074,0.723633,409.366
5,10.8022,0.759389,488.975
