Iteration,Cost,Cost reduction,time (ms)
0,85.8818,0.340365,192.247
1,78.7542,0.39511,305.822
2,18.5015,0.857895,420.408
3,15.6918,0.879475,540.253
4,11.7008,0.910129,655.913
5,8.68112,0.933323,782.408
