Iteration,Cost,Cost reduction,time (ms)
0,124.337,0.304013,151.844
1,123.266,0.310004,260.723
2,109.761,0.385601,376.391
3,109.761,0.385601,499.179
4,109.761,0.385601,576.608
5,109.665,0.386141,656.469
