Iteration,Cost,Cost reduction,time (ms)
0,34.3336,0.262995,190.774
1,24.5501,0.473008,382.953
2,16.9719,0.635681,566.91
3,13.9062,0.701491,748.498
4,13.9062,0.701491,914.479
5,10.8892,0.766253,986.129
