Iteration,Cost,Cost reduction,time (ms)
0,46.6262,0.226443,588.939
1,15.2199,0.747493,1177.72
2,2.41172,0.959988,1717.65
3,1.785,0.970386,2239.71
4,1.66569,0.972365,2764.54
5,1.66569,0.972365,3286.87
