Iteration,Cost,Cost reduction,time (ms)
0,30.5362,0.354596,107.862
1,28.9965,0.387139,185.097
2,22.8652,0.516729,274.075
3,20.4964,0.566796,365.303
4,17.3664,0.632949,458.366
5,16.6222,0.648678,550.738
