Iteration,Cost,Cost reduction,time (ms)
0,55.4012,0.410864,549.648
1,27.095,0.711872,1094.87
2,12.9096,0.862719,1618.65
3,9.07674,0.903478,2136.31
4,7.84974,0.916526,2647.12
5,7.84974,0.916526,3179.47
