Iteration,Cost,Cost reduction,time (ms)
0,32.1864,0.309598,192.085
1,12.3771,0.734511,367.18
2,12.3771,0.734511,524.939
3,12.3771,0.734511,587.716
4,12.3771,0.734511,635.357
5,12.3771,0.734511,684.502
