Iteration,Cost,Cost reduction,time (ms)
0,4373.15,0.00147882,137.67
1,4334.52,0.0103005,234.903
2,4284.46,0.0217297,338.379
3,3606.61,0.176504,457.457
4,2725.64,0.377656,573.588
5,2099.46,0.520631,735.819
