Iteration,Cost,Cost reduction,time (ms)
0,5548.13,0.00116585,136.911
1,5509.5,0.00812161,234.668
2,5459.44,0.0171327,338.518
3,5127.44,0.0769037,456.063
4,4087.93,0.264047,572.662
5,3983.88,0.282779,729.576
