Iteration,Cost,Cost reduction,time (ms)
0,5011.69,0.00129117,140.453
1,4973.06,0.00898962,239.699
2,4923.16,0.0189328,345.501
3,4902.83,0.022985,467.323
4,2997.44,0.402683,596.982
5,2939.37,0.414255,734.028
