Iteration,Cost,Cost reduction,time (ms)
0,13.3673,0.657218,563.149
1,13.3673,0.657218,1039.31
2,13.3673,0.657218,1091.29
3,13.3673,0.657218,1142.3
4,13.3673,0.657218,1193.28
5,13.3673,0.657218,1244.92
6,13.3673,0.657218,1293.37
