Iteration,Cost,Cost reduction,time (ms)
0,59.7015,0.341855,156.254
1,42.9937,0.52604,272.817
2,26.2921,0.710158,407.232
3,25.4789,0.719122,556.506
4,25.3654,0.720374,704.165
5,25.3654,0.720374,858.401
