Iteration,Cost,Cost reduction,time (ms)
0,41.7346,0.437096,151.935
1,28.4613,0.616122,256.407
2,15.039,0.797158,370.05
3,13.1705,0.82236,485.289
4,13.1705,0.82236,599.594
5,13.1705,0.82236,677.892
