Iteration,Cost,Cost reduction,time (ms)
0,90.5305,0.140136,583.156
1,37.8981,0.640041,1149.86
2,15.4166,0.853572,1726.39
3,8.7715,0.916688,2273.03
4,7.04789,0.933059,2804.79
5,7.04789,0.933059,3344.51
