Iteration,Cost,Cost reduction,time (ms)
0,34.1718,0.156349,111.384
1,16.7257,0.587067,232.321
2,16.6902,0.587943,317.919
3,16.1537,0.60119,407.818
4,16.1537,0.60119,494.178
5,16.1537,0.60119,542.623
6,16.1537,0.60119,590.695
