Iteration,Cost,Cost reduction,time (ms)
0,27.6152,0.313259,577.892
1,6.47974,0.83886,1163.21
2,5.99769,0.850848,1774.07
3,5.532,0.862429,2386.88
4,5.4654,0.864085,3008.66
5,5.4654,0.864085,3613.35
