Iteration,Cost,Cost reduction,time (ms)
0,115.7,0.347727,225.112
1,72.1595,0.593192,452.079
2,18.7315,0.894399,663.261
3,9.86275,0.944398,854.219
4,9.86275,0.944398,1035.88
