Iteration,Cost,Cost reduction,time (ms)
0,28.8576,0.299574,109.356
1,27.3735,0.335597,188.773
2,25.6781,0.376745,270.742
3,24.4406,0.406783,360.229
4,24.4406,0.406783,449.453
5,22.163,0.462064,507.279
