Iteration,Cost,Cost reduction,time (ms)
0,27.6213,0.353435,113.1
1,19.4174,0.545473,197.167
2,19.4174,0.545473,279.625
3,17.8496,0.582173,333.358
4,16.3968,0.61618,423.993
5,16.3968,0.61618,516.474
