Iteration,Cost,Cost reduction,time (ms)
0,62.3754,0.349545,148.676
1,49.8458,0.480205,260.173
2,22.1946,0.768553,374.417
3,3.19372,0.966696,503.301
4,3.19372,0.966696,650.9
5,3.19372,0.966696,738.412
