Iteration,Cost,Cost reduction,time (ms)
0,5232.37,0.00125154,131.747
1,5194.51,0.00847827,229.734
2,5145.18,0.0178956,331.496
3,4198.67,0.198563,439.424
4,3681.76,0.297231,547.981
5,2447.19,0.532884,657.47
