Iteration,Cost,Cost reduction,time (ms)
0,31.0785,0.317604,268.557
1,17.8881,0.607229,495.382
2,15.5372,0.658848,733.241
3,15.5372,0.658848,974.08
4,11.569,0.745978,1140.14
5,11.569,0.745978,1377.02
