Iteration,Cost,Cost reduction,time (ms)
0,36.5079,0.0772574,598.972
1,11.9738,0.69736,1189.4
2,5.67583,0.856543,1787.49
3,4.5235,0.885668,2347.66
4,3.27002,0.91735,2902.93
5,2.99724,0.924244,3454.07
