Iteration,Cost,Cost reduction,time (ms)
0,5232.46,0.00123626,412.972
1,5193.82,0.00861191,808.569
2,5143.98,0.0181255,1205.25
3,4419.24,0.156462,1700.79
4,1914.75,0.634515,2330.91
5,1264.85,0.758568,2870.11
