Iteration,Cost,Cost reduction,time (ms)
0,29.7595,0.306785,107.013
1,14.5937,0.660055,187.478
2,10.4927,0.755584,269.627
3,6.43288,0.850153,358.783
4,4.85335,0.886946,452.203
5,4.61216,0.892565,549.393
