Iteration,Cost,Cost reduction,time (ms)
0,101.341,0.303783,151.627
1,93.7938,0.35563,263.329
2,82.9618,0.430046,383.538
3,64.7372,0.555251,502.644
4,59.5811,0.590674,622.383
5,4.99485,0.965685,753.483
