Iteration,Cost,Cost reduction,time (ms)
0,4179.67,0.00154681,179.179
1,4141.03,0.0107775,338.452
2,4091.2,0.0226819,507.031
3,4039.71,0.0349828,697.178
4,2638.27,0.369762,900.082
5,1348.47,0.677874,1121.13
