Iteration,Cost,Cost reduction,time (ms)
0,78.5907,0.194692,146.011
1,26.2389,0.731133,256.578
2,18.9586,0.805734,377.217
3,6.53622,0.933024,520.648
4,6.53622,0.933024,652.622
5,6.53622,0.933024,738.192
