Iteration,Cost,Cost reduction,time (ms)
0,4970.57,0.00130116,413.527
1,4931.93,0.00906496,810.153
2,4882.09,0.0190785,1206.67
3,4841.63,0.0272091,1703.33
4,3268.46,0.343294,2252.82
5,1439.65,0.710742,2888.12
