Iteration,Cost,Cost reduction,time (ms)
0,28.4369,0.472482,145.245
1,24.5441,0.544696,251.627
2,16.7843,0.688643,365.612
3,11.8695,0.779816,481.209
4,9.15946,0.830088,597.73
5,5.69724,0.894314,713.487
