Iteration,Cost,Cost reduction,time (ms)
0,4642.66,0.00139339,154.337
1,4604.03,0.009703,255.83
2,4554.14,0.020434,361.192
3,4503.01,0.0314313,482.641
4,2044.06,0.560337,614.161
5,1740.58,0.625613,785.85
