Iteration,Cost,Cost reduction,time (ms)
0,4.31671,0.940006,178.915
1,3.11197,0.956749,306.167
2,3.11197,0.956749,446.932
3,3.11197,0.956749,534.89
4,3.11197,0.956749,619.163
5,2.84459,0.960466,698.053
6,2.8138,0.960894,824.664
7,2.8138,0.960894,948.392
