Iteration,Cost,Cost reduction,time (ms)
0,35.7252,0.182424,571.925
1,18.846,0.568707,1116.42
2,14.5842,0.666238,1652
3,12.0376,0.724518,2162.97
4,12.0376,0.724518,2675.52
5,12.0376,0.724518,2768.82
