Iteration,Cost,Cost reduction,time (ms)
0,43.3911,0.0821953,103.435
1,13.6778,0.710689,207.29
2,13.6778,0.710689,319.717
3,10.9874,0.767596,371.732
4,10.3325,0.781448,488.825
5,10.3325,0.781448,611.089
