Iteration,Cost,Cost reduction,time (ms)
0,39.4787,0.348103,814.443
1,29.756,0.508652,1555.18
2,28.6203,0.527404,2338.59
3,28.6203,0.527404,3077.76
4,28.6203,0.527404,3561.48
