Iteration,Cost,Cost reduction,time (ms)
0,34.3057,0.7194,156.328
1,34.3057,0.7194,347.467
2,30.7945,0.74812,422.372
3,30.7945,0.74812,622.74
4,30.7945,0.74812,704.373
