Iteration,Cost,Cost reduction,time (ms)
0,113.652,0.0876104,136.882
1,40.5063,0.674818,241.462
2,34.2582,0.724977,353.707
3,34.1484,0.725859,463.441
4,34.1484,0.725859,570.295
5,34.1484,0.725859,643.919
