Iteration,Cost,Cost reduction,time (ms)
0,58.7774,0.41637,213.331
1,32.0228,0.682029,424.654
2,22.7433,0.774171,632.937
3,11.4294,0.886512,842.25
4,9.20505,0.908598,1067.02
5,9.20505,0.908598,1287.17
