Iteration,Cost,Cost reduction,time (ms)
0,28.7866,0.447555,149.918
1,23.0274,0.558079,253.19
2,18.9924,0.635515,360.294
3,13.1515,0.747608,474.39
4,9.78415,0.812232,586.512
5,9.78415,0.812232,704.034
