Iteration,Cost,Cost reduction,time (ms)
0,34.2078,0.447347,220.163
1,14.6139,0.763901,430.417
2,11.773,0.809799,632.377
3,5.59392,0.909626,833.292
4,3.80038,0.938602,1028.02
5,3.80038,0.938602,1222.16
