Iteration,Cost,Cost reduction,time (ms)
0,5164.14,0.0012527,181.458
1,5125.5,0.00872578,337.525
2,5075.65,0.0183655,505.636
3,4386.68,0.151613,696.748
4,1581.2,0.694195,906.915
5,1581.2,0.694195,1105.13
