Iteration,Cost,Cost reduction,time (ms)
0,5768.56,0.00112142,413.532
1,5729.92,0.00781241,809.707
2,5680.08,0.0164425,1205.81
3,5574.67,0.0346965,1707.92
4,3415.22,0.408624,2208.69
5,2933.96,0.491959,2959.3
