Iteration,Cost,Cost reduction,time (ms)
0,32.1751,0.275451,108.961
1,17.1959,0.612765,187.532
2,12.3717,0.721402,265.399
3,12.0392,0.728889,347.648
4,12.0392,0.728889,431.136
5,10.7942,0.756925,484.682
