Iteration,Cost,Cost reduction,time (ms)
0,33.9797,0.223306,104.457
1,11.6401,0.733936,181.541
2,11.6401,0.733936,256.344
3,11.6401,0.733936,305.014
4,11.6401,0.733936,355.014
5,11.6401,0.733936,401.536
