Iteration,Cost,Cost reduction,time (ms)
0,20.1367,0.538028,107.185
1,9.3879,0.784625,182.285
2,7.90469,0.818652,257.56
3,7.90469,0.818652,343.139
4,6.97567,0.839966,394.784
5,6.97567,0.839966,483.879
