Iteration,Cost,Cost reduction,time (ms)
0,99.2036,0.34537,149.372
1,74.726,0.506894,259.761
2,40.2667,0.734286,374.82
3,30.1342,0.801149,505.795
4,6.47247,0.957289,658.926
5,6.05583,0.960038,846.37
