Iteration,Cost,Cost reduction,time (ms)
0,4624.8,0.00139861,413.496
1,4586.16,0.00974196,811.05
2,4536.32,0.0205046,1203.17
3,4389.66,0.0521701,1703.86
4,3457.54,0.253438,2251.13
5,1893.91,0.59106,2755.82
