Iteration,Cost,Cost reduction,time (ms)
0,119.586,0.0805802,156.08
1,65.2159,0.498599,274.029
2,45.3913,0.651017,398.015
3,44.7795,0.655721,536.526
4,43.3068,0.667043,673.482
5,20.3061,0.84388,812.271
