Iteration,Cost,Cost reduction,time (ms)
0,33.3169,0.266172,110.773
1,19.5968,0.568368,190.791
2,12.3015,0.729052,277.066
3,10.5532,0.767559,369.045
4,5.70416,0.874362,458.658
5,5.70416,0.874362,544.581
