Iteration,Cost,Cost reduction,time (ms)
0,24.2379,0.470418,557.078
1,15.0617,0.67091,1077.21
2,15.0617,0.67091,1573.05
3,14.9711,0.67289,1663.89
4,14.9711,0.67289,2142.06
5,14.9711,0.67289,2232.05
