Iteration,Cost,Cost reduction,time (ms)
0,4702.73,0.00139257,132.685
1,4664.87,0.00943195,229.305
2,4615.53,0.0199092,330.027
3,3716.76,0.210759,438.185
4,2671.25,0.43277,548.088
5,2297.18,0.512203,652.581
