Iteration,Cost,Cost reduction,time (ms)
0,97.3084,0.412159,24.798
1,97.3084,0.412159,35.824
2,97.3084,0.412159,46.857
3,97.3084,0.412159,53.572
4,97.3084,0.412159,61.389
5,97.3084,0.412159,66.721
6,97.3084,0.412159,71.475
