Iteration,Cost,Cost reduction,time (ms)
0,31.6054,0.314199,109.69
1,16.58,0.640234,192.611
2,12.5007,0.728748,285.056
3,7.50408,0.83717,385.036
4,7.37201,0.840036,497.852
5,7.37201,0.840036,610.081
