Iteration,Cost,Cost reduction,time (ms)
0,69.4661,0.379632,586.309
1,36.7173,0.672096,1133
2,29.5121,0.736441,1677.33
3,29.5121,0.736441,2216.44
4,26.1944,0.766071,2306.94
5,24.0035,0.785636,2843.71
