Iteration,Cost,Cost reduction,time (ms)
0,111.032,0.0535001,141.545
1,46.8396,0.600712,255.559
2,20.286,0.827071,376.668
3,15.4666,0.868154,504.483
4,15.4666,0.868154,629.673
5,15.2345,0.870132,717.226
