Iteration,Cost,Cost reduction,time (ms)
0,4196.68,0.00154146,134.778
1,4158.05,0.0107327,231.807
2,4107.99,0.0226435,334.619
3,3772.05,0.102569,452.106
4,2163.67,0.485229,563.054
5,799.197,0.809858,674.697
