Iteration,Cost,Cost reduction,time (ms)
0,64.664,0.19809,148.834
1,52.629,0.347339,261.221
2,24.9893,0.690103,384.998
3,24.4883,0.696317,514.487
4,17.6314,0.78135,647.63
5,15.4344,0.808595,788.172
