Iteration,Cost,Cost reduction,time (ms)
0,100.017,0.22716,149.414
1,66.4463,0.486566,260.907
2,50.6409,0.608695,378.145
3,10.1249,0.921764,509.535
4,10.1249,0.921764,652.149
5,9.93123,0.923261,733.081
