Iteration,Cost,Cost reduction,time (ms)
0,32.0074,0.282864,105.996
1,24.1869,0.458085,181.119
2,14.6807,0.671075,265.017
3,11.2761,0.747355,352.537
4,6.36175,0.857463,445.229
5,5.68569,0.87261,535.824
