Iteration,Cost,Cost reduction,time (ms)
0,68.8397,0.410476,149.057
1,46.7977,0.599238,258.316
2,22.814,0.804627,381.344
3,22.814,0.804627,504.405
4,18.584,0.840852,585.027
5,18.584,0.840852,708.793
