Iteration,Cost,Cost reduction,time (ms)
0,24.7781,0.379378,113.226
1,16.9108,0.576432,192.738
2,16.9108,0.576432,270.961
3,16.8548,0.577835,322.062
4,16.8548,0.577835,403.756
5,16.8548,0.577835,455.722
