Iteration,Cost,Cost reduction,time (ms)
0,81.0417,0.344853,143.948
1,52.2671,0.577469,247.362
2,43.6361,0.647243,354.917
3,25.6807,0.792396,467.169
4,16.4537,0.866988,583.228
5,11.0062,0.911025,697.053
