Iteration,Cost,Cost reduction,time (ms)
0,27.3341,0.301706,104.529
1,14.9969,0.616879,182.642
2,7.95008,0.796902,259.866
3,7.67568,0.803912,347.335
4,7.28893,0.813792,436.012
5,5.03383,0.871403,522.395
