Iteration,Cost,Cost reduction,time (ms)
0,34.992,0.143321,574.132
1,20.2525,0.504175,1128.41
2,14.3788,0.647977,1648.75
3,12.5912,0.691742,2173.15
4,12.5912,0.691742,2696.05
5,12.3449,0.697769,2788.5
