Iteration,Cost,Cost reduction,time (ms)
0,60.3043,0.398583,222.431
1,48.9565,0.511755,433.945
2,41.7187,0.583938,647.912
3,12.715,0.873193,858.716
4,12.715,0.873193,1070.89
5,12.715,0.873193,1153.82
