Iteration,Cost,Cost reduction,time (ms)
0,28.9452,0.267333,593.825
1,14.713,0.627581,1199.94
2,10.9512,0.722801,1747.29
3,9.57858,0.757545,2324.79
4,6.94522,0.824201,2846.04
5,6.94522,0.824201,3372.47
