Iteration,Cost,Cost reduction,time (ms)
0,4218.33,0.00153307,154.332
1,4179.69,0.0106781,253.662
2,4129.63,0.022527,357.897
3,4103.12,0.0288033,475.554
4,3217.99,0.238311,589.225
5,2231,0.471928,725.128
