Iteration,Cost,Cost reduction,time (ms)
0,59.6542,0.187192,579.856
1,28.2042,0.615708,1146.82
2,9.05146,0.876671,1709.24
3,8.87454,0.879081,2255.78
4,8.87454,0.879081,2796.19
5,8.87454,0.879081,2884.69
