Iteration,Cost,Cost reduction,time (ms)
0,41.8716,0.00155846,647.542
1,3.88261,0.907418,1176.8
2,3.51223,0.91625,1706.63
3,3.51223,0.91625,2458.7
4,3.51223,0.91625,2656.87
5,2.97004,0.929178,2856.69
6,2.97004,0.929178,3400.56
