Iteration,Cost,Cost reduction,time (ms)
0,4942.8,0.00130879,152.591
1,4904.17,0.00911514,253.397
2,4854.11,0.0192301,358.42
3,4482.8,0.0942529,476.788
4,4151.35,0.161221,590.774
5,2592.53,0.47618,702.09
