Iteration,Cost,Cost reduction,time (ms)
0,30.6941,0.626411,162.897
1,25.8291,0.685625,265.717
2,7.08266,0.913795,376.002
3,7.08266,0.913795,484.372
4,7.08266,0.913795,561.055
5,7.08266,0.913795,639.483
