Iteration,Cost,Cost reduction,time (ms)
0,28.7307,0.274263,196.541
1,9.46807,0.760836,380.123
2,9.46807,0.760836,559.724
3,9.46807,0.760836,626.116
4,8.19543,0.792983,678.504
5,8.19543,0.792983,850.629
