Iteration,Cost,Cost reduction,time (ms)
0,5548.15,0.00116607,411.107
1,5509.51,0.00812252,809.054
2,5459.66,0.0170957,1201.41
3,5354.05,0.0361104,1705.6
4,3327.39,0.400969,2279.48
5,2474.31,0.554549,2798.54
