Iteration,Cost,Cost reduction,time (ms)
0,41.5217,0.356128,832.603
1,38.8021,0.398301,1578.99
2,37.7482,0.414643,2339.3
3,31.6762,0.508801,3177
4,22.3515,0.653398,3985.54
5,22.3515,0.653398,5022.18
