Iteration,Cost,Cost reduction,time (ms)
0,456.63,0.618645,11.12
1,456.63,0.618645,19.262
2,456.63,0.618645,39.069
3,456.481,0.618769,52.1
4,408.129,0.659151,64.021
5,408.129,0.659151,71.981
6,408.129,0.659151,79.247
