Iteration,Cost,Cost reduction,time (ms)
0,33.9876,0.189075,178.78
1,26.2663,0.373301,359.622
2,17.7072,0.577516,535.337
3,10.8762,0.740499,711.516
4,8.62895,0.794118,889.689
5,4.17819,0.900311,1073.09
