Iteration,Cost,Cost reduction,time (ms)
0,29.9553,0.320122,106.603
1,24.4802,0.444386,183.539
2,20.2033,0.541457,258.637
3,10.5031,0.761618,338.377
4,9.03535,0.79493,416.927
5,9.03535,0.79493,495.212
