Iteration,Cost,Cost reduction,time (ms)
0,5011.61,0.00130673,134.352
1,4973.75,0.00885132,230.851
2,4924.41,0.0186838,332.829
3,4006.44,0.201612,440.968
4,3268.62,0.348643,550.053
5,3268.62,0.348643,654.032
