Iteration,Cost,Cost reduction,time (ms)
0,109.228,0.305076,148.997
1,105.419,0.32931,256.442
2,45.0874,0.713147,369.696
3,26.3206,0.832544,492.986
4,24.1787,0.846171,618.776
5,24.1787,0.846171,742.422
