Iteration,Cost,Cost reduction,time (ms)
0,19.9523,0.466865,102.768
1,14.7803,0.605064,173.03
2,11.2001,0.700728,245.454
3,11.2001,0.700728,319.156
4,10.3767,0.722731,373.321
5,10.2609,0.725824,453.937
