Iteration,Cost,Cost reduction,time (ms)
0,5196.71,0.00124438,178.631
1,5158.07,0.00867083,337.799
2,5108.24,0.0182482,506.208
3,4853.42,0.0672214,696.857
4,4401.53,0.15407,907.05
5,2636.6,0.493271,1111.53
