Iteration,Cost,Cost reduction,time (ms)
0,4284.91,0.00150925,137.585
1,4246.27,0.0105125,235.401
2,4196.22,0.0221773,338.891
3,3936.53,0.0826899,456.413
4,3466.68,0.192178,573.491
5,2514.78,0.413993,699.738
