Iteration,Cost,Cost reduction,time (ms)
0,5164.04,0.00126793,130.166
1,5126.17,0.00859024,228.22
2,5076.84,0.0181313,332.349
3,4148.13,0.197745,442.871
4,3788.82,0.267237,556.634
5,3059.64,0.408261,673.404
