Iteration,Cost,Cost reduction,time (ms)
0,28.9793,0.278452,112.722
1,28.9793,0.278452,189.919
2,28.9793,0.278452,237.851
3,28.9793,0.278452,286.834
4,28.9793,0.278452,335.214
5,28.9793,0.278452,384.349
