Iteration,Cost,Cost reduction,time (ms)
0,112.748,0.335663,145.6
1,13.3558,0.921305,248.663
2,12.9469,0.923714,361.492
3,12.9469,0.923714,476.249
4,12.7355,0.924959,552.965
5,12.7355,0.924959,670.039
