Iteration,Cost,Cost reduction,time (ms)
0,22.2659,0.482988,116.181
1,15.1015,0.649345,186.934
2,14.3555,0.666666,261.909
3,12.4347,0.711267,340.553
4,11.1622,0.740815,420.89
5,9.75004,0.773605,501.288
