Iteration,Cost,Cost reduction,time (ms)
0,4877.63,0.00134264,132.125
1,4839.77,0.00909416,231.054
2,4790.43,0.019196,332.037
3,3880.73,0.205451,439.469
4,2492.83,0.489613,547.839
5,2492.83,0.489613,652.096
