Iteration,Cost,Cost reduction,time (ms)
0,31.7272,0.45405,571.188
1,21.3234,0.633076,1162.32
2,17.5815,0.697465,1693.84
3,17.5815,0.697465,2169.34
4,13.5167,0.767409,2259.8
5,8.4972,0.853783,2796.38
