Iteration,Cost,Cost reduction,time (ms)
0,34.2666,0.405247,209.677
1,20.0889,0.651324,415.919
2,6.92512,0.879803,626.76
3,4.82446,0.916264,843.256
4,4.16016,0.927794,1051.14
5,3.16834,0.945008,1255.46
