Iteration,Cost,Cost reduction,time (ms)
0,35.3435,0.101599,568.634
1,16.8823,0.570867,1209.55
2,12.1939,0.690041,1766.79
3,6.72672,0.829013,2311.76
4,5.12204,0.869802,2869.57
5,5.12204,0.869802,3412.91
