Iteration,Cost,Cost reduction,time (ms)
0,29.3867,0.334725,517.825
1,22.7506,0.484958,1124.73
2,22.7506,0.484958,1863.77
3,13.9465,0.684269,2061.75
4,8.73998,0.802139,2587.72
5,8.73998,0.802139,3261.03
6,8.59998,0.805308,3459.66
7,6.85427,0.844829,4014.72
8,5.5819,0.873633,4582.79
9,4.00232,0.909393,5148.26
