Iteration,Cost,Cost reduction,time (ms)
0,127.412,0.00781805,123.669
1,127.412,0.00781805,167.828
2,127.412,0.00781805,193.787
3,116.196,0.0951654,224.345
4,108.242,0.157103,267.776
5,108.242,0.157103,296.666
6,108.242,0.157103,317.435
