Iteration,Cost,Cost reduction,time (ms)
0,97.8087,0.2448,232.031
1,22.5942,0.825546,478.063
2,16.7527,0.870649,693.834
3,9.96222,0.92308,920.919
4,5.32245,0.958904,1157.71
5,4.50699,0.965201,1397.93
