Iteration,Cost,Cost reduction,time (ms)
0,29.9996,0.346545,104.517
1,24.5172,0.465965,183.208
2,23.4987,0.488149,263.927
3,22.7641,0.504149,347.232
4,14.4884,0.684411,429.091
5,7.29114,0.841184,519.609
6,5.92425,0.870957,604.223
7,4.29579,0.906429,739.941
8,4.29579,0.906429,848.394
