Iteration,Cost,Cost reduction,time (ms)
0,71.5304,0.368483,148.272
1,61.444,0.457532,256.287
2,50.3106,0.555826,369.275
3,43.9004,0.612419,488.507
4,28.3606,0.749614,609.023
5,3.35092,0.970416,735.114
