Iteration,Cost,Cost reduction,time (ms)
0,31.2735,0.324297,187.602
1,26.5307,0.42677,364.683
2,22.8295,0.50674,536.737
3,21.812,0.528725,709.513
4,19.0285,0.588865,885.545
5,19.0285,0.588865,1059.79
