Iteration,Cost,Cost reduction,time (ms)
0,26.3714,0.39923,119.2
1,16.8479,0.616185,193.24
2,16.8479,0.616185,265.669
3,16.8479,0.616185,313.938
4,16.8479,0.616185,363.169
5,16.8479,0.616185,412.512
