Iteration,Cost,Cost reduction,time (ms)
0,46.7858,0.714444,387.308
1,46.7858,0.714444,488.633
2,46.7858,0.714444,555.839
3,46.7858,0.714444,655.851
4,40.9845,0.749852,1003.91
5,35.9777,0.780411,1062.95
6,30.6562,0.812891,1107.49
7,30.4972,0.813861,1150.4
