Iteration,Cost,Cost reduction,time (ms)
0,41.5343,0.232655,162.013
1,11.947,0.779279,290.489
2,10.3482,0.808817,396.299
3,7.16632,0.867603,559.688
4,7.16632,0.867603,660.345
5,7.16632,0.867603,718.688
6,7.16632,0.867603,777.106
