Iteration,Cost,Cost reduction,time (ms)
0,28.5918,0.400575,107.554
1,13.2158,0.722932,181.14
2,13.2158,0.722932,254.058
3,11.2309,0.764545,304.451
4,5.3017,0.88885,383.729
5,5.3017,0.88885,462.485
