Iteration,Cost,Cost reduction,time (ms)
0,116.493,0.313596,571.485
1,87.0237,0.487237,1151.36
2,76.6477,0.548374,1686.31
3,75.8868,0.552858,2229.36
4,47.7342,0.718739,2771.63
5,47.7342,0.718739,3321.18
