Iteration,Cost,Cost reduction,time (ms)
0,4447.85,0.00145349,185.911
1,4409.21,0.0101285,344.694
2,4359.38,0.0213156,512.344
3,4314.37,0.0314215,699.999
4,2870.14,0.355652,896.308
5,2430.01,0.454461,1111.07
