Iteration,Cost,Cost reduction,time (ms)
0,28.2691,0.3149,176.386
1,13.2427,0.679065,366.077
2,11.339,0.725201,563.195
3,11.121,0.730483,760.113
4,8.00935,0.805894,956.21
5,7.91213,0.80825,1146.09
