Iteration,Cost,Cost reduction,time (ms)
0,31.3925,0.335388,612.169
1,24.282,0.485925,1151.42
2,22.5734,0.522099,1679.82
3,11.0851,0.765316,2206.93
4,9.89788,0.790452,2697.17
5,9.89788,0.790452,3187.83
