Iteration,Cost,Cost reduction,time (ms)
0,128.479,0.295569,159.088
1,97.4032,0.465954,276.732
2,97.4032,0.465954,408.45
3,83.2345,0.543639,484.95
4,31.1343,0.829296,632.115
5,20.6087,0.887006,773.478
