Iteration,Cost,Cost reduction,time (ms)
0,23.2685,0.399479,111.205
1,16.4701,0.574933,187.439
2,6.77112,0.825249,260.278
3,6.77112,0.825249,337.86
4,6.02558,0.84449,387.178
5,5.86243,0.8487,464.26
