Iteration,Cost,Cost reduction,time (ms)
0,4593.13,0.00140837,150.017
1,4554.5,0.00980799,247.664
2,4504.6,0.0206552,352.827
3,4435.96,0.0355785,474.238
4,3424.17,0.255553,599.821
5,2631.39,0.42791,743.99
