Iteration,Cost,Cost reduction,time (ms)
0,4463.38,0.00144939,140.352
1,4424.75,0.0100922,238.724
2,4374.86,0.0212542,346.111
3,4309.09,0.0359672,467.108
4,2221,0.503116,589.92
5,2221,0.503116,831.105
