Iteration,Cost,Cost reduction,time (ms)
0,87.679,0.147847,141.039
1,22.4306,0.781997,247.385
2,12.484,0.878668,358.271
3,11.5429,0.887815,483.555
4,11.3636,0.889557,604.537
5,11.2356,0.890801,726.577
