Iteration,Cost,Cost reduction,time (ms)
0,5854.08,0.00111902,130.785
1,5816.22,0.007579,227.746
2,5766.88,0.0159979,330.5
3,4750.44,0.189433,438.999
4,2036.14,0.652574,547.411
5,1992.28,0.660058,653.172
