Iteration,Cost,Cost reduction,time (ms)
0,30.9398,0.325347,111.962
1,24.2884,0.470382,188.447
2,19.2905,0.579364,266.67
3,18.2389,0.602294,347.06
4,18.2389,0.602294,433.458
5,18.2389,0.602294,484.11
