Iteration,Cost,Cost reduction,time (ms)
0,33.2873,0.314399,107.298
1,18.3494,0.622069,179.614
2,18.3494,0.622069,256.027
3,18.3494,0.622069,307.528
4,18.2471,0.624175,361.609
5,18.1992,0.62516,444.233
