Iteration,Cost,Cost reduction,time (ms)
0,22.8653,0.408612,178.998
1,7.19297,0.813961,343.49
2,5.99184,0.845027,508.693
3,4.40685,0.886021,671.658
4,4.40685,0.886021,833.746
5,3.47431,0.91014,899.129
