Iteration,Cost,Cost reduction,time (ms)
0,114.001,0.375884,209.313
1,62.197,0.659492,417.893
2,47.3983,0.74051,623.611
3,31.4956,0.827572,820.608
4,15.1315,0.91716,1018.58
5,7.97441,0.956343,1210.53
