Iteration,Cost,Cost reduction,time (ms)
0,84.6365,0.353313,152.911
1,72.3159,0.447451,262.453
2,51.8777,0.603615,377.99
3,30.9704,0.763362,511.216
4,13.4617,0.897142,668.757
5,6.61453,0.94946,846.071
