Iteration,Cost,Cost reduction,time (ms)
0,106.432,0.284487,213.011
1,17.2994,0.883701,409.151
2,12.0087,0.919268,599.745
3,11.2879,0.924114,790.296
4,6.81085,0.954212,980.588
5,6.81085,0.954212,1171.33
