Iteration,Cost,Cost reduction,time (ms)
0,28.5766,0.385302,267.93
1,24.1112,0.481355,494.538
2,24.1112,0.481355,718.683
3,24.1112,0.481355,870.74
4,24.1112,0.481355,1005.38
