Iteration,Cost,Cost reduction,time (ms)
0,24.8636,0.400804,104.72
1,12.9751,0.687308,180.202
2,12.9751,0.687308,251.047
3,9.14703,0.779562,305.071
4,9.14703,0.779562,383.814
5,9.14703,0.779562,439.007
