Iteration,Cost,Cost reduction,time (ms)
0,43.1652,0.178011,155.246
1,20.2399,0.614573,287.791
2,20.2399,0.614573,392.267
3,20.2399,0.614573,461.485
4,20.2399,0.614573,531.842
5,20.2399,0.614573,602.468
6,20.2399,0.614573,667.387
