Iteration,Cost,Cost reduction,time (ms)
0,5793.58,0.00113036,130.288
1,5755.71,0.00765789,225.941
2,5706.38,0.016164,318.683
3,4709.77,0.187989,414.505
4,4274.06,0.263109,514.417
5,3549.15,0.388092,615.08
6,2814.43,0.514765,715.078
7,2814.43,0.514765,813.104
