Iteration,Cost,Cost reduction,time (ms)
0,61.6139,0,150.112
1,61.6139,0,222.573
2,61.6139,0,299.51
3,25.6376,0.583899,381.675
4,9.89342,0.839429,569.777
5,9.89342,0.839429,765.822
