Iteration,Cost,Cost reduction,time (ms)
0,5548.14,0.00116586,181.277
1,5509.5,0.00812239,340.619
2,5459.66,0.0170947,508.47
3,4717.99,0.150618,697.525
4,2714.26,0.511351,913.9
5,2042.77,0.63224,1114.66
