Iteration,Cost,Cost reduction,time (ms)
0,40.154,0.00794215,272.337
1,40.154,0.00794215,517.242
2,40.154,0.00794215,715.744
3,40.154,0.00794215,913.449
4,40.154,0.00794215,1114.5
5,40.154,0.00794215,1312.18
6,40.154,0.00794215,1510.67
