Iteration,Cost,Cost reduction,time (ms)
0,31.3996,0.209521,187.063
1,15.0013,0.622344,358.392
2,8.10747,0.795896,542.983
3,6.71349,0.830989,721.074
4,6.11451,0.846069,900.03
5,5.33956,0.865578,1079.87
