Iteration,Cost,Cost reduction,time (ms)
0,5775.53,0.00113417,133.403
1,5737.67,0.00768194,230.92
2,5688.33,0.0162153,331.682
3,4687.12,0.189372,438.993
4,2986.77,0.483444,547.508
5,2979.17,0.484758,654.037
