Iteration,Cost,Cost reduction,time (ms)
0,24.2856,0.374439,177.193
1,14.8059,0.618622,374.4
2,7.85615,0.797638,544.094
3,7.85615,0.797638,840.957
4,7.85615,0.797638,1031.73
5,7.85615,0.797638,1221.87
6,7.85615,0.797638,1411.28
