Iteration,Cost,Cost reduction,time (ms)
0,96.8458,0.304295,150.971
1,93.102,0.331189,260.048
2,58.7237,0.578151,372.31
3,36.6413,0.736782,491.3
4,23.7914,0.829091,607.372
5,16.4721,0.88167,731.478
