Iteration,Cost,Cost reduction,time (ms)
0,86.2333,0.340921,144.978
1,39.7338,0.696316,247.682
2,23.5957,0.819659,363.918
3,8.94412,0.93164,479.168
4,8.67054,0.933731,590.64
5,8.61099,0.934187,702.008
