Iteration,Cost,Cost reduction,time (ms)
0,47.1207,0.0697972,98.832
1,47.1207,0.0697972,163.875
2,47.1207,0.0697972,215.121
3,47.1207,0.0697972,270.989
4,47.1207,0.0697972,327.638
5,47.1207,0.0697972,385.67
