Iteration,Cost,Cost reduction,time (ms)
0,4482.82,0.00144282,178.455
1,4444.18,0.0100501,336.7
2,4394.33,0.0211528,505.119
3,3747.94,0.165138,694.975
4,1411.51,0.685583,905.047
5,1316.33,0.706784,1104.39
