Iteration,Cost,Cost reduction,time (ms)
0,4366.48,0.0014808,145.97
1,4327.84,0.0103171,258.238
2,4278.01,0.0217133,376.941
3,4135.43,0.0543172,514.786
4,3532.28,0.192244,661.129
5,2387.72,0.45398,789.526
6,1278.97,0.707528,933.364
7,744.114,0.829837,1076.33
8,730.255,0.833007,1207.08
9,730.255,0.833007,1335.99
