Iteration,Cost,Cost reduction,time (ms)
0,5164.11,0.00125264,140.677
1,5125.47,0.00872432,239.767
2,5075.59,0.0183719,345.374
3,5014.93,0.0301032,465.694
4,2950.97,0.429277,590.831
5,2104.83,0.592922,742.546
