Iteration,Cost,Cost reduction,time (ms)
0,115.964,0.315727,144.195
1,76.4872,0.548668,251.498
2,63.3238,0.626341,369.389
3,35.7228,0.789209,492.716
4,27.6351,0.836932,608.127
5,24.3763,0.856162,727.224
