Iteration,Cost,Cost reduction,time (ms)
0,26.8675,0.348653,111.494
1,19.3238,0.531535,187.016
2,16.9115,0.590015,263.57
3,13.0486,0.683664,347.707
4,13.0486,0.683664,437.38
5,13.0486,0.683664,489.546
