Iteration,Cost,Cost reduction,time (ms)
0,31.8497,0.288575,185.136
1,13.6586,0.694908,355.925
2,8.13944,0.81819,528.304
3,7.30441,0.836842,706.518
4,6.85584,0.846861,874.699
5,6.85584,0.846861,1042.67
