Iteration,Cost,Cost reduction,time (ms)
0,4373.16,0.00147935,133.748
1,4334.53,0.0103002,231.489
2,4284.46,0.021731,334.868
3,3986.29,0.089813,453.575
4,2249.39,0.486397,565.818
5,1958.03,0.552923,679.338
