Iteration,Cost,Cost reduction,time (ms)
0,96.195,0.258197,149.203
1,36.2703,0.720304,261.064
2,36.2703,0.720304,372.092
3,36.2703,0.720304,447.433
4,36.2703,0.720304,522.398
5,36.2703,0.720304,597.701
