Iteration,Cost,Cost reduction,time (ms)
0,41.0724,0.381542,849.025
1,37.1785,0.440176,1613.3
2,37.1785,0.440176,2404.53
3,37.1785,0.440176,2883.02
4,37.1785,0.440176,3370.72
