Iteration,Cost,Cost reduction,time (ms)
0,30.7334,0.311748,108.129
1,16.1516,0.638297,187.62
2,15.4552,0.653893,270.538
3,13.9779,0.686975,356.421
4,13.7393,0.692319,445.165
5,11.4966,0.742542,539.621
