Iteration,Cost,Cost reduction,time (ms)
0,42.0716,0.233459,103.82
1,19.8525,0.63829,184.122
2,10.3722,0.81102,273.22
3,6.83358,0.875493,373.165
4,6.83358,0.875493,501.372
5,6.83358,0.875493,556.812
