Iteration,Cost,Cost reduction,time (ms)
0,37.1417,0.225294,596.763
1,13.552,0.717331,1199.81
2,7.61719,0.84112,1756.97
3,7.61719,0.84112,2318.3
4,7.61719,0.84112,2410.08
5,7.61719,0.84112,2475.74
