Iteration,Cost,Cost reduction,time (ms)
0,29.037,0.326266,109.271
1,16.1891,0.62437,187.901
2,16.1891,0.62437,267.352
3,15.977,0.629293,319.628
4,15.8514,0.632205,401.107
5,10.8565,0.748102,487.367
