Iteration,Cost,Cost reduction,time (ms)
0,123.963,0.292884,142.344
1,105.634,0.39744,251.721
2,105.634,0.39744,365.776
3,103.654,0.408734,449.54
4,74.1269,0.577162,572.889
5,28.5485,0.837153,693.462
