Iteration,Cost,Cost reduction,time (ms)
0,5819.98,0.00111135,135.992
1,5781.35,0.00774234,235.215
2,5731.3,0.0163322,337.593
3,5509.48,0.0544033,452.129
4,4521.98,0.223889,570.9
5,3541.45,0.392178,772.956
