Iteration,Cost,Cost reduction,time (ms)
0,34.9184,0.155027,559.684
1,28.9187,0.30021,1092.93
2,20.5956,0.501617,1644.46
3,16.5848,0.598673,2158.52
4,16.5848,0.598673,2639.44
5,14.6423,0.645678,2733.29
