Iteration,Cost,Cost reduction,time (ms)
0,5335.53,0.00121436,135.344
1,5296.92,0.00844335,234.261
2,5247.01,0.0177862,338.326
3,4889.31,0.0847454,459.239
4,2831.98,0.469866,587.989
5,2261.93,0.576578,754.501
