Iteration,Cost,Cost reduction,time (ms)
0,34.0379,0.465873,220.818
1,19.1081,0.700153,432.962
2,15.9878,0.749117,631.806
3,3.31768,0.947939,831.322
4,3.2113,0.949608,1032.6
5,3.2113,0.949608,1229.38
