Iteration,Cost,Cost reduction,time (ms)
0,102.85,0.319889,148.501
1,100.928,0.332597,257.038
2,59.2034,0.608508,368.767
3,58.1265,0.61563,490.666
4,49.6954,0.671382,612.083
5,42.2781,0.72043,734.086
