Iteration,Cost,Cost reduction,time (ms)
0,104.381,0,67.58
1,104.381,0,118.799
2,80.0514,0.233083,148.27
3,33.899,0.675237,271.645
4,33.899,0.675237,323.922
5,33.899,0.675237,360.186
6,33.899,0.675237,391.02
