Iteration,Cost,Cost reduction,time (ms)
0,19.9915,0.532598,102.235
1,15.9398,0.627326,172.03
2,15.9398,0.627326,242.77
3,14.0734,0.670963,290.108
4,14.0734,0.670963,366.79
5,14.0734,0.670963,417.052
