Iteration,Cost,Cost reduction,time (ms)
0,171.86,0.0190588,143.475
1,57.2489,0.673236,247.046
2,51.9018,0.703756,363.364
3,23.6846,0.864813,478.788
4,6.85049,0.960899,593.295
5,4.65706,0.973419,713.103
