Iteration,Cost,Cost reduction,time (ms)
0,5815.83,0.00111203,417.467
1,5777.19,0.00774879,813.659
2,5727.36,0.0163074,1210.93
3,5705.51,0.0200592,1716.96
4,3374.43,0.42043,2250.68
5,3103.01,0.467048,3118.29
