Iteration,Cost,Cost reduction,time (ms)
0,112.893,0.0327798,142.027
1,36.3787,0.688321,246.451
2,16.0855,0.862186,356.724
3,16.0855,0.862186,464.408
4,16.0855,0.862186,541.539
5,16.0855,0.862186,616.336
