Iteration,Cost,Cost reduction,time (ms)
0,120.603,0.254773,201.946
1,45.8493,0.716689,396.075
2,9.56347,0.940906,601.509
3,9.56347,0.940906,809.039
4,9.56347,0.940906,891.814
