Iteration,Cost,Cost reduction,time (ms)
0,28.4921,0.348348,104.603
1,20.9275,0.52136,177.896
2,18.4767,0.577412,249.73
3,13.276,0.69636,324.047
4,11.2605,0.742456,400.664
5,10.6188,0.757133,479.466
