Iteration,Cost,Cost reduction,time (ms)
0,31.8094,0.317687,106.017
1,23.2866,0.500501,188.579
2,20.3354,0.563803,262.582
3,17.7165,0.619979,339.929
4,10.6081,0.772455,425.745
5,10.6081,0.772455,506.693
