Iteration,Cost,Cost reduction,time (ms)
0,24.4324,0.39798,104.887
1,16.7066,0.588343,178.623
2,16.7066,0.588343,249.871
3,16.7066,0.588343,298.622
4,16.7066,0.588343,348.368
5,16.7066,0.588343,398.671
