Iteration,Cost,Cost reduction,time (ms)
0,23.8175,0.468932,123.334
1,23.8175,0.468932,201.941
2,23.8175,0.468932,241.74
3,23.8175,0.468932,281.637
4,23.8175,0.468932,321.99
5,23.8175,0.468932,361.871
6,23.8175,0.468932,411.669
