Iteration,Cost,Cost reduction,time (ms)
0,5196.66,0.00126043,133.052
1,5158.8,0.00853662,228.962
2,5109.46,0.0180193,330.83
3,4165.18,0.199499,438.583
4,1776.65,0.658549,548.621
5,1776.65,0.658549,652.942
