Iteration,Cost,Cost reduction,time (ms)
0,4611.49,0.00142005,132.632
1,4573.63,0.00961826,232.925
2,4524.29,0.0203026,333.646
3,3638.15,0.21219,442.584
4,2597.74,0.437482,552.426
5,2341.97,0.492866,658.54
