Iteration,Cost,Cost reduction,time (ms)
0,4980.39,0.00131449,130.724
1,4942.52,0.00890651,228.246
2,4893.19,0.0187998,329.445
3,3998.46,0.198213,437.468
4,3662.37,0.265608,548.228
5,3013.49,0.395723,660.521
