Iteration,Cost,Cost reduction,time (ms)
0,4942.78,0.00130823,177.853
1,4904.14,0.00911571,336.797
2,4854.3,0.0191845,504.489
3,4604.25,0.0697075,696.325
4,3992.71,0.19327,906.923
5,1834.12,0.629415,1111.33
