Iteration,Cost,Cost reduction,time (ms)
0,103.634,0.279176,527.775
1,68.6958,0.522186,1068.28
2,50.7868,0.646752,1610.11
3,40.7574,0.716511,2138.69
4,36.9411,0.743056,2700.66
5,36.9411,0.743056,3244.81
