Iteration,Cost,Cost reduction,time (ms)
0,26.4785,0.337507,190.837
1,6.38646,0.840211,375.769
2,5.30115,0.867365,565.926
3,5.23879,0.868926,746.718
4,4.81516,0.879525,925.282
5,4.32938,0.891679,1105.46
