Iteration,Cost,Cost reduction,time (ms)
0,4378.53,0.00147652,175.814
1,4339.89,0.0102886,333.72
2,4290.06,0.0216525,501.765
3,3949.05,0.0994198,691.57
4,3574.3,0.184881,897.335
5,2111.14,0.518555,1100.28
