Iteration,Cost,Cost reduction,time (ms)
0,166.981,0,153.329
1,134.781,0.192832,230.878
2,102.302,0.38734,393.053
3,82.5352,0.505719,546.458
4,82.5352,0.505719,692.106
