Iteration,Cost,Cost reduction,time (ms)
0,47.7412,0.699583,190.892
1,15.0292,0.905427,311.4
2,15.0292,0.905427,409.563
3,15.0292,0.905427,478.338
4,15.0292,0.905427,547.003
5,15.0292,0.905427,617.076
6,15.0292,0.905427,686.992
