Iteration,Cost,Cost reduction,time (ms)
0,128.738,0.171526,146.579
1,69.8534,0.550468,258.478
2,17.5441,0.887098,384.418
3,17.5441,0.887098,531.768
4,17.5441,0.887098,608.962
5,17.5441,0.887098,683.148
