Iteration,Cost,Cost reduction,time (ms)
0,4942.71,0.00132483,132.545
1,4904.85,0.00897449,228.814
2,4855.51,0.0189431,329.741
3,3943.39,0.203237,437.611
4,3415.73,0.309852,545.956
5,1198.49,0.757844,654.501
