Iteration,Cost,Cost reduction,time (ms)
0,54.9683,0.24812,225.946
1,11.622,0.841029,440.198
2,2.61544,0.964225,668.228
3,2.61544,0.964225,891.654
4,2.11426,0.97108,983.714
5,1.96325,0.973146,1211.48
