Iteration,Cost,Cost reduction,time (ms)
0,27.1235,0.357337,566.916
1,9.30077,0.779628,1095.53
2,9.03833,0.785846,1558.18
3,9.02455,0.786173,2022.04
4,9.02455,0.786173,2490.48
5,8.57991,0.796708,2580.21
