Iteration,Cost,Cost reduction,time (ms)
0,5562.86,0.00116274,146.26
1,5524.23,0.00810011,246.168
2,5474.17,0.0170872,350.13
3,5430.28,0.0249684,465.764
4,4260.3,0.235043,583.927
5,4196.71,0.246461,736.712
