Iteration,Cost,Cost reduction,time (ms)
0,26.7266,0.354697,611.424
1,13.1981,0.681337,1220.44
2,10.5105,0.746227,1862
3,8.04556,0.805743,2507.78
4,7.52075,0.818414,3107.96
5,5.14367,0.875808,3709.54
