Iteration,Cost,Cost reduction,time (ms)
0,5033.13,0.00128491,144.184
1,4994.49,0.00895233,248.711
2,4944.66,0.0188411,356.977
3,4793.36,0.0488635,482.38
4,3839.26,0.238182,617.079
5,2066.88,0.589873,747.637
6,1936.84,0.615676,896.388
7,1757.2,0.651323,1060.92
8,1687.26,0.665201,1217
9,1288.97,0.744231,1367.43
