Iteration,Cost,Cost reduction,time (ms)
0,64.3241,0.225633,583.555
1,26.0267,0.686678,1133.84
2,17.5224,0.789056,1656.73
3,8.45813,0.898177,2190.25
4,8.45813,0.898177,2700.76
5,8.45813,0.898177,2789.58
