Iteration,Cost,Cost reduction,time (ms)
0,43.7655,0.2745,142.946
1,42.504,0.295413,353.938
2,42.504,0.295413,579.867
3,36.7644,0.390557,664.777
4,36.7644,0.390557,900.862
5,36.7644,0.390557,984.572
