Iteration,Cost,Cost reduction,time (ms)
0,67.834,0.406463,147.063
1,64.8884,0.432236,255.14
2,39.6268,0.653272,370.268
3,17.1635,0.849822,506.508
4,7.20672,0.936942,645.344
5,4.5076,0.960559,791.31
