Iteration,Cost,Cost reduction,time (ms)
0,29.7062,0.735561,210.294
1,28.9412,0.742371,402.647
2,25.5746,0.77234,603.673
3,22.7295,0.797666,799.268
4,22.5369,0.79938,993.582
5,21.3721,0.809749,1190.71
