Iteration,Cost,Cost reduction,time (ms)
0,4615.76,0.00140088,417.121
1,4577.12,0.0097607,813.945
2,4527.29,0.020542,1211.83
3,4511.57,0.0239416,1715.04
4,3217.69,0.303868,2206.24
5,1561.49,0.662179,3102.08
