Iteration,Cost,Cost reduction,time (ms)
0,55.7233,0.203343,151.865
1,23.825,0.659382,261.19
2,21.9943,0.685555,374.312
3,14.7163,0.789605,493.497
4,7.05162,0.899185,618.756
5,7.05162,0.899185,742.978
