Iteration,Cost,Cost reduction,time (ms)
0,137.091,0.23262,156.366
1,19.2887,0.892029,270.034
2,17.6819,0.901024,384.55
3,9.80095,0.945138,513.644
4,8.16172,0.954314,643.944
5,7.30764,0.959095,773.564
