Iteration,Cost,Cost reduction,time (ms)
0,31.8026,0.297517,106.388
1,26.3095,0.418853,180.62
2,4.73063,0.895506,257.327
3,3.31494,0.926777,337.548
4,2.99559,0.933831,419.035
5,2.99559,0.933831,495.998
