Iteration,Cost,Cost reduction,time (ms)
0,5872.02,0.00110178,179.628
1,5833.38,0.00767498,336.323
2,5783.54,0.0161537,505.812
3,4997.78,0.14982,694.21
4,2243.4,0.618373,912.313
5,2019.26,0.6565,1107.72
