Iteration,Cost,Cost reduction,time (ms)
0,288.481,0.447251,17.854
1,65.2902,0.8749,30.395
2,14.8176,0.971609,42.653
3,4.34215,0.99168,55.392
4,2.22716,0.995733,67.542
5,1.97161,0.996222,79.691
6,1.97161,0.996222,91.418
