Iteration,Cost,Cost reduction,time (ms)
0,27.8058,0.331292,108.583
1,12.2777,0.704731,186.057
2,7.54199,0.818621,263.78
3,7.54199,0.818621,340.605
4,6.0802,0.853776,396.24
5,5.50465,0.867617,477.119
