Iteration,Cost,Cost reduction,time (ms)
0,5.93164,0.967305,6.399
1,5.93164,0.967305,10.891
2,5.93164,0.967305,13.497
3,5.93164,0.967305,17.005
4,5.93164,0.967305,19.912
