Iteration,Cost,Cost reduction,time (ms)
0,4284.9,0.00150894,175.255
1,4246.26,0.0105133,331.785
2,4196.42,0.0221261,498.482
3,4139.52,0.0353863,687.298
4,2526.95,0.411156,884.964
5,1783.71,0.58435,1087.37
6,846.171,0.80282,1290.47
7,793.351,0.815129,1495.99
8,770.623,0.820425,1703.5
9,770.623,0.820425,1906.6
