Iteration,Cost,Cost reduction,time (ms)
0,131.311,0.0629417,142.764
1,47.7356,0.659351,242.762
2,47.0907,0.663953,368.876
3,27.8821,0.801028,491.261
4,22.4832,0.839556,621.063
5,6.50734,0.953563,751.514
