Iteration,Cost,Cost reduction,time (ms)
0,132.096,0.271347,150.806
1,121.856,0.327833,259.699
2,80.5229,0.555828,371.904
3,80.5229,0.555828,492.382
4,80.5229,0.555828,579.949
5,80.5229,0.555828,662.162
