Iteration,Cost,Cost reduction,time (ms)
0,26.2862,0.350031,106.313
1,12.4607,0.69189,185.178
2,9.40625,0.767415,275.044
3,9.22793,0.771825,371.342
4,8.784,0.782801,473.871
5,8.58534,0.787714,566.838
