Iteration,Cost,Cost reduction,time (ms)
0,28.9714,0.297649,110.754
1,12.5287,0.696267,189.485
2,12.0024,0.709026,268.865
3,5.48358,0.867062,352.848
4,5.38316,0.869496,441.359
5,5.38316,0.869496,529.636
