Iteration,Cost,Cost reduction,time (ms)
0,27.8363,0.280344,107.047
1,13.5569,0.649511,186.929
2,12.7547,0.67025,273.102
3,10.3258,0.733046,367.657
4,10.0983,0.738926,476.343
5,9.84319,0.745522,587.723
