Iteration,Cost,Cost reduction,time (ms)
0,27.9399,0.332739,110.438
1,15.1208,0.638886,189.887
2,12.9532,0.690651,273.089
3,12.8842,0.692299,365.036
4,11.9584,0.714409,460.974
5,10.2382,0.755491,558.864
