Iteration,Cost,Cost reduction,time (ms)
0,5554.81,0.00116475,150.648
1,5516.17,0.00811206,251.254
2,5466.11,0.0171139,355.864
3,5065.86,0.0890853,473.242
4,4686.75,0.157254,587.646
5,3313.08,0.404259,699.485
