Iteration,Cost,Cost reduction,time (ms)
0,27.2326,0.334174,107.826
1,11.6626,0.714855,185.576
2,11.6626,0.714855,262.394
3,8.69906,0.787312,317.545
4,6.19529,0.848528,399.424
5,6.19529,0.848528,478.397
