Iteration,Cost,Cost reduction,time (ms)
0,119.773,0.08378,218.145
1,43.7355,0.665438,418.526
2,29.242,0.776309,629.134
3,17.9971,0.862329,839.434
4,9.59123,0.92663,1062.2
5,7.20828,0.944859,1279.6
