Iteration,Cost,Cost reduction,time (ms)
0,115.833,0.0156971,145.904
1,36.9592,0.685936,252.176
2,33.0413,0.719229,359.577
3,17.8636,0.848202,478.376
4,9.12838,0.922431,597.49
5,7.84092,0.933371,723.699
