Iteration,Cost,Cost reduction,time (ms)
0,4403.24,0.0014682,413.583
1,4364.59,0.010231,808.511
2,4314.76,0.0215313,1207.18
3,4171.64,0.0539877,1708.23
4,3444.01,0.218995,2251.72
5,2046.28,0.535961,2757.6
