Iteration,Cost,Cost reduction,time (ms)
0,5873.09,0.00111542,132.579
1,5835.23,0.00755451,229.485
2,5785.89,0.0159462,331.171
3,4762.18,0.190057,440.132
4,1929.3,0.671867,548.615
5,1929.3,0.671867,652.382
