Iteration,Cost,Cost reduction,time (ms)
0,5873.16,0.00110181,150.266
1,5834.52,0.00767237,248.314
2,5784.63,0.0161578,352.615
3,5769.3,0.018766,477.259
4,4095.7,0.303409,613.218
5,2624.33,0.553658,770.381
