Iteration,Cost,Cost reduction,time (ms)
0,5387.16,0.00121577,131.575
1,5349.3,0.00823504,228.88
2,5299.96,0.0173825,330.262
3,4332.93,0.196672,438.653
4,2662.56,0.50636,547.352
5,2630.15,0.512367,653.649
