Iteration,Cost,Cost reduction,time (ms)
0,4168.93,0.00155064,178.29
1,4130.29,0.0108051,336.422
2,4080.46,0.0227395,505.611
3,3746.46,0.102731,697.252
4,3367.15,0.193576,900.353
5,2170.48,0.480176,1105.21
