Iteration,Cost,Cost reduction,time (ms)
0,58.7932,0.0060151,21.644
1,58.7932,0.0060151,39.759
2,9.121,0.845796,52.343
3,9.121,0.845796,63.283
4,5.60431,0.905251,72.094
5,5.60431,0.905251,79.503
6,5.60431,0.905251,84.904
