Iteration,Cost,Cost reduction,time (ms)
0,75.8626,0.465994,151.683
1,69.1939,0.512935,260.115
2,66.9743,0.528559,379.956
3,66.9743,0.528559,501.332
4,63.6653,0.551852,580.659
5,52.3144,0.631752,704.901
