Iteration,Cost,Cost reduction,time (ms)
0,27.5749,0.3196,109.203
1,24.0366,0.406906,187.72
2,20.535,0.493308,265.752
3,13.6701,0.662697,343.534
4,12.8808,0.682171,419.787
5,12.8808,0.682171,496.615
