Iteration,Cost,Cost reduction,time (ms)
0,5650.47,0.00114496,414.644
1,5611.83,0.00797558,810.77
2,5561.99,0.0167865,1208.31
3,5541.7,0.0203722,1705.16
4,4027.25,0.288087,2202.36
5,2790.96,0.506631,3141.73
