Iteration,Cost,Cost reduction,time (ms)
0,405.208,0.607547,6.525
1,283.282,0.725635,11.064
2,283.282,0.725635,15.052
3,283.282,0.725635,18.268
4,283.282,0.725635,21.231
