Iteration,Cost,Cost reduction,time (ms)
0,4168.95,0.00155107,411.519
1,4130.31,0.0108054,809.64
2,4080.47,0.0227418,1205.33
3,3456.45,0.172194,1708
4,1926.51,0.538608,2335.07
5,1374.41,0.670834,2882.66
