Iteration,Cost,Cost reduction,time (ms)
0,94.4283,0.394938,169.799
1,67.0569,0.570323,285.094
2,61.2927,0.607259,401.329
3,50.8521,0.674158,519.308
4,39.1818,0.748937,639.358
5,30.2694,0.806045,764.551
