Iteration,Cost,Cost reduction,time (ms)
0,27.268,0.410499,176.251
1,19.7456,0.573125,334.993
2,18.9247,0.59087,497.441
3,13.0114,0.718709,657.933
4,12.5644,0.728372,816.284
5,12.5644,0.728372,972.508
