Iteration,Cost,Cost reduction,time (ms)
0,35.4673,0.227691,105.024
1,24.0786,0.475682,183.146
2,18.8928,0.588606,272.623
3,18.3586,0.600237,367.447
4,18.3586,0.600237,461.417
5,17.7725,0.612999,517.089
