Iteration,Cost,Cost reduction,time (ms)
0,27.7789,0.331409,106.16
1,18.924,0.544531,180.292
2,12.9751,0.687712,260.961
3,9.19817,0.778615,339.387
4,5.96981,0.856317,423.319
5,4.47144,0.89238,507.7
