Iteration,Cost,Cost reduction,time (ms)
0,83.0201,0.245283,229.637
1,45.5977,0.585482,430.632
2,31.4992,0.713648,643.77
3,5.71315,0.948063,834.046
4,5.02688,0.954302,1024.72
5,5.02688,0.954302,1213.45
