Iteration,Cost,Cost reduction,time (ms)
0,79.7415,0.351553,147.863
1,64.7704,0.473296,259.96
2,19.5667,0.840886,374.192
3,15.8769,0.870891,502.483
4,14.8526,0.879221,630.337
5,13.616,0.889277,762.584
