Iteration,Cost,Cost reduction,time (ms)
0,33.5525,0.455202,145.193
1,7.53633,0.877631,248.936
2,4.21928,0.931491,355.347
3,3.15645,0.948748,477.123
4,1.65476,0.973131,592.133
5,1.23579,0.979934,710.726
