Iteration,Cost,Cost reduction,time (ms)
0,26.5711,0.321715,590.626
1,23.6479,0.396336,1204.34
2,22.8646,0.416331,1801.23
3,22.8646,0.416331,2390.84
4,18.0187,0.540033,2485.95
5,15.7234,0.598626,3006.57
