Iteration,Cost,Cost reduction,time (ms)
0,4776.91,0.00135376,149.177
1,4738.27,0.00943099,249.341
2,4688.22,0.0198946,353.586
3,4665.24,0.0246987,470.57
4,3059.73,0.360343,586.983
5,2579.67,0.460702,763.953
