Iteration,Cost,Cost reduction,time (ms)
0,30.805,0.370314,174.391
1,6.5282,0.866557,342.169
2,3.27812,0.932992,505.135
3,2.98264,0.939032,667.998
4,2.98264,0.939032,826.172
5,2.98264,0.939032,888.868
