Iteration,Cost,Cost reduction,time (ms)
0,52.7443,0.165134,209.412
1,9.75898,0.845529,405.088
2,5.81026,0.908032,601.399
3,3.47737,0.944958,795.516
4,2.79615,0.955741,992.327
5,2.79615,0.955741,1187.72
