Iteration,Cost,Cost reduction,time (ms)
0,25.1598,0.394619,560.805
1,10.2084,0.754372,1078.99
2,9.19127,0.778845,1587.51
3,9.19127,0.778845,2105.89
4,8.67153,0.79135,2196.17
5,8.67153,0.79135,2696.42
