Iteration,Cost,Cost reduction,time (ms)
0,46.2519,0.453421,142.982
1,36.6098,0.567367,251.088
2,22.5135,0.733948,364.946
3,20.9484,0.752444,478.212
4,13.2531,0.843383,590.645
5,13.2531,0.843383,701.785
