Iteration,Cost,Cost reduction,time (ms)
0,112.634,0.039838,140.336
1,35.5415,0.697023,244.134
2,24.9125,0.787631,355.214
3,11.9611,0.898036,462.842
4,7.53347,0.93578,573.825
5,5.56751,0.952539,680.319
