Iteration,Cost,Cost reduction,time (ms)
0,4373.13,0.00147863,146.114
1,4334.5,0.0103,245.756
2,4284.45,0.021728,349.615
3,4088.83,0.0663945,464.119
4,3045,0.304733,582.119
5,2355.63,0.462138,767.347
