Iteration,Cost,Cost reduction,time (ms)
0,4559.1,0.00141871,140.11
1,4520.47,0.0098805,240.364
2,4470.58,0.020807,345.8
3,4452.99,0.0246597,467.25
4,2460.15,0.461152,602.376
5,1479.43,0.67596,755.01
