Iteration,Cost,Cost reduction,time (ms)
0,28.942,0.397478,509.726
1,28.942,0.397478,975.53
2,28.942,0.397478,1027.87
3,28.942,0.397478,1078.1
4,28.942,0.397478,1126.04
5,28.942,0.397478,1186.39
6,28.942,0.397478,1236.48
