Iteration,Cost,Cost reduction,time (ms)
0,4970.57,0.00130124,141.088
1,4931.93,0.00906396,239.82
2,4882.05,0.0190872,345.457
3,4207.45,0.154629,469.229
4,3785.09,0.239491,595.522
5,2999.81,0.397271,730.669
