Iteration,Cost,Cost reduction,time (ms)
0,117.619,0.315529,573.381
1,96.4432,0.438758,1159.03
2,82.0859,0.522309,1724.05
3,48.0255,0.72052,2311.64
4,43.6352,0.746069,2885.75
5,40.7159,0.763057,3459.49
