Iteration,Cost,Cost reduction,time (ms)
0,5033.13,0.00128493,178.348
1,4994.49,0.00895238,335.506
2,4944.66,0.0188412,505.064
3,4770.12,0.0534744,694.058
4,3925.66,0.22104,887.716
5,2121.47,0.579042,1081.99
