Iteration,Cost,Cost reduction,time (ms)
0,82.183,0.249967,229.901
1,27.2783,0.751048,458.168
2,13.0403,0.880989,686.055
3,10.3458,0.90558,908.966
4,10.3458,0.90558,1130.46
5,10.3458,0.90558,1218.91
