Iteration,Cost,Cost reduction,time (ms)
0,128.434,0.2945,521.673
1,87.6423,0.518575,1069.24
2,61.068,0.664549,1628.3
3,57.9735,0.681547,2192.13
4,48.4776,0.733709,2742.69
5,44.2965,0.756676,3302.61
