Iteration,Cost,Cost reduction,time (ms)
0,4583.1,0.0014108,410.811
1,4544.46,0.00983012,811.53
2,4494.63,0.0206882,1208.69
3,3851.17,0.160888,1716.14
4,1545.03,0.663361,2348.74
5,893.052,0.805417,2876.66
