Iteration,Cost,Cost reduction,time (ms)
0,4624.71,0.00141583,132.008
1,4586.85,0.00959073,228.208
2,4537.51,0.0202446,329.957
3,3654.24,0.210963,438.43
4,3161.86,0.317281,547.467
5,2591.81,0.440367,657.468
