Iteration,Cost,Cost reduction,time (ms)
0,4540.32,0.00142403,411.78
1,4501.68,0.00992258,808.766
2,4451.85,0.0208823,1205.43
3,4436.85,0.0241821,1709.86
4,3009.94,0.338009,2203.65
5,2738.69,0.397665,3064.85
