Iteration,Cost,Cost reduction,time (ms)
0,36.0906,0.248774,549.173
1,15.815,0.670811,1063.78
2,15.1674,0.68429,1532.7
3,14.4004,0.700256,2002.53
4,9.07409,0.811123,2476.07
5,8.5216,0.822623,2952.52
