Iteration,Cost,Cost reduction,time (ms)
0,4455.47,0.00145116,414.184
1,4416.83,0.0101113,810.081
2,4366.99,0.02128,1206.47
3,3708.26,0.168915,1714.85
4,1538.85,0.655117,2347.99
5,742.389,0.833618,2888.52
