Iteration,Cost,Cost reduction,time (ms)
0,26.9092,0.324528,596.484
1,13.9154,0.650698,1226.86
2,11.9095,0.70105,1881.18
3,10.2605,0.742441,2506.48
4,5.44063,0.86343,3122.13
5,2.97386,0.925351,3729.43
