Iteration,Cost,Cost reduction,time (ms)
0,5815.84,0.00111224,146.184
1,5777.2,0.00774815,246.325
2,5727.15,0.0163448,351.14
3,5570.29,0.0432864,466.857
4,3215.77,0.447682,577.918
5,2100.55,0.639225,686.455
