Iteration,Cost,Cost reduction,time (ms)
0,18.8339,0.564756,176.743
1,7.13113,0.835203,326.738
2,7.13113,0.835203,620.531
3,7.13113,0.835203,818.691
4,7.13113,0.835203,1008.06
5,7.13113,0.835203,1183.03
6,7.13113,0.835203,1332
