Iteration,Cost,Cost reduction,time (ms)
0,30.0552,0.313965,110.978
1,18.0114,0.588875,190.544
2,17.0354,0.611152,269.486
3,9.25856,0.788666,352.123
4,9.25856,0.788666,454.916
5,7.08588,0.838259,506.367
