Iteration,Cost,Cost reduction,time (ms)
0,25.9361,0.365479,112.219
1,18.7995,0.540073,187.209
2,8.70656,0.786996,269.096
3,5.96057,0.854176,354.219
4,4.84931,0.881363,437.919
5,4.44033,0.891368,520.27
