Iteration,Cost,Cost reduction,time (ms)
0,5164.12,0.00125289,136.21
1,5125.49,0.00872439,234.511
2,5075.6,0.0183731,338.863
3,5041.12,0.0250407,462.922
4,3089.03,0.402577,605.153
5,2355.31,0.54448,801.751
