Iteration,Cost,Cost reduction,time (ms)
0,28.5312,0.313282,106.188
1,13.579,0.673166,182.493
2,12.9871,0.687412,260.276
3,4.24637,0.897794,341.924
4,3.07661,0.925949,426.26
5,3.07661,0.925949,503.636
