Iteration,Cost,Cost reduction,time (ms)
0,4920.68,0.00131453,134.432
1,4882.04,0.00915535,230.001
2,4832.16,0.0192796,333.155
3,4775.33,0.0308142,454.207
4,3318.63,0.326461,582.546
5,1980.24,0.598097,745.427
