Iteration,Cost,Cost reduction,time (ms)
0,61.355,0.360187,217.648
1,31.7703,0.668698,424.185
2,10.6316,0.889133,634.012
3,10.6316,0.889133,824.952
4,10.6316,0.889133,905.775
5,10.6316,0.889133,979.262
