Iteration,Cost,Cost reduction,time (ms)
0,27.9027,0.350296,188.263
1,12.5388,0.708039,375.085
2,8.86877,0.793494,575.079
3,3.81797,0.9111,770.223
4,3.66455,0.914672,959.3
5,3.61203,0.915895,1147.92
