Iteration,Cost,Cost reduction,time (ms)
0,39.1598,0.145291,546.532
1,22.5543,0.507725,1139.02
2,16.2672,0.644949,1688.55
3,8.30065,0.818829,2251.15
4,8.30065,0.818829,2812.13
5,8.30065,0.818829,2906.69
