Iteration,Cost,Cost reduction,time (ms)
0,5627.4,0.00116369,130.674
1,5589.54,0.00788376,227.545
2,5540.2,0.0166405,329.115
3,4570.85,0.188696,437.576
4,4133.61,0.266303,548.256
5,3475.08,0.38319,662.612
