Iteration,Cost,Cost reduction,time (ms)
0,30.3472,0.332347,116.762
1,20.6066,0.546647,195.494
2,19.9631,0.560804,272.435
3,16.734,0.631846,354.319
4,16.184,0.643945,438.344
5,16.184,0.643945,520.301
