Iteration,Cost,Cost reduction,time (ms)
0,69.3714,0,162.047
1,25.7268,0.629144,217.517
2,25.7268,0.629144,291.629
3,25.7268,0.629144,332.308
4,25.7268,0.629144,359.15
5,25.7268,0.629144,376.708
6,25.7268,0.629144,391.805
