Iteration,Cost,Cost reduction,time (ms)
0,134.828,0.0293968,144.153
1,39.5546,0.715253,257.154
2,11.8876,0.914423,388.859
3,10.6891,0.923051,531.124
4,4.46041,0.96789,689.551
5,2.88011,0.979267,877.432
