Iteration,Cost,Cost reduction,time (ms)
0,23.0737,0.514476,14.546
1,17.1272,0.639603,23.879
2,14.1514,0.702221,33.563
3,12.6138,0.734575,43.73
4,12.4085,0.738897,53.187
5,11.3337,0.761512,63.481
6,10.4922,0.77922,73.372
7,10.4922,0.77922,82.679
