Iteration,Cost,Cost reduction,time (ms)
0,35.7569,0.479857,146.416
1,25.5342,0.628563,253.034
2,3.78324,0.944966,365.63
3,1.33166,0.980629,477.187
4,1.12709,0.983605,589.536
5,1.02232,0.985129,703.191
