Iteration,Cost,Cost reduction,time (ms)
0,4624.79,0.00139894,136.802
1,4586.16,0.00974056,235.016
2,4536.26,0.0205138,339.842
3,3867.73,0.164866,461.014
4,2346.5,0.493335,587.171
5,2064.38,0.554251,747.043
