Iteration,Cost,Cost reduction,time (ms)
0,56.5744,0.333906,535.432
1,40.598,0.522008,1096.33
2,18.9448,0.776948,1646.24
3,18.9448,0.776948,2188.55
4,18.9448,0.776948,2280.45
5,18.9448,0.776948,2354.1
