Iteration,Cost,Cost reduction,time (ms)
0,26.3222,0.424969,103.718
1,21.696,0.526031,176.22
2,20.4985,0.552193,249.593
3,6.59388,0.855951,337.003
4,3.62515,0.920805,418.711
5,3.62515,0.920805,501.286
