Iteration,Cost,Cost reduction,time (ms)
0,661.126,0.559286,24.073
1,446.116,0.702614,36.817
2,403.574,0.730973,61.381
3,403.574,0.730973,72.316
4,403.574,0.730973,88.85
5,403.574,0.730973,96.613
6,403.574,0.730973,111.274
