Iteration,Cost,Cost reduction,time (ms)
0,9.29548,0.420014,7.706
1,5.27742,0.670719,12.128
2,5.27742,0.670719,16.035
3,5.27742,0.670719,18.768
4,5.27742,0.670719,22.124
