Iteration,Cost,Cost reduction,time (ms)
0,66.3623,0.0165002,152.204
1,30.0499,0.554656,261.426
2,9.91335,0.853083,388.298
3,5.34062,0.920851,527.954
4,4.98023,0.926192,662.461
5,4.98023,0.926192,799.782
