Iteration,Cost,Cost reduction,time (ms)
0,29.9151,0.247068,575.005
1,11.688,0.705825,1126.5
2,4.3363,0.89086,1696.9
3,3.81339,0.904021,2228.82
4,3.44684,0.913247,2755.93
5,3.23788,0.918506,3283.6
