Iteration,Cost,Cost reduction,time (ms)
0,8.91753,0.788777,100.7
1,8.91753,0.788777,317.217
2,8.91753,0.788777,503.101
3,8.91753,0.788777,655.441
4,8.91753,0.788777,779.794
5,8.91753,0.788777,884.102
6,8.91753,0.788777,952.784
