Iteration,Cost,Cost reduction,time (ms)
0,88.7429,0.322598,217.956
1,64.1535,0.510297,427.95
2,33.357,0.745375,631.363
3,18.6848,0.857373,837.055
4,18.6848,0.857373,1040.35
5,15.0484,0.885131,1123.44
