Iteration,Cost,Cost reduction,time (ms)
0,4606.11,0.00140389,413.726
1,4567.47,0.00978116,809.333
2,4517.64,0.0205855,1206.35
3,4478.35,0.0291036,1708.48
4,3036.89,0.341608,2246.97
5,2737.58,0.406499,3038.57
