Iteration,Cost,Cost reduction,time (ms)
0,4615.75,0.00140074,413.968
1,4577.11,0.00976062,808.869
2,4527.28,0.0205413,1202.05
3,4505.48,0.0252581,1708.69
4,2891.97,0.374334,2243.52
5,2055.49,0.555303,3142.52
