Iteration,Cost,Cost reduction,time (ms)
0,34.2875,0.24948,107.727
1,16.765,0.633032,184.63
2,14.1577,0.690103,292.201
3,12.0983,0.735181,408.788
4,7.5396,0.834966,540.718
5,7.12685,0.844,672.528
