Iteration,Cost,Cost reduction,time (ms)
0,70.7448,0.368832,221.082
1,48.7887,0.564719,425.735
2,43.7064,0.610062,625.53
3,32.2794,0.712011,824.55
4,26.029,0.767775,1021.09
5,15.1734,0.864627,1230.49
