Iteration,Cost,Cost reduction,time (ms)
0,4677.02,0.00138287,132.466
1,4638.39,0.00963161,229.54
2,4588.51,0.0202826,333.137
3,4570.34,0.0241615,452.626
4,2480.29,0.470419,585.366
5,2480.29,0.470419,730.728
