Iteration,Cost,Cost reduction,time (ms)
0,35.848,0,113.606
1,35.848,0,150.242
2,35.848,0,172.708
3,35.848,0,200.314
4,23.666,0.339824,220.146
5,23.666,0.339824,249.726
6,22.1433,0.3823,278.597
7,22.1433,0.3823,296.834
