Iteration,Cost,Cost reduction,time (ms)
0,73.6898,0.208855,145.881
1,28.1928,0.697318,250.722
2,15.0748,0.838155,354.917
3,6.93611,0.925533,458.16
4,6.93611,0.925533,562.454
