Iteration,Cost,Cost reduction,time (ms)
0,4312.49,0.00149991,135.784
1,4273.86,0.0104448,233.586
2,4223.97,0.0219962,337.988
3,4181.58,0.0318106,460.653
4,2411.31,0.441695,600.436
5,1786.41,0.58638,757.028
