Iteration,Cost,Cost reduction,time (ms)
0,31.0292,0.348867,105.758
1,31.0292,0.348867,178.603
2,30.77,0.354305,229.879
3,26.298,0.448148,309.186
4,14.8752,0.687851,400.716
5,14.124,0.703615,500.374
