Iteration,Cost,Cost reduction,time (ms)
0,4877.69,0.00132558,414.656
1,4839.04,0.00923713,810.369
2,4789.21,0.0194397,1207.91
3,4638.82,0.0502323,1709.72
4,3892.09,0.20312,2251.26
5,2101.85,0.569659,2794.62
