Iteration,Cost,Cost reduction,time (ms)
0,91.2735,0.244529,232.014
1,34.1032,0.717728,457.884
2,16.147,0.866351,656.692
3,8.01668,0.933646,847.394
4,6.81281,0.94361,1037.11
5,5.18903,0.95705,1231.8
