Iteration,Cost,Cost reduction,time (ms)
0,42.6582,0.111176,99.677
1,42.6582,0.111176,165.38
2,42.6582,0.111176,209.418
3,42.6582,0.111176,254.696
4,42.6582,0.111176,301.283
5,42.6582,0.111176,348.743
