Iteration,Cost,Cost reduction,time (ms)
0,5854.14,0.00110485,138.868
1,5815.5,0.00769746,236.248
2,5765.45,0.0162374,338.586
3,5737.27,0.0210466,457.217
4,3818.02,0.348529,572.147
5,3343.21,0.429546,766.406
