Iteration,Cost,Cost reduction,time (ms)
0,30.0196,0.306392,111.01
1,24.0064,0.445328,190.948
2,24.0064,0.445328,270.325
3,23.1623,0.464832,325.123
4,21.5404,0.502305,409.209
5,20.4029,0.528589,490.954
