Iteration,Cost,Cost reduction,time (ms)
0,4742.53,0.00138086,135.017
1,4704.67,0.00935288,232.308
2,4655.33,0.0197424,332.493
3,3758.81,0.20852,440.647
4,2499.61,0.473666,550.52
5,2405.4,0.493502,656.6
