Iteration,Cost,Cost reduction,time (ms)
0,23.7102,0.398911,104.771
1,19.9548,0.494117,179.144
2,13.8025,0.650085,260.345
3,13.8025,0.650085,357.168
4,13.4823,0.658203,412.123
5,9.35265,0.762896,509.437
