Iteration,Cost,Cost reduction,time (ms)
0,43.5111,0.745818,144.169
1,37.5446,0.780673,249.42
2,26.5732,0.844765,384.273
3,26.5732,0.844765,470.928
4,26.5732,0.844765,528.576
5,26.5732,0.844765,586.35
6,26.5732,0.844765,644.164
