Iteration,Cost,Cost reduction,time (ms)
0,4794.91,0.00134861,177.678
1,4756.27,0.0093965,336.857
2,4706.44,0.0197755,504.358
3,4650.72,0.0313799,695.356
4,3054.21,0.363889,896.132
5,2515.83,0.47602,1113.83
