Iteration,Cost,Cost reduction,time (ms)
0,102.016,0.334509,207.48
1,31.6136,0.793772,424.762
2,9.23733,0.939741,648.806
3,5.98666,0.960947,872.772
4,5.98666,0.960947,1097.41
5,5.91642,0.961405,1190.41
