Iteration,Cost,Cost reduction,time (ms)
0,27.281,0.305534,103.792
1,26.5422,0.324342,176.194
2,26.5422,0.324342,246.105
3,21.9717,0.440688,299.067
4,20.604,0.475505,378.493
5,16.9811,0.56773,458.672
