Iteration,Cost,Cost reduction,time (ms)
0,27.9164,0.409515,550.884
1,19.7404,0.582452,1102
2,16.6242,0.648366,1604.1
3,12.2014,0.741918,2102.23
4,12.2014,0.741918,2549.58
5,12.2014,0.741918,2636.16
