Iteration,Cost,Cost reduction,time (ms)
0,4168.95,0.00155107,178.629
1,4130.31,0.0108054,336.524
2,4080.47,0.0227418,504.056
3,3441.47,0.175779,695.913
4,1616.2,0.612925,913.154
5,1420.4,0.659819,1109.77
