Iteration,Cost,Cost reduction,time (ms)
0,25.4816,0.355043,107.358
1,23.6898,0.400394,184.282
2,18.4372,0.533341,255.643
3,18.4372,0.533341,323.755
4,18.4372,0.533341,364.748
5,18.4372,0.533341,405.763
6,18.4372,0.533341,449.386
