Iteration,Cost,Cost reduction,time (ms)
0,58.9419,0.000132416,753.747
1,58.8639,0.00145461,1465.58
2,58.8639,0.00145461,2174.23
3,58.8639,0.00145461,2478.72
4,58.8639,0.00145461,2782.24
5,58.8639,0.00145461,3085.65
6,58.8639,0.00145461,3387.46
