Iteration,Cost,Cost reduction,time (ms)
0,25.0404,0.447268,181.76
1,14.4247,0.681594,356.066
2,10.2082,0.774668,521.389
3,6.23912,0.86228,685.261
4,6.23912,0.86228,845.342
5,6.23912,0.86228,907.856
