Iteration,Cost,Cost reduction,time (ms)
0,109.644,0.27464,557.251
1,45.9835,0.695791,1073.75
2,37.2292,0.753706,1625.07
3,37.2292,0.753706,2149.3
4,33.1917,0.780416,2242.66
5,33.1917,0.780416,2765.3
