Iteration,Cost,Cost reduction,time (ms)
0,87.3203,0.250287,566.791
1,45.5028,0.609323,1094.04
2,39.8425,0.657921,1658.52
3,33.0527,0.716217,2213.99
4,31.1751,0.732338,2787.58
5,31.1751,0.732338,3342.2
