Iteration,Cost,Cost reduction,time (ms)
0,78.8441,0.384452,218.954
1,65.0816,0.491898,426.774
2,53.3835,0.583227,627.536
3,52.7497,0.588176,826.623
4,34.3191,0.732066,1030.23
5,20.6814,0.838538,1238.74
