Iteration,Cost,Cost reduction,time (ms)
0,4920.7,0.00131475,157.007
1,4882.07,0.00915591,255.866
2,4832.18,0.019282,360.369
3,4763.27,0.0332666,482.148
4,3663.64,0.256443,608.117
5,2060.04,0.581904,748.776
