Iteration,Cost,Cost reduction,time (ms)
0,136.309,0.22673,149.928
1,62.5423,0.645201,259.875
2,58.4115,0.668635,375.19
3,45.5131,0.741807,491.133
4,28.6888,0.83725,609.148
5,28.6888,0.83725,722.526
