Iteration,Cost,Cost reduction,time (ms)
0,42.802,0,102.694
1,42.802,0,151.392
2,42.802,0,199.832
3,42.802,0,248.458
4,42.802,0,319.008
5,39.3916,0.0796804,386.97
6,36.2091,0.154033,463.318
7,33.7385,0.211755,546.533
8,33.2283,0.223674,623.244
9,32.8216,0.233178,730.403
