Iteration,Cost,Cost reduction,time (ms)
0,17.7399,0.569169,126.195
1,6.55656,0.840768,260.233
2,6.55656,0.840768,459.846
3,6.55656,0.840768,607.815
4,6.55656,0.840768,756.53
5,6.55656,0.840768,878.101
6,6.55656,0.840768,967.64
