Iteration,Cost,Cost reduction,time (ms)
0,4455.49,0.00145173,150.753
1,4416.86,0.0101106,250.717
2,4366.8,0.0213303,355.723
3,4006.82,0.102007,473.432
4,3693.22,0.17229,587.624
5,2286.57,0.487543,699.418
