Iteration,Cost,Cost reduction,time (ms)
0,32.766,0.292973,490.173
1,32.766,0.292973,1135.15
2,32.766,0.292973,1182.97
3,32.766,0.292973,1227.4
4,32.766,0.292973,1271.73
5,16.5535,0.642807,1336.23
6,16.5535,0.642807,1780.42
