Iteration,Cost,Cost reduction,time (ms)
0,30.249,0.268285,572.367
1,21.1628,0.488078,1123.62
2,14.6114,0.646555,1712.6
3,14.4323,0.650886,2268.3
4,13.5711,0.671718,2827.57
5,9.72761,0.764692,3392.94
