Iteration,Cost,Cost reduction,time (ms)
0,41.4062,0.227532,208.789
1,20.6261,0.615203,409.663
2,13.8877,0.740913,605.45
3,10.1873,0.809947,799.599
4,3.56706,0.933454,985.308
5,3.56706,0.933454,1178.21
