Iteration,Cost,Cost reduction,time (ms)
0,4179.41,0.00156659,134.026
1,4141.55,0.0106111,231.049
2,4092.21,0.0223979,331.867
3,3255.63,0.222252,439.481
4,2107.59,0.49651,548.771
5,2085.31,0.501834,655.406
