Iteration,Cost,Cost reduction,time (ms)
0,4.01803,0.478909,6.766
1,2.38028,0.691306,11.232
2,2.12747,0.724092,15.748
3,2.12747,0.724092,19.914
4,2.12747,0.724092,22.933
