Iteration,Cost,Cost reduction,time (ms)
0,1039.1916144312097,0.0,6211.685657501221
1,200.0501048700995,0.8074944965952263,10750.044107437134
