Iteration,Cost,Cost reduction,time (ms)
0,118.022,0.302934,220.966
1,84.4228,0.501378,428.315
2,52.0305,0.692695,641.246
3,5.24736,0.969008,878.126
4,4.60292,0.972814,1080.1
5,4.33872,0.974374,1284.71
