Iteration,Cost,Cost reduction,time (ms)
0,5033.14,0.00128512,177.739
1,4994.5,0.00895249,335.374
2,4944.66,0.0188422,503.965
3,4260.24,0.154651,693.102
4,2519.81,0.5,908.384
5,1265.41,0.748908,1109.79
