Iteration,Cost,Cost reduction,time (ms)
0,115.078,0,137.827
1,77.2904,0.328365,168.934
2,55.7688,0.515382,217.142
3,55.7688,0.515382,265.568
4,55.7688,0.515382,302.802
5,55.7688,0.515382,335.378
6,54.8805,0.523101,367.854
7,49.3882,0.570828,419.099
8,42.9168,0.627063,448.196
9,42.9168,0.627063,485.577
