Iteration,Cost,Cost reduction,time (ms)
0,91.5444,0.31793,230.316
1,43.2759,0.677564,465.912
2,17.7094,0.868052,707.669
3,9.10092,0.932192,949.344
4,9.10092,0.932192,1197.82
5,9.10092,0.932192,1292.43
