Iteration,Cost,Cost reduction,time (ms)
0,63.2292,0.226549,153.266
1,33.7255,0.587453,270.04
2,16.2177,0.801616,383.408
3,6.26669,0.923343,490.888
4,5.60882,0.93139,599.823
5,5.27074,0.935526,710.353
