Iteration,Cost,Cost reduction,time (ms)
0,64.4994,0.113892,32.366
1,17.5801,0.75848,47.835
2,17.5801,0.75848,62.499
3,17.5801,0.75848,68.57
4,6.70175,0.90793,73.036
5,6.70175,0.90793,89.387
6,3.66427,0.949659,101.697
7,3.66427,0.949659,108.942
