Iteration,Cost,Cost reduction,time (ms)
0,88.543,0.440773,160.671
1,26.8745,0.830264,270.473
2,26.8745,0.830264,385.66
3,26.8745,0.830264,459.685
4,26.8745,0.830264,534.76
5,26.8745,0.830264,609.16
