Iteration,Cost,Cost reduction,time (ms)
0,4754.98,0.00136014,181.247
1,4716.34,0.00947545,339.704
2,4666.5,0.0199427,502.753
3,3978.06,0.164529,698.617
4,1737.95,0.634996,914.157
5,1515.66,0.681682,1112.06
