Iteration,Cost,Cost reduction,time (ms)
0,32.2058,0.33827,103.462
1,18.2706,0.624594,177.903
2,18.2706,0.624594,250.02
3,12.1784,0.749772,303.483
4,11.7567,0.758436,383.861
5,11.7215,0.759158,464.829
