Iteration,Cost,Cost reduction,time (ms)
0,4754.96,0.00135974,413.004
1,4716.32,0.00947522,809.583
2,4666.49,0.0199408,1208.18
3,4518.61,0.0509973,1710.31
4,3397.29,0.286499,2252.01
5,3342.4,0.298027,2807.05
