Iteration,Cost,Cost reduction,time (ms)
0,64.1836,0.112812,526.739
1,41.2613,0.429659,1078.73
2,4.33862,0.940029,1607.25
3,2.42314,0.966506,2152.98
4,2.42314,0.966506,2729.69
5,2.42314,0.966506,2823.68
