Iteration,Cost,Cost reduction,time (ms)
0,5854.07,0.00111869,129.374
1,5816.2,0.00757885,226.59
2,5766.87,0.0159971,326.535
3,4767.3,0.186553,435.791
4,4319.09,0.263032,544.723
5,3602.1,0.385372,656.524
6,3602.1,0.385372,763.619
