Iteration,Cost,Cost reduction,time (ms)
0,4447.87,0.00145386,156.385
1,4409.23,0.0101278,256.404
2,4359.18,0.0213649,360.601
3,4336.4,0.0264795,478.295
4,2902.31,0.348433,595.199
5,2902.31,0.348433,741.889
