Iteration,Cost,Cost reduction,time (ms)
0,4552.26,0.00142045,178.156
1,4513.62,0.00989669,338.101
2,4463.79,0.0208284,505.874
3,4405.6,0.0335924,695.198
4,2730.84,0.400967,897.869
5,1794,0.606469,1100.07
6,1053.76,0.768849,1299.6
7,811.026,0.822094,1498.73
8,697.846,0.846921,1709.65
9,607.473,0.866745,1914.41
