Iteration,Cost,Cost reduction,time (ms)
0,4999.06,0.00130977,132.89
1,4961.2,0.00887339,229.674
2,4911.86,0.0187294,331.489
3,3996.85,0.201526,439.627
4,3608.25,0.27916,549.997
5,3066.57,0.387373,664.336
