Iteration,Cost,Cost reduction,time (ms)
0,5143.61,0.00125713,177.198
1,5104.97,0.00876017,334.526
2,5055.14,0.0184359,503.718
3,5005.52,0.0280711,689.196
4,3465.19,0.327159,886.2
5,1992.68,0.613077,1097.38
