Iteration,Cost,Cost reduction,time (ms)
0,5820,0.00111148,150.438
1,5781.37,0.00774267,250.418
2,5731.31,0.0163335,356.603
3,5706.3,0.0206264,474.336
4,3595.2,0.382955,589.097
5,3261.43,0.44024,743.425
