Iteration,Cost,Cost reduction,time (ms)
0,55.4527,0.360438,146.061
1,45.0721,0.480163,246.601
2,16.0874,0.814456,354.814
3,7.51673,0.913306,462.773
4,5.21917,0.939805,572.982
5,3.82731,0.955858,680.953
