Iteration,Cost,Cost reduction,time (ms)
0,128.041,0.213067,152.214
1,79.9818,0.508437,269.433
2,14.8563,0.908694,419.423
3,8.28157,0.949102,575.956
4,8.28157,0.949102,733.057
5,7.81175,0.951989,820.309
