Iteration,Cost,Cost reduction,time (ms)
0,28.0702,0.402027,181.83
1,14.3094,0.69517,346.86
2,7.42591,0.841808,513.784
3,6.61671,0.859046,679.277
4,6.61671,0.859046,847.006
5,6.61671,0.859046,917.472
