Iteration,Cost,Cost reduction,time (ms)
0,4439.59,0.0014569,157.186
1,4400.96,0.0101461,258.805
2,4351.07,0.0213665,365.523
3,4081.64,0.0819672,490.484
4,2588.9,0.41771,620.103
5,2543.19,0.427992,779.197
