Iteration,Cost,Cost reduction,time (ms)
0,25.3656,0.363028,108.085
1,16.3319,0.58988,182.878
2,16.3319,0.58988,257.662
3,16.3319,0.58988,307.561
4,16.3319,0.58988,357.899
5,16.3319,0.58988,409.679
