Iteration,Cost,Cost reduction,time (ms)
0,4179.48,0.00154701,179.521
1,4140.84,0.0107781,337.419
2,4091.01,0.0226838,505.924
3,4034.4,0.0362073,697.546
4,3185.7,0.238956,899.664
5,1317.67,0.685216,1128.56
