Iteration,Cost,Cost reduction,time (ms)
0,4742.6,0.00136346,414.285
1,4703.95,0.00950001,811.189
2,4654.12,0.0199934,1208.5
3,4638.46,0.0232902,1712.01
4,3292.29,0.306751,2201.37
5,1893.14,0.601367,3096.44
