Iteration,Cost,Cost reduction,time (ms)
0,122.515,0.132487,509.711
1,27.7536,0.803481,1020.08
2,7.87304,0.944252,1570.96
3,7.7507,0.945118,2162.28
4,5.80576,0.95889,2723.13
5,5.80576,0.95889,3276.34
