Iteration,Cost,Cost reduction,time (ms)
0,5335.53,0.00121217,408.644
1,5296.89,0.00844559,800.469
2,5247.06,0.0177744,1192.46
3,5220.18,0.0228065,1694.75
4,3978.72,0.255202,2232.58
5,1875.86,0.648847,2980.17
6,931.54,0.82562,3564.85
7,815.547,0.847333,4186.56
8,815.547,0.847333,4805.86
