Iteration,Cost,Cost reduction,time (ms)
0,80.3324,0.378535,151.539
1,36.5282,0.717412,253.458
2,32.6183,0.747659,374.083
3,16.1958,0.874706,501.142
4,14.7447,0.885933,633.096
5,14.1012,0.89091,765.81
