Iteration,Cost,Cost reduction,time (ms)
0,25.9863,0.409661,101.818
1,17.8559,0.594362,173.322
2,12.5442,0.715031,244.598
3,12.5442,0.715031,317.831
4,12.5442,0.715031,367.252
5,12.5442,0.715031,416.437
