Iteration,Cost,Cost reduction,time (ms)
0,27.4841,0.377857,110.101
1,18.9839,0.570272,183.808
2,18.216,0.587655,259.744
3,18.216,0.587655,337.771
4,18.216,0.587655,389.046
5,18.216,0.587655,440.497
