Iteration,Cost,Cost reduction,time (ms)
0,59.0911,0.377081,224.456
1,41.7929,0.559433,417.95
2,15.4709,0.836911,587.014
3,12.1714,0.871693,753.416
4,10.7446,0.886734,920.542
5,9.62114,0.898577,1086.98
