Iteration,Cost,Cost reduction,time (ms)
0,5621.89,0.00115087,138.384
1,5583.26,0.0080148,235.323
2,5533.2,0.0169082,338.202
3,5521.55,0.0189785,455.519
4,4610.14,0.180909,566.129
5,4610.14,0.180909,749.459
