Iteration,Cost,Cost reduction,time (ms)
0,27.2014,0.321647,108.52
1,12.2452,0.694627,188.673
2,9.82461,0.754992,278.013
3,8.65208,0.784233,371.473
4,7.95529,0.80161,462.803
5,7.87314,0.803659,558.499
