Iteration,Cost,Cost reduction,time (ms)
0,4642.68,0.00139314,148.024
1,4604.04,0.00970351,247.542
2,4553.98,0.0204708,352.509
3,4510.59,0.0298051,470.315
4,3275.41,0.295483,585.646
5,2526.68,0.456528,757.636
