Iteration,Cost,Cost reduction,time (ms)
0,85.248,0.365572,143.064
1,54.9052,0.591387,251.993
2,39.804,0.703773,367.865
3,34.3744,0.744181,494.289
4,26.8524,0.80016,622.131
5,8.94124,0.933458,743.043
