Iteration,Cost,Cost reduction,time (ms)
0,5143.62,0.00125721,412.029
1,5104.97,0.00876022,806.769
2,5055.14,0.0184361,1202.58
3,5039.49,0.0214756,1708.65
4,3528.82,0.314805,2203.44
5,2528.28,0.50908,3068.28
