Iteration,Cost,Cost reduction,time (ms)
0,62.9284,0.0746499,211.113
1,12.3438,0.818486,410.971
2,12.3438,0.818486,629.604
3,12.3438,0.818486,721.744
4,12.3438,0.818486,815.789
5,12.3438,0.818486,901.19
