Iteration,Cost,Cost reduction,time (ms)
0,5355.34,0.00120833,138.489
1,5316.7,0.00841341,235.36
2,5266.81,0.0177188,339.333
3,4561.49,0.149264,460.087
4,2888.63,0.461259,584.99
5,1977.62,0.631166,745.31
