Iteration,Cost,Cost reduction,time (ms)
0,4711.45,0.00137304,155.079
1,4672.82,0.00956151,254.573
2,4622.93,0.0201359,359.934
3,4605.14,0.0239076,483.709
4,3160.38,0.330134,616.775
5,3160.38,0.330134,767.924
