Iteration,Cost,Cost reduction,time (ms)
0,5820,0.00111178,147.134
1,5781.36,0.00774232,243.079
2,5731.48,0.0163047,346.616
3,5694.23,0.0226974,467.325
4,3446.93,0.408402,604.781
5,2775.46,0.523647,788.951
6,2554.23,0.561616,1009.87
7,2122.87,0.635651,1271.88
8,1956.38,0.664226,1532.83
9,1956.38,0.664226,1807.99
