Iteration,Cost,Cost reduction,time (ms)
0,5468.92,0.00118292,179.203
1,5430.28,0.00824003,337.058
2,5380.44,0.0173431,505.828
3,4661.38,0.148668,696.957
4,2692.74,0.508211,911.239
5,1109.06,0.797447,1106.89
