Iteration,Cost,Cost reduction,time (ms)
0,87.9029,0.320406,149.174
1,63.7314,0.50728,259.267
2,31.8599,0.753685,378.781
3,22.1575,0.828696,496.099
4,22.1575,0.828696,619.294
5,16.0158,0.876179,692.789
