Iteration,Cost,Cost reduction,time (ms)
0,74.1104,0.403029,530.255
1,51.6162,0.584223,1096.29
2,51.5324,0.584898,1661.28
3,22.5927,0.818012,2238.82
4,22.4958,0.818793,2779.24
5,21.6954,0.82524,3341.18
