Iteration,Cost,Cost reduction,time (ms)
0,29.5829,0.323989,111.006
1,27.3997,0.373881,189.193
2,17.8927,0.591127,272.415
3,14.0951,0.677907,364.929
4,14.0951,0.677907,461.365
5,14.0951,0.677907,515.211
