Iteration,Cost,Cost reduction,time (ms)
0,27.6246,0.344211,104.97
1,6.66566,0.841762,180.178
2,6.41591,0.84769,263.989
3,5.67133,0.865366,349.986
4,5.64159,0.866072,442.299
5,5.56968,0.86778,535.169
