Iteration,Cost,Cost reduction,time (ms)
0,32.5392,0.281828,114.755
1,27.0301,0.403419,198.559
2,26.3906,0.417533,286.19
3,22.7843,0.497127,376.505
4,15.2329,0.663795,476.607
5,14.754,0.674365,583.766
