Iteration,Cost,Cost reduction,time (ms)
0,4378.45,0.00149493,132.478
1,4340.59,0.0101291,230.238
2,4291.26,0.0213804,330.801
3,3462.85,0.210298,439.297
4,3134.46,0.285188,551.734
5,3084.7,0.296534,664.356
