Iteration,Cost,Cost reduction,time (ms)
0,22.6431,0.399841,104.015
1,12.4543,0.669895,176.754
2,12.4543,0.669895,253.898
3,12.3209,0.673433,303.31
4,5.26138,0.860546,386.15
5,5.26138,0.860546,474.709
