Iteration,Cost,Cost reduction,time (ms)
0,109.14,0.110587,206.792
1,31.1813,0.745896,408.208
2,18.9717,0.845395,635.095
3,14.5299,0.881592,852.513
4,14.5299,0.881592,1068.37
5,14.5299,0.881592,1154.35
