Iteration,Cost,Cost reduction,time (ms)
0,75.7931,0.38902,147.162
1,61.8838,0.501145,255.1
2,9.69152,0.921875,366.461
3,6.11006,0.950746,479.495
4,6.11006,0.950746,590.863
5,5.99606,0.951665,666.836
