Iteration,Cost,Cost reduction,time (ms)
0,4552.27,0.00142065,413.997
1,4513.63,0.00989681,813.28
2,4463.79,0.0208296,1209.16
3,3816.02,0.162925,1712.6
4,2135.96,0.531459,2338.06
5,1716.96,0.62337,2881.9
