Iteration,Cost,Cost reduction,time (ms)
0,67.6426,0.360399,142.83
1,52.3372,0.50512,251.983
2,43.1854,0.591656,373.549
3,26.4578,0.749826,498.532
4,13.1715,0.875455,624.989
5,7.61883,0.927959,747.04
