Iteration,Cost,Cost reduction,time (ms)
0,57.2945,0.308061,151.215
1,42.7949,0.483171,260.243
2,32.294,0.609989,371.133
3,25.0193,0.697844,486.257
4,14.9063,0.819978,602.243
5,14.9063,0.819978,719.689
