Iteration,Cost,Cost reduction,time (ms)
0,1038.7164555589513,0.0,6359.3175411224365
1,187.6687783691459,0.8193262681410414,11753.92460823059
