Iteration,Cost,Cost reduction,time (ms)
0,60.2007,0.406016,147.914
1,57.4201,0.433452,259.124
2,54.8361,0.458948,377.481
3,34.4515,0.660076,511.086
4,24.8428,0.754883,649.372
5,20.6075,0.796671,785.711
