Iteration,Cost,Cost reduction,time (ms)
0,34.5319,0.246302,104.968
1,11.632,0.746118,185.123
2,11.632,0.746118,264.137
3,11.632,0.746118,315.785
4,11.632,0.746118,367.593
5,11.632,0.746118,421.417
