Iteration,Cost,Cost reduction,time (ms)
0,37.7004,0.452361,150.343
1,34.7273,0.495548,259.496
2,30.9366,0.550612,371.144
3,24.8933,0.638397,509.148
4,20.9643,0.695471,651.212
5,16.2605,0.763798,809.014
