Iteration,Cost,Cost reduction,time (ms)
0,4319.23,0.00149769,137.176
1,4280.59,0.0104286,234.392
2,4230.53,0.0220013,337.471
3,4126.45,0.0460626,454.162
4,1505.61,0.651939,566.718
5,1107.51,0.743969,683.878
