Iteration,Cost,Cost reduction,time (ms)
0,18.9996,0.549733,177.999
1,7.28942,0.82725,343.249
2,7.28942,0.82725,500.898
3,7.28942,0.82725,567.23
4,7.28942,0.82725,619.07
5,7.28942,0.82725,665.449
