Iteration,Cost,Cost reduction,time (ms)
0,28.009,0.330112,111.68
1,21.9839,0.474213,190.151
2,19.4977,0.533675,275.512
3,18.2843,0.562695,364.869
4,18.2843,0.562695,449.664
5,18.2843,0.562695,500.281
