Iteration,Cost,Cost reduction,time (ms)
0,28.1351,0.355398,115.319
1,15.5346,0.644089,196.524
2,10.0596,0.769524,288.952
3,7.64011,0.824958,380.854
4,4.49599,0.896993,479.761
5,4.49599,0.896993,586.999
