Iteration,Cost,Cost reduction,time (ms)
0,105.879,0.194273,571.156
1,34.8725,0.734624,1127.17
2,11.0098,0.916217,1660.75
3,11.0098,0.916217,2174.23
4,11.0098,0.916217,2259.64
5,6.85338,0.947847,2335.28
