Iteration,Cost,Cost reduction,time (ms)
0,55.8496,0.292879,206.121
1,42.0831,0.467178,405.804
2,8.76178,0.889066,608.59
3,4.62499,0.941442,818.28
4,4.62499,0.941442,1031.16
5,4.62499,0.941442,1117.53
