Iteration,Cost,Cost reduction,time (ms)
0,5697.85,0.0011354,135.768
1,5659.22,0.00790797,233.44
2,5609.17,0.0166824,336.348
3,5516.31,0.032961,453.013
4,4177.3,0.267697,563.768
5,3001.9,0.473751,688.549
