Iteration,Cost,Cost reduction,time (ms)
0,4942.79,0.00130843,180.203
1,4904.15,0.00911583,339.089
2,4854.31,0.0191854,506.27
3,4792.56,0.0316623,698.312
4,3755.66,0.241168,900.06
5,3166.65,0.360178,1130.36
