Iteration,Cost,Cost reduction,time (ms)
0,5873.14,0.00110122,140.726
1,5834.5,0.00767241,239.014
2,5784.62,0.0161559,342.013
3,5612.33,0.0454591,462.716
4,4730.79,0.195391,601.337
5,4149.79,0.294208,763.205
