Iteration,Cost,Cost reduction,time (ms)
0,35.1172,0.208635,186.635
1,21.393,0.51791,360.033
2,16.954,0.617943,531.395
3,11.6898,0.73657,698.036
4,10.6763,0.759411,864.506
5,7.52052,0.830526,1034.17
