Iteration,Cost,Cost reduction,time (ms)
0,32.1532,0.297795,104.335
1,25.5189,0.442683,179.584
2,20.6312,0.549429,255.482
3,20.6312,0.549429,329.029
4,18.2099,0.602307,384.349
5,15.0193,0.671988,465.58
