Iteration,Cost,Cost reduction,time (ms)
0,116.198,0.252089,234.724
1,91.1007,0.413629,468.59
2,11.0357,0.928969,688.197
3,11.0357,0.928969,903.963
4,10.9149,0.929746,990.984
5,10.9149,0.929746,1210.6
