Iteration,Cost,Cost reduction,time (ms)
0,27.3663,0.382323,542.971
1,19.409,0.561926,1074.36
2,8.05958,0.81809,1589.44
3,7.89399,0.821827,2078.93
4,7.89399,0.821827,2569.59
5,7.89399,0.821827,2660.37
