Iteration,Cost,Cost reduction,time (ms)
0,4482.73,0.00146064,131.89
1,4444.87,0.00989408,229.183
2,4395.53,0.0208848,330.484
3,3526.89,0.214376,438.67
4,3041.22,0.322559,547.203
5,1729.56,0.614735,656.072
