Iteration,Cost,Cost reduction,time (ms)
0,30.1856,0.275145,104.984
1,26.3623,0.366954,180.466
2,23.7367,0.430003,265.923
3,16.7774,0.59712,362.009
4,14.5063,0.651657,454.831
5,14.2979,0.656661,550.303
