Iteration,Cost,Cost reduction,time (ms)
0,90.7262,0.250442,596.14
1,46.6185,0.614849,1175.93
2,18.9967,0.843054,1785.27
3,15.6195,0.870955,2405.54
4,13.3738,0.889509,3034.59
5,11.8881,0.901784,3643.17
