Iteration,Cost,Cost reduction,time (ms)
0,31.9387,0.535661,220.828
1,5.80456,0.915611,425.172
2,5.80456,0.915611,628.297
3,5.6358,0.918064,710.2
4,5.6358,0.918064,908.137
5,5.6358,0.918064,987.292
