Iteration,Cost,Cost reduction,time (ms)
0,19.9499,0.459482,181.215
1,18.612,0.495732,340.479
2,16.1751,0.561757,508.411
3,12.1901,0.669724,675.638
4,11.2655,0.694775,839.187
5,11.2655,0.694775,1004.87
