Iteration,Cost,Cost reduction,time (ms)
0,4366.47,0.00148082,146.771
1,4327.83,0.0103158,246.194
2,4277.78,0.0217612,349.63
3,4076.49,0.0677924,464.106
4,2846.74,0.349011,581.257
5,2425.56,0.445327,752.113
