Iteration,Cost,Cost reduction,time (ms)
0,30.5267,0.30814,102.07
1,30.5267,0.30814,170.091
2,30.5267,0.30814,211.917
3,30.5267,0.30814,258.025
4,30.5267,0.30814,303.864
5,30.5267,0.30814,350.81
