Iteration,Cost,Cost reduction,time (ms)
0,73.8074,0.207871,524.212
1,45.582,0.510797,1074.63
2,30.9251,0.6681,1625.33
3,30.6153,0.671425,2181.96
4,30.6153,0.671425,2704.95
5,26.2386,0.718397,2797.05
