Iteration,Cost,Cost reduction,time (ms)
0,5775.58,0.00112013,134.701
1,5736.95,0.00780166,231.569
2,5687.06,0.016429,335.505
3,5668.03,0.0197203,455.527
4,4588.36,0.206449,586.489
5,4089.8,0.292673,732.452
