Iteration,Cost,Cost reduction,time (ms)
0,27.9833,0.451941,224.05
1,4.91706,0.903698,426.815
2,4.91706,0.903698,629.722
3,4.7192,0.907573,711.549
4,4.7192,0.907573,911.031
5,4.49808,0.911904,991.568
