Iteration,Cost,Cost reduction,time (ms)
0,114.887,0.322737,220.532
1,78.1883,0.539079,431.519
2,17.4901,0.896895,635.99
3,15.9722,0.905844,845.383
4,8.67034,0.948888,1060.35
5,7.5713,0.955367,1280.74
