Iteration,Cost,Cost reduction,time (ms)
0,408.644,0.545309,7.016
1,352.71,0.607545,11.72
2,61.6534,0.931399,16.242
3,33.3594,0.962882,21.112
4,14.9229,0.983396,25.635
5,12.9553,0.985585,30.483
6,5.70915,0.993648,35.263
7,5.04868,0.994382,39.698
8,4.20435,0.995322,44.098
9,4.20435,0.995322,48.385
