Iteration,Cost,Cost reduction,time (ms)
0,5676.11,0.00113933,415.913
1,5637.47,0.00793928,811.449
2,5587.64,0.0167083,1208.14
3,5427.1,0.0449597,1712.34
4,4545.26,0.200142,2252.61
5,3152.98,0.445151,2790.36
