Iteration,Cost,Cost reduction,time (ms)
0,4333.07,0.00149204,413.315
1,4294.43,0.0103965,810.84
2,4244.6,0.0218796,1206.67
3,4229.17,0.0254351,1710.77
4,2944.18,0.321548,2207.77
5,1753.22,0.59599,3108.16
