Iteration,Cost,Cost reduction,time (ms)
0,5033.15,0.00128521,179.468
1,4994.51,0.00895254,337.622
2,4944.67,0.0188427,506.634
3,4262.17,0.154268,695.485
4,2421.94,0.51942,907.996
5,1391.55,0.723878,1107.45
