Iteration,Cost,Cost reduction,time (ms)
0,30.783,0.328269,119.675
1,14.6996,0.679232,201.757
2,12.5221,0.726748,289.875
3,11.6779,0.745171,382.806
4,7.80264,0.829735,484.951
5,7.80264,0.829735,590.101
