Iteration,Cost,Cost reduction,time (ms)
0,5041.42,0.00128299,178.891
1,5002.78,0.0089378,337.531
2,4952.94,0.0188112,508.063
3,4253.04,0.157462,698.248
4,2101.42,0.583703,915.566
5,2101.42,0.583703,1110.64
