Iteration,Cost,Cost reduction,time (ms)
0,4980.49,0.00129869,416.12
1,4941.85,0.00904702,812.592
2,4892.01,0.0190412,1209.54
3,4187.64,0.160282,1706.99
4,1761.62,0.646756,2335.48
5,1190.47,0.761283,2873.65
