Iteration,Cost,Cost reduction,time (ms)
0,31.6449,0.346308,580.399
1,15.5729,0.67831,1187.04
2,14.0863,0.709019,1741.3
3,14.0863,0.709019,2185.03
4,14.0863,0.709019,2273.72
5,14.0863,0.709019,2334.58
