Iteration,Cost,Cost reduction,time (ms)
0,36.9992,0.218172,108.828
1,33.8779,0.284127,186.513
2,32.7143,0.308715,268.652
3,32.7143,0.308715,352.556
4,32.7143,0.308715,406.081
5,32.7143,0.308715,458.812
