Iteration,Cost,Cost reduction,time (ms)
0,4794.9,0.00134887,139.018
1,4756.27,0.00939513,234.446
2,4706.38,0.0197841,336.747
3,4639.64,0.0336852,457.661
4,2465.83,0.486433,580.561
5,2394.87,0.501212,826.894
