Iteration,Cost,Cost reduction,time (ms)
0,5041.4,0.00128309,139.74
1,5002.76,0.0089364,238.859
2,4952.88,0.0188185,343.424
3,4895.15,0.0302554,464.033
4,3422,0.322091,593.372
5,1804.45,0.642533,754.166
