Iteration,Cost,Cost reduction,time (ms)
0,98.1718,0.242953,152.529
1,64.4971,0.502634,263.195
2,64.307,0.5041,377.762
3,63.0733,0.513614,493.042
4,5.09923,0.960678,606.473
5,4.99777,0.96146,716.279
