Iteration,Cost,Cost reduction,time (ms)
0,86.1513,0.339118,153.92
1,62.6461,0.519431,263.487
2,14.5545,0.88835,384.246
3,13.477,0.896615,546.239
4,13.477,0.896615,710.318
5,13.477,0.896615,795.002
