Iteration,Cost,Cost reduction,time (ms)
0,27.0435,0.358462,584.28
1,27.0435,0.358462,1116.54
2,27.0435,0.358462,1202.43
3,26.3554,0.374785,1265.48
4,23.2113,0.449371,1762.03
5,21.9474,0.479355,2258.25
