Iteration,Cost,Cost reduction,time (ms)
0,4319.22,0.00149687,178.225
1,4280.58,0.0104298,336.282
2,4230.74,0.0219503,506.521
3,3588.35,0.170457,698.263
4,1498.22,0.653647,916.036
5,778.987,0.819916,1114.54
