Iteration,Cost,Cost reduction,time (ms)
0,4179.49,0.00154724,143.054
1,4140.86,0.0107772,242
2,4090.8,0.0227356,345.565
3,3859.26,0.0780479,463.988
4,2724.7,0.349088,582.691
5,2010.36,0.519739,789.072
