Iteration,Cost,Cost reduction,time (ms)
0,20.0334,0.537037,109.691
1,20.0334,0.537037,189.898
2,20.0334,0.537037,237.867
3,20.0334,0.537037,286.029
4,20.0334,0.537037,334.263
5,20.0334,0.537037,382.381
6,20.0334,0.537037,431.92
