Iteration,Cost,Cost reduction,time (ms)
0,7.284069836846481,0.0,315.17863273620605
1,7.195707592628224,0.01213088921405936,1069.0782070159912
2,6.0974977783948585,0.16289959940380383,4606.9347858428955
3,4.328467388027709,0.40576250846303685,18088.04178237915
4,4.308533858385534,0.4084991007924159,34047.68466949463
5,4.307877015212242,0.4085892760911163,50101.52769088745
