Iteration,Cost,Cost reduction,time (ms)
0,4593.1,0.00140755,176.705
1,4554.46,0.00980862,337.724
2,4504.63,0.0206419,505.105
3,3881.47,0.156124,699.047
4,2272.48,0.505938,913.736
5,1111.91,0.758259,1114.31
