Iteration,Cost,Cost reduction,time (ms)
0,43.091,0.330053,766.578
1,33.9464,0.472227,1547.83
2,33.9464,0.472227,2400.06
3,33.5035,0.479113,2903.28
4,33.5035,0.479113,3733.62
