Iteration,Cost,Cost reduction,time (ms)
0,30.6681,0.293949,111.119
1,30.6681,0.293949,185.706
2,30.6681,0.293949,233.684
3,30.6681,0.293949,279.653
4,30.6681,0.293949,327.351
5,30.6681,0.293949,374.9
