Iteration,Cost,Cost reduction,time (ms)
0,35.4745,0.445409,150.705
1,28.7958,0.549821,254.999
2,15.0778,0.764282,364.464
3,10.9399,0.828971,475.126
4,9.14866,0.856974,586.953
5,8.42351,0.868311,697.112
