Iteration,Cost,Cost reduction,time (ms)
0,25.918,0.354732,188.975
1,11.2486,0.719948,377.473
2,8.31765,0.79292,583.068
3,3.38597,0.915701,769.617
4,2.40835,0.940041,962.702
5,2.40835,0.940041,1159.27
