Iteration,Cost,Cost reduction,time (ms)
0,26.5966,0.368767,513.975
1,23.9698,0.43111,1004.57
2,23.9698,0.43111,1490.84
3,22.0275,0.477209,1582.95
4,21.3388,0.493554,2052.34
5,12.7297,0.697878,2546.07
