Iteration,Cost,Cost reduction,time (ms)
0,166.819,0.0437485,141.735
1,114.057,0.346191,257.998
2,91.1912,0.477267,397.994
3,84.9281,0.513169,548.708
4,82.0243,0.529814,710.574
5,66.4514,0.619082,885.921
