Iteration,Cost,Cost reduction,time (ms)
0,4179.47,0.00154663,176.21
1,4140.83,0.0107779,334.292
2,4091,0.0226816,503.058
3,3465.87,0.172021,693.563
4,1868.22,0.553693,912.668
5,893.445,0.786561,1117.37
