Iteration,Cost,Cost reduction,time (ms)
0,68.9781,0.271607,537.044
1,6.45001,0.931889,1079.46
2,5.64868,0.940351,1588.53
3,5.64868,0.940351,2094.69
4,5.64868,0.940351,2181.98
5,5.64868,0.940351,2254.79
