Iteration,Cost,Cost reduction,time (ms)
0,28.1742,0.313896,179.882
1,14.9739,0.635351,369.416
2,12.9846,0.683796,560.968
3,12.9846,0.683796,746.121
4,11.2603,0.725788,826.406
5,9.79041,0.761582,1017.56
