Iteration,Cost,Cost reduction,time (ms)
0,27.3393,0.403043,571.695
1,18.3169,0.600049,1140.86
2,14.3017,0.687722,1651.53
3,12.5153,0.726727,2159.68
4,12.5153,0.726727,2666.86
5,11.4268,0.750496,2759.06
