Iteration,Cost,Cost reduction,time (ms)
0,51.9342,0.129248,152.863
1,37.96,0.363545,262.037
2,10.7732,0.819371,383.63
3,8.54266,0.85677,521.893
4,8.54266,0.85677,670.225
5,8.54266,0.85677,750.203
