Iteration,Cost,Cost reduction,time (ms)
0,4482.8,0.00144297,142.03
1,4444.16,0.0100485,240.347
2,4394.27,0.0211615,345.705
3,4376.53,0.0251134,469.038
4,3034.57,0.32404,597.936
5,1717.07,0.617518,744.27
