Iteration,Cost,Cost reduction,time (ms)
0,5355.34,0.001208,156.556
1,5316.71,0.00841378,257.19
2,5266.65,0.0177501,361.72
3,5245.7,0.0216571,476.828
4,4170.81,0.222127,594.102
5,2707.79,0.494987,740.59
