Iteration,Cost,Cost reduction,time (ms)
0,32.1869,0.916801,14.479
1,32.1869,0.916801,35.478
2,11.0505,0.971436,59.247
3,11.0505,0.971436,69.87
4,11.0505,0.971436,79.372
5,11.0505,0.971436,85.639
6,6.95477,0.982023,90.915
7,6.95477,0.982023,98.251
