Iteration,Cost,Cost reduction,time (ms)
0,35.1884,0.296727,80.144
1,35.1884,0.296727,174.396
2,35.1884,0.296727,224.73
3,34.9873,0.300747,257.262
4,28.2009,0.436379,300.641
5,23.6837,0.526659,335.677
6,23.6837,0.526659,381.46
