Iteration,Cost,Cost reduction,time (ms)
0,5768.55,0.00112128,408.414
1,5729.91,0.00781232,800.892
2,5680.08,0.0164417,1193.9
3,5652.08,0.0212895,1694.51
4,4873.34,0.156137,2227.31
5,2550.95,0.55828,3030.42
6,2457.13,0.574525,3645.02
7,2457.13,0.574525,4257.97
