Iteration,Cost,Cost reduction,time (ms)
0,26.0381,0.299537,176.89
1,15.6039,0.580231,352.021
2,15.6039,0.580231,514.883
3,13.2737,0.642917,580.769
4,8.89019,0.760841,742.133
5,8.89019,0.760841,914.518
