Iteration,Cost,Cost reduction,time (ms)
0,4559.12,0.00141864,179.535
1,4520.48,0.00988205,336.476
2,4470.64,0.0207991,505.322
3,3814.71,0.164467,694.656
4,1591.13,0.651496,910.615
5,1414.53,0.690176,1103.1
