Iteration,Cost,Cost reduction,time (ms)
0,4196.67,0.00154111,159.36
1,4158.03,0.0107325,260.101
2,4107.98,0.0226415,364.791
3,4096.33,0.0254141,481.29
4,3323.43,0.2093,592.2
5,3165.13,0.246961,786.552
