Iteration,Cost,Cost reduction,time (ms)
0,87.3233,0.335285,145.998
1,83.8174,0.361972,254.557
2,76.4824,0.417807,366.01
3,56.3437,0.571105,476.763
4,32.3285,0.753912,593.049
5,20.2526,0.845835,711.958
