Iteration,Cost,Cost reduction,time (ms)
0,26.989,0.375448,102.642
1,26.989,0.375448,173.221
2,22.6525,0.475799,222.222
3,20.3645,0.528744,296.202
4,7.44222,0.827779,373.466
5,7.44222,0.827779,450.41
