Iteration,Cost,Cost reduction,time (ms)
0,4403.25,0.00146843,178.573
1,4364.6,0.0102311,336.606
2,4314.77,0.0215322,504.245
3,3700.03,0.160938,695.085
4,1919.49,0.564714,910.822
5,1057.49,0.760192,1106.65
