Iteration,Cost,Cost reduction,time (ms)
0,27.2518,0.356573,111.01
1,22.472,0.469426,185.798
2,22.3793,0.471614,264.683
3,22.3793,0.471614,347.131
4,22.3402,0.472539,400.411
5,22.3294,0.472793,485.759
