Iteration,Cost,Cost reduction,time (ms)
0,2.7313,0.989239,6.827
1,1.25737,0.995046,11.268
2,1.18913,0.995315,15.661
3,1.18913,0.995315,19.504
4,1.18913,0.995315,23.062
