Iteration,Cost,Cost reduction,time (ms)
0,5424,0.00119222,412.851
1,5385.35,0.00830787,811.863
2,5335.52,0.0174841,1208.6
3,5177.3,0.0466196,1711.82
4,4122.4,0.240876,2253.03
5,3167.28,0.416757,2802.96
