Iteration,Cost,Cost reduction,time (ms)
0,34.6396,0.266847,596.704
1,22.8708,0.515937,1139.64
2,22.8708,0.515937,1671.71
3,21.8327,0.537908,1764.16
4,15.1523,0.6793,2282.72
5,15.1523,0.6793,2811.09
