Iteration,Cost,Cost reduction,time (ms)
0,25.3127,0.396677,182.69
1,21.2887,0.492587,363.216
2,11.9399,0.715414,532.381
3,9.73546,0.767957,699.587
4,6.33331,0.849047,866.553
5,3.832,0.908665,1032.76
