Iteration,Cost,Cost reduction,time (ms)
0,30.9777,0.324416,106.429
1,15.8036,0.655343,185.017
2,12.4135,0.729277,276.128
3,8.17085,0.821804,369.141
4,7.15085,0.844049,469.367
5,7.15085,0.844049,571.164
