Iteration,Cost,Cost reduction,time (ms)
0,103.817,0.167889,540.402
1,55.3865,0.556068,1094.83
2,39.9102,0.680113,1611.42
3,18.6266,0.850704,2171.76
4,18.6266,0.850704,2707.48
5,16.3961,0.868582,2802.89
