Iteration,Cost,Cost reduction,time (ms)
0,4665.24,0.00138608,177.797
1,4626.6,0.00965734,335.251
2,4576.77,0.0203246,505.689
3,3924.76,0.159888,697.548
4,2077.04,0.555402,913.71
5,1252.63,0.731869,1110.65
