Iteration,Cost,Cost reduction,time (ms)
0,5011.69,0.00129108,134.428
1,4973.06,0.00898957,231.618
2,4923.16,0.0189322,334.731
3,4275.84,0.147927,455.667
4,2025.08,0.59645,580.401
5,1677.28,0.665759,730.272
