Iteration,Cost,Cost reduction,time (ms)
0,29.3209,0.32628,107.868
1,24.8221,0.42965,183
2,24.8221,0.42965,254.759
3,23.6905,0.455654,304.536
4,21.5659,0.504471,383.288
5,19.1715,0.559487,472.367
