Iteration,Cost,Cost reduction,time (ms)
0,25.9054,0.363395,592.046
1,12.3324,0.696942,1140.55
2,4.49906,0.889439,1724.22
3,4.3006,0.894316,2273.9
4,4.3006,0.894316,2821.34
5,4.04871,0.900506,2911.65
