Iteration,Cost,Cost reduction,time (ms)
0,5793.66,0.00111674,143.243
1,5755.03,0.0077777,243.21
2,5705.14,0.0163791,348.87
3,5646.4,0.0265067,469.56
4,3404.84,0.412972,598.941
5,2245.33,0.612883,753.967
