Iteration,Cost,Cost reduction,time (ms)
0,27.5984,0.302242,189.409
1,26.8036,0.322336,381.656
2,26.8036,0.322336,564.783
3,21.9793,0.444306,640.697
4,21.4574,0.457503,821.152
5,21.4574,0.457503,1007.98
