Iteration,Cost,Cost reduction,time (ms)
0,4872.96,0.00132788,148.68
1,4834.33,0.00924521,248.924
2,4784.44,0.0194711,354.574
3,4764.42,0.0235732,475.593
4,2632.64,0.460463,604.17
5,2224.1,0.544189,767.096
