Iteration,Cost,Cost reduction,time (ms)
0,85.0957,0.356699,140.163
1,45.3872,0.656885,265.26
2,29.6788,0.775636,398.565
3,29.6788,0.775636,523.605
4,27.9556,0.788663,616.227
5,17.7636,0.865712,747.778
