Iteration,Cost,Cost reduction,time (ms)
0,87.1754,0.296951,215.94
1,25.2175,0.796627,415.202
2,16.2824,0.868686,613.749
3,8.82195,0.928853,812.767
4,6.53564,0.947292,1003.54
5,4.70031,0.962093,1197.92
