Iteration,Cost,Cost reduction,time (ms)
0,139.74,0,50.208
1,107.621,0.22985,86.994
2,107.621,0.22985,145.6
3,107.621,0.22985,174.862
4,107.621,0.22985,209.011
5,83.7037,0.401003,236.528
6,83.7037,0.401003,262.262
