Iteration,Cost,Cost reduction,time (ms)
0,26.9516,0.304338,106.416
1,24.7266,0.361766,188.868
2,24.7266,0.361766,272.743
3,24.2726,0.373487,326.238
4,21.6614,0.440885,417.863
5,21.0051,0.457826,509.473
