Iteration,Cost,Cost reduction,time (ms)
0,4776.92,0.00135409,150.705
1,4738.29,0.00943109,248.776
2,4688.4,0.0198611,352.504
3,4669.77,0.0237555,473.836
4,3827.06,0.199928,599.905
5,3679.38,0.230801,727.585
