Iteration,Cost,Cost reduction,time (ms)
0,33.7965,0.220982,624.178
1,32.939,0.240749,1200.14
2,16.6989,0.615087,1763.38
3,10.0163,0.769121,2319.45
4,7.26769,0.832478,2878
5,5.29008,0.878062,3443.15
