Iteration,Cost,Cost reduction,time (ms)
0,67.8706,0.258896,150.136
1,31.3512,0.657665,264.306
2,16.9985,0.814387,382.433
3,16.9985,0.814387,508.478
4,16.9985,0.814387,592.188
5,16.9985,0.814387,675.462
