Iteration,Cost,Cost reduction,time (ms)
0,21.5485,0.271312,97.001
1,20.7261,0.299123,170.03
2,20.7261,0.299123,244.737
3,20.7261,0.299123,294.808
4,20.6457,0.301842,346.01
5,20.5264,0.305875,425.108
