Iteration,Cost,Cost reduction,time (ms)
0,127.002,0.201007,202.973
1,37.2645,0.765563,350.889
2,37.2645,0.765563,707.681
3,37.2645,0.765563,1009.67
4,37.2645,0.765563,1311.96
5,37.2645,0.765563,1611.75
6,37.2645,0.765563,1913.47
