Iteration,Cost,Cost reduction,time (ms)
0,5676.14,0.00113976,416.045
1,5637.5,0.00793954,811.47
2,5587.66,0.0167105,1207.65
3,5565.45,0.0206181,1709.65
4,4505.32,0.207175,2210.44
5,2944.02,0.481926,3077.67
