Iteration,Cost,Cost reduction,time (ms)
0,162.421,0.0535531,150.804
1,86.1642,0.49791,266.499
2,3.97507,0.976837,371.391
3,3.23028,0.981177,484.676
4,3.23028,0.981177,599.8
5,3.23028,0.981177,673.085
