Iteration,Cost,Cost reduction,time (ms)
0,4970.5,0.00131759,131.544
1,4932.64,0.00892446,227.92
2,4883.3,0.0188378,329.129
3,3958.15,0.204721,437.971
4,2476.84,0.502349,546.496
5,2449.64,0.507813,652.871
