Iteration,Cost,Cost reduction,time (ms)
0,4711.47,0.00137286,145.83
1,4672.83,0.009562,244.881
2,4622.77,0.0201724,349.242
3,4600.54,0.0248852,467.533
4,3189.81,0.323899,582.35
5,3189.81,0.323899,712.78
