Iteration,Cost,Cost reduction,time (ms)
0,4199.82,0.00154176,136.473
1,4161.2,0.0107234,234.681
2,4111.29,0.022588,339.694
3,3469.59,0.175145,461.801
4,1903.34,0.547504,588.87
5,1298.1,0.691391,733.812
