Iteration,Cost,Cost reduction,time (ms)
0,4877.7,0.0013259,409.182
1,4839.06,0.00923733,814.387
2,4789.22,0.0194413,1209.99
3,4748.2,0.0278397,1713.84
4,2520.46,0.483955,2260.27
5,1164.72,0.761531,2981.17
