Iteration,Cost,Cost reduction,time (ms)
0,29.1106,0.307431,106.431
1,12.8631,0.693974,182.407
2,11.7729,0.719912,258.778
3,4.39963,0.895329,339.491
4,4.39963,0.895329,415.41
5,3.75663,0.910626,473.552
