Iteration,Cost,Cost reduction,time (ms)
0,26.851,0.338045,188.727
1,24.7375,0.39015,358.015
2,24.7375,0.39015,518.673
3,24.7375,0.39015,586.908
4,24.7375,0.39015,634.789
5,24.7375,0.39015,682.918
