Iteration,Cost,Cost reduction,time (ms)
0,27.9792,0.318644,107.964
1,10.7038,0.739339,188.709
2,10.3096,0.748937,270.991
3,4.3625,0.893764,355.989
4,3.94389,0.903958,445.773
5,3.73182,0.909122,536.977
