Iteration,Cost,Cost reduction,time (ms)
0,30.6092,0.221324,601.81
1,12.5517,0.680695,1199.99
2,12.5197,0.681509,1775.5
3,12.5197,0.681509,2348.78
4,10.1824,0.740966,2442.75
5,7.79527,0.801694,2997.01
