Iteration,Cost,Cost reduction,time (ms)
0,5011.68,0.0012904,408.301
1,4973.04,0.00899064,801.163
2,4923.2,0.0189215,1193.76
3,4895.76,0.024391,1692.43
4,3029.3,0.396331,2230.59
5,1627.36,0.675705,2994.7
6,1252.46,0.750413,3598.6
7,682.612,0.863972,4303.4
8,682.612,0.863972,4999.64
