Iteration,Cost,Cost reduction,time (ms)
0,4439.59,0.00145699,139.766
1,4400.96,0.0101462,237.691
2,4351.07,0.0213671,343.613
3,4333.1,0.0254096,467.535
4,3056.11,0.312626,595.355
5,2258.61,0.491998,745.538
