Iteration,Cost,Cost reduction,time (ms)
0,5733.85,0.00112811,180.384
1,5695.21,0.0078596,341.131
2,5645.37,0.0165415,507.553
3,5581.24,0.0277123,699.435
4,3724.66,0.351141,900.007
5,3326.41,0.420519,1121.94
