Iteration,Cost,Cost reduction,time (ms)
0,91.7821,0.467893,155.542
1,89.6994,0.479967,263.264
2,18.3679,0.893512,381.688
3,12.4425,0.927864,513.188
4,7.93747,0.953982,640.823
5,5.17057,0.970024,774.017
