Iteration,Cost,Cost reduction,time (ms)
0,61.3894,0.504187,160.646
1,56.4985,0.543689,273.986
2,55.2732,0.553585,398.474
3,48.8715,0.605288,546.739
4,46.8728,0.621431,696.385
5,24.3227,0.803557,847.715
