Iteration,Cost,Cost reduction,time (ms)
0,112.759,0.0195845,142.798
1,37.3521,0.675231,250.891
2,37.3521,0.675231,368.768
3,37.3521,0.675231,445.391
4,37.1115,0.677323,525.216
5,37.1115,0.677323,634.648
