Iteration,Cost,Cost reduction,time (ms)
0,25.2626,0.37429,107.276
1,14.939,0.629988,183.853
2,10.5962,0.73755,262.971
3,10.5962,0.73755,357.367
4,9.50692,0.76453,411.971
5,8.72795,0.783824,514.023
