Iteration,Cost,Cost reduction,time (ms)
0,5.550698636846424,0.0,334.1696262359619
1,5.20964550068914,0.06144328101210883,1384.9971294403076
