Iteration,Cost,Cost reduction,time (ms)
0,33.5615,0.27917,102.797
1,33.5615,0.27917,178.026
2,33.5615,0.27917,226.675
3,33.5615,0.27917,271.66
4,33.5615,0.27917,329.036
5,33.5615,0.27917,378.039
