Iteration,Cost,Cost reduction,time (ms)
0,121.634,0.0360476,155.742
1,40.4023,0.679811,274.811
2,7.33716,0.941853,402.134
3,7.33716,0.941853,543.669
4,7.33716,0.941853,621.9
5,7.33716,0.941853,699.739
