Iteration,Cost,Cost reduction,time (ms)
0,5768.55,0.00112169,133.416
1,5729.92,0.00781129,230.61
2,5679.86,0.016479,333.345
3,5653.35,0.0210698,448.394
4,4033.12,0.301627,563.044
5,3425.53,0.406838,733.477
6,2814.11,0.512711,927.884
7,2814.11,0.512711,1117.8
