Iteration,Cost,Cost reduction,time (ms)
0,108.543,0.225488,191.751
1,93.7744,0.330872,296.976
2,46.7921,0.666115,417.937
3,46.7921,0.666115,554.214
4,46.7921,0.666115,637.609
5,46.7921,0.666115,720.276
6,46.7921,0.666115,805.596
