Iteration,Cost,Cost reduction,time (ms)
0,5554.8,0.00116466,148.056
1,5516.16,0.0081118,246.743
2,5466.1,0.0171127,350.083
3,4695.86,0.155613,466.986
4,3844.11,0.308771,581.081
5,3844.11,0.308771,782.79
