Iteration,Cost,Cost reduction,time (ms)
0,20.0455,0.57498,337.617
1,20.0455,0.57498,501.346
2,20.0455,0.57498,580.653
3,20.0455,0.57498,659.924
4,20.0455,0.57498,738.985
5,20.0455,0.57498,781.028
6,20.0455,0.57498,827.456
