Iteration,Cost,Cost reduction,time (ms)
0,47.7459,0.520604,405.004
1,32.1522,0.677174,530.794
2,32.1522,0.677174,645.409
3,23.8887,0.760144,703.199
4,23.8887,0.760144,790.252
5,23.8887,0.760144,837.489
6,23.8887,0.760144,872.936
