Iteration,Cost,Cost reduction,time (ms)
0,11.6453,0.859479,159.969
1,8.8383,0.89335,386.204
2,7.21934,0.912886,610.86
3,7.21934,0.912886,845.329
4,7.21934,0.912886,931.06
5,7.21934,0.912886,1009.73
