Iteration,Cost,Cost reduction,time (ms)
0,27.6636,0.341398,106.6
1,23.7219,0.43524,181.767
2,20.5742,0.510178,254.69
3,20.5742,0.510178,328.375
4,19.1964,0.54298,379.664
5,19.1964,0.54298,453.226
