Iteration,Cost,Cost reduction,time (ms)
0,39.5911,0.129484,184.474
1,13.5554,0.701948,371.586
2,6.14278,0.864934,546.939
3,6.14278,0.864934,713.402
4,6.14278,0.864934,781.411
