Iteration,Cost,Cost reduction,time (ms)
0,28.7291,0.319672,186.406
1,15.9972,0.621174,371.668
2,5.47594,0.870325,549.419
3,3.93937,0.906713,732.706
4,2.88276,0.931734,910.848
5,2.88276,0.931734,1091.4
