Iteration,Cost,Cost reduction,time (ms)
0,5335.55,0.00121243,412.442
1,5296.91,0.00844574,810.1
2,5247.07,0.0177759,1207.15
3,5218.94,0.0230411,1709.72
4,2760.97,0.483161,2232.72
5,2252.75,0.578296,3018.49
