Iteration,Cost,Cost reduction,time (ms)
0,26.1031,0.37598,578.576
1,13.847,0.668974,1120.39
2,13.847,0.668974,1665.66
3,13.847,0.668974,1758.83
4,12.9475,0.690478,1822.95
5,12.9475,0.690478,2347.71
