Iteration,Cost,Cost reduction,time (ms)
0,31.7028,0.279448,102.959
1,31.7028,0.279448,171.239
2,25.2992,0.424991,221.1
3,7.25307,0.83515,295.255
4,7.25307,0.83515,368.986
5,7.25307,0.83515,422.107
