Iteration,Cost,Cost reduction,time (ms)
0,4624.79,0.00139827,179.602
1,4586.14,0.00974176,339.95
2,4536.31,0.0205027,507.7
3,4477.74,0.0331478,697.228
4,3232.97,0.301924,900.184
5,2854.57,0.38363,1138.32
