Iteration,Cost,Cost reduction,time (ms)
0,37.0168,0.374176,7.008
1,21.2681,0.640431,11.861
2,12.0232,0.79673,17.021
3,4.85061,0.917993,21.648
4,1.52757,0.974174,26.257
5,1.25707,0.978747,30.602
6,1.14549,0.980634,35.17
7,1.13509,0.98081,39.903
