Iteration,Cost,Cost reduction,time (ms)
0,27.7857,0.455431,148.135
1,27.5961,0.459146,256.041
2,24.5686,0.518481,367.424
3,13.0813,0.743621,480.276
4,3.4884,0.931631,595.775
5,2.08777,0.959082,720.144
