Iteration,Cost,Cost reduction,time (ms)
0,31.1887,0.270164,267.685
1,31.1887,0.270164,496.601
2,25.9285,0.393256,641.765
3,18.5284,0.566425,896.534
4,18.5284,0.566425,1136.62
