Iteration,Cost,Cost reduction,time (ms)
0,32.077,0.324099,106.704
1,15.351,0.676536,182.544
2,11.992,0.747314,260.214
3,11.675,0.753994,338.184
4,10.0101,0.789076,419.333
5,9.51451,0.799518,503.696
