Iteration,Cost,Cost reduction,time (ms)
0,8.09627,0.778008,166.222
1,8.09627,0.778008,316.931
2,8.09627,0.778008,373.857
3,8.09627,0.778008,420.594
4,8.09627,0.778008,467.767
5,8.09627,0.778008,515.344
