Iteration,Cost,Cost reduction,time (ms)
0,97.0058,0.125022,154.76
1,38.6759,0.651149,263.102
2,18.1859,0.835966,370.501
3,9.00308,0.918794,476.612
4,5.56846,0.949773,582.941
5,5.09733,0.954023,696.513
6,4.65491,0.958013,803.637
7,3.61645,0.96738,910.873
8,3.52633,0.968193,1018.14
9,3.52633,0.968193,1124.08
