Iteration,Cost,Cost reduction,time (ms)
0,36.732,0.19233,540.042
1,19.8447,0.563652,1143.95
2,12.7365,0.719947,1712.11
3,10.7583,0.763444,2284.06
4,9.15842,0.798623,2862.96
5,9.15842,0.798623,3432.98
