Iteration,Cost,Cost reduction,time (ms)
0,29.1008,0.282006,103.415
1,14.9322,0.631582,176.308
2,14.9322,0.631582,248.345
3,14.7625,0.63577,300.198
4,13.5792,0.664964,377.529
5,13.5792,0.664964,455.835
