Iteration,Cost,Cost reduction,time (ms)
0,43.2439,0.431168,149.008
1,40.3874,0.468743,257.397
2,23.2288,0.694448,376.958
3,15.9934,0.789622,505.705
4,14.4863,0.809447,637.622
5,14.4863,0.809447,764.678
