Iteration,Cost,Cost reduction,time (ms)
0,36.0286,0.226581,273.053
1,32.8867,0.294028,505.807
2,32.8867,0.294028,734.307
3,32.1951,0.308874,892.89
4,31.5914,0.321834,1135.61
5,31.5914,0.321834,1380.15
