Iteration,Cost,Cost reduction,time (ms)
0,5676.14,0.00114022,152.861
1,5637.51,0.00793852,253.504
2,5587.44,0.0167487,358.071
3,4657.33,0.180425,478.113
4,3955.49,0.303932,590.929
5,2370.32,0.582883,734.176
