Iteration,Cost,Cost reduction,time (ms)
0,5113.79,0.00126504,137.475
1,5075.15,0.00881011,237.15
2,5025.27,0.0185529,341.502
3,4864.13,0.0500235,463.098
4,2981.34,0.417736,589.845
5,2479.5,0.515747,727.695
