Iteration,Cost,Cost reduction,time (ms)
0,4711.44,0.00137229,177.35
1,4672.8,0.00956262,336.735
2,4622.97,0.0201247,504.911
3,4576.69,0.0299349,692.072
4,3069.86,0.349319,886.809
5,1787.77,0.621067,1099.95
