Iteration,Cost,Cost reduction,time (ms)
0,4447.86,0.00145374,175.417
1,4409.22,0.0101286,332.408
2,4359.39,0.0213166,498.43
3,4302.28,0.0341373,687.373
4,2629.92,0.409583,889.708
5,1519.06,0.65897,1089.78
6,1519.06,0.65897,1280.52
