Iteration,Cost,Cost reduction,time (ms)
0,0.28635,0.87542,6.222
1,0.151207,0.934216,10.246
2,0.141257,0.938545,14.181
3,0.141257,0.938545,17.979
4,0.141257,0.938545,20.64
