Iteration,Cost,Cost reduction,time (ms)
0,5554.79,0.00116434,412.909
1,5516.15,0.00811259,810.188
2,5466.31,0.0170734,1205.51
3,5323.93,0.0426754,1710.02
4,3303.13,0.406047,2275.73
5,1862.69,0.66506,2801.07
