Iteration,Cost,Cost reduction,time (ms)
0,4742.59,0.00136342,179.479
1,4703.95,0.00949999,337.718
2,4654.12,0.0199934,505.943
3,4004.12,0.156862,698.528
4,1849.48,0.61056,914.049
5,1644.34,0.653755,1115.85
