Iteration,Cost,Cost reduction,time (ms)
0,93.5602,0.349241,141.38
1,87.0959,0.394204,248.79
2,44.5033,0.690457,366.789
3,31.3085,0.782234,477.317
4,31.3085,0.782234,594.32
5,31.0737,0.783867,673.618
