Iteration,Cost,Cost reduction,time (ms)
0,76.7292,0.328631,213.196
1,56.5399,0.505284,413.54
2,16.0347,0.859698,616.963
3,7.33434,0.935826,804.299
4,4.42454,0.961286,996.755
5,4.42454,0.961286,1178.35
