Iteration,Cost,Cost reduction,time (ms)
0,4455.47,0.00145383,133.875
1,4416.86,0.0101087,232.304
2,4366.95,0.0212942,337.432
3,4294.64,0.0374996,456.505
4,2133.51,0.521845,579.507
5,1844.33,0.586654,824.512
