Iteration,Cost,Cost reduction,time (ms)
0,32.3334,0.302145,596.042
1,15.2356,0.67117,1198.29
2,9.37905,0.797571,1805.65
3,3.75245,0.919011,2396.73
4,3.74105,0.919257,2971.66
5,3.30529,0.928662,3544.34
