Iteration,Cost,Cost reduction,time (ms)
0,5733.86,0.00112832,414.832
1,5695.22,0.00785973,812.79
2,5645.38,0.0165426,1209.64
3,5626.78,0.0197823,1706.75
4,4132.79,0.280044,2202.64
5,3202,0.442193,3166.2
