Iteration,Cost,Cost reduction,time (ms)
0,70.1265,0.225793,581.032
1,28.8295,0.681718,1160.37
2,14.0019,0.845417,1716.54
3,9.61086,0.893895,2266.03
4,7.47286,0.917499,2837.45
5,7.47286,0.917499,3406.37
