Iteration,Cost,Cost reduction,time (ms)
0,4439.58,0.00145646,148.858
1,4400.94,0.0101461,247.557
2,4350.9,0.0214031,350.397
3,4156.08,0.0652202,465.407
4,2904.72,0.346675,582.714
5,2904.72,0.346675,746.202
