Iteration,Cost,Cost reduction,time (ms)
0,29.0595,0.325802,188.143
1,12.5205,0.709518,373.286
2,9.0374,0.790327,569.305
3,6.82139,0.84174,765.816
4,5.64398,0.869056,954.358
5,2.83313,0.93427,1142.43
