Iteration,Cost,Cost reduction,time (ms)
0,5355.34,0.00120792,179.309
1,5316.7,0.00841455,337.839
2,5266.86,0.0177101,498.968
3,4538.82,0.153492,693.714
4,1745.29,0.674496,905.185
5,1152.03,0.785141,1113.67
