Iteration,Cost,Cost reduction,time (ms)
0,4608.09,0.001404,136.343
1,4569.45,0.00977582,234.221
2,4519.56,0.0205881,338.569
3,3847.09,0.166317,459.811
4,2153.88,0.533244,585.303
5,1271.73,0.72441,747.935
