Iteration,Cost,Cost reduction,time (ms)
0,25.6689,0.370021,109.73
1,16.3609,0.598462,187.41
2,16.2406,0.601416,267.899
3,14.3354,0.648173,351.845
4,8.39908,0.793866,441.75
5,6.22997,0.847101,536.819
