Iteration,Cost,Cost reduction,time (ms)
0,123.497,0.285216,142.488
1,99.381,0.424797,250.658
2,99.381,0.424797,368.911
3,99.381,0.424797,457.909
4,99.381,0.424797,546.128
5,99.381,0.424797,634.957
