Iteration,Cost,Cost reduction,time (ms)
0,97.9173,0.157818,519.732
1,40.1451,0.654714,1038.34
2,12.2071,0.895008,1604.16
3,12.2071,0.895008,2170.5
4,12.2071,0.895008,2250.48
5,11.7214,0.899185,2333.77
