Iteration,Cost,Cost reduction,time (ms)
0,165.005,0.0618885,523.651
1,108.23,0.384671,1066.04
2,7.51642,0.957266,1678.91
3,6.33767,0.963968,2217.62
4,5.60268,0.968147,2785.91
5,5.60268,0.968147,3334.06
