Iteration,Cost,Cost reduction,time (ms)
0,48.387,0.580768,17.883
1,48.387,0.580768,26.644
2,46.6636,0.5957,30.758
3,29.5479,0.743993,39.685
4,23.362,0.797589,50.077
5,23.362,0.797589,60.723
