Iteration,Cost,Cost reduction,time (ms)
0,42.9004,0.0669333,555.262
1,23.7054,0.484416,1113.87
2,17.3815,0.621959,1627.83
3,8.80245,0.80855,2123.64
4,8.80245,0.80855,2622.88
5,8.80245,0.80855,2712.43
