Iteration,Cost,Cost reduction,time (ms)
0,90.937,0.352168,208.08
1,60.3366,0.570164,408.382
2,34.0266,0.757595,622.515
3,27.1143,0.806839,834.22
4,24.7591,0.823617,1044.02
5,23.524,0.832416,1251.9
