Iteration,Cost,Cost reduction,time (ms)
0,166.963,0.0628255,201.711
1,47.7913,0.731745,400.775
2,31.3925,0.823792,615.565
3,5.69888,0.968012,838.377
4,4.93245,0.972314,1065.59
5,4.93245,0.972314,1292.3
