Iteration,Cost,Cost reduction,time (ms)
0,4615.78,0.00140134,416.469
1,4577.14,0.00976097,813.2
2,4527.3,0.0205447,1210.49
3,4379,0.0526273,1709.53
4,3539.38,0.234275,2259.48
5,3052.06,0.339705,2767.3
