Iteration,Cost,Cost reduction,time (ms)
0,30.4751,0.295299,179.856
1,15.1047,0.650723,373.76
2,15.1047,0.650723,558.059
3,13.9296,0.677895,625.264
4,13.0127,0.699096,806.619
5,9.01419,0.791557,986.087
