Iteration,Cost,Cost reduction,time (ms)
0,28.1792,0.360173,349.674
1,21.6975,0.507343,602.417
2,21.6975,0.507343,859.613
3,21.6975,0.507343,998.616
4,21.6975,0.507343,1156.03
