Iteration,Cost,Cost reduction,time (ms)
0,24.1046,0.407908,104.948
1,15.662,0.615288,177.728
2,8.96826,0.779709,252.625
3,8.96826,0.779709,339.738
4,8.28862,0.796403,392.346
5,7.89375,0.806102,483.687
