Iteration,Cost,Cost reduction,time (ms)
0,5666.03,0.00114165,152.03
1,5627.39,0.00795283,252.285
2,5577.34,0.0167768,357.173
3,5553.13,0.0210445,474.8
4,3368.26,0.406213,590.691
5,2801.43,0.50614,743.418
