Iteration,Cost,Cost reduction,time (ms)
0,4742.62,0.00136386,179.788
1,4703.97,0.00950025,337.274
2,4654.13,0.0199955,503.689
3,4019.48,0.153632,695.429
4,1824.96,0.615725,905.617
5,1784.92,0.624156,1110.71
