Iteration,Cost,Cost reduction,time (ms)
0,4.61469,0.970064,14.291
1,4.61469,0.970064,38.348
2,4.61469,0.970064,53.06
3,0.880325,0.994289,61.225
4,0.880325,0.994289,71.661
5,0.880325,0.994289,78.199
6,0.880325,0.994289,82.347
