Iteration,Cost,Cost reduction,time (ms)
0,4559.11,0.00141832,142.895
1,4520.47,0.00988092,241.845
2,4470.42,0.0208437,346.278
3,4447.89,0.0257776,463.631
4,2923.51,0.359662,580.212
5,2612.61,0.427759,747.661
