Iteration,Cost,Cost reduction,time (ms)
0,4642.68,0.00139371,136.073
1,4604.05,0.00970319,234.948
2,4554.15,0.0204356,339.078
3,4342.21,0.0660234,461.332
4,3238.64,0.303392,606.004
5,2221.62,0.522145,760.173
