Iteration,Cost,Cost reduction,time (ms)
0,27.0734,0.383237,117.748
1,17.5275,0.600705,194.375
2,11.1637,0.745679,274.293
3,10.5998,0.758525,366.344
4,10.5998,0.758525,457.741
5,9.7793,0.777217,510.32
