Iteration,Cost,Cost reduction,time (ms)
0,29.7322,0.350252,106.552
1,25.6949,0.438482,182.932
2,14.5763,0.681458,260.898
3,14.5763,0.681458,335.293
4,9.16799,0.799649,385.073
5,8.87793,0.805988,463.376
