Iteration,Cost,Cost reduction,time (ms)
0,27.8198,0.291475,104.794
1,22.7619,0.420292,178.173
2,19.7551,0.49687,249.315
3,19.701,0.498248,321.884
4,19.5123,0.503053,397.3
5,19.5123,0.503053,472.297
