Iteration,Cost,Cost reduction,time (ms)
0,4999.15,0.00129396,161.268
1,4960.52,0.00901249,262.261
2,4910.46,0.0190132,367.756
3,4889.86,0.0231288,482.752
4,3847.25,0.231415,599.096
5,2649.89,0.470618,741.105
