Iteration,Cost,Cost reduction,time (ms)
0,101.128,0.228703,576.764
1,59.405,0.546922,1154.64
2,54.7145,0.582696,1765.08
3,41.547,0.683124,2355.6
4,36.5412,0.721303,2953.62
5,36.2433,0.723575,3550.23
