Iteration,Cost,Cost reduction,time (ms)
0,5366.52,0.00120533,411.44
1,5327.88,0.00839698,810.991
2,5278.04,0.0176728,1206.72
3,5176.23,0.0366215,1706.75
4,3115.92,0.420077,2208.64
5,2879.17,0.464141,2960.33
