Iteration,Cost,Cost reduction,time (ms)
0,32.2416,0.320973,107.359
1,18.774,0.604607,181.382
2,18.774,0.604607,249.257
3,18.774,0.604607,298.008
4,18.774,0.604607,348.657
5,18.7626,0.604848,401.966
