Iteration,Cost,Cost reduction,time (ms)
0,93.1606,0.116314,579.424
1,17.3603,0.835327,1147.57
2,5.70808,0.945855,1738.17
3,4.15758,0.960563,2338.66
4,3.31741,0.968532,2946.51
5,3.31741,0.968532,3540.43
