Iteration,Cost,Cost reduction,time (ms)
0,140.744,0.0621855,140.299
1,51.5775,0.656325,238.999
2,47.2804,0.684958,359.379
3,39.9126,0.734052,476.995
4,37.6127,0.749377,584.5
5,13.3335,0.911155,702.555
