Iteration,Cost,Cost reduction,time (ms)
0,76.3743,0.38304,142.09
1,68.0305,0.450442,249.787
2,67.3308,0.456094,369.093
3,9.75927,0.921164,493.925
4,9.75927,0.921164,615.369
5,9.75927,0.921164,703.141
