Iteration,Cost,Cost reduction,time (ms)
0,21.4039,0.529568,174.951
1,12.0908,0.734258,340.027
2,12.0908,0.734258,495.056
3,12.0908,0.734258,560.943
4,12.0908,0.734258,611.409
5,12.0908,0.734258,658.771
