Iteration,Cost,Cost reduction,time (ms)
0,5335.54,0.00121247,148.938
1,5296.91,0.00844477,246.193
2,5247.02,0.0177838,351.309
3,5213.82,0.0239982,472.497
4,2843.95,0.467626,606.104
5,2228.07,0.582916,783.969
