Iteration,Cost,Cost reduction,time (ms)
0,29.4424,0.292097,177.104
1,19.6228,0.528195,358.275
2,12.1344,0.708245,536.47
3,9.97567,0.760148,708.303
4,9.97567,0.760148,880.059
5,8.56251,0.794126,954.486
