Iteration,Cost,Cost reduction,time (ms)
0,4439.53,0.00147504,132.668
1,4401.67,0.00999032,229.559
2,4352.33,0.0210877,331.523
3,3485.97,0.215946,439.536
4,1443.89,0.675245,549.565
5,1443.89,0.675245,654.152
