Iteration,Cost,Cost reduction,time (ms)
0,26.7182,0.357448,631.362
1,12.2774,0.704739,1250.39
2,5.17106,0.87564,1926.22
3,3.52051,0.915334,2528.02
4,3.18203,0.923475,3125.11
5,2.7847,0.93303,3716.83
