Iteration,Cost,Cost reduction,time (ms)
0,26.9744,0.349344,103.434
1,26.9744,0.349344,172.33
2,24.7243,0.403619,227.673
3,14.8927,0.64077,304.365
4,14.8927,0.64077,379.074
5,13.418,0.676342,432.909
