Iteration,Cost,Cost reduction,time (ms)
0,4842.94,0.00133588,144.683
1,4804.31,0.00930231,243.767
2,4754.41,0.0195903,348.669
3,4739.26,0.0227157,470.015
4,3378.28,0.303363,606.765
5,3371.33,0.304798,752.952
