Iteration,Cost,Cost reduction,time (ms)
0,121.117,0.293917,146.68
1,113.315,0.339403,249.181
2,71.2178,0.584818,362.278
3,42.6193,0.75154,479.692
4,36.585,0.786719,600.671
5,34.8132,0.797048,717.56
