Iteration,Cost,Cost reduction,time (ms)
0,30.0669,0.359993,108.075
1,12.9441,0.724472,188.659
2,5.58753,0.881063,279.115
3,3.60013,0.923367,370.728
4,3.37658,0.928126,474.153
5,3.37658,0.928126,575.022
