Iteration,Cost,Cost reduction,time (ms)
0,29.0916,0.33775,107.97
1,26.3862,0.399336,184.8
2,25.4804,0.419957,264.341
3,20.009,0.54451,348.127
4,19.4726,0.55672,439.016
5,19.4726,0.55672,531.385
