Iteration,Cost,Cost reduction,time (ms)
0,40.0203,0.178925,100.04
1,40.0203,0.178925,166.275
2,40.0203,0.178925,209.54
3,40.0203,0.178925,253.116
4,40.0203,0.178925,295.728
5,40.0203,0.178925,340.487
