Iteration,Cost,Cost reduction,time (ms)
0,25.3172,0.727369,14.655
1,17.2618,0.814115,24.535
2,17.2618,0.814115,33.8
3,17.2618,0.814115,39.146
4,16.2135,0.825404,43.804
5,14.2569,0.846473,53.279
6,14.2569,0.846473,63.34
