Iteration,Cost,Cost reduction,time (ms)
0,5107.85,0.00128169,130.898
1,5069.99,0.00868451,227.326
2,5020.65,0.0183311,329.764
3,4117.23,0.194974,437.348
4,3824.84,0.252144,548.566
5,3162.49,0.38165,657.351
