Iteration,Cost,Cost reduction,time (ms)
0,56.6543,0.22967,955.488
1,56.6543,0.22967,1771.4
2,56.6543,0.22967,2251.51
3,56.6543,0.22967,2754.11
4,56.6543,0.22967,3252.04
