Iteration,Cost,Cost reduction,time (ms)
0,126.602,0.294812,150.815
1,116.377,0.351766,259.214
2,44.57,0.75174,375.682
3,42.2552,0.764634,493.524
4,29.3047,0.83677,615.351
5,29.3047,0.83677,741.365
