Iteration,Cost,Cost reduction,time (ms)
0,12.5272,0.888721,159.227
1,9.15895,0.918641,371.088
2,9.15895,0.918641,561.126
3,9.15895,0.918641,643.983
4,9.15895,0.918641,723.675
5,9.15895,0.918641,803.004
