Iteration,Cost,Cost reduction,time (ms)
0,4284.91,0.00150916,178.435
1,4246.27,0.0105134,338.007
2,4196.43,0.0221273,507.131
3,3559.85,0.170466,697.97
4,1426.88,0.667501,915.371
5,1226.07,0.714296,1107.57
