Iteration,Cost,Cost reduction,time (ms)
0,38.1104,0.712151,36.848
1,38.1104,0.712151,64.021
2,38.1104,0.712151,78.738
3,34.8559,0.736732,84.744
4,17.1211,0.870684,92.912
5,12.791,0.903389,103.119
6,12.791,0.903389,111.263
