Iteration,Cost,Cost reduction,time (ms)
0,86.0911,0.22898,569.744
1,38.8992,0.651624,1116.21
2,21.9753,0.803192,1672.55
3,14.0618,0.874065,2240.59
4,14.0618,0.874065,2803.04
5,14.0141,0.874492,2899.95
