Iteration,Cost,Cost reduction,time (ms)
0,69.7591,0.219599,224.844
1,20.0764,0.775403,458.068
2,2.17088,0.975714,686.54
3,2.17088,0.975714,930.855
4,2.17088,0.975714,1025.22
5,2.17088,0.975714,1113.91
