Iteration,Cost,Cost reduction,time (ms)
0,113.352,0.144298,154.688
1,51.2121,0.613396,260.704
2,50.6727,0.617468,375.702
3,30.6354,0.768731,495.294
4,9.6511,0.927143,645.047
5,9.6511,0.927143,810.047
