Iteration,Cost,Cost reduction,time (ms)
0,4639.49,0.00141136,132.485
1,4601.63,0.00956024,229.53
2,4552.29,0.0201801,330.628
3,3666.29,0.21088,438.978
4,3168.7,0.317979,547.206
5,1913.1,0.588231,656.562
