Iteration,Cost,Cost reduction,time (ms)
0,4953.19,0.00130575,412.659
1,4914.55,0.00909676,811.083
2,4864.71,0.0191455,1207.16
3,4522.88,0.0880663,1711.78
4,2421.59,0.511743,2357.45
5,2096.67,0.577256,2973.96
