Iteration,Cost,Cost reduction,time (ms)
0,4970.5,0.00131753,131.789
1,4932.64,0.00892444,228.687
2,4883.3,0.0188381,330.859
3,3960.44,0.20426,438.523
4,3108.75,0.375384,546.691
5,3108.75,0.375384,650.098
