Iteration,Cost,Cost reduction,time (ms)
0,95.1992,0.324853,148.074
1,55.5018,0.606384,252.277
2,20.0244,0.857988,362.901
3,19.2493,0.863485,476.487
4,19.2493,0.863485,587.226
5,19.2493,0.863485,660.378
