Iteration,Cost,Cost reduction,time (ms)
0,119.832,0.334749,227.88
1,42.703,0.762932,349.31
2,37.249,0.793211,478.126
3,21.0626,0.88307,616.979
4,14.7588,0.918066,770.188
5,14.7588,0.918066,918.388
