Iteration,Cost,Cost reduction,time (ms)
0,4608.1,0.00140365,413.5
1,4569.45,0.00977721,810.739
2,4519.61,0.0205785,1206.48
3,4505.25,0.0236914,1709.63
4,2517.78,0.454385,2212.26
5,1586.73,0.656148,3062.47
