Iteration,Cost,Cost reduction,time (ms)
0,74.6853,0.288251,151.215
1,31.0693,0.70391,261.871
2,14.1492,0.865159,373.096
3,13.7076,0.869367,493.59
4,13.4698,0.871633,613.008
5,12.8929,0.877131,729.253
