Iteration,Cost,Cost reduction,time (ms)
0,7.933879436846476,0.0,41.31460189819336
1,7.850418214469446,0.01051959801524327,256.5650939941406
