Iteration,Cost,Cost reduction,time (ms)
0,142.783,0.138372,143.025
1,81.6921,0.507026,259.371
2,40.5443,0.755334,386.908
3,30.5683,0.815535,558.779
4,13.3004,0.919738,731.007
5,13.3004,0.919738,931.729
