Iteration,Cost,Cost reduction,time (ms)
0,27.8232,0.357225,104.229
1,22.7076,0.475406,178.823
2,21.9578,0.492728,263.543
3,19.1339,0.557965,353.569
4,19.1339,0.557965,446.115
5,17.0973,0.605015,500.498
