Iteration,Cost,Cost reduction,time (ms)
0,101.842,0.168365,573.343
1,24.7181,0.798153,1158.71
2,11.1986,0.908552,1695.67
3,11.1986,0.908552,2231.93
4,7.38637,0.939683,2325.7
5,7.38637,0.939683,2870.96
