Iteration,Cost,Cost reduction,time (ms)
0,4498.23,0.00145509,128.861
1,4460.37,0.00985974,225.281
2,4411.03,0.0208115,327.331
3,3581.59,0.204935,435.008
4,3267.69,0.274617,547.172
5,2578.08,0.4277,656.634
