Iteration,Cost,Cost reduction,time (ms)
0,4611.56,0.00140223,413.111
1,4572.92,0.00976963,809.718
2,4523.08,0.0205612,1206.39
3,4484.17,0.0289871,1710.41
4,3013.27,0.3475,2247.24
5,2682.25,0.41918,3037.99
