Iteration,Cost,Cost reduction,time (ms)
0,27.3604,0.323267,107.035
1,8.94436,0.77877,184.827
2,7.35325,0.818125,265.285
3,6.52241,0.838675,351.085
4,5.03284,0.875518,437.251
5,5.03284,0.875518,526.453
