Iteration,Cost,Cost reduction,time (ms)
0,4447.86,0.00145411,147.349
1,4409.22,0.0101272,246.654
2,4359.34,0.0213264,351.123
3,4343.03,0.024987,469.978
4,3455.18,0.224309,599.337
5,2177.43,0.511165,768.576
