Iteration,Cost,Cost reduction,time (ms)
0,30.0183,0.355376,188.152
1,13.1,0.718684,380.856
2,10.247,0.779951,581.022
3,5.8026,0.875393,780.334
4,4.29269,0.907817,978.8
5,3.87909,0.916699,1172.84
