Iteration,Cost,Cost reduction,time (ms)
0,26.6582,0.415488,574.02
1,18.3557,0.59753,1118.64
2,13.5152,0.703662,1634.65
3,11.1374,0.755799,2054.44
4,6.30991,0.861648,2463.81
5,6.30991,0.861648,2882.16
