Iteration,Cost,Cost reduction,time (ms)
0,4540.31,0.00142445,135.077
1,4501.68,0.00992121,234.154
2,4451.8,0.0208925,338.034
3,4435.07,0.0245718,457.867
4,3826.3,0.158461,588.572
5,3597.1,0.20887,737.972
