Iteration,Cost,Cost reduction,time (ms)
0,24.7808,0.060797,79.531
1,18.4416,0.301055,155.258
2,18.4416,0.301055,218.178
3,18.4416,0.301055,297.756
4,18.4416,0.301055,357.948
5,16.6657,0.368363,401.925
6,14.4619,0.451887,456.025
7,13.8671,0.474431,490.999
8,13.8671,0.474431,528.119
