Iteration,Cost,Cost reduction,time (ms)
0,77.6085,0.403022,175.544
1,55.7073,0.57149,302.737
2,28.2685,0.782554,431.615
3,16.2702,0.874847,572.57
4,15.9361,0.877417,712.168
5,11.422,0.91214,857.901
6,7.63215,0.941292,1005.33
7,5.22437,0.959813,1152.09
8,4.8273,0.962868,1301.92
9,4.8273,0.962868,1451.95
