Iteration,Cost,Cost reduction,time (ms)
0,4606.04,0.00142149,130.96
1,4568.18,0.00962951,228.131
2,4518.84,0.0203257,329.478
3,3643.9,0.210011,437.108
4,3161.54,0.314586,546.521
5,1643.47,0.643699,654.812
