Iteration,Cost,Cost reduction,time (ms)
0,25.2188,0.351669,173.077
1,25.2188,0.351669,333.567
2,19.7466,0.492351,392.953
3,19.7466,0.492351,549.386
4,19.7466,0.492351,609.198
5,19.7466,0.492351,658.119
