Iteration,Cost,Cost reduction,time (ms)
0,25.8411,0.354387,188.909
1,16.5696,0.586024,369.541
2,16.2135,0.594922,547.835
3,16.1085,0.597545,726.933
4,13.8073,0.655037,905.153
5,10.9198,0.727181,1081.56
