Iteration,Cost,Cost reduction,time (ms)
0,4742.6,0.00136395,153.416
1,4703.97,0.00949892,254.445
2,4653.91,0.0200393,358.3
3,4352.27,0.0835555,476.079
4,3159.25,0.334766,592.53
5,3159.25,0.334766,740.353
