Iteration,Cost,Cost reduction,time (ms)
0,29.3072,0.387745,110.996
1,20.178,0.578463,184.223
2,19.0853,0.601292,261.463
3,16.6422,0.65233,347.344
4,16.5933,0.653351,440.081
5,14.1645,0.704091,534.007
