Iteration,Cost,Cost reduction,time (ms)
0,114.848,0.312206,553.756
1,85.2146,0.489673,1098.9
2,18.2635,0.890625,1654.03
3,14.6027,0.912549,2186.2
4,14.6027,0.912549,2716.31
