Iteration,Cost,Cost reduction,time (ms)
0,31.0716,0.336301,109.768
1,17.1272,0.634158,189.916
2,12.2184,0.739011,281.712
3,11.6943,0.750206,381.407
4,11.6943,0.750206,482.693
5,11.333,0.757923,540.339
