Iteration,Cost,Cost reduction,time (ms)
0,1039.6858197034678,0.0,3144.6306705474854
1,804.6815818652303,0.22603389734147172,8186.03515625
