Iteration,Cost,Cost reduction,time (ms)
0,60.8338,0.27337,582.135
1,46.2676,0.447356,1115.67
2,22.1386,0.735565,1716.81
3,19.1966,0.770706,2256.6
4,16.7334,0.800128,2837.68
5,12.1802,0.854513,3397.79
