Iteration,Cost,Cost reduction,time (ms)
0,2.33148,0.911936,6.895
1,0.696358,0.973697,11.578
2,0.696358,0.973697,15.61
3,0.696358,0.973697,18.37
4,0.66521,0.974874,21.715
5,0.66521,0.974874,25.889
