Iteration,Cost,Cost reduction,time (ms)
0,27.3059,0.319391,586.784
1,21.4544,0.465242,1194.4
2,10.703,0.733225,1719.82
3,9.4589,0.764234,2227.7
4,9.0645,0.774064,2734.37
5,9.0645,0.774064,3243.47
