Iteration,Cost,Cost reduction,time (ms)
0,135.513,0.232252,525.558
1,76.6479,0.565751,1089.76
2,67.1215,0.619723,1669.69
3,60.6708,0.656269,2239.31
4,44.5182,0.747782,2806.44
5,36.128,0.795317,3361.23
