Iteration,Cost,Cost reduction,time (ms)
0,55.7522,0.269209,561.106
1,35.8232,0.530436,1122.96
2,31.9714,0.580924,1643.01
3,17.2174,0.774317,2150.23
4,12.1488,0.840756,2705.4
5,12.1488,0.840756,3247.6
