Iteration,Cost,Cost reduction,time (ms)
0,5662.89,0.00114278,142.861
1,5624.26,0.007957,241.755
2,5574.36,0.0167576,346.011
3,4857.46,0.14321,467.474
4,2258.81,0.601577,592.365
5,2029.56,0.642012,740.369
