Iteration,Cost,Cost reduction,time (ms)
0,26.6595,0.330026,189.51
1,23.5823,0.407357,370.853
2,23.5823,0.407357,543.25
3,9.96652,0.749533,608.355
4,8.37163,0.789614,766.988
5,8.37163,0.789614,929.66
