Iteration,Cost,Cost reduction,time (ms)
0,4373.15,0.0014791,138.969
1,4334.51,0.0103001,235.68
2,4284.63,0.0216913,338.894
3,4247.6,0.0301463,464.047
4,2819.42,0.356242,602.729
5,2766.18,0.368398,768.375
