Iteration,Cost,Cost reduction,time (ms)
0,31.3036,0.311717,102.233
1,17.8283,0.608003,174.076
2,15.9108,0.650164,249.777
3,13.5501,0.70207,327.941
4,13.5501,0.70207,405.85
5,12.7927,0.718723,459.246
