Iteration,Cost,Cost reduction,time (ms)
0,29.9711,0.309403,105.98
1,9.58166,0.779218,186.143
2,5.98149,0.862174,266.137
3,5.98149,0.862174,349.963
4,5.57753,0.871482,401.245
5,5.06748,0.883235,488.553
