Iteration,Cost,Cost reduction,time (ms)
0,96.0102,0.257014,171.624
1,80.0051,0.380872,282.894
2,80.0051,0.380872,380.849
3,80.0051,0.380872,444.951
4,80.0051,0.380872,511.694
5,80.0051,0.380872,576.175
6,80.0051,0.380872,639.115
