Iteration,Cost,Cost reduction,time (ms)
0,4535.13,0.00142573,138.215
1,4496.49,0.00993295,236.161
2,4446.44,0.0209533,339.142
3,4409.38,0.0291138,452.688
4,2733.79,0.398056,570.304
5,2387.27,0.474356,753.227
