Iteration,Cost,Cost reduction,time (ms)
0,4742.59,0.00136333,410.664
1,4703.95,0.00949994,807.753
2,4654.12,0.0199927,1203.51
3,4632.42,0.0245619,1707.55
4,2915.93,0.385999,2242.5
5,1619.31,0.659026,3131.91
