Iteration,Cost,Cost reduction,time (ms)
0,30.0972,0.357506,187.783
1,13.9631,0.701925,380.643
2,12.3962,0.735375,574.626
3,11.334,0.758049,765.862
4,6.51737,0.860872,956.41
5,4.27876,0.90866,1134.17
