Iteration,Cost,Cost reduction,time (ms)
0,22.7173,0.39871,107.823
1,13.5399,0.641621,181.18
2,13.4602,0.643729,258.954
3,11.3472,0.699658,343.628
4,11.3239,0.700274,426.726
5,6.91363,0.817007,512.658
