Iteration,Cost,Cost reduction,time (ms)
0,21.1625,0.440785,182.08
1,6.26918,0.834338,355.356
2,6.26918,0.834338,528.209
3,5.61023,0.85175,599.991
4,5.61023,0.85175,764.932
5,5.61023,0.85175,827.653
