Iteration,Cost,Cost reduction,time (ms)
0,25.7224,0.368709,114.409
1,17.3292,0.574698,191.739
2,17.325,0.574801,266.676
3,17.325,0.574801,343.297
4,14.9635,0.632759,395.705
5,14.9161,0.633922,477.759
