Iteration,Cost,Cost reduction,time (ms)
0,22.316,0.407199,469.58
1,17.5321,0.534278,878.644
2,15.6332,0.584719,1278.35
3,11.5017,0.694468,1675.41
4,8.23823,0.78116,2088.78
5,5.39335,0.856731,2524.96
6,4.95904,0.868268,2996.9
7,4.8372,0.871505,3463.23
8,4.8372,0.871505,3916.2
