Iteration,Cost,Cost reduction,time (ms)
0,39.9746,0.318008,581.44
1,25.5723,0.563721,1169.06
2,13.6451,0.767206,1739.67
3,9.47085,0.838421,2302.21
4,9.47085,0.838421,2850.29
5,9.47085,0.838421,2941.7
