Iteration,Cost,Cost reduction,time (ms)
0,4540.34,0.0014245,179.151
1,4501.7,0.00992286,338.409
2,4451.86,0.0208849,506.511
3,3769.02,0.171065,694.432
4,1515.61,0.666666,909
5,1228.55,0.7298,1104.22
