Iteration,Cost,Cost reduction,time (ms)
0,4608.09,0.00140362,413.272
1,4569.45,0.00977719,810.915
2,4519.61,0.0205784,1206.49
3,4343.65,0.0587089,1708.24
4,3705.09,0.19709,2247.91
5,1695.15,0.632653,2812.17
