Iteration,Cost,Cost reduction,time (ms)
0,71.2,0.362983,145.832
1,61.3804,0.450838,255.101
2,23.7273,0.787715,367.708
3,23.7273,0.787715,482.999
4,22.3872,0.799705,567.974
5,19.4681,0.825821,686.649
