Iteration,Cost,Cost reduction,time (ms)
0,4624.77,0.00139852,139.801
1,4586.14,0.00974031,237.678
2,4536.25,0.0205114,340.683
3,4506.96,0.0268366,460.721
4,2642.57,0.429405,592.442
5,2387.6,0.484458,776.558
