Iteration,Cost,Cost reduction,time (ms)
0,26.8081,0.355697,107.913
1,17.0447,0.59035,186.092
2,10.8962,0.738122,269.54
3,10.8606,0.738977,362.673
4,10.5599,0.746204,457.611
5,10.5599,0.746204,554.858
