Iteration,Cost,Cost reduction,time (ms)
0,4559.11,0.00141849,415.083
1,4520.47,0.00988195,811.195
2,4470.63,0.0207982,1206.04
3,4376.01,0.041523,1707.04
4,2592.87,0.432083,2206.76
5,2454.75,0.462337,2960.17
