Iteration,Cost,Cost reduction,time (ms)
0,29.2513,0.2803,100.601
1,29.2513,0.2803,171.116
2,15.8598,0.609786,220.579
3,15.8598,0.609786,294.054
4,14.1223,0.652534,346.615
5,14.0438,0.654466,425.263
