Iteration,Cost,Cost reduction,time (ms)
0,4336.02,0.00149139,412.306
1,4297.38,0.0103897,808.404
2,4247.54,0.0218669,1204.42
3,3590.07,0.17327,1708.9
4,2090.18,0.518668,2335.61
5,1238.82,0.714722,2892.11
