Iteration,Cost,Cost reduction,time (ms)
0,5733.86,0.0011284,410.349
1,5695.22,0.00785977,807.19
2,5645.38,0.016543,1203.71
3,5482.55,0.0449076,1704.03
4,3487.3,0.392493,2253.12
5,3165.13,0.448616,2773.23
