Iteration,Cost,Cost reduction,time (ms)
0,48.8968,0.458898,587.905
1,27.953,0.690666,1132.22
2,27.0235,0.700952,1664.83
3,27.0235,0.700952,2213.55
4,23.6761,0.737995,2306.33
5,23.6761,0.737995,2851.86
