Iteration,Cost,Cost reduction,time (ms)
0,37.6613,0.499922,140.104
1,28.8607,0.61678,249.904
2,28.8607,0.61678,365.675
3,28.8607,0.61678,449.283
4,28.8607,0.61678,533.318
5,28.8607,0.61678,618.344
