Iteration,Cost,Cost reduction,time (ms)
0,5854.14,0.00110476,177.528
1,5815.5,0.00769814,336.923
2,5765.66,0.0162008,505.121
3,5369.17,0.0838552,697.952
4,4856.66,0.171305,904.276
5,3300.64,0.43681,1107.53
