Iteration,Cost,Cost reduction,time (ms)
0,4456.75,0.00146938,131.748
1,4418.89,0.0099518,230.784
2,4369.55,0.0210064,332.456
3,3505.67,0.214557,440.002
4,1512.49,0.661127,549.097
5,1469.17,0.670835,655.029
