Iteration,Cost,Cost reduction,time (ms)
0,57.7909,0.433809,224.427
1,54.9135,0.462,424.354
2,15.5168,0.847979,626.691
3,15.3469,0.849643,823.526
4,9.9249,0.902764,1013.67
5,6.0258,0.940964,1212.49
