Iteration,Cost,Cost reduction,time (ms)
0,5807.64,0.00111376,159.991
1,5769,0.00775907,259.958
2,5718.95,0.0163677,364.808
3,5694.69,0.0205391,484.453
4,3761.34,0.353068,599.882
5,3761.34,0.353068,784.27
