Iteration,Cost,Cost reduction,time (ms)
0,4378.53,0.00147781,136.078
1,4339.9,0.0102868,234.031
2,4289.84,0.0217031,337.36
3,4257.97,0.0289723,451.677
4,3187.64,0.273059,563.813
5,771.883,0.823972,673.54
