Iteration,Cost,Cost reduction,time (ms)
0,26.5514,0.358278,104.426
1,12.5702,0.69619,179.47
2,9.76937,0.763884,256.201
3,9.04625,0.781361,333.262
4,5.87118,0.858099,415.51
5,5.44565,0.868384,496.538
