Iteration,Cost,Cost reduction,time (ms)
0,54.925,0.458071,588.201
1,34.6575,0.658044,1143
2,7.71485,0.92388,1684.77
3,5.59966,0.94475,2246.66
4,5.59966,0.94475,2799.06
5,4.99841,0.950682,2891.91
