Iteration,Cost,Cost reduction,time (ms)
0,0.0334899,0.89788,6.335
1,0.0159604,0.951332,10.619
2,0.0123421,0.962365,15.048
3,0.0120361,0.963299,19.008
4,0.0115409,0.964808,23.156
5,0.011464,0.965043,27.252
