Iteration,Cost,Cost reduction,time (ms)
0,25.9646,0.377587,104.489
1,22.4979,0.46069,175.381
2,18.7141,0.551392,247.447
3,14.8073,0.645045,319.694
4,13.0783,0.686491,394.176
5,4.44736,0.89339,469.117
