Iteration,Cost,Cost reduction,time (ms)
0,4676.96,0.0014,134.223
1,4639.1,0.00948371,230.749
2,4589.76,0.020018,332.372
3,3709.83,0.207896,442.061
4,3200.37,0.316675,550.405
5,2272.21,0.514849,658.948
