Iteration,Cost,Cost reduction,time (ms)
0,27.3598,0.354759,520.384
1,25.6855,0.394244,1083.88
2,23.6096,0.443202,1618.75
3,14.5075,0.657861,2138.93
4,14.0598,0.66842,2681.29
5,13.3497,0.685166,3220.25
