Iteration,Cost,Cost reduction,time (ms)
0,5621.91,0.00115118,136.674
1,5583.28,0.00801499,235.186
2,5533.38,0.0168801,339.885
3,5512.29,0.0206276,461.168
4,3200.38,0.431387,589.898
5,2907.28,0.483461,748.873
