Iteration,Cost,Cost reduction,time (ms)
0,4199.74,0.00155866,131.792
1,4161.88,0.0105596,229.66
2,4112.54,0.0222885,331.002
3,3284.28,0.219198,439.019
4,2958.4,0.296674,549.617
5,2474.45,0.411727,664.69
