Iteration,Cost,Cost reduction,time (ms)
0,5011.69,0.0012906,153.852
1,4973.05,0.0089899,254.865
2,4923,0.018965,359.823
3,4884.91,0.0265537,476.701
4,3842.26,0.234331,591.426
5,2392.19,0.523294,742.689
