Iteration,Cost,Cost reduction,time (ms)
0,5196.73,0.00124487,146.491
1,5158.1,0.00867014,245.751
2,5108.21,0.0182587,351.646
3,4451.93,0.144388,473.789
4,1852.1,0.644046,600.893
5,1391.42,0.732585,753.622
