Iteration,Cost,Cost reduction,time (ms)
0,4439.59,0.00145645,150.692
1,4400.95,0.0101474,262.396
2,4351.12,0.0213563,381.023
3,4208.72,0.0533833,520.236
4,3426.55,0.229308,666.524
5,1260.11,0.71658,802.136
6,977.038,0.780247,969.343
7,916.305,0.793907,1120.03
8,916.305,0.793907,1272.12
