Iteration,Cost,Cost reduction,time (ms)
0,32.481,0.336372,537.969
1,12.3734,0.747196,1045.29
2,12.3734,0.747196,1538.45
3,7.74805,0.841698,1630.27
4,7.43664,0.84806,2101.73
5,7.43664,0.84806,2577.39
