Iteration,Cost,Cost reduction,time (ms)
0,27.067,0.419188,172.546
1,24.5926,0.472284,331.9
2,23.9656,0.485738,487.433
3,22.6928,0.51305,643.92
4,17.0143,0.6349,800.796
5,17.0143,0.6349,954.341
