Iteration,Cost,Cost reduction,time (ms)
0,58.379,0.428815,222.329
1,44.1815,0.567724,431.599
2,11.5941,0.886562,646.849
3,11.2837,0.889599,849.805
4,5.71605,0.944074,1050.64
5,5.71605,0.944074,1247.09
