Iteration,Cost,Cost reduction,time (ms)
0,92.2435,0,156.9
1,38.4699,0.582953,241.974
2,38.4699,0.582953,438.994
3,28.6191,0.689744,531.019
4,23.8703,0.741226,765.328
5,23.8703,0.741226,988.977
