Iteration,Cost,Cost reduction,time (ms)
0,141.353,0.204128,151.157
1,88.756,0.50027,264.715
2,44.805,0.747731,400.692
3,14.8348,0.916475,555.989
4,11.663,0.934333,744.556
5,11.0156,0.937978,937.987
