Iteration,Cost,Cost reduction,time (ms)
0,5601.78,0.00115492,410.589
1,5563.14,0.00804484,806.149
2,5513.3,0.0169322,1203.11
3,5407.48,0.0358005,1705.67
4,3362.02,0.400524,2281.08
5,1842.87,0.671402,2804.46
