Iteration,Cost,Cost reduction,time (ms)
0,39.1857,0.173036,186.244
1,19.8353,0.581401,366.408
2,16.8759,0.643856,536.085
3,14.0774,0.702915,706.147
4,10.6671,0.774885,877.778
5,10.6671,0.774885,1049.56
