Iteration,Cost,Cost reduction,time (ms)
0,28.6146,0.271778,550.874
1,7.83528,0.800598,1069
2,7.33788,0.813256,1551.51
3,7.33788,0.813256,2028.94
4,6.9727,0.82255,2120.85
5,6.73892,0.828499,2582.09
6,6.65625,0.830603,3065.01
7,6.3024,0.839608,3551.23
8,6.3024,0.839608,4028.04
