Iteration,Cost,Cost reduction,time (ms)
0,28.5812,0.34843,105.318
1,16.0542,0.63401,176.453
2,13.6694,0.688377,254.235
3,13.4394,0.69362,339.172
4,13.2358,0.698261,425.634
5,10.3585,0.763856,512.068
