Iteration,Cost,Cost reduction,time (ms)
0,25.0575,0.339376,110.253
1,15.6973,0.586152,188.052
2,15.6973,0.586152,265.733
3,15.5034,0.591264,317.695
4,15.4996,0.591365,401.051
5,15.4996,0.591365,483.735
