Iteration,Cost,Cost reduction,time (ms)
0,4456.8,0.00145072,178.586
1,4418.16,0.0101083,337.413
2,4368.33,0.0212736,506.615
3,3752.99,0.159141,695.689
4,1819.07,0.592437,911.07
5,1725.54,0.613392,1110.27
