Iteration,Cost,Cost reduction,time (ms)
0,23.4515,0.448861,119.263
1,15.6159,0.633007,197.448
2,15.2732,0.641062,275.207
3,15.2732,0.641062,353.326
4,15.2732,0.641062,400.359
5,15.2732,0.641062,447.234
6,15.2732,0.641062,493.874
