Iteration,Cost,Cost reduction,time (ms)
0,153.421,0.127722,589.938
1,31.4761,0.821042,1171.71
2,20.5868,0.882953,1730.19
3,20.5868,0.882953,2283.68
4,17.1963,0.90223,2371.51
5,11.6267,0.933896,2926.84
