Iteration,Cost,Cost reduction,time (ms)
0,26.6486,0.319727,101.353
1,16.3228,0.583319,174.495
2,10.5345,0.73108,248.318
3,10.5345,0.73108,323.977
4,10.5345,0.73108,376.614
5,10.5345,0.73108,428.499
