Iteration,Cost,Cost reduction,time (ms)
0,17.2605,0.557382,136.201
1,5.93723,0.847749,250.782
2,5.93723,0.847749,487.852
3,5.93723,0.847749,680.462
4,5.93723,0.847749,835.253
5,5.93723,0.847749,943.726
6,5.93723,0.847749,1023.53
