Iteration,Cost,Cost reduction,time (ms)
0,26.8067,0.316064,107.863
1,15.066,0.615613,182.406
2,14.4946,0.630191,255.199
3,12.9653,0.669209,330.159
4,10.1586,0.740819,409.238
5,9.47259,0.75832,489.976
