Iteration,Cost,Cost reduction,time (ms)
0,26.52,0.36043,110.186
1,25.5598,0.383588,186.812
2,25.5598,0.383588,261.993
3,24.2999,0.413971,312.797
4,11.4405,0.724096,386.441
5,6.14095,0.851902,467.046
6,5.20335,0.874514,544.431
7,5.20335,0.874514,619.573
