Iteration,Cost,Cost reduction,time (ms)
0,5807.63,0.0011137,177.864
1,5768.99,0.00775978,336.91
2,5719.16,0.0163309,506.229
3,5658.18,0.0268189,697.189
4,3900.61,0.329113,899.311
5,3106.17,0.465753,1108.75
