Iteration,Cost,Cost reduction,time (ms)
0,18.8018,0.542391,176.898
1,10.9154,0.734335,340.307
2,10.9154,0.734335,502.027
3,10.9154,0.734335,565.422
4,10.9154,0.734335,614.476
5,10.9154,0.734335,663.166
