Iteration,Cost,Cost reduction,time (ms)
0,4999.12,0.00129388,142.74
1,4960.49,0.00901184,242.345
2,4910.61,0.0189775,347.492
3,4892.9,0.0225139,467.665
4,3550.56,0.290682,600.526
5,2933.1,0.414036,762.525
