Iteration,Cost,Cost reduction,time (ms)
0,110.115,0.300014,147.838
1,110.115,0.300014,254.191
2,110.115,0.300014,331.298
3,110.115,0.300014,408.023
4,110.115,0.300014,485.327
5,110.115,0.300014,562.417
