Iteration,Cost,Cost reduction,time (ms)
0,26.5236,0.404861,176.044
1,15.4236,0.653925,334.394
2,15.4236,0.653925,481.501
3,12.3041,0.72392,540.691
4,12.3041,0.72392,678.933
5,12.3041,0.72392,736.787
