Iteration,Cost,Cost reduction,time (ms)
0,5562.86,0.00116275,178.266
1,5524.22,0.00810089,337.079
2,5474.39,0.0170493,503.651
3,5410.35,0.0285468,693.988
4,3889.02,0.301709,896.121
5,2674.17,0.519842,1125.48
