Iteration,Cost,Cost reduction,time (ms)
0,64.4337,0.454729,222.516
1,63.7399,0.4606,420.487
2,6.48131,0.945152,630.144
3,5.03055,0.957429,858.415
4,5.03055,0.957429,1095.81
5,5.03055,0.957429,1187.64
