Iteration,Cost,Cost reduction,time (ms)
0,4498.33,0.00143776,148.968
1,4459.7,0.0100144,250.889
2,4409.64,0.0211264,353.69
3,4175.04,0.0732029,471.244
4,2967.84,0.341184,589.463
5,2967.84,0.341184,770.496
