Iteration,Cost,Cost reduction,time (ms)
0,29.1965,0.35164,107.048
1,18.8546,0.581299,183.494
2,16.4488,0.634725,261.475
3,11.8956,0.735838,341.44
4,11.8956,0.735838,417.088
5,10.375,0.769605,468.065
