Iteration,Cost,Cost reduction,time (ms)
0,31.7894,0.29899,108.612
1,27.9469,0.383722,185.842
2,18.8788,0.583691,264.976
3,18.8788,0.583691,343.794
4,18.5718,0.590459,396.352
5,17.8459,0.606468,479.289
