Iteration,Cost,Cost reduction,time (ms)
0,89.3616,0.438146,213.395
1,69.4692,0.563218,413.758
2,63.1167,0.603158,617.057
3,63.1167,0.603158,817.858
4,56.9694,0.641809,898.843
5,56.9694,0.641809,1097.59
