Iteration,Cost,Cost reduction,time (ms)
0,5424.01,0.00119248,411.569
1,5385.37,0.00830803,810.583
2,5335.53,0.0174853,1207
3,5263.18,0.030808,1708.8
4,2914.03,0.463394,2199.34
5,1964.91,0.63817,2887.1
