Iteration,Cost,Cost reduction,time (ms)
0,40.6782,0.326413,769.904
1,33.2739,0.44902,1516.43
2,33.2739,0.44902,2279.74
3,32.7555,0.457604,2766.87
4,31.5429,0.477684,3539.98
5,31.5429,0.477684,4291.07
