Iteration,Cost,Cost reduction,time (ms)
0,103.922,0.331296,580.125
1,79.8425,0.486242,1163.3
2,74.2774,0.522051,1691.21
3,43.4503,0.720413,2226.33
4,38.3214,0.753416,2794.1
5,38.3112,0.753481,3381.46
