Iteration,Cost,Cost reduction,time (ms)
0,23.1676,0.422605,181.189
1,18.6691,0.534717,340.604
2,17.7783,0.55692,504.644
3,17.7783,0.55692,664.329
4,16.3371,0.592837,727.567
5,8.1393,0.797148,887.549
