Iteration,Cost,Cost reduction,time (ms)
0,20.4992,0.474056,112.095
1,16.6982,0.571579,184.754
2,7.44809,0.808906,257.628
3,7.44809,0.808906,376.333
4,7.44809,0.808906,469.662
5,7.44809,0.808906,561.651
6,7.44809,0.808906,653.532
