Iteration,Cost,Cost reduction,time (ms)
0,36.1723,0.208042,317.357
1,33.3189,0.270516,581.134
2,33.3189,0.270516,863.801
3,33.3189,0.270516,1020.08
4,33.3189,0.270516,1172.23
