Iteration,Cost,Cost reduction,time (ms)
0,31.8727,0.302263,105.014
1,23.2142,0.49181,179.761
2,16.6118,0.636344,260.093
3,12.8704,0.718249,336.585
4,12.1122,0.734847,414.995
5,8.49332,0.81407,494.614
