Iteration,Cost,Cost reduction,time (ms)
0,82.0436,0.22425,574.474
1,37.5992,0.644487,1131
2,17.8085,0.831615,1672.78
3,15.6475,0.852047,2188.24
4,15.6475,0.852047,2695.21
5,15.6475,0.852047,2780.4
