Iteration,Cost,Cost reduction,time (ms)
0,31.7106,0.297462,104.847
1,5.65054,0.874814,186.682
2,5.65054,0.874814,271.063
3,5.59845,0.875968,320.978
4,5.59845,0.875968,406.997
5,5.59845,0.875968,457.778
