Iteration,Cost,Cost reduction,time (ms)
0,98.0367,0.313505,151.387
1,68.0644,0.523385,263.917
2,18.963,0.867213,393.121
3,18.963,0.867213,541.338
4,18.963,0.867213,623.011
5,18.963,0.867213,702.768
