Iteration,Cost,Cost reduction,time (ms)
0,78.1491,0.285256,154.34
1,78.1491,0.285256,266.781
2,71.3066,0.347838,350.586
3,32.3497,0.704133,485.435
4,24.4626,0.776268,628.721
5,8.51012,0.922167,776.556
