Iteration,Cost,Cost reduction,time (ms)
0,4702.81,0.00137542,413.703
1,4664.17,0.00958057,811.122
2,4614.33,0.0201647,1209.2
3,4599.89,0.0232295,1710.58
4,2698.77,0.426925,2207.7
5,2241.09,0.524113,2992.88
