Iteration,Cost,Cost reduction,time (ms)
0,4711.47,0.0013728,183.47
1,4672.83,0.00956293,342.901
2,4622.98,0.0201273,512.669
3,3931.12,0.166773,700.527
4,1853.81,0.607072,917.139
5,1120.84,0.762431,1113.32
