Iteration,Cost,Cost reduction,time (ms)
0,5232.45,0.00123613,146.402
1,5193.82,0.00861102,245.336
2,5143.76,0.0181653,349.455
3,5119.9,0.0227201,467.945
4,3244.7,0.380657,583.879
5,3244.7,0.380657,730.071
