Iteration,Cost,Cost reduction,time (ms)
0,4742.6,0.00136414,137.34
1,4703.97,0.00949886,236.284
2,4654.08,0.0200044,340.745
3,4012.96,0.155002,462.796
4,2623.33,0.447613,587.359
5,1214.45,0.744277,746.505
