Iteration,Cost,Cost reduction,time (ms)
0,26.252,0.33368,602.188
1,25.307,0.357668,1159.1
2,21.0256,0.466336,1714.88
3,16.1543,0.589977,2225.1
4,15.5806,0.604539,2755.98
5,15.5806,0.604539,3285.64
