Iteration,Cost,Cost reduction,time (ms)
0,33.454,0.294345,110.18
1,18.3954,0.611981,190.086
2,16.1071,0.660249,275.448
3,11.8814,0.749383,368.248
4,11.8814,0.749383,453.482
5,11.8814,0.749383,508.389
