Iteration,Cost,Cost reduction,time (ms)
0,5113.72,0.00128064,131.385
1,5075.86,0.00867478,227.448
2,5026.52,0.0183111,329.53
3,4096.75,0.199897,437.277
4,3551.44,0.306398,545.493
5,2404.47,0.530402,653.95
