Iteration,Cost,Cost reduction,time (ms)
0,4742.59,0.00136344,140.504
1,4703.96,0.00949909,238.915
2,4653.91,0.0200379,342.24
3,4612.76,0.0287022,460.312
4,3717.53,0.217209,576.832
5,1884,0.60329,725.704
