Iteration,Cost,Cost reduction,time (ms)
0,22.9783,0.575478,710.357
1,22.9783,0.575478,1392.8
2,22.9783,0.575478,1686.84
3,22.9783,0.575478,1980.16
4,22.9783,0.575478,2273.38
5,22.9783,0.575478,2565.52
6,22.9783,0.575478,2857.05
