Iteration,Cost,Cost reduction,time (ms)
0,31.3668,0.324801,187.633
1,15.6744,0.662595,377.754
2,11.3155,0.756423,576.291
3,11.1317,0.76038,772.352
4,10.9305,0.76471,965.612
5,7.58318,0.836765,1158.59
