Iteration,Cost,Cost reduction,time (ms)
0,20.9211,0.607962,216.133
1,15.4023,0.711378,412.773
2,15.4023,0.711378,616.567
3,13.4088,0.748734,701.145
4,13.4088,0.748734,908.871
5,13.4088,0.748734,990.331
