Iteration,Cost,Cost reduction,time (ms)
0,89.8378,0.337024,220.215
1,35.9496,0.734703,426.586
2,35.9496,0.734703,625.717
3,33.1987,0.755003,705.338
4,33.1987,0.755003,903.305
5,33.1987,0.755003,980.657
