Iteration,Cost,Cost reduction,time (ms)
0,29.4626,0.348372,596.016
1,17.9321,0.603394,1203.46
2,16.2129,0.641418,1776.41
3,12.7184,0.718707,2342.41
4,9.77201,0.783872,2902.56
5,7.38591,0.836645,3456.63
