Iteration,Cost,Cost reduction,time (ms)
0,31.1376,0.563033,21.562
1,11.0494,0.844939,32.585
2,11.0494,0.844939,42.813
3,11.0494,0.844939,47.236
4,11.0494,0.844939,51.724
