Iteration,Cost,Cost reduction,time (ms)
0,41.2013,0.164768,103.789
1,10.8682,0.779681,173.328
2,4.48265,0.909128,245.529
3,4.21037,0.914647,320.48
4,4.21037,0.914647,400.693
5,3.89974,0.920945,450.104
