Iteration,Cost,Cost reduction,time (ms)
0,44.9171,0.451609,144.4
1,42.2081,0.484683,255.503
2,22.2285,0.728613,373.003
3,10.272,0.874589,497.777
4,6.01888,0.926516,622.954
5,3.83062,0.953232,744.842
