Iteration,Cost,Cost reduction,time (ms)
0,32.1552,0.294003,110.397
1,26.9623,0.408019,189.764
2,24.5065,0.461938,271.611
3,20.9869,0.539214,350.218
4,19.4788,0.572326,440.129
5,15.9788,0.64917,531.446
6,12.6249,0.722809,633.261
7,12.3906,0.727953,739.269
8,12.3906,0.727953,839.849
