Iteration,Cost,Cost reduction,time (ms)
0,64.3678,0.373136,151.008
1,41.768,0.593231,258.306
2,34.5551,0.663476,373.625
3,30.0276,0.707568,501.087
4,27.4201,0.732962,641.019
5,25.1931,0.75465,787.514
