Iteration,Cost,Cost reduction,time (ms)
0,12.2095,0.958451,11.513
1,9.8129,0.966607,34.577
2,9.8129,0.966607,47.878
3,9.8129,0.966607,55.268
4,9.8129,0.966607,62.029
5,4.04169,0.986246,68.939
6,4.04169,0.986246,78.674
