Iteration,Cost,Cost reduction,time (ms)
0,39.6278,0.672027,13.008
1,18.1195,0.850037,22.671
2,11.168,0.90757,32.086
3,11.168,0.90757,42.008
4,11.168,0.90757,47.372
