Iteration,Cost,Cost reduction,time (ms)
0,4498.33,0.00143756,417.324
1,4459.68,0.0100153,816.074
2,4409.85,0.0210785,1210.34
3,4370,0.0299231,1713.98
4,3410.86,0.24284,2258.12
5,1265.4,0.719101,2859.47
