Iteration,Cost,Cost reduction,time (ms)
0,32.3276,0.303352,537.374
1,30.0005,0.353501,1111.85
2,20.7626,0.552574,1662.81
3,18.6783,0.597489,2172.52
4,18.6783,0.597489,2678.15
5,18.6783,0.597489,2770.55
