Iteration,Cost,Cost reduction,time (ms)
0,24.9734,0.426144,549.098
1,10.5668,0.757189,1068.31
2,9.17592,0.78915,1570.36
3,9.17592,0.78915,1959.76
4,9.17592,0.78915,2043.9
5,9.17592,0.78915,2102.56
