Iteration,Cost,Cost reduction,time (ms)
0,5392.35,0.00119959,413.165
1,5353.71,0.00835682,809.073
2,5303.87,0.0175884,1206.05
3,4595.07,0.148876,1708.86
4,2688.43,0.502034,2331.76
5,2495.03,0.537857,2893.3
