Iteration,Cost,Cost reduction,time (ms)
0,5107.95,0.00126631,148.985
1,5069.31,0.0088207,248.368
2,5019.26,0.018608,352.307
3,4960.49,0.0300981,468.398
4,3504.14,0.314852,586.128
5,2965.06,0.420255,721.987
