Iteration,Cost,Cost reduction,time (ms)
0,4199.83,0.00153957,415.699
1,4161.18,0.010726,813.431
2,4111.35,0.0225744,1211.01
3,4073.88,0.0314814,1712.68
4,2577.87,0.38714,2258
5,2022.4,0.519197,2885.85
