Iteration,Cost,Cost reduction,time (ms)
0,120.565,0.137268,587.564
1,45.1573,0.676867,1200.01
2,37.7636,0.729774,1800.67
3,24.8619,0.822095,2267.26
4,11.9219,0.91469,2759.68
5,11.9219,0.91469,3260.65
