Iteration,Cost,Cost reduction,time (ms)
0,4842.94,0.00133598,147.987
1,4804.31,0.00930236,246.474
2,4754.42,0.0195908,350.746
3,4703.85,0.0300173,473.855
4,3680.62,0.241018,598.541
5,3296.73,0.320181,734.077
