Iteration,Cost,Cost reduction,time (ms)
0,125.64,0.164141,205.2
1,18.2285,0.878729,401.855
2,9.06524,0.939691,598.6
3,7.93886,0.947184,793.508
4,6.58135,0.956215,990.114
5,5.24838,0.965083,1183.83
