Iteration,Cost,Cost reduction,time (ms)
0,34.2362,0.352178,174.638
1,9.90203,0.812632,334.804
2,9.56514,0.819007,485.939
3,8.49659,0.839226,636.263
4,8.28519,0.843226,784.37
5,8.28519,0.843226,930.881
