Iteration,Cost,Cost reduction,time (ms)
0,25.7344,0.371914,109.01
1,12.6286,0.691782,185.424
2,9.84447,0.759732,270.637
3,7.1069,0.826546,363.581
4,6.21071,0.848419,452.125
5,4.34262,0.894012,541.131
