Iteration,Cost,Cost reduction,time (ms)
0,27.8439,0.319357,640.79
1,12.3035,0.699241,1276.22
2,5.6404,0.862121,1927.95
3,3.31196,0.919039,2536.38
4,3.31196,0.919039,3170.67
5,3.26132,0.920277,3267
