Iteration,Cost,Cost reduction,time (ms)
0,34.2469,0.360669,213.674
1,19.0029,0.645248,426.52
2,18.1939,0.660352,628.678
3,6.56403,0.877461,833.563
4,6.56403,0.877461,1047.23
5,4.85187,0.909424,1137.71
