Iteration,Cost,Cost reduction,time (ms)
0,32.0138,0.325218,105.183
1,18.6984,0.605878,180.849
2,18.6984,0.605878,256.053
3,14.9895,0.684054,311.687
4,12.6619,0.733114,393.106
5,12.0761,0.745461,475.759
