Iteration,Cost,Cost reduction,time (ms)
0,32.3276,0.298528,104.15
1,18.2663,0.603643,179.329
2,7.0453,0.847125,254.922
3,6.81421,0.85214,331.57
4,6.25197,0.864339,410.328
5,6.05321,0.868652,493.506
