Iteration,Cost,Cost reduction,time (ms)
0,35.6801,0.253494,299.655
1,23.3177,0.512141,555.853
2,20.55,0.570049,849.696
3,20.55,0.570049,1174.07
4,20.422,0.572725,1336.25
