Iteration,Cost,Cost reduction,time (ms)
0,37.684,0.362505,154.012
1,33.3023,0.43663,271.911
2,33.3023,0.43663,394.651
3,33.3023,0.43663,485.098
4,33.3023,0.43663,575.321
5,33.3023,0.43663,667.147
