Iteration,Cost,Cost reduction,time (ms)
0,4642.58,0.00141015,132.065
1,4604.72,0.00955373,229.524
2,4555.39,0.0201649,331.025
3,3682.57,0.207902,440.305
4,3334.67,0.282732,553.38
5,2820.81,0.393261,664.91
