Iteration,Cost,Cost reduction,time (ms)
0,26.3701,0.320718,105.396
1,18.6101,0.520611,177.422
2,13.7415,0.646025,258.705
3,13.7415,0.646025,338.282
4,12.678,0.673421,389.33
5,11.0233,0.716044,472.41
