Iteration,Cost,Cost reduction,time (ms)
0,5815.84,0.00111274,138.176
1,5777.21,0.00774795,236.222
2,5727.32,0.0163172,340.316
3,5674.49,0.0253914,462.706
4,4439.76,0.237459,587.328
5,3437.47,0.409604,723.158
