Iteration,Cost,Cost reduction,time (ms)
0,27.2723,0.37647,103.897
1,22.6697,0.4817,178.299
2,16.6564,0.619184,255
3,13.7808,0.684928,331.083
4,13.5633,0.6899,411.593
5,13.4246,0.693073,490.852
