Iteration,Cost,Cost reduction,time (ms)
0,5033.15,0.00128523,413.254
1,4994.51,0.00895256,811.585
2,4944.67,0.0188427,1205.91
3,4843.16,0.0389854,1707.71
4,2865.81,0.431345,2283.09
5,2155.93,0.572204,2815.21
