Iteration,Cost,Cost reduction,time (ms)
0,121.936,0.253405,152.701
1,45.6736,0.720348,271.86
2,6.34709,0.961138,393.329
3,6.34709,0.961138,503.183
4,6.34709,0.961138,578.322
5,6.27711,0.961566,653.913
