Iteration,Cost,Cost reduction,time (ms)
0,35.3861,0.163357,102.728
1,35.3861,0.163357,169.705
2,35.3861,0.163357,214.699
3,35.3861,0.163357,260.374
4,35.3861,0.163357,307.764
5,35.3861,0.163357,357.492
