Iteration,Cost,Cost reduction,time (ms)
0,5343.04,0.00122572,133.651
1,5305.18,0.00830292,229.893
2,5255.83,0.0175262,330.712
3,4302.65,0.195705,438.492
4,3737.72,0.301307,547.29
5,2171.72,0.594041,656.23
