Iteration,Cost,Cost reduction,time (ms)
0,115.173,0.303078,145.187
1,109.371,0.338181,253.124
2,81.7086,0.505572,363.801
3,75.4733,0.543302,481.263
4,75.4733,0.543302,591.844
5,75.0878,0.545635,669.423
