Iteration,Cost,Cost reduction,time (ms)
0,5627.5,0.00115011,147.489
1,5588.87,0.00800709,247.334
2,5538.97,0.0168638,352.25
3,5476.82,0.0278953,472.328
4,3168.76,0.437562,597.127
5,2818.22,0.499782,824.858
