Iteration,Cost,Cost reduction,time (ms)
0,4552.2,0.00143861,133.663
1,4514.34,0.00974342,229.721
2,4465,0.0205666,332.065
3,3581.57,0.214355,439.934
4,1512.08,0.668313,549.644
5,1455.39,0.680749,655.419
