Iteration,Cost,Cost reduction,time (ms)
0,29.1048,0.356914,113.01
1,12.2844,0.72857,192.198
2,10.1743,0.775193,277.29
3,8.41062,0.814162,377.225
4,7.20533,0.840794,475.466
5,7.09047,0.843332,576.651
