Iteration,Cost,Cost reduction,time (ms)
0,5468.9,0.00118252,411.329
1,5430.26,0.00823979,806.625
2,5380.43,0.0173408,1202.36
3,5364.8,0.0201945,1705.33
4,3745.77,0.315887,2199.49
5,2565.68,0.531415,3060.27
