Iteration,Cost,Cost reduction,time (ms)
0,28.5208,0.277097,597.863
1,19.8697,0.496372,1181.97
2,14.5272,0.631786,1775.15
3,12.3429,0.687151,2373.34
4,12.3429,0.687151,2964.71
5,12.2325,0.689948,3062.85
