Iteration,Cost,Cost reduction,time (ms)
0,30.4009,0.359579,104.084
1,17.1947,0.637779,180.121
2,12.4205,0.738352,251.73
3,12.4205,0.738352,322.158
4,10.9684,0.76894,373.44
5,10.9684,0.76894,449.71
