Iteration,Cost,Cost reduction,time (ms)
0,30.3694,0.348195,188.572
1,18.4865,0.603233,365.599
2,17.9513,0.614721,546.253
3,17.1195,0.632573,723.048
4,15.2547,0.672596,898.115
5,15.2547,0.672596,1073.85
