Iteration,Cost,Cost reduction,time (ms)
0,31.9589,0.321722,317.67
1,17.2535,0.633822,574.435
2,17.2535,0.633822,849.267
3,16.9597,0.640057,1012.46
4,16.9597,0.640057,1293.12
