Iteration,Cost,Cost reduction,time (ms)
0,40.2685,0.445099,144.946
1,30.3502,0.581773,247.342
2,22.1394,0.694919,363.497
3,6.83468,0.905818,482.229
4,6.11732,0.915703,605.238
5,6.11732,0.915703,726.282
