Iteration,Cost,Cost reduction,time (ms)
0,5775.6,0.00112051,136.224
1,5736.97,0.00780189,233.967
2,5687.08,0.0164309,338.132
3,4981.53,0.138453,459.112
4,3145.36,0.456016,586.649
5,1995.29,0.654918,734.631
