Iteration,Cost,Cost reduction,time (ms)
0,28.7209,0.265576,537.726
1,25.6084,0.345165,1146.26
2,24.5559,0.37208,1752
3,23.6025,0.39646,2358.04
4,23.6025,0.39646,2937.91
5,21.1393,0.459446,3030.55
