Iteration,Cost,Cost reduction,time (ms)
0,4583.03,0.00142849,132.592
1,4545.17,0.00967772,229.31
2,4495.83,0.0204271,330.273
3,3627.38,0.209649,438.405
4,3260.22,0.289649,548.912
5,2724.44,0.406386,662.713
