Iteration,Cost,Cost reduction,time (ms)
0,80.4712,0,369.279
1,80.4712,0,665.248
2,41.6202,0.482794,970.497
3,41.6202,0.482794,1073.83
4,41.6202,0.482794,1140.41
5,41.6202,0.482794,1207.42
6,41.6202,0.482794,1274.13
