Iteration,Cost,Cost reduction,time (ms)
0,27.2861,0.378534,103.093
1,20.4517,0.534195,177.981
2,20.4517,0.534195,250.582
3,14.8068,0.662763,303.981
4,7.00124,0.84054,384.01
5,7.00124,0.84054,462.152
