Iteration,Cost,Cost reduction,time (ms)
0,26.2413,0.332136,184.42
1,25.2345,0.357762,358.722
2,24.5439,0.375338,525.683
3,14.8664,0.621639,694.983
4,14.8664,0.621639,858.552
5,14.8664,0.621639,924.744
