Iteration,Cost,Cost reduction,time (ms)
0,33.012,0.238528,196.108
1,11.9015,0.725474,380.553
2,11.9015,0.725474,562.246
3,11.9015,0.725474,630.859
4,11.9015,0.725474,684.173
5,11.9015,0.725474,735.793
