Iteration,Cost,Cost reduction,time (ms)
0,25.3367,0.427319,184.319
1,13.6495,0.691482,355.133
2,9.55951,0.783928,518.185
3,9.55951,0.783928,671.502
4,9.55951,0.783928,731.871
5,9.55951,0.783928,779.341
