Iteration,Cost,Cost reduction,time (ms)
0,119.514,0.30206,223.159
1,49.4961,0.710951,426.736
2,46.124,0.730644,613.85
3,46.124,0.730644,795.197
4,46.124,0.730644,870.306
5,43.1401,0.748069,946.593
