Iteration,Cost,Cost reduction,time (ms)
0,29.4793,0.335679,104.95
1,12.4465,0.719517,179.788
2,12.4465,0.719517,253.949
3,12.2552,0.723828,308.38
4,12.2552,0.723828,391.004
5,11.9962,0.729664,447.585
