Iteration,Cost,Cost reduction,time (ms)
0,33.4284,0.203501,177.423
1,22.7028,0.459062,351.717
2,14.8105,0.64711,528.849
3,8.60721,0.794916,700.262
4,8.60721,0.794916,866.532
5,8.60721,0.794916,940.679
