Iteration,Cost,Cost reduction,time (ms)
0,24.2004,0.324915,13.852
1,20.0989,0.439331,25.568
2,13.2782,0.629597,36.087
3,13.2782,0.629597,45.361
4,13.2782,0.629597,50.02
