Iteration,Cost,Cost reduction,time (ms)
0,4794.93,0.00134906,179.61
1,4756.29,0.00939677,336.362
2,4706.45,0.0197781,504.672
3,4031.51,0.16035,693.275
4,2399.11,0.500333,903.901
5,1615.73,0.663489,1102.16
