Iteration,Cost,Cost reduction,time (ms)
0,130.215,0.279585,143.791
1,123.3,0.31784,253.336
2,50.7401,0.71928,369.293
3,49.136,0.728155,494.692
4,49.136,0.728155,637.366
5,49.136,0.728155,721.012
