Iteration,Cost,Cost reduction,time (ms)
0,45.017,0.486421,16.552
1,40.4629,0.538377,30.4
2,21.5377,0.754286,40.924
3,15.6129,0.82188,50.238
4,15.549,0.822608,59.663
