Iteration,Cost,Cost reduction,time (ms)
0,4665.25,0.00138629,178.759
1,4626.61,0.00965747,336.945
2,4576.77,0.0203259,504.871
3,3920.06,0.160897,696.184
4,1848.85,0.604248,913.183
5,983.16,0.789551,1110.95
