Iteration,Cost,Cost reduction,time (ms)
0,5113.81,0.00126493,412.733
1,5075.17,0.0088115,810.082
2,5025.32,0.0185457,1204.68
3,5002.54,0.0229958,1701.94
4,4081.5,0.202876,2204.08
5,2184.3,0.573402,3074.75
