Iteration,Cost,Cost reduction,time (ms)
0,127.646,0.0302135,145.167
1,64.9652,0.50643,255.378
2,51.5349,0.608466,374.286
3,50.7567,0.614378,517.846
4,28.8214,0.781031,660.397
5,7.94912,0.939607,882.531
