Iteration,Cost,Cost reduction,time (ms)
0,4312.5,0.00150016,136.227
1,4273.87,0.0104449,233.819
2,4223.98,0.0219976,338.237
3,4064.68,0.0588808,459.696
4,1958.05,0.546641,580.304
5,1451.72,0.663875,745.659
