Iteration,Cost,Cost reduction,time (ms)
0,4999.14,0.00129376,408.964
1,4960.5,0.00901324,806.741
2,4910.66,0.0189697,1204.59
3,4569.51,0.0871245,1708.4
4,3008.82,0.398911,2354.02
5,2713.43,0.457923,2939.42
