Iteration,Cost,Cost reduction,time (ms)
0,157.079,0.128381,592.238
1,19.6631,0.890891,1195.57
2,10.666,0.940816,1689.62
3,4.69428,0.973952,2202.54
4,4.66595,0.974109,2736.84
5,4.66595,0.974109,3250.02
