Iteration,Cost,Cost reduction,time (ms)
0,29.8456,0.319964,102.41
1,14.3723,0.672526,173.804
2,14.3723,0.672526,243.171
3,11.5904,0.735912,294.242
4,11.3554,0.741266,370.969
5,11.3554,0.741266,445.559
