Iteration,Cost,Cost reduction,time (ms)
0,5423.99,0.00119218,176.096
1,5385.35,0.00830785,335.586
2,5335.52,0.0174836,504.229
3,4642.75,0.145055,695.696
4,1882.98,0.653257,909.639
5,1250.29,0.769764,1108.93
