Iteration,Cost,Cost reduction,time (ms)
0,4456.82,0.00145103,413.699
1,4418.18,0.0101085,812.92
2,4368.34,0.0212751,1210
3,3758.47,0.157916,1713.31
4,2015.13,0.548511,2339.92
5,1452.75,0.674512,2880.92
