Iteration,Cost,Cost reduction,time (ms)
0,24.1608,0.40158,573.183
1,17.9377,0.555714,1108.9
2,13.349,0.669368,1627.23
3,7.26807,0.819982,2144
4,7.26807,0.819982,2646.24
5,7.20394,0.821571,2740.12
