Iteration,Cost,Cost reduction,time (ms)
0,59.4279,0.278765,594.715
1,18.1245,0.780036,1158.65
2,18.1245,0.780036,1681.86
3,18.1245,0.780036,1770.83
4,18.1245,0.780036,1844.45
5,18.1245,0.780036,1920.42
