Iteration,Cost,Cost reduction,time (ms)
0,4953.17,0.00130553,412
1,4914.53,0.00909663,809.377
2,4864.7,0.0191445,1206.35
3,4163.49,0.160528,1711.81
4,1763.44,0.644443,2347.77
5,1110.45,0.776104,2878.46
