Iteration,Cost,Cost reduction,time (ms)
0,141.68,0.238575,147.742
1,67.4689,0.637405,257.054
2,35.6138,0.808602,367.189
3,35.6138,0.808602,480.575
4,32.4719,0.825488,556.822
5,31.0407,0.83318,672.763
