Iteration,Cost,Cost reduction,time (ms)
0,104.715,0.213185,264.691
1,54.6993,0.588997,436.69
2,14.3423,0.892234,604.901
3,7.01262,0.947308,822.371
4,6.1162,0.954044,1036.65
5,6.1162,0.954044,1263.85
