Iteration,Cost,Cost reduction,time (ms)
0,25.3488,0.381776,177.544
1,20.0037,0.512136,351.835
2,5.47688,0.866426,517.93
3,5.47688,0.866426,683.478
4,5.47688,0.866426,746.402
5,5.47688,0.866426,796.797
