Iteration,Cost,Cost reduction,time (ms)
0,73.03,0.339379,156.85
1,53.754,0.513747,267.251
2,48.0665,0.565196,378.208
3,37.412,0.661575,504.66
4,35.339,0.680328,627.834
5,35.339,0.680328,760.215
