Iteration,Cost,Cost reduction,time (ms)
0,4378.55,0.00147693,178.691
1,4339.91,0.0102889,336.135
2,4290.07,0.0216548,504.365
3,3645.94,0.168548,693.588
4,1756.83,0.599358,911.248
5,974.136,0.77785,1109.94
