Iteration,Cost,Cost reduction,time (ms)
0,27.2746,0.322649,598.617
1,22.2878,0.446496,1210.64
2,22.2878,0.446496,1765.7
3,20.172,0.499041,1859.8
4,16.4296,0.59198,2405.34
5,16.4296,0.59198,2933.43
