Iteration,Cost,Cost reduction,time (ms)
0,121.095,0.280865,149.905
1,117.95,0.299545,259.265
2,58.8552,0.650483,375.68
3,23.8873,0.858143,504.502
4,9.34324,0.944514,636.243
5,4.72373,0.971948,785.105
