Iteration,Cost,Cost reduction,time (ms)
0,120.091,0.235156,186.085
1,66.9376,0.573682,309.565
2,19.8728,0.873432,431.944
3,19.0095,0.878931,582.791
4,5.64116,0.964072,724.048
5,5.64116,0.964072,877.173
