Iteration,Cost,Cost reduction,time (ms)
0,5601.76,0.00115468,150.985
1,5563.13,0.00804381,249.105
2,5513.25,0.0169384,354.578
3,5489.86,0.0211075,476.201
4,4727.97,0.156961,597.299
5,3907.15,0.303319,768.513
