Iteration,Cost,Cost reduction,time (ms)
0,5.22498,0,16.622
1,1.61126,0.691624,26.395
2,1.61126,0.691624,38.306
3,1.42615,0.727053,46.238
4,1.2194,0.766621,56.348
5,1.2194,0.766621,64.976
6,1.21177,0.768081,70.076
