Iteration,Cost,Cost reduction,time (ms)
0,5113.79,0.00126483,157.394
1,5075.16,0.00881038,257.757
2,5025.27,0.0185531,362.479
3,4373.33,0.145878,484.039
4,3709.91,0.275447,608.584
5,2464.69,0.518641,744.595
