Iteration,Cost,Cost reduction,time (ms)
0,5775.6,0.00112008,179.443
1,5736.96,0.00780291,336.178
2,5687.12,0.0164226,505.548
3,4958.84,0.142378,696.149
4,2056.67,0.644303,913.534
5,1549.02,0.7321,1109.14
