Iteration,Cost,Cost reduction,time (ms)
0,5107.95,0.0012663,413.16
1,5069.31,0.00882153,809.743
2,5019.47,0.0185665,1197.61
3,4316.86,0.155944,1708.42
4,2499.19,0.511345,2333.15
5,2390.4,0.532617,2885.91
