Iteration,Cost,Cost reduction,time (ms)
0,4218.31,0.00153331,132.945
1,4179.68,0.0106776,229.391
2,4129.79,0.0224863,333.891
3,4093.13,0.0311642,457.311
4,2861.22,0.322754,595.132
5,2861.22,0.322754,789.284
