Iteration,Cost,Cost reduction,time (ms)
0,128.961,0.241104,569.611
1,77.356,0.544783,1117.77
2,54.7036,0.678086,1666.14
3,54.7036,0.678086,2220.11
4,54.7036,0.678086,2311.4
5,54.7036,0.678086,2389.11
