Iteration,Cost,Cost reduction,time (ms)
0,65.7535,0.386115,143.526
1,59.246,0.44687,253.276
2,46.5243,0.565642,367.143
3,41.7974,0.609773,482.354
4,17.346,0.838055,594.845
5,17.0128,0.841166,707.662
