Iteration,Cost,Cost reduction,time (ms)
0,39.2282,0.632355,21.997
1,28.2973,0.734798,33.824
2,23.9785,0.775274,45.02
3,23.9785,0.775274,55.78
4,23.9785,0.775274,60.095
