Iteration,Cost,Cost reduction,time (ms)
0,32.448,0.294732,455.204
1,25.1468,0.453426,953.363
2,7.90054,0.828279,1392.69
3,6.83914,0.851349,1851.06
4,6.78366,0.852555,2309.08
