Iteration,Cost,Cost reduction,time (ms)
0,4639.56,0.0013942,138.62
1,4600.92,0.00970941,235.106
2,4550.87,0.0204831,337.63
3,4539.21,0.0229916,454.636
4,3721.04,0.199092,565.988
5,3045.72,0.344448,763.659
