Iteration,Cost,Cost reduction,time (ms)
0,26.3255,0.356949,102.522
1,25.533,0.376307,174.78
2,25.533,0.376307,246.349
3,23.8551,0.417294,297.76
4,19.7295,0.518069,375.616
5,19.3649,0.526974,456.708
