Iteration,Cost,Cost reduction,time (ms)
0,4615.77,0.00140103,412.276
1,4577.13,0.00976079,811.321
2,4527.29,0.020543,1206.28
3,4486.75,0.0293142,1707.71
4,3533.21,0.235606,2254.59
5,1514.4,0.672367,2857.94
