Iteration,Cost,Cost reduction,time (ms)
0,26.2023,0.334492,105.071
1,23.3891,0.405945,176.656
2,21.111,0.463804,248.466
3,20.3559,0.482984,323.264
4,20.3559,0.482984,399.031
5,19.3598,0.508283,451.378
