Iteration,Cost,Cost reduction,time (ms)
0,8.055895436846475,0.0,30.72333335876465
1,7.973325310314314,0.010249652217989014,219.66099739074707
