Iteration,Cost,Cost reduction,time (ms)
0,48.9415,0.255644,208.5
1,20.6364,0.686139,402.604
2,5.26135,0.91998,610.951
3,5.26135,0.91998,812.664
4,4.12511,0.937261,896.339
5,3.03925,0.953776,1101.93
