Iteration,Cost,Cost reduction,time (ms)
0,112.548,0.292362,146.548
1,104.947,0.340152,255.421
2,72.4164,0.544687,371.439
3,12.2686,0.922862,493.792
4,8.2377,0.948206,611.627
5,5.8988,0.962912,731.252
