Iteration,Cost,Cost reduction,time (ms)
0,4319.21,0.00149726,135.647
1,4280.58,0.0104284,232.523
2,4230.53,0.0219991,335.974
3,4220.37,0.0243459,451.915
4,3531.19,0.18367,578.146
5,2551.34,0.410188,717.322
