Iteration,Cost,Cost reduction,time (ms)
0,28.3675,0.329799,559.341
1,16.1963,0.617353,1142.31
2,7.07668,0.832809,1749.2
3,7.07668,0.832809,2361.13
4,7.07668,0.832809,2452.93
5,6.90351,0.8369,2526.46
