Iteration,Cost,Cost reduction,time (ms)
0,34.2297,0.265771,589.948
1,15.9509,0.657851,1173.23
2,12.4989,0.731897,1724.81
3,12.2295,0.737676,2269.23
4,12.2295,0.737676,2813.86
5,11.8501,0.745814,2908.95
