Iteration,Cost,Cost reduction,time (ms)
0,103.818,0.313488,575.492
1,78.826,0.478751,1143.75
2,60.5014,0.599925,1662.18
3,38.6817,0.744212,2204.85
4,38.6817,0.744212,2753.51
5,38.6817,0.744212,2845.21
