Iteration,Cost,Cost reduction,time (ms)
0,4665.24,0.00138666,143.129
1,4626.61,0.00965611,241.207
2,4576.72,0.0203353,344.768
3,4533.4,0.0296091,467.731
4,2486.86,0.467678,606.076
5,2486.86,0.467678,777.901
