Iteration,Cost,Cost reduction,time (ms)
0,78.2154,0.369068,150.925
1,27.3317,0.779526,255.749
2,27.3317,0.779526,364.061
3,26.7362,0.78433,442.759
4,26.7362,0.78433,558.179
5,26.6389,0.785115,637.456
