Iteration,Cost,Cost reduction,time (ms)
0,29.634,0.323983,108.854
1,16.2983,0.628199,188.359
2,12.2833,0.719791,271.012
3,12.2833,0.719791,364.832
4,10.6425,0.75722,422.925
5,7.02425,0.839761,533.335
