Iteration,Cost,Cost reduction,time (ms)
0,4333.07,0.00149207,143.199
1,4294.43,0.0103953,241.762
2,4244.55,0.0218897,346.282
3,4226.1,0.0261415,466.806
4,1945.61,0.551656,602.174
5,1676.16,0.613748,762.103
