Iteration,Cost,Cost reduction,time (ms)
0,27.2657,0.32287,187.041
1,25.7625,0.360203,373.291
2,23.3207,0.420843,544.356
3,19.8542,0.506932,715.571
4,19.8542,0.506932,878.638
5,19.8542,0.506932,947.104
