Iteration,Cost,Cost reduction,time (ms)
0,112.048,0.0200886,155.862
1,23.4617,0.794816,274.815
2,23.4617,0.794816,616.786
3,23.4617,0.794816,691.805
4,23.4617,0.794816,767.486
