Iteration,Cost,Cost reduction,time (ms)
0,5627.48,0.00114938,411.301
1,5588.84,0.00800796,808.263
2,5539.01,0.0168536,1204.78
3,5496.57,0.0243857,1707.08
4,3887.32,0.310019,2246.41
5,3335.8,0.407911,3060.95
