Iteration,Cost,Cost reduction,time (ms)
0,84.874,0.318228,222.589
1,48.0945,0.613669,434.53
2,8.82752,0.929091,650.083
3,8.82752,0.929091,864.122
4,7.38659,0.940665,950.228
5,6.63185,0.946728,1173.77
