Iteration,Cost,Cost reduction,time (ms)
0,5164.12,0.00125238,178.882
1,5125.48,0.00872559,336.737
2,5075.64,0.0183639,506.612
3,5012,0.0306722,697.134
4,2799.27,0.458618,907.811
5,2557.74,0.505329,1172.78
