Iteration,Cost,Cost reduction,time (ms)
0,5873.17,0.00110201,135.123
1,5834.54,0.00767249,231.413
2,5784.47,0.0161874,334.111
3,4845.11,0.175953,454.615
4,4119.31,0.299395,566.833
5,2129.22,0.637866,717.144
