Iteration,Cost,Cost reduction,time (ms)
0,4615.76,0.00140128,148
1,4577.13,0.00975954,246.349
2,4527.24,0.0205523,350.969
3,3920.62,0.151792,473.948
4,2242.12,0.514928,601.72
5,1793.94,0.61189,779.081
