Iteration,Cost,Cost reduction,time (ms)
0,4842.92,0.00133552,138.072
1,4804.29,0.00930209,236.913
2,4754.41,0.0195882,341.014
3,4686.9,0.0335084,461.953
4,2485.74,0.487413,585.64
5,2443.15,0.496194,839.96
