Iteration,Cost,Cost reduction,time (ms)
0,5666.02,0.00114198,140.157
1,5627.39,0.00795249,239.844
2,5577.5,0.0167474,345.877
3,5559.16,0.0199809,470.029
4,4093.56,0.27835,601.536
5,3607.63,0.364015,759.829
