Iteration,Cost,Cost reduction,time (ms)
0,5873.14,0.00110111,176.201
1,5834.5,0.0076732,334.788
2,5784.67,0.016148,503.567
3,5034,0.143822,695.027
4,2758.41,0.530852,912.961
5,1314.44,0.776441,1110.37
