Iteration,Cost,Cost reduction,time (ms)
0,33.2195,0.443387,150.99
1,31.5197,0.471868,258.98
2,23.8734,0.599987,370.272
3,21.2662,0.643672,489.189
4,16.7613,0.719155,611.288
5,4.43576,0.925676,763.571
