Iteration,Cost,Cost reduction,time (ms)
0,5366.52,0.00120544,415.69
1,5327.88,0.00839705,812.14
2,5278.04,0.0176734,1209.3
3,5255.42,0.0218839,1707.98
4,4268.94,0.205482,2209.27
5,2216.95,0.587391,3069
