Iteration,Cost,Cost reduction,time (ms)
0,4312.5,0.00149954,143.213
1,4273.87,0.0104453,243.509
2,4223.81,0.0220351,346.547
3,4167.29,0.0351219,462.886
4,2474.17,0.427141,577.838
5,2389.25,0.446802,745.31
