Iteration,Cost,Cost reduction,time (ms)
0,5366.52,0.00120579,137.127
1,5327.89,0.00839589,235.579
2,5277.99,0.0176818,340.437
3,5225.68,0.0274171,463.883
4,4062.55,0.243896,587.562
5,2769.37,0.484576,727.473
