Iteration,Cost,Cost reduction,time (ms)
0,35.4049,0.260667,101.481
1,35.4049,0.260667,168.964
2,35.4049,0.260667,215.401
3,35.4049,0.260667,263.557
4,35.4049,0.260667,312.906
5,35.4049,0.260667,362.609
