Iteration,Cost,Cost reduction,time (ms)
0,4980.4,0.00131474,131.276
1,4942.54,0.00890663,228.02
2,4893.2,0.0187994,329.776
3,3973.68,0.203185,438.125
4,3539.56,0.290235,547.553
5,2752.95,0.44797,660.078
