Iteration,Cost,Cost reduction,time (ms)
0,4373.08,0.00149728,133.353
1,4335.22,0.0101418,231.329
2,4285.88,0.0214073,332.316
3,3428.9,0.21708,440.343
4,2334.28,0.467015,549.834
5,2301.91,0.474406,656.276
