Iteration,Cost,Cost reduction,time (ms)
0,36.177,0.00138424,378.422
1,36.0248,0.00558397,771.776
2,36.0002,0.00626555,1159.83
3,36.0002,0.00626555,1549.67
4,36.0002,0.00626555,1628.97
5,36.0002,0.00626555,1686.41
