Iteration,Cost,Cost reduction,time (ms)
0,92.3166,0.359578,143.358
1,87.47,0.3932,250.573
2,32.6698,0.773362,363.275
3,32.3294,0.775723,475.206
4,32.3294,0.775723,587.013
5,32.3294,0.775723,666.902
