Iteration,Cost,Cost reduction,time (ms)
0,4284.91,0.00150953,159.091
1,4246.27,0.0105122,258.546
2,4196.21,0.0221774,363.271
3,4177.47,0.0265443,478.262
4,3221.45,0.249321,593.857
5,2109.8,0.508364,745.44
