Iteration,Cost,Cost reduction,time (ms)
0,4593.11,0.00140777,178.354
1,4554.47,0.00980876,337.923
2,4504.64,0.0206431,507.169
3,4449.09,0.0327206,689.575
4,3248.85,0.293665,895.36
5,1622.7,0.647206,1120.18
