Iteration,Cost,Cost reduction,time (ms)
0,4702.8,0.00137577,141.623
1,4664.17,0.00957921,240.795
2,4614.27,0.020174,346.534
3,3942.06,0.162916,467.687
4,1625.47,0.654836,591.682
5,1625.47,0.654836,751.003
