Iteration,Cost,Cost reduction,time (ms)
0,31.9782,0.291534,101.538
1,19.3138,0.57211,173.025
2,18.5766,0.588441,247.099
3,18.5766,0.588441,323.343
4,18.5766,0.588441,377.329
5,18.5766,0.588441,428.849
