Iteration,Cost,Cost reduction,time (ms)
0,1038.9516541950804,0.0,4234.285116195679
1,98.26815721076133,0.9054160443231656,13276.78632736206
