Iteration,Cost,Cost reduction,time (ms)
0,69.9099,0.255109,150.149
1,30.9557,0.670167,261.532
2,29.631,0.684282,376.007
3,14.7383,0.842963,493.611
4,7.47085,0.920398,620.454
5,2.36179,0.974835,747.191
