Iteration,Cost,Cost reduction,time (ms)
0,26.8415,0.32048,532.516
1,17.7633,0.550305,1045.04
2,9.91738,0.748931,1486.21
3,9.91738,0.748931,1942.34
4,9.91738,0.748931,2031.58
5,8.63553,0.781383,2094.5
