Iteration,Cost,Cost reduction,time (ms)
0,30.1864,0.355541,572.075
1,19.1268,0.591655,1201.13
2,11.8279,0.747482,1828.53
3,5.99711,0.871966,2441.34
4,3.60483,0.923039,3053.92
5,3.60483,0.923039,3682.18
