Iteration,Cost,Cost reduction,time (ms)
0,158.378,0.10932,204.929
1,54.0942,0.695787,404.114
2,37.6675,0.788167,608.016
3,37.6675,0.788167,824.812
4,37.6675,0.788167,913.983
5,34.4374,0.806332,1001.58
