Iteration,Cost,Cost reduction,time (ms)
0,30.9258,0.314316,172.558
1,30.9258,0.314316,349.263
2,30.3972,0.326035,416.569
3,23.489,0.479203,593.048
4,23.489,0.479203,772.343
5,13.8028,0.693966,844.171
