Iteration,Cost,Cost reduction,time (ms)
0,32.7735,0.258784,578.23
1,15.6886,0.645182,1149.75
2,9.26798,0.790392,1738.78
3,8.09792,0.816855,2265.88
4,7.99947,0.819081,2803.53
5,5.95313,0.865362,3339.43
