Iteration,Cost,Cost reduction,time (ms)
0,5196.72,0.00124452,145.847
1,5158.08,0.00867087,249.88
2,5108.24,0.0182487,355.747
3,4952.64,0.048155,478.763
4,3224.81,0.380226,612.016
5,2319.4,0.554235,749.275
6,2118.02,0.592939,893.736
7,2118.02,0.592939,1052.39
