Iteration,Cost,Cost reduction,time (ms)
0,142.109,0.179727,151.628
1,44.3482,0.744016,265.287
2,36.3056,0.790439,389.868
3,36.3056,0.790439,542.014
4,36.3056,0.790439,624.595
