Iteration,Cost,Cost reduction,time (ms)
0,43.4218,0.590623,157.103
1,30.253,0.714776,356.316
2,20.2338,0.809237,577.616
3,11.799,0.88876,775.898
4,8.13588,0.923295,987.693
5,6.92194,0.93474,1196.14
