Iteration,Cost,Cost reduction,time (ms)
0,105.084,0.213934,595.865
1,31.6088,0.763555,1130.79
2,31.0597,0.767662,1654.85
3,21.0817,0.842301,2186.04
4,21.0817,0.842301,2736.08
5,21.0817,0.842301,2830.72
