Iteration,Cost,Cost reduction,time (ms)
0,4583.03,0.00142861,131.862
1,4545.17,0.00967778,228.614
2,4495.84,0.0204275,330.594
3,3621.18,0.211002,439.269
4,3146.28,0.314475,548.057
5,1590.28,0.653502,656.215
