Iteration,Cost,Cost reduction,time (ms)
0,37.7278,0.383308,145.649
1,19.9194,0.674401,254.021
2,6.88716,0.887424,372.382
3,6.88716,0.887424,487.665
4,6.88716,0.887424,562.731
5,6.88716,0.887424,637.973
