Iteration,Cost,Cost reduction,time (ms)
0,5488.6,0.00117889,138.544
1,5449.97,0.00820927,236.612
2,5400.08,0.0172883,341.955
3,5346.34,0.0270678,464.063
4,2152.2,0.608341,594.337
5,2029.72,0.63063,763.35
