Iteration,Cost,Cost reduction,time (ms)
0,5854.14,0.00110533,143.32
1,5815.51,0.00769722,242.303
2,5765.62,0.0162098,346.802
3,5746.9,0.0194043,470.591
4,3914.15,0.332127,602.437
5,2492.18,0.574759,760.356
