Iteration,Cost,Cost reduction,time (ms)
0,26.4642,0.400092,178.033
1,19.4875,0.558246,338.878
2,15.7166,0.643726,499.193
3,15.7166,0.643726,658.265
4,15.7166,0.643726,720.545
5,13.2834,0.698884,772.025
