Iteration,Cost,Cost reduction,time (ms)
0,29.4579,0.353787,105.422
1,22.7643,0.500625,180.662
2,22.5567,0.505177,256.39
3,22.5567,0.505177,334.081
4,21.5816,0.526568,385.114
5,21.1816,0.535343,465.702
