Iteration,Cost,Cost reduction,time (ms)
0,34.1518,0.160352,114.033
1,34.1518,0.160352,189.471
2,34.1518,0.160352,237.873
3,34.1518,0.160352,286.753
4,34.1518,0.160352,336.412
5,34.1518,0.160352,386.107
