Iteration,Cost,Cost reduction,time (ms)
0,95.2836,0,114.567
1,94.767,0.00542147,162.513
2,44.4772,0.533212,192.109
3,44.4772,0.533212,237.675
4,44.4772,0.533212,264.895
5,44.4772,0.533212,294.732
6,44.4772,0.533212,322.047
