Iteration,Cost,Cost reduction,time (ms)
0,4776.84,0.00137077,132.295
1,4738.98,0.0092857,228.933
2,4689.64,0.0196,330.741
3,3796.34,0.206351,438.769
4,3280.32,0.314228,547.39
5,1521.61,0.681898,657.496
