Iteration,Cost,Cost reduction,time (ms)
0,62.2649,0.153891,147.534
1,13.0104,0.823204,259.149
2,12.1747,0.834559,373.781
3,11.6252,0.842027,486.98
4,4.83016,0.934364,601.863
5,3.2972,0.955195,714.295
