Iteration,Cost,Cost reduction,time (ms)
0,5342.52,0.00121071,414.551
1,5303.88,0.00843464,809.69
2,5254.04,0.017752,1207.7
3,4898.77,0.0841698,1722.63
4,3191.15,0.403412,2365.78
5,2821.31,0.472552,2965.35
