Iteration,Cost,Cost reduction,time (ms)
0,4333.08,0.00149219,145.731
1,4294.44,0.0103965,259.363
2,4244.61,0.0218805,378.199
3,4102.28,0.0546784,516.417
4,3444.03,0.206364,662.46
5,3444.03,0.206364,790.016
