Iteration,Cost,Cost reduction,time (ms)
0,20.807,0.496257,107.951
1,14.6331,0.64573,183.052
2,14.2021,0.656164,262.694
3,12.3206,0.701714,354.674
4,12.3206,0.701714,445.076
5,12.3206,0.701714,494.078
