Iteration,Cost,Cost reduction,time (ms)
0,26.8241,0.334444,106.705
1,15.5845,0.613319,182.053
2,13.3889,0.667795,256.358
3,13.3889,0.667795,330.33
4,13.3889,0.667795,380.24
5,13.3888,0.667798,431.977
