Iteration,Cost,Cost reduction,time (ms)
0,52.239,0.0152127,690.596
1,51.8372,0.0227871,1349.69
2,20.5135,0.613288,1796.31
3,20.5135,0.613288,2236.34
4,20.5135,0.613288,2302.15
5,20.5135,0.613288,2367.3
6,20.5135,0.613288,2439.06
