Iteration,Cost,Cost reduction,time (ms)
0,78.9697,0.334696,540.8
1,47.6473,0.59858,1082.28
2,40.7021,0.657093,1628.84
3,34.8138,0.7067,2159.3
4,31.6682,0.733202,2694.26
5,29.7384,0.74946,3254.22
