Iteration,Cost,Cost reduction,time (ms)
0,29.3983,0.333597,104.511
1,27.224,0.382883,178.877
2,27.224,0.382883,250.384
3,24.8826,0.435959,304.865
4,14.2555,0.676856,384.936
5,14.2555,0.676856,462.025
