Iteration,Cost,Cost reduction,time (ms)
0,29.6453,0.338296,585.447
1,12.8654,0.712836,1185.75
2,4.70838,0.894906,1869.77
3,4.36554,0.902558,2504.97
4,3.57797,0.920137,3136.06
5,3.08647,0.931108,3767.54
