Iteration,Cost,Cost reduction,time (ms)
0,91.9698,0.320063,221.203
1,70.3121,0.480179,427.056
2,35.7019,0.736054,630.748
3,22.2716,0.835345,843.078
4,12.6514,0.906467,1054.47
5,12.6514,0.906467,1262.23
