Iteration,Cost,Cost reduction,time (ms)
0,77.4482,0.292412,149.697
1,58.334,0.467045,257.671
2,39.6083,0.638128,370.762
3,21.7785,0.801025,488.311
4,19.7087,0.819936,609.047
5,18.3786,0.832088,727.828
