Iteration,Cost,Cost reduction,time (ms)
0,85.5862,0.370097,142.899
1,79.4012,0.415618,250.221
2,53.0368,0.609656,363.125
3,45.5688,0.664619,485.258
4,45.5688,0.664619,606.331
5,44.4748,0.672672,697.553
