Iteration,Cost,Cost reduction,time (ms)
0,18.4362,0.531196,99.849
1,16.8686,0.571058,166.298
2,16.6239,0.577281,234.643
3,11.1715,0.715926,303.296
4,11.1715,0.715926,364.545
5,11.1715,0.715926,402.953
6,11.1715,0.715926,441.092
