Iteration,Cost,Cost reduction,time (ms)
0,25.3929,0.422874,109.665
1,15.4662,0.648487,184.229
2,15.4662,0.648487,257.066
3,15.4662,0.648487,305.972
4,15.4662,0.648487,355.288
5,15.4662,0.648487,405.099
