Iteration,Cost,Cost reduction,time (ms)
0,25.6823,0.368757,176.89
1,22.3717,0.450126,356.406
2,10.3928,0.744556,532.7
3,10.3928,0.744556,710.162
4,10.3928,0.744556,777.107
5,10.3928,0.744556,828.258
