Iteration,Cost,Cost reduction,time (ms)
0,50.5957,0.257885,523.544
1,6.10881,0.910399,1046.27
2,5.68255,0.916651,1605.69
3,3.90503,0.942723,2151.8
4,3.85155,0.943507,2696.89
5,3.85155,0.943507,3253.49
