Iteration,Cost,Cost reduction,time (ms)
0,121.685,0.29001,201.643
1,109.397,0.361704,319.145
2,47.4354,0.72323,434.726
3,45.22,0.736156,562.556
4,10.6342,0.937953,708.256
5,10.6342,0.937953,861.239
