Iteration,Cost,Cost reduction,time (ms)
0,26.1661,0.412883,543.988
1,19.3746,0.565272,1036.12
2,19.3746,0.565272,1522.05
3,15.9101,0.643009,1612.42
4,15.9101,0.643009,2085.38
5,15.9101,0.643009,2175.73
