Iteration,Cost,Cost reduction,time (ms)
0,70.2327,0.407912,145.08
1,63.9576,0.460813,251.467
2,33.5325,0.717308,362.841
3,22.3057,0.811955,476.47
4,10.2608,0.913498,592.932
5,3.74511,0.968427,710.1
