Iteration,Cost,Cost reduction,time (ms)
0,127.676,0.301645,207.842
1,105.839,0.421087,415.021
2,69.0306,0.622421,618.189
3,65.4125,0.642211,825.598
4,28.9403,0.841705,1036.97
5,7.37725,0.959648,1248.12
