Iteration,Cost,Cost reduction,time (ms)
0,32.2939,0.300276,102.688
1,20.8935,0.547294,178.265
2,20.8935,0.547294,247.789
3,19.944,0.567866,298.932
4,18.1199,0.607389,374.829
5,18.1199,0.607389,450.092
