Iteration,Cost,Cost reduction,time (ms)
0,98.6299,0.308386,156.34
1,98.1633,0.311657,267.171
2,92.5839,0.350781,382.396
3,90.135,0.367953,502.684
4,78.046,0.452724,625.131
5,71.6153,0.497818,754.223
