Iteration,Cost,Cost reduction,time (ms)
0,26.1016,0.375063,186.439
1,17.1618,0.589102,367.782
2,8.6173,0.79368,550.506
3,8.6173,0.79368,731.602
4,8.39999,0.798883,802.232
5,7.70222,0.815589,980.124
