Iteration,Cost,Cost reduction,time (ms)
0,4702.79,0.00137564,145.114
1,4664.16,0.00957913,246.84
2,4614.27,0.0201733,351.629
3,4599.26,0.0233617,473.302
4,3255.91,0.308616,611.623
5,2855.69,0.393602,784.63
