Iteration,Cost,Cost reduction,time (ms)
0,83.8357,0.312418,153.807
1,54.0368,0.556815,262.349
2,30.5616,0.749348,383.482
3,30.5616,0.749348,512.198
4,23.6278,0.806215,594.368
5,20.1665,0.834603,718.972
