Iteration,Cost,Cost reduction,time (ms)
0,26.1831,0.359835,561.239
1,13.629,0.666776,1177.84
2,9.87418,0.75858,1848.4
3,6.50259,0.841014,2496.21
4,4.44184,0.891399,3169.97
5,3.89418,0.904789,3825.29
