Iteration,Cost,Cost reduction,time (ms)
0,1039.8760570805648,0.0,4242.219686508179
1,82.72770943148636,0.9204446444668194,12446.602582931519
