Iteration,Cost,Cost reduction,time (ms)
0,4403.25,0.00146904,142.903
1,4364.61,0.0102298,242.107
2,4314.72,0.0215435,347.325
3,4271.97,0.0312382,469.624
4,2152.22,0.511937,607.43
5,1956.67,0.556283,760.03
