Iteration,Cost,Cost reduction,time (ms)
0,29.6556,0.430364,153.384
1,13.3435,0.743693,258.811
2,10.8878,0.790863,374.359
3,4.90465,0.90579,492.344
4,3.68299,0.929256,605.7
5,2.97827,0.942792,722.609
