Iteration,Cost,Cost reduction,time (ms)
0,25.9828,0.41119,103.659
1,16.7409,0.620626,174.491
2,11.2563,0.744914,246.708
3,10.9721,0.751355,321.47
4,9.47746,0.785226,398.849
5,7.78962,0.823475,477.971
