Iteration,Cost,Cost reduction,time (ms)
0,65.0378,0.501693,152.654
1,31.9374,0.755301,258.824
2,31.9374,0.755301,383.817
3,31.9374,0.755301,473.574
4,13.3988,0.897341,562.251
5,11.0043,0.915687,661.885
6,11.0043,0.915687,785.848
