Iteration,Cost,Cost reduction,time (ms)
0,27.9432,0.2919,195.359
1,16.1986,0.589516,376.571
2,15.9518,0.595771,565.074
3,15.9518,0.595771,745.489
4,15.9518,0.595771,822.382
5,15.9518,0.595771,877.443
