Iteration,Cost,Cost reduction,time (ms)
0,28.2471,0.397554,105.216
1,23.6314,0.495996,181.978
2,23.6314,0.495996,255.355
3,21.9583,0.531679,305.961
4,7.91269,0.83124,383.191
5,7.91269,0.83124,472.731
