Iteration,Cost,Cost reduction,time (ms)
0,4872.94,0.00132682,178.864
1,4834.3,0.00924609,335.528
2,4784.47,0.0194581,504.847
3,4094.25,0.160913,696.053
4,3129.36,0.358661,909.686
5,2739.07,0.438647,1122.24
