Iteration,Cost,Cost reduction,time (ms)
0,4366.47,0.00148117,135.591
1,4327.84,0.0103157,234.313
2,4277.79,0.021762,337.189
3,4256.33,0.0266676,450.153
4,2709.16,0.380474,565.796
5,2128.24,0.513318,733.472
