Iteration,Cost,Cost reduction,time (ms)
0,31.6642,0.306827,110.735
1,13.6823,0.700476,189.824
2,10.7085,0.765576,271.629
3,7.14946,0.843489,359.708
4,6.52067,0.857254,449.053
5,6.39966,0.859903,545.174
