Iteration,Cost,Cost reduction,time (ms)
0,5820,0.00111185,136.395
1,5781.36,0.00774226,233.995
2,5731.47,0.0163047,337.427
3,5697.78,0.0220881,459.866
4,3395.73,0.417189,601.45
5,3395.73,0.417189,757.165
