Iteration,Cost,Cost reduction,time (ms)
0,117.256,0.270151,155.145
1,106.035,0.339991,276.536
2,52.2931,0.674506,398.94
3,19.7577,0.87702,526.081
4,15.0121,0.906558,655.168
5,6.82566,0.957514,778.976
6,6.82566,0.957514,906.372
