Iteration,Cost,Cost reduction,time (ms)
0,5601.76,0.00115457,150.246
1,5563.13,0.00804385,249.414
2,5513.08,0.0169681,353.94
3,5485.51,0.0218831,471.573
4,3580.28,0.361603,587.246
5,3125.22,0.442745,776.267
