Iteration,Cost,Cost reduction,time (ms)
0,4378.48,0.00149557,132.602
1,4340.62,0.0101294,232.613
2,4291.28,0.0213813,334.296
3,3430.75,0.217624,442.94
4,1438.66,0.671916,553.407
5,1404.73,0.679655,660.089
