Iteration,Cost,Cost reduction,time (ms)
0,30.6926,0.343903,184.095
1,13.2235,0.71733,370.689
2,11.7756,0.748281,575.348
3,8.34708,0.82157,759.024
4,3.95155,0.91553,942.988
5,3.95155,0.91553,1128.88
