Iteration,Cost,Cost reduction,time (ms)
0,26.6167,0.345507,109.026
1,16.8233,0.586323,186.282
2,13.8552,0.659307,264.197
3,13.8552,0.659307,346.793
4,12.2461,0.698875,402.371
5,12.2461,0.698875,487.533
