Iteration,Cost,Cost reduction,time (ms)
0,30.9145,0.333013,108.822
1,17.7754,0.616492,188.601
2,8.65031,0.813368,270.07
3,6.12774,0.867793,359.064
4,6.12774,0.867793,445.834
5,6.12774,0.867793,498.257
