Iteration,Cost,Cost reduction,time (ms)
0,31.9409,0.298409,104.856
1,21.6123,0.52528,185.011
2,20.983,0.539102,272.959
3,20.6624,0.546144,368.893
4,20.5578,0.548443,463.548
5,20.0009,0.560675,558.7
