Iteration,Cost,Cost reduction,time (ms)
0,4928.95,0.00132858,133.781
1,4891.09,0.00899955,229.444
2,4841.75,0.0189966,329.882
3,3933.87,0.202946,438.137
4,3399.8,0.311155,546.29
5,2757.13,0.441368,656.967
