Iteration,Cost,Cost reduction,time (ms)
0,88.0987,0.0829343,137.083
1,26.2924,0.726308,240.137
2,21.7435,0.773661,344.768
3,18.5972,0.806412,459.558
4,18.5972,0.806412,580.866
5,15.6783,0.836797,660.495
