Iteration,Cost,Cost reduction,time (ms)
0,25.4352,0.430432,114.706
1,25.4352,0.430432,190.873
2,25.4352,0.430432,237.566
3,25.4352,0.430432,283.878
4,25.4352,0.430432,330.556
5,25.4352,0.430432,376.903
6,21.0382,0.528894,427.773
7,15.4368,0.654325,512.274
8,7.71789,0.827174,594.218
9,7.71789,0.827174,726.845
