Iteration,Cost,Cost reduction,time (ms)
0,5768.55,0.0011212,412.078
1,5729.91,0.00781228,809.574
2,5680.08,0.0164415,1204.88
3,4955.07,0.141983,1711.26
4,2148.78,0.627919,2344.91
5,1691.58,0.707088,2881.88
