Iteration,Cost,Cost reduction,time (ms)
0,112.669,0.348364,213.382
1,94.2701,0.454777,422.837
2,81.2422,0.530125,630.732
3,47.2448,0.726754,842.6
4,41.6547,0.759085,1051.48
5,23.4559,0.86434,1262.8
