Iteration,Cost,Cost reduction,time (ms)
0,65.7836,0.44968,158.603
1,44.8814,0.62454,370.006
2,44.8814,0.62454,592.432
3,26.7973,0.775825,691.914
4,17.5303,0.853348,929.365
5,17.5303,0.853348,1164.14
