Iteration,Cost,Cost reduction,time (ms)
0,35.7349,0.194823,120.053
1,35.7349,0.194823,197.434
2,33.6863,0.240981,248.132
3,28.443,0.359122,334.516
4,24.2397,0.453832,433.71
5,21.3963,0.5179,538.165
