Iteration,Cost,Cost reduction,time (ms)
0,84.7289,0.364658,144.952
1,40.6226,0.695391,247.685
2,8.63342,0.935262,353.957
3,8.63342,0.935262,467.019
4,8.52436,0.93608,543.227
5,8.43738,0.936732,656.214
