Iteration,Cost,Cost reduction,time (ms)
0,27.1054,0.310116,101.575
1,16.9298,0.569103,180.1
2,12.4192,0.683908,259.938
3,9.5988,0.755692,341.141
4,9.05908,0.769429,429.216
5,9.05908,0.769429,513.907
