Iteration,Cost,Cost reduction,time (ms)
0,7.8130538368464775,0.0,86.96818351745605
1,7.728701519589228,0.010796331244953494,389.1639709472656
