Iteration,Cost,Cost reduction,time (ms)
0,100.223,0.259543,163.853
1,41.533,0.693149,294.094
2,12.4112,0.908304,435.258
3,11.7035,0.913533,577.946
4,6.1741,0.954385,723.573
5,5.09918,0.962327,876.094
6,5.09918,0.962327,1025.13
