Iteration,Cost,Cost reduction,time (ms)
0,30.8028,0.310241,105.99
1,15.039,0.663236,184.506
2,7.30645,0.836388,274.823
3,5.04783,0.886965,364.13
4,5.04783,0.886965,457.029
5,4.94692,0.889225,514.846
