Iteration,Cost,Cost reduction,time (ms)
0,4552.27,0.00142051,411.598
1,4513.63,0.00989673,807.611
2,4463.79,0.0208289,1203.92
3,4396.9,0.0355026,1706.76
4,2495.99,0.452483,2195
5,1663.16,0.63517,2998.98
