Iteration,Cost,Cost reduction,time (ms)
0,36.4213,0.225378,99.277
1,31.6382,0.327107,170.754
2,31.6382,0.327107,241.532
3,31.6382,0.327107,292.068
4,31.6382,0.327107,344.007
5,31.6382,0.327107,397.144
