Iteration,Cost,Cost reduction,time (ms)
0,112.599,0.292349,145.903
1,110.31,0.306737,248.408
2,34.181,0.785183,359.261
3,29.5113,0.814531,475.044
4,26.5913,0.832882,586.259
5,25.2593,0.841253,697.561
