Iteration,Cost,Cost reduction,time (ms)
0,50.8856,0.110049,6.968
1,41.9623,0.26611,10.963
2,11.7546,0.794421,15.336
3,6.08414,0.893593,19.465
4,0.901211,0.984238,23.647
5,0.497376,0.991301,27.949
6,0.445356,0.992211,32.765
7,0.445356,0.992211,37.6
