Iteration,Cost,Cost reduction,time (ms)
0,43.4474,0.153566,136.861
1,29.1733,0.431651,241.162
2,10.5479,0.794507,346.088
3,5.30111,0.896725,452.611
4,4.56093,0.911145,562.971
5,2.07425,0.95959,672.47
6,2.07425,0.95959,780.255
