Iteration,Cost,Cost reduction,time (ms)
0,4665.15,0.00140314,128.435
1,4627.29,0.00950747,226.643
2,4577.95,0.0200683,327.73
3,3725.61,0.202516,435.39
4,3456.5,0.26012,546.597
5,2815.53,0.397322,657.386
