Iteration,Cost,Cost reduction,time (ms)
0,23.488,0.425431,184.906
1,15.3003,0.62572,350.67
2,9.70539,0.762584,517.288
3,9.70539,0.762584,684.435
4,9.70539,0.762584,752.58
5,9.70539,0.762584,801.193
