Iteration,Cost,Cost reduction,time (ms)
0,27.3679,0.325899,105.344
1,16.191,0.601199,180.481
2,10.1433,0.750159,255.829
3,7.97496,0.803568,335.649
4,4.79374,0.881925,416.851
5,4.79374,0.881925,497.358
