Iteration,Cost,Cost reduction,time (ms)
0,43.5735,0.319675,149.254
1,33.8069,0.472163,255.86
2,13.7903,0.784688,365.053
3,7.77866,0.87855,482.458
4,6.86708,0.892782,603.7
5,6.86708,0.892782,720.817
