Iteration,Cost,Cost reduction,time (ms)
0,27.3944,0.297515,585.386
1,14.3271,0.632604,1146.16
2,7.77156,0.800711,1732.03
3,5.05243,0.870439,2289.66
4,3.28786,0.915688,2868.55
5,2.90318,0.925553,3462.31
6,2.84691,0.926996,4037.12
7,2.8037,0.928104,4604.59
8,2.8037,0.928104,5162.73
