Iteration,Cost,Cost reduction,time (ms)
0,2.00678,0.724405,24.374
1,2.00678,0.724405,49.932
2,2.00678,0.724405,67.702
3,2.00678,0.724405,99.476
4,1.65499,0.772716,105.921
5,1.65499,0.772716,126.534
6,1.63715,0.775166,133.428
7,1.56772,0.784702,145.885
8,1.56772,0.784702,156.645
