Iteration,Cost,Cost reduction,time (ms)
0,380.859,0.538504,28.437
1,380.859,0.538504,37.599
2,145.933,0.82317,61.225
3,145.933,0.82317,80.684
4,145.933,0.82317,87.55
5,68.9653,0.916433,95.241
6,68.9653,0.916433,103.717
