Iteration,Cost,Cost reduction,time (ms)
0,17.9719,0.604045,99.711
1,17.9719,0.604045,178.099
2,17.9719,0.604045,234.502
3,17.9719,0.604045,290.431
4,17.9719,0.604045,346.341
5,17.9719,0.604045,401.909
6,14.2708,0.685587,511.676
7,14.2708,0.685587,578.345
