Iteration,Cost,Cost reduction,time (ms)
0,4.86993863684644,0.0,31.17203712463379
1,4.526948813933825,0.07043000918276865,197.35956192016602
