Iteration,Cost,Cost reduction,time (ms)
0,52.5537,0.130363,539.356
1,21.3301,0.647038,1077.67
2,7.58432,0.874498,1649.26
3,7.51966,0.875568,2213.89
4,4.82792,0.92011,2784.71
5,4.82792,0.92011,3338.29
