Iteration,Cost,Cost reduction,time (ms)
0,45.0692,0.286401,135.581
1,17.3014,0.72606,240.017
2,4.45417,0.929475,351.241
3,4.13683,0.9345,463.41
4,4.13683,0.9345,573.389
5,4.12733,0.93465,653.828
