Iteration,Cost,Cost reduction,time (ms)
0,29.7862,0.334482,107.63
1,14.2127,0.682442,184.747
2,14.0021,0.687149,263.616
3,14.0021,0.687149,343.113
4,14.0021,0.687149,399.226
5,13.9781,0.687684,457.017
