Iteration,Cost,Cost reduction,time (ms)
0,4942.78,0.00130835,178.395
1,4904.14,0.00911578,337.445
2,4854.31,0.0191849,506.848
3,4181.49,0.155127,699.556
4,2110.68,0.573537,917.002
5,1669.7,0.662636,1116.96
