Iteration,Cost,Cost reduction,time (ms)
0,51.5531,0.278176,576.235
1,18.017,0.747734,1099.81
2,13.4765,0.811308,1646.83
3,10.3605,0.854936,2185.22
4,8.53948,0.880434,2741.04
5,8.53948,0.880434,3287.2
