Iteration,Cost,Cost reduction,time (ms)
0,114.516,0.317017,156.874
1,99.4881,0.406642,268.862
2,46.9711,0.719859,383.669
3,33.3805,0.800915,509.038
4,20.8618,0.875578,639.615
5,20.8618,0.875578,783.185
