Iteration,Cost,Cost reduction,time (ms)
0,27.7443,0.34421,108.042
1,11.6427,0.724802,184.91
2,9.6302,0.772371,264.828
3,9.6302,0.772371,339.67
4,9.6302,0.772371,396.177
5,9.58415,0.77346,454.439
