Iteration,Cost,Cost reduction,time (ms)
0,156.412,0.0423176,147.524
1,50.2783,0.692154,258.307
2,44.9075,0.725039,384.539
3,36.678,0.775427,536.977
4,23.5997,0.855503,699.295
5,7.74646,0.95257,913.305
