Iteration,Cost,Cost reduction,time (ms)
0,24.8743,0.431445,181.122
1,16.1323,0.631261,343.749
2,12.1666,0.721905,509.9
3,9.98714,0.771722,675.823
4,9.98714,0.771722,844.493
5,9.98714,0.771722,908.31
