Iteration,Cost,Cost reduction,time (ms)
0,30.4797,0.35175,105.222
1,17.7853,0.621739,178.682
2,17.7853,0.621739,254.698
3,17.7853,0.621739,304.919
4,17.7853,0.621739,354.594
5,17.7853,0.621739,405.044
