Iteration,Cost,Cost reduction,time (ms)
0,31.0936,0.335832,606.378
1,15.2068,0.675179,1211.73
2,5.41365,0.884363,1868.08
3,3.70288,0.920905,2489.49
4,2.59614,0.944546,3087.53
5,2.59614,0.944546,3682.32
