Iteration,Cost,Cost reduction,time (ms)
0,30.6113,0.238982,623.025
1,25.5735,0.364225,1195.39
2,14.7612,0.633027,1755.12
3,8.45047,0.789916,2284.2
4,8.45047,0.789916,2784.94
5,7.13924,0.822514,2882.67
