Iteration,Cost,Cost reduction,time (ms)
0,26.7249,0.380121,104.9
1,14.235,0.669822,178.383
2,10.8457,0.748436,257.149
3,6.0381,0.859947,338.85
4,6.0381,0.859947,421.538
5,6.0381,0.859947,471.703
