Iteration,Cost,Cost reduction,time (ms)
0,15.6418,0.722113,518.308
1,15.6418,0.722113,990.993
2,15.6418,0.722113,1079.69
3,15.6418,0.722113,1138.83
4,15.6418,0.722113,1185.92
5,15.6418,0.722113,1234.4
