Iteration,Cost,Cost reduction,time (ms)
0,4.88071,0.92084,17.135
1,1.88689,0.969397,28.052
2,0.720724,0.988311,39.79
3,0.720724,0.988311,50.983
4,0.720724,0.988311,56.724
