Iteration,Cost,Cost reduction,time (ms)
0,38.2881,0.139532,556.152
1,14.1696,0.68156,1130.79
2,9.97442,0.77584,1666.06
3,9.34651,0.789951,2234.39
4,9.34651,0.789951,2717.67
5,9.34651,0.789951,2811.45
