Iteration,Cost,Cost reduction,time (ms)
0,66.4952,0.408984,146.95
1,33.6197,0.701185,250.033
2,3.57481,0.968227,365.897
3,2.88026,0.9744,485.865
4,2.70956,0.975917,607.413
5,2.07615,0.981547,730.095
