Iteration,Cost,Cost reduction,time (ms)
0,1039.8123470215326,0.0,8817.2025680542
1,601.4541353369985,0.421574347467771,14444.563388824463
