Iteration,Cost,Cost reduction,time (ms)
0,27.8349,0.691176,152.641
1,9.96707,0.889417,340.673
2,9.96707,0.889417,546.375
3,9.96707,0.889417,636.993
4,9.96707,0.889417,718.893
5,9.96707,0.889417,809.416
