Iteration,Cost,Cost reduction,time (ms)
0,5335.52,0.00121203,135.81
1,5296.89,0.0084447,233.975
2,5246.84,0.0178136,335.963
3,4968.09,0.0699934,450.211
4,3163.77,0.407756,565.589
5,3059.51,0.427272,682.224
