Iteration,Cost,Cost reduction,time (ms)
0,58.3688,0.20444,154.904
1,27.097,0.630671,266.576
2,9.65452,0.86841,378.446
3,9.45963,0.871066,498.013
4,7.70785,0.894943,620.697
5,5.36244,0.926911,744.66
