Iteration,Cost,Cost reduction,time (ms)
0,4754.98,0.00136043,154.255
1,4716.35,0.00947451,256.159
2,4666.46,0.0199526,361.874
3,4652.72,0.0228389,485.031
4,3581.86,0.247738,613.245
5,3581.86,0.247738,755.14
