Iteration,Cost,Cost reduction,time (ms)
0,4335.93,0.00150979,129.844
1,4298.07,0.0102284,226.511
2,4248.74,0.0215897,327.519
3,3404.48,0.216007,435.108
4,3064.99,0.294185,544.94
5,2550.07,0.412762,657.574
6,629.316,0.855079,771.684
7,615.943,0.858159,880.101
8,600.335,0.861753,989.185
9,600.335,0.861753,1096.07
