Iteration,Cost,Cost reduction,time (ms)
0,27.5738,0.391708,107.496
1,18.7096,0.587256,181.139
2,8.49769,0.812536,256.821
3,8.49769,0.812536,334.387
4,7.7337,0.82939,386.641
5,7.7337,0.82939,465.348
