Iteration,Cost,Cost reduction,time (ms)
0,47.3332,0.378451,564.522
1,30.3165,0.601904,1106.84
2,29.1066,0.617791,1625.44
3,27.2358,0.642357,2157.47
4,14.6644,0.807437,2700.86
5,14.3679,0.81133,3225.61
