Iteration,Cost,Cost reduction,time (ms)
0,46.7736,0.131068,102.288
1,35.7665,0.335551,177.946
2,23.7076,0.559574,258.156
3,13.0996,0.756643,346.554
4,13.0996,0.756643,426.839
5,13.0996,0.756643,479.043
