Iteration,Cost,Cost reduction,time (ms)
0,4593.04,0.00142547,132.397
1,4555.18,0.00965671,230.043
2,4505.84,0.0203826,330.858
3,3636.57,0.209372,438.642
4,3201.37,0.303989,547.285
5,2692.62,0.414596,660.336
