Iteration,Cost,Cost reduction,time (ms)
0,26.3057,0.46553,151.012
1,19.3429,0.606996,252.129
2,17.1111,0.652342,360.567
3,11.8611,0.759011,471.993
4,8.74307,0.822361,585.071
5,5.74672,0.88324,712.664
