Iteration,Cost,Cost reduction,time (ms)
0,85.5291,0.368821,150.242
1,60.46,0.553823,257.989
2,31.8299,0.765105,375.941
3,31.8299,0.765105,516.786
4,31.8299,0.765105,599.392
5,31.8299,0.765105,681.073
