Iteration,Cost,Cost reduction,time (ms)
0,55.0186,0.307324,227.67
1,27.2315,0.657159,454.965
2,12.3148,0.844959,668.175
3,6.46701,0.918581,859.228
4,4.2509,0.946482,1065.22
5,4.2509,0.946482,1274.42
