Iteration,Cost,Cost reduction,time (ms)
0,30.0927,0.293155,103.279
1,26.079,0.387434,183.763
2,26.079,0.387434,266.044
3,14.7655,0.653174,317.667
4,12.9979,0.694693,403.423
5,12.9103,0.696752,495.012
