Iteration,Cost,Cost reduction,time (ms)
0,5601.77,0.00115465,413.452
1,5563.13,0.00804467,810.768
2,5513.29,0.0169309,1207.54
3,5472.01,0.0242924,1711.6
4,3746.47,0.331972,2251.34
5,3413.94,0.391263,3050
