Iteration,Cost,Cost reduction,time (ms)
0,27.5549,0.36306,105.804
1,16.6895,0.614217,181.982
2,12.7147,0.706095,259.877
3,11.7356,0.728727,358.955
4,9.7236,0.775236,467.689
5,9.7236,0.775236,584.147
