Iteration,Cost,Cost reduction,time (ms)
0,26.784,0.310638,103.463
1,23.6639,0.390943,182.54
2,22.7065,0.415584,263.778
3,22.7065,0.415584,343.433
4,22.7065,0.415584,393.693
5,22.7065,0.415584,444.82
