Iteration,Cost,Cost reduction,time (ms)
0,27.6974,0.390731,106.697
1,18.7888,0.586696,180.381
2,15.6756,0.655178,255.945
3,15.6756,0.655178,340.966
4,14.6859,0.676949,394.02
5,14.6859,0.676949,476.925
