Iteration,Cost,Cost reduction,time (ms)
0,26.966,0.3085,188.896
1,16.1377,0.586175,384.772
2,13.7553,0.647268,582.941
3,13.7553,0.647268,775.723
4,13.7553,0.647268,850.366
