Iteration,Cost,Cost reduction,time (ms)
0,5768.56,0.00112154,134.676
1,5729.93,0.00781155,232.208
2,5679.87,0.0164793,335.851
3,4897.74,0.151913,453.018
4,4046.59,0.299297,567.151
5,4046.59,0.299297,762.632
