Iteration,Cost,Cost reduction,time (ms)
0,4552.27,0.0014206,133.678
1,4513.63,0.00989574,233.058
2,4463.58,0.0208755,336.649
3,4164.55,0.0864701,454.143
4,2994.18,0.3432,570.754
5,2993.14,0.343428,719.399
