Iteration,Cost,Cost reduction,time (ms)
0,4583.1,0.00141061,413.425
1,4544.45,0.00983001,812.123
2,4494.63,0.0206869,1210.79
3,4201.11,0.0846405,1719.06
4,3334.45,0.273473,2290.36
5,2677.02,0.416717,2855.3
