Iteration,Cost,Cost reduction,time (ms)
0,26.8113,0.33869,110.943
1,16.3399,0.59697,187.727
2,13.0987,0.676917,268.711
3,10.4313,0.742707,357.805
4,10.2791,0.746462,446.042
5,10.2791,0.746462,530.688
