Iteration,Cost,Cost reduction,time (ms)
0,28.0843,0.36811,106.94
1,14.7731,0.667609,186.586
2,12.6016,0.716468,273.923
3,9.27488,0.791317,365.705
4,9.27488,0.791317,457.63
5,9.27488,0.791317,511.423
