Iteration,Cost,Cost reduction,time (ms)
0,44.607,0.101868,102.138
1,43.079,0.132633,172.287
2,28.5969,0.42422,251.248
3,18.9756,0.617938,331.453
4,18.9756,0.617938,420.587
5,12.1602,0.755163,472.906
