Iteration,Cost,Cost reduction,time (ms)
0,26.8361,0.385712,109.382
1,23.8361,0.454385,181.525
2,23.8361,0.454385,257.035
3,23.8361,0.454385,303.22
4,23.8361,0.454385,352.01
5,23.8361,0.454385,398.645
