Iteration,Cost,Cost reduction,time (ms)
0,4439.6,0.00145711,137.401
1,4400.97,0.0101462,235.849
2,4351.07,0.0213677,341.047
3,3724.72,0.162245,462.399
4,2381.94,0.464261,587.493
5,1217.31,0.726206,743.551
