Iteration,Cost,Cost reduction,time (ms)
0,124.436,0.23109,146.042
1,61.8254,0.61797,255.674
2,52.6362,0.674752,363.977
3,38.119,0.764456,483.338
4,34.7258,0.785424,627.463
5,28.5647,0.823494,781.422
6,28.5647,0.823494,942.752
