Iteration,Cost,Cost reduction,time (ms)
0,5733.83,0.00112832,141.268
1,5695.2,0.00785843,240.424
2,5645.31,0.0165485,345.071
3,5585.16,0.0270282,466.452
4,3904.4,0.319828,594.75
5,2764.2,0.518458,758.619
