Iteration,Cost,Cost reduction,time (ms)
0,70.5962,0.194599,19.859
1,23.0632,0.736882,34.503
2,23.0632,0.736882,44.725
3,23.0632,0.736882,48.661
4,23.0632,0.736882,52.972
