Iteration,Cost,Cost reduction,time (ms)
0,5697.87,0.00113581,144.707
1,5659.24,0.00790811,242.927
2,5609.35,0.0166546,348.197
3,5576.83,0.0223551,470.486
4,2976.71,0.478169,601.591
5,2976.71,0.478169,775.936
