Iteration,Cost,Cost reduction,time (ms)
0,31.7896,0.32277,104.432
1,13.2161,0.71845,180.738
2,13.2161,0.71845,258.272
3,10.4698,0.776956,314.694
4,9.76904,0.791885,395.812
5,9.76904,0.791885,474.604
