Iteration,Cost,Cost reduction,time (ms)
0,106.021,0.34398,211.086
1,74.2565,0.540525,418.471
2,58.533,0.637817,627.866
3,20.3962,0.873795,838.742
4,8.55822,0.947045,1035.95
5,8.21594,0.949162,1233.06
