Iteration,Cost,Cost reduction,time (ms)
0,31.0815,0.287171,177.407
1,23.6888,0.456719,354.492
2,16.9782,0.610619,535.15
3,14.5903,0.665385,708.17
4,11.5075,0.736086,880.703
5,11.5075,0.736086,1040.54
