Iteration,Cost,Cost reduction,time (ms)
0,7.96633,0.951454,190.239
1,6.44306,0.960737,291.343
2,6.44306,0.960737,394.304
3,6.44306,0.960737,462.437
4,6.44306,0.960737,530.301
5,6.44306,0.960737,598.349
6,6.44306,0.960737,666.381
