Iteration,Cost,Cost reduction,time (ms)
0,35.3187,0.486471,223.408
1,21.4164,0.688608,427.104
2,15.8964,0.768869,639.13
3,7.76745,0.887062,847.649
4,7.76745,0.887062,1051.18
5,6.38043,0.907229,1132.74
