Iteration,Cost,Cost reduction,time (ms)
0,89.8572,0.313277,219.079
1,56.7273,0.566468,427.4
2,40.0924,0.693599,639.029
3,19.8569,0.848246,857.662
4,17.374,0.867221,1075.04
5,17.374,0.867221,1283.71
