Iteration,Cost,Cost reduction,time (ms)
0,521.902,0,6.396
1,485.109,0.0704976,9.819
2,90.8304,0.825963,14.091
3,90.8304,0.825963,18.379
4,90.8304,0.825963,21.161
