Iteration,Cost,Cost reduction,time (ms)
0,32.6764,0.294049,176.609
1,19.6294,0.575921,355.28
2,19.6294,0.575921,522.139
3,12.9291,0.720676,588.675
4,9.31844,0.798682,730.263
5,9.31844,0.798682,884.071
