Iteration,Cost,Cost reduction,time (ms)
0,84.5931,0.351083,144.864
1,82.3916,0.36797,253.158
2,78.4849,0.397939,363.954
3,22.4537,0.827757,476.831
4,21.9743,0.831434,592.797
5,21.9743,0.831434,705.472
