Iteration,Cost,Cost reduction,time (ms)
0,135.231,0.237616,583.873
1,92.3103,0.479589,1182.25
2,42.8421,0.758473,1760.92
3,42.8421,0.758473,2300.05
4,35.7321,0.798556,2395.27
5,35.6205,0.799185,2942.84
