Iteration,Cost,Cost reduction,time (ms)
0,70.1046,0,131.879
1,70.1046,0,186.759
2,33.5102,0.521997,219.874
3,33.5102,0.521997,286.915
4,33.5102,0.521997,318.729
5,25.1655,0.641029,345.881
6,25.1655,0.641029,417.2
