Iteration,Cost,Cost reduction,time (ms)
0,88.0374,0.336443,143.948
1,32.8325,0.752534,249.568
2,26.7231,0.798582,366.467
3,26.7231,0.798582,486.302
4,26.6546,0.799098,566.577
5,26.6546,0.799098,682.633
