Iteration,Cost,Cost reduction,time (ms)
0,5164.12,0.00125236,139.389
1,5125.48,0.00872554,240.978
2,5075.64,0.0183638,345.128
3,4922.34,0.0480122,468.082
4,3209.85,0.379211,597.233
5,2403.45,0.535169,725.149
6,1453.89,0.718816,864.444
7,1243.5,0.759505,994.678
8,1041.49,0.798575,1132.22
9,899.97,0.825945,1261.5
