Iteration,Cost,Cost reduction,time (ms)
0,131.43,0.256473,149.562
1,64.4015,0.635666,259.171
2,22.6259,0.872,372.803
3,22.6259,0.872,489.432
4,22.6259,0.872,569.266
5,22.6259,0.872,648.477
