Iteration,Cost,Cost reduction,time (ms)
0,31.1648,0.117339,480.933
1,23.4442,0.336005,990.229
2,23.1918,0.343152,1471.64
3,9.76765,0.723356,1958.52
4,9.76765,0.723356,2433.95
5,9.76765,0.723356,2522.02
