Iteration,Cost,Cost reduction,time (ms)
0,28.4606,0.341819,101.889
1,25.2752,0.415486,173.728
2,19.3757,0.551918,245.774
3,18.6041,0.569761,321.776
4,18.2091,0.578897,399.605
5,17.9509,0.584868,479.589
