Iteration,Cost,Cost reduction,time (ms)
0,50.3767,0.175039,147.295
1,15.7351,0.742324,261.867
2,3.69187,0.939542,375.644
3,2.04259,0.966551,506.296
4,1.77545,0.970926,646.187
5,1.19679,0.980402,786.484
