Iteration,Cost,Cost reduction,time (ms)
0,4776.93,0.00135432,144.226
1,4738.29,0.00943107,245.377
2,4688.4,0.0198617,350.435
3,4618.71,0.0344302,471.611
4,3573.24,0.252993,600.135
5,3221.66,0.326492,740.706
