Iteration,Cost,Cost reduction,time (ms)
0,95.0239,0.3181,156.986
1,55.3474,0.602823,263.036
2,21.0972,0.848605,382.627
3,15.2007,0.890919,508.147
4,15.2007,0.890919,636.052
5,13.5958,0.902435,716.819
