Iteration,Cost,Cost reduction,time (ms)
0,28.4853,0.34968,108.379
1,25.976,0.406968,184.677
2,25.5804,0.415998,265.331
3,20.2391,0.537942,343.714
4,17.8258,0.593037,426.755
5,7.19658,0.835702,507.134
