Iteration,Cost,Cost reduction,time (ms)
0,4336.03,0.0014921,137.831
1,4297.4,0.0103884,235.908
2,4247.5,0.0218784,341.074
3,3919.93,0.097312,463.488
4,2397.76,0.44784,593.329
5,1864.14,0.570722,740.449
