Iteration,Cost,Cost reduction,time (ms)
0,161.361,0.0925454,139.8
1,60.4799,0.659875,240.065
2,59.0739,0.667782,363.596
3,44.4426,0.750065,488.82
4,21.8865,0.876916,621.407
5,16.5488,0.906934,754.672
