Iteration,Cost,Cost reduction,time (ms)
0,4711.45,0.00137254,413.31
1,4672.81,0.00956277,810.724
2,4622.98,0.0201259,1206.37
3,4584.29,0.0283252,1710.34
4,3069.39,0.349419,2247.02
5,2893.88,0.38662,3024.65
