Iteration,Cost,Cost reduction,time (ms)
0,4606.1,0.00140367,413.706
1,4567.46,0.00978104,809.943
2,4517.63,0.0205843,1205.92
3,4496.11,0.02525,1711.11
4,2834.08,0.385575,2245.31
5,2297.79,0.501842,3137.42
