Iteration,Cost,Cost reduction,time (ms)
0,4378.55,0.00147706,149.381
1,4339.91,0.0102877,249.242
2,4289.86,0.0217031,354.284
3,3614.98,0.175608,470.812
4,2862.37,0.34724,582.85
5,2688.45,0.386901,764.828
