Iteration,Cost,Cost reduction,time (ms)
0,1039.5604827854033,0.0,3115.1912212371826
1,804.3740386535022,0.2262364220518862,8211.062908172607
