Iteration,Cost,Cost reduction,time (ms)
0,23.5257,0.448368,106.605
1,17.6901,0.585202,178.512
2,6.77252,0.841198,256.193
3,4.75031,0.888615,341.883
4,4.56383,0.892987,429.738
5,4.56383,0.892987,523.825
