Iteration,Cost,Cost reduction,time (ms)
0,4333.08,0.00149217,179.237
1,4294.44,0.0103965,338.414
2,4244.6,0.0218803,508.094
3,3634.71,0.162424,700.521
4,1403.37,0.67661,916.295
5,1375.03,0.68314,1115.21
