Iteration,Cost,Cost reduction,time (ms)
0,4999.12,0.00129384,136.885
1,4960.49,0.00901182,236.369
2,4910.44,0.0190109,339.226
3,4699.45,0.0611603,454.033
4,3832.9,0.234277,573.42
5,2779.87,0.444647,767.79
