Iteration,Cost,Cost reduction,time (ms)
0,4608.1,0.00140368,414.162
1,4569.46,0.00977723,810.114
2,4519.61,0.0205789,1209.97
3,4373.71,0.0521962,1714.51
4,3456.48,0.250964,2263.26
5,1631.61,0.646423,2772.46
