Iteration,Cost,Cost reduction,time (ms)
0,5424.01,0.00119251,177.868
1,5385.37,0.00830805,336.987
2,5335.53,0.0174855,505.259
3,4624.84,0.148357,696.78
4,2950,0.45677,913.835
5,2092.75,0.614629,1112.9
