Iteration,Cost,Cost reduction,time (ms)
0,79.6789,0.33111,220.342
1,55.6457,0.532865,427.996
2,14.2898,0.88004,630.061
3,11.8613,0.900427,829.375
4,6.77515,0.943124,1026.46
5,6.77515,0.943124,1222.46
