Iteration,Cost,Cost reduction,time (ms)
0,89.3959,0.186621,599.003
1,29.01,0.736049,1192.35
2,6.47919,0.941048,1753.21
3,6.47919,0.941048,2282.63
4,5.54926,0.949509,2375.89
5,5.54926,0.949509,2901.11
