Iteration,Cost,Cost reduction,time (ms)
0,107.021,0.353221,150.275
1,21.4934,0.870105,259.503
2,20.7256,0.874745,386.163
3,20.1019,0.878514,514.808
4,12.9839,0.921532,642.126
5,12.1567,0.926531,776.865
