Iteration,Cost,Cost reduction,time (ms)
0,28.4225,0.235174,174.803
1,20.4149,0.450652,341.877
2,16.7025,0.550551,512.375
3,16.7025,0.550551,679.943
4,14.712,0.604113,745.615
5,11.0401,0.70292,912.316
