Iteration,Cost,Cost reduction,time (ms)
0,83.0527,0.299683,569.836
1,33.9942,0.713354,1107.05
2,22.6404,0.809092,1649.37
3,22.5716,0.809672,2225.19
4,19.7999,0.833043,2785.21
5,9.00707,0.924051,3374.94
