Iteration,Cost,Cost reduction,time (ms)
0,4218.25,0.00155222,133.469
1,4180.39,0.0105135,230.005
2,4131.05,0.0221924,330.953
3,3290.08,0.221247,439.05
4,2579.83,0.389362,548.483
5,2157.14,0.489411,654.863
