Iteration,Cost,Cost reduction,time (ms)
0,27.1658,0.371042,181.444
1,17.3962,0.597233,353.163
2,12.5702,0.708966,516.778
3,8.00564,0.814649,675.08
4,8.00564,0.814649,822.892
5,7.18536,0.83364,885.851
