Iteration,Cost,Cost reduction,time (ms)
0,26.9629,0.339008,107.477
1,11.9563,0.706893,187.998
2,10.1963,0.750039,276.87
3,7.29962,0.821051,376.253
4,7.20032,0.823485,473.83
5,5.7105,0.860008,577.298
