Iteration,Cost,Cost reduction,time (ms)
0,27.3814,0.343472,114.234
1,17.9887,0.568683,194.427
2,11.9028,0.714605,282.933
3,9.51238,0.77192,378.903
4,9.1896,0.779659,472.183
5,7.85442,0.811673,569.965
