Iteration,Cost,Cost reduction,time (ms)
0,29.7276,0.217035,100.758
1,29.7276,0.217035,175.938
2,29.7276,0.217035,223.846
3,29.7276,0.217035,272.026
4,29.7276,0.217035,321.762
5,29.7276,0.217035,370.754
