Iteration,Cost,Cost reduction,time (ms)
0,322.855,0.777747,6.255
1,33.3038,0.977074,10.201
2,33.3038,0.977074,13.855
3,33.3038,0.977074,16.892
4,33.3038,0.977074,19.699
