Iteration,Cost,Cost reduction,time (ms)
0,31.6011,0.327652,595.466
1,15.5147,0.669908,1164.46
2,6.55462,0.860543,1708.85
3,6.32265,0.865479,2249.68
4,6.32265,0.865479,2784.7
5,5.88094,0.874877,2880.26
