Iteration,Cost,Cost reduction,time (ms)
0,24.7528,0.335065,106.326
1,21.2691,0.428647,182.046
2,17.0974,0.540712,257.984
3,17.0974,0.540712,335.92
4,16.6072,0.55388,388.53
5,16.6072,0.55388,467.441
