Iteration,Cost,Cost reduction,time (ms)
0,4439.59,0.00145695,133.357
1,4400.96,0.0101461,230.83
2,4350.9,0.0214046,333.464
3,4307.18,0.0312386,449.695
4,3446.57,0.224805,565.662
5,2882.34,0.35171,715.604
