Iteration,Cost,Cost reduction,time (ms)
0,4403.24,0.00146834,179.452
1,4364.6,0.0102311,339.52
2,4314.77,0.021532,506.046
3,3705.87,0.159613,695.655
4,1467.96,0.667108,915.026
5,1411.87,0.679828,1112.08
