Iteration,Cost,Cost reduction,time (ms)
0,4179.68,0.00154698,414.652
1,4141.04,0.0107776,812.305
2,4091.2,0.022683,1206.51
3,4053.79,0.0316207,1708.05
4,2397.32,0.427323,2257.07
5,2012.63,0.519219,2942.4
