Iteration,Cost,Cost reduction,time (ms)
0,5775.59,0.00112,157.837
1,5736.96,0.00780196,257.598
2,5687.07,0.0164293,363.097
3,5574.62,0.0358772,485.691
4,4543.06,0.214284,609.25
5,3280.66,0.432615,754.252
