Iteration,Cost,Cost reduction,time (ms)
0,28.1067,0.404332,107.249
1,11.5093,0.756082,182.052
2,8.5819,0.818123,258.153
3,7.12081,0.849088,346.163
4,6.58094,0.86053,431.804
5,2.98255,0.936791,515.782
