Iteration,Cost,Cost reduction,time (ms)
0,5196.73,0.00124472,179.043
1,5158.09,0.00867103,337.495
2,5108.25,0.0182498,505.661
3,4428.39,0.148912,697.199
4,2701.1,0.480877,912.354
5,1513.37,0.709146,1113.42
