Iteration,Cost,Cost reduction,time (ms)
0,104.381,0,143.913
1,97.4099,0.0667832,380.112
2,71.3593,0.316356,414.244
3,42.5359,0.592493,447.646
4,42.5359,0.592493,503.834
5,23.1359,0.778351,556.567
6,23.1359,0.778351,600.787
