Iteration,Cost,Cost reduction,time (ms)
0,131.345,0.0210622,369.353
1,131.345,0.0210622,696.699
2,131.345,0.0210622,978.791
3,131.345,0.0210622,1261
4,131.345,0.0210622,1543.21
5,131.345,0.0210622,1825.08
6,131.345,0.0210622,2107.39
