Iteration,Cost,Cost reduction,time (ms)
0,30.1717,0.29252,106.41
1,15.514,0.63622,185.939
2,13.7266,0.678133,266.683
3,8.82728,0.793014,352.447
4,6.31007,0.852039,453.215
5,6.05483,0.858024,542.761
