Iteration,Cost,Cost reduction,time (ms)
0,4970.49,0.00131746,132.669
1,4932.63,0.00892441,228.625
2,4883.29,0.0188381,330.532
3,3962.82,0.203782,438.926
4,3441.08,0.30861,546.754
5,1001.68,0.79874,655.156
