Iteration,Cost,Cost reduction,time (ms)
0,27.6533,0.474982,557.797
1,12.2012,0.768351,1087.43
2,11.0699,0.78983,1601.35
3,7.99462,0.848216,2133.91
4,4.67916,0.911163,2653.32
5,4.67916,0.911163,3172.67
