Iteration,Cost,Cost reduction,time (ms)
0,41.8212,0.0476333,545.778
1,29.4563,0.32921,1091.63
2,10.3523,0.764253,1662.64
3,10.099,0.770022,2244.31
4,9.58735,0.781673,2802.79
5,8.25464,0.812023,3336.96
