Iteration,Cost,Cost reduction,time (ms)
0,24.8592,0.471285,540.381
1,11.4794,0.755851,1050.24
2,8.19512,0.825703,1546.67
3,8.19512,0.825703,2034.74
4,8.19512,0.825703,2123.72
5,8.19512,0.825703,2184.92
