Iteration,Cost,Cost reduction,time (ms)
0,4168.87,0.00157047,133.162
1,4131.01,0.0106378,229.628
2,4081.67,0.0224548,330.662
3,3248.16,0.222079,439.321
4,2600.35,0.377226,547.924
5,2600.35,0.377226,651.609
