Iteration,Cost,Cost reduction,time (ms)
0,102.641,0.200644,14.387
1,86.6058,0.325521,25.15
2,76.0181,0.407977,37.111
3,76.0181,0.407977,48.215
4,71.2746,0.444919,52.954
5,71.2746,0.444919,64.215
