Iteration,Cost,Cost reduction,time (ms)
0,42.5515,0.335155,817.385
1,34.1187,0.466913,1593.52
2,26.4648,0.586502,2434.01
3,23.0646,0.639629,3304.31
4,23.0646,0.639629,4167.35
