Iteration,Cost,Cost reduction,time (ms)
0,30.9434,0.256377,103.746
1,6.90745,0.834002,174.024
2,6.90745,0.834002,243.038
3,6.90745,0.834002,300.963
4,6.90745,0.834002,354.465
5,6.90745,0.834002,406.612
