Iteration,Cost,Cost reduction,time (ms)
0,5519.23,0.00117247,147.071
1,5480.6,0.00816381,245.735
2,5430.53,0.0172234,349.265
3,5406.76,0.0215268,465.559
4,3758.68,0.319783,579.612
5,2821.63,0.489362,742.176
