Iteration,Cost,Cost reduction,time (ms)
0,117.011,0.317278,577.049
1,84.555,0.506649,1099.46
2,30.7436,0.820621,1631.62
3,30.7436,0.820621,2178.7
4,30.7436,0.820621,2268.88
5,26.3317,0.846363,2350.29
