Iteration,Cost,Cost reduction,time (ms)
0,26.7038,0.338895,104.236
1,13.8028,0.658286,178.072
2,9.72667,0.759197,251.127
3,8.84674,0.780982,329.035
4,6.93025,0.828428,408.887
5,6.93025,0.828428,485.361
