Iteration,Cost,Cost reduction,time (ms)
0,52.7646,0.417111,577.583
1,44.3847,0.509684,1143.2
2,31.1086,0.656344,1697.36
3,20.3108,0.775627,2247.47
4,20.3108,0.775627,2807.31
5,20.0956,0.778005,2903.2
