Iteration,Cost,Cost reduction,time (ms)
0,4284.92,0.00150939,180.477
1,4246.28,0.0105135,339.037
2,4196.43,0.0221286,504.939
3,3565.69,0.169107,696.244
4,2072.58,0.517037,907.253
5,1133.43,0.735883,1107.3
