Iteration,Cost,Cost reduction,time (ms)
0,26.9592,0.348459,105.324
1,25.0573,0.394422,180.132
2,13.4128,0.675842,264.358
3,13.4128,0.675842,354.869
4,13.4128,0.675842,407.723
5,13.4128,0.675842,458.472
