Iteration,Cost,Cost reduction,time (ms)
0,31.7715,0.324785,105.206
1,14.7309,0.686936,177.46
2,14.7309,0.686936,246.707
3,14.7309,0.686936,295.733
4,14.7309,0.686936,345.977
5,14.7302,0.68695,398.681
