Iteration,Cost,Cost reduction,time (ms)
0,117.184,0.290905,145.886
1,112.494,0.319283,254.428
2,52.2568,0.683788,365.945
3,21.604,0.869272,490.891
4,19.3854,0.882697,614.272
5,19.2108,0.883753,737.167
