Iteration,Cost,Cost reduction,time (ms)
0,52.3964,0.131521,593.895
1,22.3523,0.629507,1169.54
2,5.21706,0.913526,1706.13
3,5.21706,0.913526,2217.5
4,5.21706,0.913526,2298.41
5,5.21706,0.913526,2372.82
