Iteration,Cost,Cost reduction,time (ms)
0,385.31,0.733217,18.285
1,368.605,0.744784,31.042
2,368.605,0.744784,43.039
3,368.605,0.744784,48.982
4,368.605,0.744784,55.175
