Iteration,Cost,Cost reduction,time (ms)
0,31.8786,0.329928,105.769
1,24.7338,0.480107,180.67
2,24.7338,0.480107,250.408
3,24.089,0.493661,300.997
4,24.089,0.493661,376.339
5,24.089,0.493661,427.955
