Iteration,Cost,Cost reduction,time (ms)
0,132.52,0.192435,151.523
1,76.6554,0.532868,263.752
2,43.6716,0.733869,384.852
3,9.60374,0.941476,518.598
4,9.24498,0.943662,666.261
5,8.42373,0.948667,822.076
6,7.80985,0.952407,974.324
7,7.80985,0.952407,1128.66
