Iteration,Cost,Cost reduction,time (ms)
0,5113.8,0.00126495,147.975
1,5075.16,0.00881046,247.882
2,5025.11,0.0185866,352.536
3,4296.36,0.160913,470.042
4,3615.15,0.293955,583.519
5,3292.06,0.357055,817.175
