Iteration,Cost,Cost reduction,time (ms)
0,65.4832,0.38005,149.406
1,61.6206,0.416619,264.462
2,29.9889,0.716086,387.521
3,22.5253,0.786746,523.412
4,18.7483,0.822504,682.793
5,11.7973,0.888311,861.708
