Iteration,Cost,Cost reduction,time (ms)
0,4179.69,0.00154726,180.985
1,4141.05,0.0107778,340.06
2,4091.21,0.0226843,508.533
3,3456.75,0.174245,699.882
4,1596.07,0.618728,911.791
5,843.632,0.798472,1115.69
