Iteration,Cost,Cost reduction,time (ms)
0,5733.85,0.00112825,179.534
1,5695.21,0.00785968,336.772
2,5645.37,0.0165422,506.172
3,4879.38,0.149983,696.269
4,1982.05,0.654716,910.783
5,1741.22,0.696669,1112.56
