Iteration,Cost,Cost reduction,time (ms)
0,72.5505,0.234487,219.512
1,26.7807,0.717425,453.789
2,3.86021,0.959269,668.22
3,2.81077,0.970342,884.088
4,2.81077,0.970342,1096.5
5,2.81077,0.970342,1179.85
