Iteration,Cost,Cost reduction,time (ms)
0,34.9591,0.664304,172.754
1,22.1352,0.787446,368.803
2,19.8025,0.809846,561.091
3,19.8025,0.809846,751.455
4,19.8025,0.809846,833.003
