Iteration,Cost,Cost reduction,time (ms)
0,22.3474,0.745049,67.938
1,22.3474,0.745049,180.737
2,22.3474,0.745049,267.992
3,22.3474,0.745049,327.014
4,20.7135,0.763689,384.133
5,20.7135,0.763689,435.779
6,18.9525,0.783779,489.428
7,18.9525,0.783779,537.78
