Iteration,Cost,Cost reduction,time (ms)
0,39.1647,0.134141,190.041
1,17.158,0.620668,365.284
2,11.4117,0.747708,552.84
3,6.00422,0.867258,728.797
4,4.41021,0.902499,906.95
5,4.41021,0.902499,1085.01
