Iteration,Cost,Cost reduction,time (ms)
0,4611.57,0.0014028,151.113
1,4572.93,0.00976852,249.254
2,4523.04,0.0205722,355.59
3,4410.38,0.0449693,479.522
4,3348.72,0.274862,611.599
5,1779.53,0.614658,771.66
