Iteration,Cost,Cost reduction,time (ms)
0,5820,0.0011114,413.108
1,5781.36,0.00774336,808.61
2,5731.52,0.0162967,1205.83
3,5688.92,0.0236092,1710.95
4,3980.48,0.316829,2250.74
5,3317.82,0.430562,3056.32
