Iteration,Cost,Cost reduction,time (ms)
0,5554.71,0.00117886,131.956
1,5516.85,0.00798678,229.636
2,5467.51,0.0168576,331.159
3,4499.88,0.190854,439.294
4,4126.01,0.25808,550.847
5,3227.88,0.419578,664.343
