Iteration,Cost,Cost reduction,time (ms)
0,25.1827,0.373745,106.986
1,16.5563,0.588271,181.908
2,13.6976,0.659361,258.521
3,13.3854,0.667126,339.757
4,12.312,0.69382,422.506
5,12.312,0.69382,502.03
