Iteration,Cost,Cost reduction,time (ms)
0,4439.6,0.00145665,410.918
1,4400.96,0.0101476,807.612
2,4351.12,0.0213575,1204.85
3,3722.65,0.162712,1708.75
4,2069.22,0.534598,2333.34
5,1335.44,0.699637,2881.41
