Iteration,Cost,Cost reduction,time (ms)
0,38.396,0.261722,103.048
1,19.3885,0.627198,175.529
2,14.3695,0.723704,251.987
3,14.3695,0.723704,330.956
4,13.4046,0.742256,380.916
5,12.0485,0.768331,459.977
