Iteration,Cost,Cost reduction,time (ms)
0,115.418,0,77.01
1,109.198,0.0538905,159.523
2,109.198,0.0538905,207.426
3,109.198,0.0538905,242.227
4,108.9,0.0564753,277.709
5,108.9,0.0564753,333.377
6,108.583,0.0592253,390.752
