Iteration,Cost,Cost reduction,time (ms)
0,43.4512,0.295642,583.239
1,21.3421,0.654037,1173.6
2,13.9016,0.77465,1715.55
3,11.0178,0.821398,2259.61
4,5.04144,0.918277,2799.26
5,4.68375,0.924075,3325.18
