Iteration,Cost,Cost reduction,time (ms)
0,25.6558,0.367167,187.639
1,16.1255,0.602243,367.944
2,6.03443,0.851153,542.882
3,6.03443,0.851153,709.511
4,6.03443,0.851153,780.134
5,6.03443,0.851153,828.192
