Iteration,Cost,Cost reduction,time (ms)
0,5872.01,0.00110205,135.615
1,5833.38,0.00767388,233.371
2,5783.32,0.0161896,336.45
3,4985.06,0.151984,453.973
4,4046.96,0.311564,570.313
5,3341.88,0.431506,738.821
