Iteration,Cost,Cost reduction,time (ms)
0,4606.1,0.00140358,412.857
1,4567.46,0.00978098,811.804
2,4517.63,0.0205837,1209.83
3,4224.77,0.0840764,1720.37
4,3273.67,0.290272,2288.7
5,1975.01,0.57182,2854.53
