Iteration,Cost,Cost reduction,time (ms)
0,44.4231,0.23784,146.049
1,13.4877,0.768593,251.274
2,4.65209,0.920185,368.7
3,2.32662,0.960083,496.221
4,1.26587,0.978282,624.555
5,1.2501,0.978552,759.304
