Iteration,Cost,Cost reduction,time (ms)
0,28.0779,0.32204,101.835
1,20.409,0.50721,175.412
2,8.3079,0.7994,249.103
3,8.3079,0.7994,325.252
4,8.3079,0.7994,375.642
5,8.3079,0.7994,425.438
