Iteration,Cost,Cost reduction,time (ms)
0,30.7593,0.31152,178.689
1,13.2144,0.704225,356.873
2,12.4633,0.721035,537.937
3,5.77912,0.870647,710.101
4,4.47762,0.899778,856.352
5,4.47762,0.899778,1001.59
