Iteration,Cost,Cost reduction,time (ms)
0,5548.15,0.00116612,179.629
1,5509.51,0.00812255,338.118
2,5459.67,0.0170961,505.203
3,4724.1,0.14952,696.406
4,2370.34,0.573267,909.182
5,2169.09,0.609498,1106.42
