Iteration,Cost,Cost reduction,time (ms)
0,58.6678,0.0468408,206.964
1,28.2122,0.541645,398.7
2,9.46582,0.846212,595.577
3,7.68386,0.875163,780.562
4,7.68386,0.875163,968.383
5,7.30464,0.881324,1051.16
