Iteration,Cost,Cost reduction,time (ms)
0,87.1006,0.176325,586.367
1,23.6617,0.776241,1148.75
2,14.1818,0.865888,1670.01
3,14.1818,0.865888,2162.79
4,10.5524,0.900211,2252.97
5,9.12484,0.91371,2768.81
