Iteration,Cost,Cost reduction,time (ms)
0,148.984,0.0882676,206.464
1,35.1919,0.784637,400.106
2,18.9111,0.884271,607.601
3,15.7827,0.903415,818.679
4,9.52992,0.94168,1034.03
5,6.18368,0.962158,1253.5
