Iteration,Cost,Cost reduction,time (ms)
0,23.6443,0.388836,113.195
1,16.8653,0.564062,186.553
2,13.2573,0.657321,266.921
3,13.2573,0.657321,356.461
4,13.2573,0.657321,406.766
5,13.2573,0.657321,456.889
