Iteration,Cost,Cost reduction,time (ms)
0,13.2837,0.967046,18.215
1,0.799951,0.998015,30.611
2,0.266697,0.999338,43.058
3,0.208238,0.999483,55.524
4,0.200749,0.999502,68.171
5,0.198746,0.999507,80.77
6,0.196869,0.999512,93.08
