Iteration,Cost,Cost reduction,time (ms)
0,4552.26,0.0014212,142.306
1,4513.63,0.00989518,238.809
2,4463.74,0.0208391,342.811
3,4150.38,0.089577,465.781
4,2380.55,0.477804,598.843
5,1979.42,0.565797,773.612
