Iteration,Cost,Cost reduction,time (ms)
0,30.2766,0.338675,586.247
1,15.3191,0.665389,1205.46
2,7.8132,0.829338,1806.64
3,6.86887,0.849965,2390.26
4,6.2352,0.863806,2968.5
5,6.2352,0.863806,3547.37
