Iteration,Cost,Cost reduction,time (ms)
0,32.8,0.38145,144.32
1,22.2926,0.579602,251.068
2,4.40097,0.917006,370.745
3,4.40097,0.917006,481.458
4,4.40097,0.917006,559.045
5,4.40097,0.917006,637.602
