Iteration,Cost,Cost reduction,time (ms)
0,29.8082,0.238952,176.478
1,26.7919,0.315963,340.711
2,22.8751,0.415964,501.577
3,22.7447,0.419293,658.442
4,22.7447,0.419293,812.016
5,22.7447,0.419293,875.181
