Iteration,Cost,Cost reduction,time (ms)
0,31.9839,0.333568,110.255
1,21.7041,0.547763,188.717
2,9.45787,0.802931,265.019
3,8.16733,0.829821,342.839
4,4.87459,0.898431,425.77
5,4.87369,0.898449,517.131
