Iteration,Cost,Cost reduction,time (ms)
0,96.9954,0.375148,149.789
1,96.9954,0.375148,253.752
2,96.9954,0.375148,327.007
3,96.9954,0.375148,401.172
4,96.9954,0.375148,475.14
5,96.9954,0.375148,549.334
