Iteration,Cost,Cost reduction,time (ms)
0,83.9201,0.243054,162.175
1,69.0321,0.377341,283.076
2,69.0321,0.377341,387.586
3,69.0321,0.377341,463.05
4,69.0321,0.377341,538.295
5,69.0321,0.377341,611.143
6,69.0321,0.377341,675.95
