Iteration,Cost,Cost reduction,time (ms)
0,5164.13,0.00125251,414.668
1,5125.49,0.00872567,810.848
2,5075.65,0.0183646,1204.43
3,4976.08,0.037622,1705.89
4,2976.91,0.424263,2207.42
5,2677.8,0.48211,2955.63
