Iteration,Cost,Cost reduction,time (ms)
0,101.864,0.156697,585.395
1,39.7854,0.670629,1159.96
2,7.27929,0.939737,1764.82
3,5.0117,0.95851,2324.89
4,5.00292,0.958582,2884.17
5,5.00292,0.958582,3442.74
