Iteration,Cost,Cost reduction,time (ms)
0,27.3602,0.310207,102.566
1,10.2521,0.741528,174.289
2,9.99514,0.748007,246.824
3,9.5312,0.759704,321.504
4,9.11151,0.770285,397.858
5,9.11151,0.770285,473.806
