Iteration,Cost,Cost reduction,time (ms)
0,4403.24,0.00146849,154.587
1,4364.61,0.0102301,253.299
2,4314.72,0.0215421,357.691
3,4247.55,0.036775,479.138
4,2290.48,0.480583,602.091
5,2160.03,0.510166,825.033
