Iteration,Cost,Cost reduction,time (ms)
0,71.0067,0.335837,535.573
1,39.7195,0.628482,1065.66
2,21.9102,0.795062,1599.58
3,20.3432,0.809719,2117.72
4,12.6769,0.881426,2659.43
5,9.72578,0.90903,3153.01
