Iteration,Cost,Cost reduction,time (ms)
0,4711.46,0.00137265,179.099
1,4672.82,0.00956284,336.605
2,4622.98,0.0201264,504.727
3,3927.75,0.167485,694.867
4,1942.91,0.588186,912.002
5,1212.42,0.743019,1111.16
