Iteration,Cost,Cost reduction,time (ms)
0,30.2689,0.32662,111.448
1,14.1437,0.685351,190.736
2,13.8779,0.691263,272.24
3,8.34847,0.814275,362.799
4,8.34847,0.814275,460.588
5,7.33221,0.836883,515.32
