Iteration,Cost,Cost reduction,time (ms)
0,4877.7,0.00132579,178.087
1,4839.06,0.00923726,337.215
2,4789.22,0.0194406,506.087
3,4122.16,0.156017,698.165
4,2160.97,0.557558,914.17
5,882.377,0.81934,1111.15
