Iteration,Cost,Cost reduction,time (ms)
0,4999.06,0.00130991,131.964
1,4961.2,0.00887345,228.828
2,4911.87,0.0187299,329.908
3,3989.46,0.203004,438.359
4,3462.94,0.30819,547.178
5,1130.79,0.774095,654.827
