Iteration,Cost,Cost reduction,time (ms)
0,81.5925,0.227694,532.726
1,51.2242,0.515142,1083.52
2,10.268,0.902809,1621.58
3,9.96824,0.905646,2191.86
4,9.96824,0.905646,2761.8
5,9.18622,0.913049,2857.98
