Iteration,Cost,Cost reduction,time (ms)
0,81.0372,0.423934,578.275
1,77.551,0.448717,1117.1
2,58.5464,0.583814,1672.54
3,58.5464,0.583814,2223.54
4,45.5894,0.675921,2316.24
5,45.5894,0.675921,2855.47
