Iteration,Cost,Cost reduction,time (ms)
0,4559.03,0.00143612,130.436
1,4521.17,0.00972866,227.719
2,4471.83,0.0205349,329.339
3,3599.33,0.211638,437.137
4,3125.08,0.315513,545.835
5,1558.38,0.658668,654.48
