Iteration,Cost,Cost reduction,time (ms)
0,25.0733,0.426896,104.666
1,16.1823,0.630119,174.872
2,16.1823,0.630119,246.196
3,16.1823,0.630119,294.945
4,16.1823,0.630119,344.354
5,16.1823,0.630119,394.51
