Iteration,Cost,Cost reduction,time (ms)
0,28.7067,0.375471,107.559
1,23.6685,0.485079,180.013
2,23.0865,0.497741,253.87
3,23.0865,0.497741,327.425
4,21.4267,0.533852,377.806
5,21.4267,0.533852,452.729
