Iteration,Cost,Cost reduction,time (ms)
0,4535.15,0.00142616,140.411
1,4496.51,0.00993327,237.494
2,4446.45,0.0209557,341.798
3,4426.39,0.0253743,457.519
4,3469.29,0.236112,572.723
5,2355.69,0.481311,715.919
