Iteration,Cost,Cost reduction,time (ms)
0,22.4304,0.435298,598.515
1,14.4963,0.635047,1122.74
2,9.79365,0.753438,1647.41
3,9.79365,0.753438,2137.06
4,9.59708,0.758387,2230.53
5,8.4271,0.787842,2703.38
