Iteration,Cost,Cost reduction,time (ms)
0,4.42888,0.863057,9.137
1,4.42888,0.863057,34.629
2,4.42888,0.863057,49.906
3,4.42888,0.863057,55.39
4,4.42888,0.863057,63.846
5,4.28821,0.867407,69.497
6,4.28821,0.867407,76.644
