Iteration,Cost,Cost reduction,time (ms)
0,4535.13,0.00142579,179.791
1,4496.49,0.009934,336.846
2,4446.66,0.0209069,505.327
3,3773.91,0.169036,696.61
4,2461.14,0.458091,914.907
5,1335.38,0.705967,1114.8
