Iteration,Cost,Cost reduction,time (ms)
0,54.5321,0.415955,146.884
1,19.8738,0.78715,250.864
2,13.959,0.850497,365.196
3,13.6389,0.853925,482.27
4,13.6389,0.853925,602.305
5,13.5965,0.85438,681.951
