Iteration,Cost,Cost reduction,time (ms)
0,27.3021,0.318082,598.348
1,10.586,0.735596,1157.56
2,10.0553,0.748852,1759.94
3,4.17186,0.8958,2347.93
4,2.94523,0.926438,2896.59
5,2.72045,0.932052,3446.84
