Iteration,Cost,Cost reduction,time (ms)
0,24.4919,0.437982,183.756
1,14.7305,0.661978,356.744
2,9.46327,0.782845,522.671
3,9.46327,0.782845,685.393
4,9.46327,0.782845,745.749
5,9.46327,0.782845,794.339
