Iteration,Cost,Cost reduction,time (ms)
0,4702.8,0.00137567,151.963
1,4664.17,0.00957932,249.498
2,4614.28,0.020174,355.015
3,4584.79,0.0264355,475.192
4,3337.04,0.291391,607.406
5,3108.54,0.339912,796.55
