Iteration,Cost,Cost reduction,time (ms)
0,28.964,0.322246,104.087
1,28.964,0.322246,173.557
2,26.6085,0.377365,223.568
3,26.2249,0.38634,299.303
4,24.5624,0.425244,379.957
5,19.8692,0.535063,460.742
