Iteration,Cost,Cost reduction,time (ms)
0,28.7878,0.329797,606.284
1,22.318,0.48042,1163.51
2,16.4666,0.616645,1725.5
3,7.99054,0.813974,2244.04
4,7.99054,0.813974,2778.01
5,6.61535,0.84599,2870.54
