Iteration,Cost,Cost reduction,time (ms)
0,127.975,0.261469,541.013
1,87.2187,0.496671,1089.75
2,87.2187,0.496671,1621.61
3,87.0084,0.497884,1713.71
4,84.3428,0.513267,2232.51
5,58.6958,0.661273,2825.5
