Iteration,Cost,Cost reduction,time (ms)
0,110.773,0.303618,217.831
1,82.8453,0.479189,429.42
2,40.0273,0.748366,636.247
3,14.7628,0.907193,847.297
4,10.8808,0.931597,1061.83
5,6.16855,0.961221,1276.31
