Iteration,Cost,Cost reduction,time (ms)
0,4455.49,0.00145187,147.617
1,4416.86,0.0101104,246.823
2,4366.79,0.0213302,352.369
3,3507.28,0.213962,472.896
4,2331.03,0.477577,586.468
5,1010.79,0.773465,704.866
