Iteration,Cost,Cost reduction,time (ms)
0,85.3173,0.335861,145.037
1,28.6419,0.777041,248.633
2,26.4364,0.79421,361.274
3,26.4364,0.79421,479.924
4,26.4364,0.79421,555.102
5,26.4152,0.794375,633.459
