Iteration,Cost,Cost reduction,time (ms)
0,31.5841,0.301778,103.347
1,17.7723,0.607113,175.952
2,17.7723,0.607113,247.987
3,17.7634,0.607308,299.502
4,17.7634,0.607308,374.903
5,17.7634,0.607308,426.193
