Iteration,Cost,Cost reduction,time (ms)
0,25.646,0.422069,177.25
1,9.99987,0.774653,348.543
2,9.99987,0.774653,508.217
3,9.99987,0.774653,569.395
4,9.99987,0.774653,615.383
5,9.99987,0.774653,660.924
