Iteration,Cost,Cost reduction,time (ms)
0,48.4683,0.313966,213.803
1,29.1664,0.587171,404.996
2,16.4417,0.76728,609.703
3,9.03625,0.872099,822.157
4,5.42425,0.923224,1041.23
5,5.00012,0.929227,1262.85
