Iteration,Cost,Cost reduction,time (ms)
0,55.6126,0.413169,530.943
1,32.6773,0.655185,1083.7
2,26.4669,0.720718,1628.43
3,23.0115,0.75718,2178.49
4,23.0115,0.75718,2727.81
5,20.9913,0.778498,2823.35
