Iteration,Cost,Cost reduction,time (ms)
0,32.7164,0.44738,146.283
1,31.4317,0.46908,256.238
2,2.4741,0.958209,368.43
3,2.41345,0.959234,482.292
4,2.28653,0.961378,596.958
5,2.20587,0.96274,714.446
