Iteration,Cost,Cost reduction,time (ms)
0,4179.48,0.00154749,135.682
1,4140.85,0.0107766,233.447
2,4090.79,0.0227347,338.103
3,4048.68,0.0327947,454.588
4,3179.2,0.240509,571.976
5,3179.2,0.240509,710.181
