Iteration,Cost,Cost reduction,time (ms)
0,5305.79,0.00121971,136.87
1,5267.16,0.00849196,235.112
2,5217.1,0.0179163,338.159
3,4354.71,0.180255,458.57
4,3636.16,0.315517,571.169
5,2086.87,0.607161,712.826
