Iteration,Cost,Cost reduction,time (ms)
0,5662.9,0.00114252,179.762
1,5624.26,0.00795815,338.281
2,5574.41,0.0167501,505.732
3,4842.22,0.145899,693.915
4,2979.88,0.474389,906.801
5,2105.86,0.628555,1108.46
