Iteration,Cost,Cost reduction,time (ms)
0,31.1394,0.31206,114.002
1,27.4802,0.3929,193.919
2,23.5048,0.480726,273.858
3,21.0994,0.533867,353.812
4,20.5517,0.545966,436.919
5,20.0464,0.557129,518.698
