Iteration,Cost,Cost reduction,time (ms)
0,4877.72,0.00132616,412.369
1,4839.07,0.00923748,809.401
2,4789.23,0.0194425,1206.99
3,4774.57,0.0224436,1708.93
4,2811.46,0.424376,2208.05
5,1573.73,0.677791,3060.47
