Iteration,Cost,Cost reduction,time (ms)
0,4742.62,0.00136389,414.194
1,4703.98,0.00950027,810.84
2,4654.13,0.0199956,1206.88
3,4639.5,0.0230774,1708.55
4,2743.9,0.422226,2209.7
5,2103.35,0.557106,2993.98
