Iteration,Cost,Cost reduction,time (ms)
0,149.583,0.0797102,139.52
1,99.9182,0.385268,240.031
2,52.5337,0.676794,345.612
3,4.35344,0.973216,454.11
4,3.757,0.976886,561.327
5,3.757,0.976886,669.106
