Iteration,Cost,Cost reduction,time (ms)
0,14.9793,0.746597,151.61
1,13.0035,0.780021,283.479
2,13.0035,0.780021,412.407
3,12.4848,0.788797,498.023
4,12.4848,0.788797,627.644
5,12.4848,0.788797,707.353
