Iteration,Cost,Cost reduction,time (ms)
0,36.6956,0.322051,546.729
1,31.2469,0.422716,1099.15
2,5.28417,0.902375,1659.03
3,3.833,0.929186,2195.09
4,3.833,0.929186,2722.33
