Iteration,Cost,Cost reduction,time (ms)
0,4196.67,0.00154056,178.996
1,4158.03,0.0107339,336.423
2,4108.19,0.0225902,505.502
3,4055.52,0.0351232,697.515
4,2983.42,0.290194,901.099
5,1699.02,0.595773,1122.76
