Iteration,Cost,Cost reduction,time (ms)
0,33.759,0.885119,6.561
1,11.1101,0.962193,11.543
2,6.35715,0.978367,16.152
3,3.44052,0.988292,21.173
4,2.51484,0.991442,25.567
5,2.51484,0.991442,29.69
