Iteration,Cost,Cost reduction,time (ms)
0,24.7945,0.370999,106.682
1,16.7033,0.576261,181.946
2,15.9427,0.595555,255.622
3,8.18477,0.792364,331.941
4,7.3689,0.813061,417.225
5,5.16278,0.869028,502.37
