Iteration,Cost,Cost reduction,time (ms)
0,86.235,0.345594,146.315
1,50.9428,0.613414,258.472
2,24.557,0.813646,383.687
3,20.0162,0.848104,514.512
4,19.8532,0.849342,644.744
5,19.6276,0.851053,778.579
