Iteration,Cost,Cost reduction,time (ms)
0,4540.32,0.00142389,413.973
1,4501.67,0.0099225,812.253
2,4451.85,0.0208815,1210.66
3,4156.03,0.0859424,1720.21
4,3330.19,0.267574,2287.23
5,2304.07,0.493254,2839.38
