Iteration,Cost,Cost reduction,time (ms)
0,340.483,0,387.704
1,339.734,0.00220172,466.353
2,339.734,0.00220172,832.903
3,339.734,0.00220172,914.603
4,339.734,0.00220172,972.1
5,339.734,0.00220172,1014.57
