Iteration,Cost,Cost reduction,time (ms)
0,29.9974,0.293394,103.442
1,12.0846,0.715342,178.186
2,7.67713,0.819161,253.955
3,7.02052,0.834628,339.648
4,7.02052,0.834628,428.481
5,7.02052,0.834628,481.362
