Iteration,Cost,Cost reduction,time (ms)
0,4872.97,0.00132742,161.866
1,4834.33,0.00924556,262.803
2,4784.27,0.0195049,367.293
3,4764,0.0236592,483.063
4,3723.73,0.236853,600.619
5,2322.11,0.524104,743.882
