Iteration,Cost,Cost reduction,time (ms)
0,4877.71,0.00132608,179.821
1,4839.07,0.00923743,337.586
2,4789.23,0.0194422,506.11
3,4116.72,0.157133,695.574
4,1901.57,0.610669,911.018
5,1364.83,0.720562,1097.57
