Iteration,Cost,Cost reduction,time (ms)
0,61.3336,0.405542,228.002
1,26.7226,0.740999,439.145
2,5.61881,0.945541,642.365
3,4.88398,0.952663,847.261
4,4.56992,0.955707,1051.57
5,4.56992,0.955707,1251.5
