Iteration,Cost,Cost reduction,time (ms)
0,46.6569,0.11506,147.136
1,16.2761,0.691291,254.622
2,10.3329,0.804015,372.168
3,6.79172,0.871182,497.661
4,2.14387,0.959337,632.124
5,2.14387,0.959337,778.564
