Iteration,Cost,Cost reduction,time (ms)
0,5143.63,0.00125792,135.875
1,5104.99,0.00875921,235.776
2,5055.1,0.0184467,339.793
3,4392.54,0.147096,460.172
4,2858.37,0.444988,582.932
5,1403.63,0.727456,737.316
