Iteration,Cost,Cost reduction,time (ms)
0,4218.24,0.00155201,132.887
1,4180.38,0.0105134,230.994
2,4131.04,0.0221915,332.762
3,3295.84,0.219882,440.695
4,2832.03,0.329664,548.821
5,2372.25,0.438495,658.252
