Iteration,Cost,Cost reduction,time (ms)
0,74.8685,0.336939,211.009
1,49.8823,0.558226,414.433
2,28.9558,0.743557,633.995
3,26.691,0.763615,843.555
4,26.691,0.763615,1051.69
5,26.691,0.763615,1131.52
