Iteration,Cost,Cost reduction,time (ms)
0,26.062,0.368254,124.454
1,13.0926,0.682633,204.95
2,11.8329,0.713168,294.217
3,5.34648,0.8704,388.616
4,4.42261,0.892795,494.979
5,4.42261,0.892795,612.108
