Iteration,Cost,Cost reduction,time (ms)
0,26.7694,0.442235,174.021
1,13.4805,0.719121,333.051
2,13.4805,0.719121,483.53
3,13.4805,0.719121,545.953
4,13.4805,0.719121,592.06
5,13.4805,0.719121,639.923
