Iteration,Cost,Cost reduction,time (ms)
0,5392.35,0.00120005,135.437
1,5353.72,0.00835573,233.989
2,5303.83,0.0175973,337.386
3,4597.44,0.148438,458.971
4,2691.77,0.501416,582.239
5,1471.93,0.727362,729.488
