Iteration,Cost,Cost reduction,time (ms)
0,27.5619,0.359633,549.193
1,12.8946,0.70041,1118.71
2,7.95362,0.815208,1705.08
3,6.3543,0.852366,2330.46
4,6.3543,0.852366,2917.78
5,6.3543,0.852366,3012.45
