Iteration,Cost,Cost reduction,time (ms)
0,4535.13,0.00142634,137.938
1,4496.5,0.00993271,237.631
2,4446.61,0.0209176,342.265
3,4428.84,0.0248301,465.673
4,3096.64,0.318164,596.057
5,3065.03,0.325123,747.43
