Iteration,Cost,Cost reduction,time (ms)
0,4179.69,0.00154775,146.261
1,4141.06,0.0107763,246.515
2,4091.16,0.0226955,351.31
3,4064.57,0.0290469,473.539
4,3712.69,0.113106,600.722
5,2447.97,0.415225,737.392
