Iteration,Cost,Cost reduction,time (ms)
0,0.869962,0.8335,6.951
1,0.337731,0.935362,11.358
2,0.309243,0.940815,15.542
3,0.26891,0.948534,19.572
4,0.232795,0.955446,23.516
5,0.224779,0.95698,27.804
6,0.213138,0.959208,32.735
7,0.208758,0.960046,36.743
8,0.208135,0.960165,40.882
