Iteration,Cost,Cost reduction,time (ms)
0,5488.59,0.00117833,149.263
1,5449.95,0.0082093,248.601
2,5400.07,0.0172865,354.488
3,5323.17,0.0312818,473.619
4,2273.36,0.58629,591.976
5,1991.67,0.637553,774.242
