Iteration,Cost,Cost reduction,time (ms)
0,5554.78,0.00116422,176.038
1,5516.14,0.00811252,334.312
2,5466.31,0.0170729,504.428
3,5078.95,0.0867263,693.281
4,4596.94,0.173399,901.491
5,2147.49,0.613848,1101.03
