Iteration,Cost,Cost reduction,time (ms)
0,4639.5,0.00141158,132.775
1,4601.64,0.00956034,231.312
2,4552.3,0.0201802,333.047
3,3657.41,0.212793,441.502
4,1525.34,0.671691,551.68
5,1468.25,0.68398,657.36
