Iteration,Cost,Cost reduction,time (ms)
0,108.856,0.331511,165.795
1,90.5299,0.444051,291.847
2,27.1193,0.833459,418.063
3,18.8606,0.884176,574.711
4,9.96,0.938835,733.484
5,9.33526,0.942672,886.83
