Iteration,Cost,Cost reduction,time (ms)
0,4482.79,0.00144236,142.712
1,4444.16,0.0100488,241.001
2,4394.11,0.0211975,344.454
3,4368.32,0.0269418,462.732
4,2831.25,0.369329,578.659
5,2202.7,0.509341,744.528
