Iteration,Cost,Cost reduction,time (ms)
0,29.7244,0.593469,181.084
1,22.0383,0.698589,316.288
2,8.78335,0.879873,460.228
3,5.02325,0.931299,623.467
4,4.90066,0.932975,774.522
5,3.75765,0.948608,927.582
