Iteration,Cost,Cost reduction,time (ms)
0,77.7341,0.406288,745.944
1,60.0891,0.541056,1459.22
2,60.0891,0.541056,2152.72
3,60.0891,0.541056,2450.49
4,60.0891,0.541056,2747
5,60.0891,0.541056,3044.09
6,59.6499,0.54441,3344.93
