Iteration,Cost,Cost reduction,time (ms)
0,42.3071,0.133722,99.642
1,9.08423,0.813992,168.467
2,6.60021,0.864854,238.644
3,6.60021,0.864854,305.384
4,6.60021,0.864854,352.419
