Iteration,Cost,Cost reduction,time (ms)
0,74.3564,0.191143,230.352
1,9.47851,0.896892,458.753
2,6.28917,0.931586,664.239
3,4.85614,0.947174,873.981
4,4.26818,0.95357,1086.31
5,3.29037,0.964207,1299.76
