Iteration,Cost,Cost reduction,time (ms)
0,62.0306,0.410883,153.28
1,33.4346,0.682465,255.656
2,18.3007,0.826194,362.261
3,15.8279,0.84968,484.544
4,15.2191,0.855461,599.672
5,15.2191,0.855461,713.012
