Iteration,Cost,Cost reduction,time (ms)
0,123.163,0.195686,533.52
1,75.7918,0.505043,1102.9
2,69.6406,0.545213,1656.67
3,56.938,0.628167,2200.25
4,56.938,0.628167,2767.85
5,56.938,0.628167,2860.68
