Iteration,Cost,Cost reduction,time (ms)
0,5342.53,0.0012109,413.548
1,5303.89,0.00843476,810.317
2,5254.04,0.0177529,1206.19
3,5064.54,0.0531799,1707.53
4,4322.69,0.19187,2247.76
5,1892.97,0.646108,2813.86
