Iteration,Cost,Cost reduction,time (ms)
0,23.7364,0.400137,185.681
1,14.2918,0.63882,355.531
2,14.2918,0.63882,509.882
3,14.2918,0.63882,572.279
4,14.2918,0.63882,618.835
5,14.2918,0.63882,665.853
