Iteration,Cost,Cost reduction,time (ms)
0,109.683,0.176775,594.436
1,37.0179,0.722164,1160.8
2,30.9386,0.767791,1752.68
3,14.0612,0.894464,2298.84
4,14.0612,0.894464,2841.43
5,14.0612,0.894464,2931.36
