Iteration,Cost,Cost reduction,time (ms)
0,26.7709,0.32745,106.479
1,25.872,0.350031,183.551
2,25.8092,0.35161,262.036
3,24.7046,0.379359,343.53
4,22.4809,0.435225,428.56
5,12.8763,0.676516,537.786
