Iteration,Cost,Cost reduction,time (ms)
0,5113.71,0.0012804,132.45
1,5075.85,0.00867467,229.067
2,5026.52,0.0183095,331.258
3,4110.55,0.1972,439.254
4,3724.38,0.272619,552.295
5,3173,0.380306,666.135
