Iteration,Cost,Cost reduction,time (ms)
0,58.0562,0.420227,146.688
1,56.1659,0.439104,254.901
2,7.84603,0.921646,363.152
3,3.13897,0.968653,480.898
4,2.61014,0.973934,595.034
5,2.50677,0.974966,709.25
