Iteration,Cost,Cost reduction,time (ms)
0,32.0537,0.295576,101.803
1,27.0052,0.406525,175.451
2,21.9021,0.518673,247.124
3,21.9021,0.518673,314.315
4,17.6832,0.611389,363.537
5,16.1221,0.645694,435.033
6,16.1221,0.645694,503.09
