Iteration,Cost,Cost reduction,time (ms)
0,25.8527,0.376525,102.107
1,25.8527,0.376525,328.855
2,25.8527,0.376525,525.532
3,25.8527,0.376525,723.705
4,25.8527,0.376525,923.564
5,25.8527,0.376525,1123.22
6,25.8527,0.376525,1320.44
