Iteration,Cost,Cost reduction,time (ms)
0,4498.33,0.00143778,142.366
1,4459.69,0.0100142,239.764
2,4409.64,0.021126,342.756
3,3728.16,0.172404,458.559
4,2936.26,0.348194,573.765
5,2277.25,0.494483,787.384
