Iteration,Cost,Cost reduction,time (ms)
0,4920.68,0.00131418,179.577
1,4882.04,0.00915664,337.765
2,4832.21,0.0192707,505.962
3,4776.35,0.0306078,698.955
4,3140.91,0.362532,900.245
5,1764.6,0.641862,1118.05
