Iteration,Cost,Cost reduction,time (ms)
0,29.9338,0.426619,171.161
1,19.1057,0.63403,280.691
2,19.1057,0.63403,389.715
3,17.4236,0.666252,467.118
4,12.346,0.763513,580.987
5,8.28377,0.841324,694.013
