Iteration,Cost,Cost reduction,time (ms)
0,52.4274,0.432402,213.851
1,40.1792,0.565005,426.804
2,36.341,0.606558,644.587
3,16.0178,0.826586,868.235
4,12.6235,0.863333,1107.63
5,7.29887,0.92098,1331.85
