Iteration,Cost,Cost reduction,time (ms)
0,4463.39,0.00144935,140.516
1,4424.76,0.0100925,238.933
2,4374.87,0.0212546,343.651
3,4202.68,0.059776,466.271
4,3531.56,0.20992,594.04
5,1866.07,0.582523,725.675
