Iteration,Cost,Cost reduction,time (ms)
0,4179.48,0.00154698,153.661
1,4140.84,0.010777,245.071
2,4090.79,0.0227341,337.679
3,4066.71,0.0284883,438.777
4,3458.84,0.173705,540.624
5,2244.39,0.463829,644.348
6,1493.13,0.6433,747.558
7,612.764,0.853614,856.465
8,612.764,0.853614,965.53
