Iteration,Cost,Cost reduction,time (ms)
0,5627.42,0.00116401,134.542
1,5589.56,0.00788391,231.314
2,5540.22,0.0166415,331.486
3,4553.96,0.191697,439.715
4,3403.43,0.395909,548.019
5,2874.92,0.489718,651.916
