Iteration,Cost,Cost reduction,time (ms)
0,4611.56,0.00140219,413.033
1,4572.92,0.0097696,810.056
2,4523.08,0.0205609,1206.81
3,4473.41,0.0313177,1713.06
4,2899.04,0.372234,2295.3
5,2602.01,0.436555,2976.01
