Iteration,Cost,Cost reduction,time (ms)
0,5872.01,0.00110205,136.331
1,5833.38,0.00767389,234.144
2,5783.49,0.016161,338.347
3,5018.26,0.146336,459.994
4,3053.37,0.480587,583.876
5,1301.2,0.77865,738.149
