Iteration,Cost,Cost reduction,time (ms)
0,24.5991,0.472747,176.917
1,14.1567,0.696569,338.414
2,9.09503,0.805059,495.865
3,8.40112,0.819932,651.421
4,8.40112,0.819932,806.267
5,6.01208,0.871138,866.409
