Iteration,Cost,Cost reduction,time (ms)
0,68.2478,0.481908,10.928
1,19.7035,0.850425,18.184
2,19.7035,0.850425,26.118
3,19.7035,0.850425,30.491
4,19.7035,0.850425,34.83
