Iteration,Cost,Cost reduction,time (ms)
0,0.0238763,0.923744,6.641
1,0.0183921,0.941259,11.139
2,0.018114,0.942147,15.437
3,0.0180116,0.942474,19.901
4,0.0178917,0.942857,24.366
