Iteration,Cost,Cost reduction,time (ms)
0,106.353,0.323317,149.031
1,89.1938,0.432495,259.473
2,71.5464,0.544778,377.984
3,32.8471,0.791007,502.79
4,32.7252,0.791783,640.227
5,29.4187,0.81282,794.156
