Iteration,Cost,Cost reduction,time (ms)
0,4.20524,0.849659,8.67
1,4.20524,0.849659,29.324
2,4.20524,0.849659,44.761
3,4.20524,0.849659,55.249
4,2.81533,0.89935,63.498
5,2.81533,0.89935,71.777
6,2.81533,0.89935,77.978
