Iteration,Cost,Cost reduction,time (ms)
0,5488.62,0.00117885,146.591
1,5449.99,0.00820967,246.529
2,5400.09,0.0172892,351.498
3,5328.52,0.0303142,472.588
4,4132.74,0.247923,598.864
5,2959.51,0.461427,740.577
