Iteration,Cost,Cost reduction,time (ms)
0,5873.17,0.00110154,412.636
1,5834.53,0.00767347,809.1
2,5784.69,0.0161504,1202.57
3,5013.89,0.147247,1703.32
4,2021.34,0.656214,2336.16
5,1612.88,0.725683,2873.51
