Iteration,Cost,Cost reduction,time (ms)
0,79.8135,0.314739,217.568
1,47.5812,0.591479,426.944
2,22.5047,0.80678,650.29
3,6.24845,0.946352,862.92
4,4.63623,0.960194,1094.3
5,4.63623,0.960194,1325.57
