Iteration,Cost,Cost reduction,time (ms)
0,21.1598,0.43694,106.618
1,11.3593,0.69773,177.015
2,11.3593,0.69773,248.524
3,11.2825,0.699775,297.559
4,11.2825,0.699775,372.032
5,11.2825,0.699775,422.164
