Iteration,Cost,Cost reduction,time (ms)
0,30.7945,0.34773,112.916
1,21.6904,0.540568,192.008
2,15.2513,0.676957,274.898
3,14.7783,0.686975,365.435
4,10.0751,0.786597,460.282
5,3.94987,0.916336,554.285
