Iteration,Cost,Cost reduction,time (ms)
0,98.943,0.34543,183.402
1,86.0758,0.430555,306.247
2,56.1373,0.628617,427.981
3,20.6857,0.863152,553.453
4,20.6857,0.863152,675.833
