Iteration,Cost,Cost reduction,time (ms)
0,40.8732,0.38243,206.95
1,19.2313,0.709426,410.276
2,11.0382,0.833219,613.249
3,8.13205,0.877129,819.666
4,5.72476,0.913502,1025.92
5,5.72476,0.913502,1228.45
