Iteration,Cost,Cost reduction,time (ms)
0,5676.11,0.00113956,136.504
1,5637.48,0.00793836,233.203
2,5587.43,0.016746,336.073
3,5347.36,0.0589923,450.754
4,4582.41,0.193605,568.754
5,3609.14,0.364877,760.497
