Iteration,Cost,Cost reduction,time (ms)
0,45.1797,0.326025,803.164
1,41.3969,0.382456,1583.78
2,41.3969,0.382456,2347.45
3,41.284,0.38414,2832.64
4,40.9271,0.389464,3626.58
