Iteration,Cost,Cost reduction,time (ms)
0,5232.45,0.00123608,411.221
1,5193.81,0.00861181,807.561
2,5143.97,0.0181246,1205.09
3,5073.37,0.0316018,1707.1
4,2704.19,0.483828,2196.6
5,2425.88,0.536951,2962.67
