Iteration,Cost,Cost reduction,time (ms)
0,46.2127,0.339312,150.656
1,31.1933,0.554039,254.618
2,26.5043,0.621077,364.563
3,2.68712,0.961583,481.079
4,2.59617,0.962883,599.774
5,2.49865,0.964278,718.745
