Iteration,Cost,Cost reduction,time (ms)
0,5066.44,0.00127638,179.772
1,5027.8,0.00889353,338.153
2,4977.96,0.0187171,505.592
3,4295.9,0.153168,697.213
4,1713.87,0.662153,915.541
5,1509.43,0.702453,1115.71
