Iteration,Cost,Cost reduction,time (ms)
0,37.1589,0.0837518,594.898
1,13.1973,0.674588,1197.36
2,10.9191,0.730763,1775.3
3,4.68755,0.884416,2373.56
4,4.33247,0.893172,2919.36
5,4.31497,0.893603,3487.17
