Iteration,Cost,Cost reduction,time (ms)
0,4447.85,0.00145344,176.959
1,4409.21,0.0101285,334.77
2,4359.38,0.021315,504.358
3,3704.93,0.168239,695.005
4,1531.45,0.656189,910.292
5,857.109,0.807578,1104.61
