Iteration,Cost,Cost reduction,time (ms)
0,110.527,0.304792,577.596
1,94.5854,0.405061,1141.74
2,47.0401,0.704119,1684.39
3,39.2062,0.753394,2230.47
4,39.2062,0.753394,2789.61
5,29.576,0.813968,2884.55
