Iteration,Cost,Cost reduction,time (ms)
0,5366.5,0.00120502,176.536
1,5327.86,0.0083968,335.069
2,5278.03,0.0176711,502.633
3,4898.74,0.0882635,691.977
4,4429.13,0.175666,896.226
5,2198.65,0.590794,1101.19
