Iteration,Cost,Cost reduction,time (ms)
0,25.9983,0.443275,189.033
1,15.8829,0.659884,367.144
2,15.8829,0.659884,513.799
3,15.8829,0.659884,573.13
4,15.8829,0.659884,618.086
5,15.8829,0.659884,664.153
