Iteration,Cost,Cost reduction,time (ms)
0,93.5198,0.111953,196.242
1,40.7742,0.612815,318.205
2,19.8318,0.811681,455.658
3,19.8318,0.811681,599.777
4,19.8318,0.811681,673.548
