Iteration,Cost,Cost reduction,time (ms)
0,33.1039,0.442443,149.182
1,20.15,0.660621,252.76
2,18.4678,0.688953,365.243
3,18.4678,0.688953,470.708
4,18.0855,0.695392,545.949
5,18.0855,0.695392,653.721
