Iteration,Cost,Cost reduction,time (ms)
0,5113.73,0.00128076,131.983
1,5075.87,0.00867484,228.632
2,5026.53,0.0183112,329.591
3,4092.02,0.200822,437.952
4,2687.14,0.475197,548.013
5,2654.77,0.48152,654.202
