Iteration,Cost,Cost reduction,time (ms)
0,87.8585,0.402215,217.466
1,87.8585,0.402215,408.356
2,87.8585,0.402215,485.876
3,87.8585,0.402215,560.964
4,48.6735,0.668828,637.321
5,48.1317,0.672515,829.256
