Iteration,Cost,Cost reduction,time (ms)
0,31.168,0.287423,111.825
1,23.1068,0.471722,192.995
2,23.1068,0.471722,289.74
3,23.1068,0.471722,344.33
4,14.1181,0.677225,398.327
5,14.1181,0.677225,499.06
