Iteration,Cost,Cost reduction,time (ms)
0,19.6136,0.732888,161.528
1,5.07655,0.930864,321.953
2,5.07655,0.930864,503.049
3,5.07655,0.930864,582.274
4,5.07655,0.930864,659.022
5,5.07655,0.930864,738.524
