Iteration,Cost,Cost reduction,time (ms)
0,100.04,0.241832,148.085
1,72.6112,0.449707,256.414
2,69.0896,0.476396,371.127
3,28.4402,0.784462,487.845
4,12.2391,0.907244,611.954
5,8.78034,0.933457,723.395
