Iteration,Cost,Cost reduction,time (ms)
0,20.8233,0.450675,103.748
1,14.0226,0.630079,175.66
2,14.0226,0.630079,248.272
3,14.0226,0.630079,297.088
4,14.0226,0.630079,345.565
5,14.0226,0.630079,393.843
