Iteration,Cost,Cost reduction,time (ms)
0,4559.11,0.00141859,156.498
1,4520.48,0.0098809,257.088
2,4470.42,0.0208447,361.572
3,3780.64,0.171927,478.334
4,2884.7,0.368164,593.802
5,2557.16,0.439906,754.875
