Iteration,Cost,Cost reduction,time (ms)
0,135.84,0.129584,586.321
1,43.9205,0.718573,1143.54
2,9.64751,0.938182,1711.59
3,9.64751,0.938182,2256.31
4,7.84482,0.949733,2347.24
5,7.84482,0.949733,2861.07
