Iteration,Cost,Cost reduction,time (ms)
0,91.1378,0.326664,231.582
1,73.7493,0.455132,351.408
2,22.6637,0.832558,472.569
3,15.5394,0.885193,613.317
4,15.5394,0.885193,787.174
