Iteration,Cost,Cost reduction,time (ms)
0,29.8011,0.332149,103.556
1,20.0026,0.551735,176.655
2,19.6599,0.559415,247.99
3,19.6599,0.559415,319.18
4,19.6599,0.559415,368.743
5,19.6599,0.559416,419.808
