Iteration,Cost,Cost reduction,time (ms)
0,5342.51,0.0012107,141.883
1,5303.88,0.00843383,240.489
2,5253.82,0.0177915,344.651
3,5230.04,0.0222379,462.07
4,3228.02,0.396519,577.386
5,2651.2,0.504356,734.09
