Iteration,Cost,Cost reduction,time (ms)
0,32.0953,0.303471,112.633
1,29.1205,0.368031,191.85
2,28.2665,0.386563,273.797
3,28.2665,0.386563,354.618
4,23.9352,0.48056,410.697
5,20.6789,0.551228,500.029
