Iteration,Cost,Cost reduction,time (ms)
0,123.143,0.0467198,140.417
1,41.9595,0.675181,240.376
2,37.0409,0.713257,348.542
3,32.9552,0.744885,466.195
4,13.262,0.897335,581.696
5,11.5361,0.910696,697.941
