Iteration,Cost,Cost reduction,time (ms)
0,5488.62,0.0011787,411.287
1,5449.98,0.00821051,809.543
2,5400.14,0.0172809,1205.13
3,5295.56,0.0363123,1705.62
4,3267.36,0.405405,2282.63
5,1826.45,0.667621,2801.28
