Iteration,Cost,Cost reduction,time (ms)
0,23.5806,0.506938,612.495
1,23.5806,0.506938,1097.6
2,23.5806,0.506938,1147.7
3,23.5806,0.506938,1193.09
4,23.5806,0.506938,1237.68
5,23.5806,0.506938,1282.43
6,22.5897,0.527657,1327.07
7,22.5897,0.527657,1805.19
