Iteration,Cost,Cost reduction,time (ms)
0,4980.49,0.00129869,180.684
1,4941.85,0.00904702,338.369
2,4892.01,0.0190412,505.867
3,4185.76,0.160659,696.28
4,2476.01,0.503504,910.905
5,1311.12,0.737091,1110.51
