Iteration,Cost,Cost reduction,time (ms)
0,44.2525,0.394278,146.099
1,18.5892,0.745554,253.637
2,18.5892,0.745554,370.945
3,15.2288,0.791551,454.401
4,11.9009,0.837102,574.274
5,1.46035,0.980011,711.276
