Iteration,Cost,Cost reduction,time (ms)
0,112.466,0.0526699,146.125
1,36.9684,0.688607,254.04
2,30.4899,0.743177,362.38
3,27.9111,0.764899,487.915
4,27.9111,0.764899,612.45
5,27.8057,0.765786,687.091
