Iteration,Cost,Cost reduction,time (ms)
0,4960.48,0.00131981,131.208
1,4922.61,0.00894224,227.942
2,4873.28,0.0188743,329.05
3,3977.93,0.199133,436.822
4,3660.41,0.263059,550.05
5,2735.22,0.449326,663.064
