Iteration,Cost,Cost reduction,time (ms)
0,27.9608,0.381425,108.163
1,18.7771,0.584597,180.994
2,18.5643,0.589303,254.677
3,17.1177,0.621306,334.672
4,17.1177,0.621306,416.034
5,17.1177,0.621306,467.372
