Iteration,Cost,Cost reduction,time (ms)
0,5562.87,0.00116286,413.052
1,5524.23,0.00810096,807.504
2,5474.39,0.0170499,1204.77
3,4749.57,0.147194,1708.53
4,2832.77,0.491364,2332.81
5,2591.67,0.534655,2887.36
