Iteration,Cost,Cost reduction,time (ms)
0,54.5888,0.256571,223.826
1,21.624,0.705509,434.002
2,10.7859,0.85311,658.498
3,3.2298,0.956014,893.819
4,3.05741,0.958362,1130.53
5,2.9973,0.959181,1368.53
