Iteration,Cost,Cost reduction,time (ms)
0,69.2242,0.319493,534.433
1,53.0024,0.47896,1091.07
2,37.0308,0.635969,1655.51
3,30.2458,0.702669,2246.78
4,25.2601,0.751681,2796.24
5,24.0204,0.763868,3373.18
