Iteration,Cost,Cost reduction,time (ms)
0,112.966,0,173.219
1,112.966,0,270.436
2,44.2731,0.608086,371.085
3,35.3547,0.687034,655.41
4,35.3547,0.687034,928.62
5,35.3547,0.687034,1033.02
