Iteration,Cost,Cost reduction,time (ms)
0,35.2714,0.341544,534.513
1,21.3122,0.602138,1110.23
2,13.0875,0.755679,1664.83
3,12.123,0.773684,2226.26
4,11.6713,0.782117,2808.27
5,11.6713,0.782117,3383.65
