Iteration,Cost,Cost reduction,time (ms)
0,28.8721,0.319061,104.369
1,13.931,0.671443,180.255
2,10.337,0.756206,258.051
3,7.04301,0.833893,338.336
4,6.54412,0.845659,419.915
5,5.30288,0.874933,503.138
