Iteration,Cost,Cost reduction,time (ms)
0,41.5632,0.0564113,536.593
1,24.2865,0.448636,1108.04
2,15.4828,0.648502,1630.14
3,9.09781,0.793457,2174.89
4,7.40516,0.831884,2705.67
5,6.64089,0.849235,3226.5
