Iteration,Cost,Cost reduction,time (ms)
0,60.5621,0.327354,213.745
1,43.6597,0.515084,374.619
2,31.5566,0.64951,540.645
3,26.6034,0.704523,719.368
4,17.5841,0.804699,900.659
5,11.1426,0.876243,1102.91
