Iteration,Cost,Cost reduction,time (ms)
0,28.6301,0.321492,130.207
1,21.3545,0.493918,212.02
2,18.2555,0.567361,292.2
3,16.4456,0.610254,377.489
4,14.6993,0.651639,462.57
5,10.1213,0.760134,544.376
