Iteration,Cost,Cost reduction,time (ms)
0,31.0027,0.329074,108.093
1,29.4619,0.362418,184.931
2,29.4619,0.362418,262.075
3,27.3552,0.408011,314.924
4,27.3552,0.408011,389.418
5,27.3552,0.408011,437.605
