Iteration,Cost,Cost reduction,time (ms)
0,42.066,0.0520204,542.528
1,19.1806,0.567756,1110.08
2,9.55821,0.784601,1667.88
3,8.91168,0.799171,2206.78
4,8.91168,0.799171,2736.42
5,7.47839,0.831471,2830.85
