Iteration,Cost,Cost reduction,time (ms)
0,27.0691,0.316454,534.691
1,25.9824,0.343896,1108.67
2,24.9455,0.370077,1615.39
3,22.6678,0.427596,2130.02
4,18.5919,0.530518,2670.3
5,13.4975,0.659163,3216.36
