Iteration,Cost,Cost reduction,time (ms)
0,27.1567,0.332627,112.264
1,26.1214,0.358071,187.764
2,19.9454,0.509845,263.829
3,5.68057,0.860401,342.623
4,5.68057,0.860401,430.879
5,5.68057,0.860401,480.545
