Iteration,Cost,Cost reduction,time (ms)
0,29.9778,0.356244,587.616
1,18.6164,0.600225,1205.23
2,8.10241,0.826006,1832.26
3,6.65585,0.85707,2499.79
4,4.9773,0.893116,3192.06
5,4.67258,0.899659,3839.65
