Iteration,Cost,Cost reduction,time (ms)
0,26.8452,0.327931,105.592
1,11.6342,0.708739,182.08
2,10.9978,0.724669,259.329
3,9.42869,0.763953,339.059
4,9.42869,0.763953,417.564
5,9.38523,0.765041,472.379
