Iteration,Cost,Cost reduction,time (ms)
0,26.2362,0.439229,94.042
1,26.2362,0.439229,174.019
2,16.9829,0.637009,262.194
3,16.9829,0.637009,327.929
4,16.9829,0.637009,366.548
5,14.7855,0.683975,391.955
6,12.465,0.733575,433.54
7,12.465,0.733575,484.35
