Iteration,Cost,Cost reduction,time (ms)
0,1038.7748088179837,0.0,2271.2504863739014
1,1033.4881128535983,0.005089357115235726,9098.30379486084
2,1025.9552372147346,0.012341049758259448,17969.913959503174
3,1024.4396090640341,0.01380010338358273,26234.01951789856
4,1024.4396090640341,0.01380010338358273,31021.971940994263
