Iteration,Cost,Cost reduction,time (ms)
0,4540.33,0.00142472,135.563
1,4501.69,0.00992136,232.708
2,4451.64,0.0209306,337.445
3,4424.57,0.0268847,453.045
4,3237.83,0.28789,568.616
5,2124.31,0.53279,728.544
