Iteration,Cost,Cost reduction,time (ms)
0,22.4384,0.408644,102.579
1,18.4947,0.512579,174.043
2,6.12539,0.838567,248.209
3,6.12539,0.838567,320.729
4,6.12054,0.838695,372.701
5,6.04838,0.840597,449.732
