Iteration,Cost,Cost reduction,time (ms)
0,33.578,0.207635,109.814
1,14.6257,0.654866,192.429
2,12.7488,0.699156,284.095
3,11.6247,0.725682,388.62
4,6.73293,0.841118,491.208
5,6.73265,0.841124,612.285
