Iteration,Cost,Cost reduction,time (ms)
0,110.919,0.061725,143.752
1,49.8554,0.578268,254.06
2,30.4295,0.742593,378.667
3,17.8135,0.849314,536.234
4,13.0085,0.889959,712.81
5,7.51135,0.936461,900.757
