Iteration,Cost,Cost reduction,time (ms)
0,5871.92,0.0011151,130.254
1,5834.06,0.00755572,227.276
2,5784.72,0.0159486,327.734
3,4806.99,0.182272,435.292
4,4497.41,0.234935,547.188
5,3669.75,0.375731,657.236
