Iteration,Cost,Cost reduction,time (ms)
0,88.6764,0.309713,575.866
1,65.9413,0.486691,1146.53
2,48.8857,0.619457,1707.54
3,34.2148,0.73366,2246.16
4,32.7649,0.744947,2853.23
5,32.7649,0.744947,3435.22
