Iteration,Cost,Cost reduction,time (ms)
0,165.982,0.0059794,721.802
1,105.457,0.368449,1405.22
2,105.323,0.369252,2106.05
3,104.449,0.374481,2809.98
4,104.449,0.374482,3514.1
5,104.449,0.374482,4215.01
6,104.449,0.374482,4516.14
