Iteration,Cost,Cost reduction,time (ms)
0,7.873317836846477,0.0,31.05640411376953
1,7.7894110679954816,0.01065710423353139,219.86103057861328
