Iteration,Cost,Cost reduction,time (ms)
0,4970.57,0.00130108,152.99
1,4931.93,0.00906403,252.767
2,4881.88,0.0191205,357.97
3,4801.19,0.0353326,475.874
4,3674.61,0.261688,589.189
5,3594.99,0.277686,708.219
