Iteration,Cost,Cost reduction,time (ms)
0,5820.01,0.00111159,181.514
1,5781.37,0.00774347,339.731
2,5731.53,0.0162977,506.971
3,4985.1,0.144408,696.892
4,3331.73,0.428176,912.502
5,1255.55,0.78451,1120.46
