Iteration,Cost,Cost reduction,time (ms)
0,58.9949,0.473169,150.152
1,58.9949,0.473169,258.564
2,58.9949,0.473169,336.602
3,58.9949,0.473169,413.045
4,58.4266,0.478245,491.803
5,58.2638,0.479698,609.099
