Iteration,Cost,Cost reduction,time (ms)
0,5468.9,0.00118266,147.069
1,5430.27,0.00823903,246.652
2,5380.38,0.0173494,351.942
3,5312.54,0.0297406,473.696
4,2857.14,0.478183,598.036
5,2857.14,0.478183,838.008
