Iteration,Cost,Cost reduction,time (ms)
0,4942.78,0.00130827,412.199
1,4904.14,0.00911574,813.467
2,4854.3,0.0191847,1209.22
3,4193.59,0.152683,1715.62
4,1723.03,0.651861,2347.48
5,1243.32,0.748786,2882.86
