Iteration,Cost,Cost reduction,time (ms)
0,133.209,0.273672,227.36
1,22.8579,0.875366,457.979
2,22.8579,0.875366,659.944
3,22.8579,0.875366,739.792
4,17.7865,0.903018,815.717
5,17.7865,0.903018,1023.49
