Iteration,Cost,Cost reduction,time (ms)
0,77.5997,0.371921,140.634
1,49.9607,0.595626,250.016
2,36.2638,0.706487,381.255
3,33.1565,0.731636,506.317
4,26.3416,0.786796,632.454
5,20.4983,0.83409,757.607
