Iteration,Cost,Cost reduction,time (ms)
0,31.3885,0.32607,112.655
1,12.7209,0.726874,193.352
2,11.2484,0.75849,283.622
3,8.99645,0.806841,377.632
4,8.04387,0.827294,473.871
5,7.73608,0.833902,570.886
