Iteration,Cost,Cost reduction,time (ms)
0,25.3585,0.471159,180.477
1,10.8916,0.772861,345.75
2,10.8916,0.772861,501.894
3,10.8916,0.772861,567.427
4,10.8916,0.772861,615.667
5,10.8916,0.772861,659.392
