Iteration,Cost,Cost reduction,time (ms)
0,65.0257,0.512282,221.21
1,23.9346,0.820481,426.23
2,23.9346,0.820481,617.711
3,23.9346,0.820481,696.333
4,23.9346,0.820481,772.847
5,23.9346,0.820481,846.3
