Iteration,Cost,Cost reduction,time (ms)
0,31.5502,0.300062,507.748
1,20.3616,0.54828,1090.28
2,17.4434,0.61302,1610.53
3,10.233,0.772982,2133.15
4,7.50989,0.833394,2693.64
5,5.02051,0.88862,3253.74
