Iteration,Cost,Cost reduction,time (ms)
0,109.919,0.0659467,205.389
1,36.8137,0.68717,409.095
2,13.505,0.885239,630.012
3,13.505,0.885239,859.878
4,13.505,0.885239,936.269
5,13.505,0.885239,1034.77
