Iteration,Cost,Cost reduction,time (ms)
0,64.6704,0.18754,170.577
1,64.6704,0.18754,299.802
2,49.5232,0.377835,349.673
3,49.5232,0.377835,422.403
4,45.6966,0.425909,460.271
5,37.9595,0.523111,510.096
6,37.9595,0.523111,565.601
