Iteration,Cost,Cost reduction,time (ms)
0,5366.52,0.00120536,412.75
1,5327.88,0.008397,809.058
2,5278.04,0.017673,1203.43
3,4574.36,0.14864,1707.78
4,2572.36,0.521244,2334.63
5,1358.12,0.747232,2888.73
