Iteration,Cost,Cost reduction,time (ms)
0,74.4504,0.168602,154.815
1,25.6537,0.713522,269.368
2,16.1122,0.820072,399.799
3,13.2761,0.851744,545.731
4,11.2247,0.874652,690.938
5,7.94706,0.911254,836.166
