Iteration,Cost,Cost reduction,time (ms)
0,4615.75,0.0014007,149.402
1,4577.11,0.00975962,249.75
2,4527.23,0.0205507,354.156
3,4465.83,0.0338356,472.739
4,2420.41,0.476355,598.399
5,1911.43,0.586469,809.474
