Iteration,Cost,Cost reduction,time (ms)
0,31.4177,0.301421,103.583
1,5.82662,0.870444,177.107
2,5.82662,0.870444,246.944
3,5.78683,0.871329,298.156
4,5.78683,0.871329,370.877
5,5.74801,0.872192,423.797
