Iteration,Cost,Cost reduction,time (ms)
0,90.3445,0.338864,210.529
1,52.2112,0.617921,415.852
2,34.9145,0.744497,622.361
3,34.9145,0.744497,825.056
4,34.9145,0.744497,908.769
5,34.9145,0.744497,985.055
