Iteration,Cost,Cost reduction,time (ms)
0,106.409,0.333066,145.87
1,14.5853,0.908585,249.813
2,14.5853,0.908585,358.972
3,14.3723,0.90992,435.455
4,14.3034,0.910352,551.215
5,14.3034,0.910352,663.039
