Iteration,Cost,Cost reduction,time (ms)
0,4702.73,0.00139254,133.297
1,4664.87,0.00943193,229.306
2,4615.53,0.0199093,330.01
3,3717.94,0.210509,438.621
4,2579.97,0.452152,548.851
5,2288.07,0.514135,654.798
