Iteration,Cost,Cost reduction,time (ms)
0,4877.69,0.00132562,178.187
1,4839.05,0.00923716,335.029
2,4789.22,0.0194397,502.639
3,4430.33,0.0929194,693.472
4,4003.27,0.180358,898.964
5,1659.75,0.660178,1099.43
