Iteration,Cost,Cost reduction,time (ms)
0,136.204,0.123035,140.125
1,126.295,0.186834,248.828
2,55.3865,0.643387,363.537
3,51.6584,0.667391,481.983
4,24.7971,0.840341,599.89
5,7.65152,0.950735,736.006
