Iteration,Cost,Cost reduction,time (ms)
0,25.4824,0.415062,104.344
1,25.4824,0.415062,172.276
2,16.2338,0.627361,222.123
3,16.2338,0.627361,293.27
4,16.2338,0.627361,337.797
5,16.2338,0.627361,386.402
