Iteration,Cost,Cost reduction,time (ms)
0,88.9465,0.285298,524.476
1,53.1366,0.573037,1090.03
2,53.1366,0.573037,1643.8
3,53.1366,0.573037,1729.78
4,53.1366,0.573037,1806.15
5,52.5368,0.577856,1887.45
