Iteration,Cost,Cost reduction,time (ms)
0,4218.33,0.00153314,178.019
1,4179.69,0.0106792,336.102
2,4129.85,0.022477,503.441
3,3521.99,0.166356,695.936
4,1230.25,0.708803,905.883
5,1229.26,0.709037,1105.3
