Iteration,Cost,Cost reduction,time (ms)
0,29.8624,0,88.241
1,29.8624,0,145.665
2,29.8624,0,187.437
3,29.8624,0,209.888
4,28.3698,0.0499826,234.873
5,28.3698,0.0499826,266.478
6,28.3698,0.0499826,288.665
