Iteration,Cost,Cost reduction,time (ms)
0,31.094,0.327012,563.61
1,21.8628,0.52681,1175.23
2,8.80679,0.809389,1778.54
3,7.64907,0.834446,2423.04
4,6.93407,0.849921,3054.49
5,4.68768,0.898542,3681.49
