Iteration,Cost,Cost reduction,time (ms)
0,4677.04,0.00138267,178.044
1,4638.4,0.00963307,335.362
2,4588.56,0.020274,503.974
3,4527.84,0.0332397,693.465
4,3631.62,0.224595,898.962
5,3074.46,0.343557,1127.33
