Iteration,Cost,Cost reduction,time (ms)
0,4482.81,0.00144275,149.804
1,4444.18,0.0100491,249.922
2,4394.12,0.0211998,354.052
3,4351.8,0.0306257,472.24
4,3133.94,0.301907,587.623
5,2484.39,0.446597,755.798
