Iteration,Cost,Cost reduction,time (ms)
0,4312.49,0.00149924,179.808
1,4273.85,0.0104461,337.746
2,4224.02,0.0219844,505.577
3,4169.69,0.0345616,698.465
4,3110.25,0.279863,898.338
5,1311.36,0.696372,1122.23
