Iteration,Cost,Cost reduction,time (ms)
0,104.052,0.298511,545.954
1,86.6133,0.416075,1080.22
2,73.623,0.503653,1631.73
3,33.3457,0.775192,2165.76
4,33.3457,0.775192,2677.53
5,33.3457,0.775192,2767.76
