Iteration,Cost,Cost reduction,time (ms)
0,37.8083,0.133957,564.029
1,20.8887,0.521519,1126.85
2,12.3094,0.718039,1642.22
3,11.2278,0.742814,2149.51
4,9.10882,0.791352,2660.97
5,8.48427,0.805658,3172.08
