Iteration,Cost,Cost reduction,time (ms)
0,26.2313,0.367296,105.392
1,25.6001,0.382519,181.408
2,15.7181,0.620876,261.174
3,15.2007,0.633356,351.365
4,15.2007,0.633356,438.101
5,13.8004,0.667132,492.686
