Iteration,Cost,Cost reduction,time (ms)
0,5873.17,0.00110166,154.392
1,5834.54,0.0076728,256.526
2,5784.48,0.016187,361.371
3,5740.68,0.023636,476.225
4,3682.59,0.373671,592.125
5,3525.47,0.400395,741.864
