Iteration,Cost,Cost reduction,time (ms)
0,34.4065,0.228394,577.113
1,15.9611,0.642055,1162.19
2,11.8049,0.735263,1784.36
3,10.6648,0.760829,2366.66
4,7.43564,0.833247,2944.57
5,6.13206,0.862482,3479.76
