Iteration,Cost,Cost reduction,time (ms)
0,30.0965,0.333303,586.01
1,13.9819,0.690274,1216.26
2,9.27609,0.794516,1858.2
3,7.02551,0.844371,2462.49
4,6.45025,0.857114,3070.67
5,6.45025,0.857114,3667.52
