Iteration,Cost,Cost reduction,time (ms)
0,23.0167,0.417694,559.438
1,17.0565,0.568484,1102.16
2,9.90693,0.749362,1623.87
3,9.3252,0.76408,2132.89
4,5.1428,0.869891,2634.34
5,5.1428,0.869891,3178
