Iteration,Cost,Cost reduction,time (ms)
0,96.9108,0.293193,153.301
1,76.223,0.444077,272.239
2,53.5351,0.609549,392.572
3,33.0401,0.759026,523.858
4,24.6003,0.820581,665.641
5,11.4636,0.916392,807.642
6,5.88869,0.957052,952.54
7,5.88869,0.957052,1089.71
