Iteration,Cost,Cost reduction,time (ms)
0,26.7193,0.319188,107.436
1,23.0296,0.413204,183.903
2,18.3795,0.531687,260.491
3,7.81461,0.800883,338.102
4,7.36706,0.812287,416.209
5,7.36706,0.812287,493.281
