Iteration,Cost,Cost reduction,time (ms)
0,4336.01,0.00149172,136.509
1,4297.38,0.0103882,234.916
2,4247.32,0.0219153,338.133
3,4123.92,0.0503328,451.987
4,2785.82,0.358474,561.985
5,714.153,0.835543,673.707
6,714.153,0.835543,790.126
