Iteration,Cost,Cost reduction,time (ms)
0,4794.93,0.00134949,148.085
1,4756.3,0.00939549,247.201
2,4706.4,0.0197874,352.049
3,4686.57,0.0239177,474.284
4,2973.34,0.380736,616.414
5,2973.34,0.380736,816.403
