Iteration,Cost,Cost reduction,time (ms)
0,30.7377,0.311919,103.133
1,20.5081,0.540915,174.526
2,8.58934,0.807723,246.721
3,8.58934,0.807723,321.103
4,7.59058,0.83008,374.378
5,7.35169,0.835428,453.038
