Iteration,Cost,Cost reduction,time (ms)
0,55.224,0.0105738,98.865
1,55.224,0.0105738,164.893
2,55.224,0.0105738,210.884
3,55.224,0.0105738,255.838
4,55.224,0.0105738,302.551
5,55.224,0.0105738,349.337
