Iteration,Cost,Cost reduction,time (ms)
0,20.2967,0.499612,105.132
1,19.0568,0.530178,177.257
2,15.2531,0.623953,252.821
3,8.02544,0.802143,330.479
4,6.29438,0.84482,406.063
5,6.29438,0.84482,494.834
6,6.29438,0.84482,553.091
