Iteration,Cost,Cost reduction,time (ms)
0,36.1699,0.208095,2105.7
1,30.9229,0.322972,4318.57
2,27.8776,0.389646,6677.83
3,27.7073,0.393376,8965.32
4,27.0896,0.406899,11263.8
5,20.1679,0.558443,13566.7
6,14.1741,0.689672,15893.7
7,7.97458,0.825404,18276.4
8,6.41496,0.859551,20643.6
9,6.41496,0.859551,23018.1
