Iteration,Cost,Cost reduction,time (ms)
0,4872.97,0.00132742,412.88
1,4834.33,0.00924645,812.992
2,4784.48,0.0194613,1207.7
3,4685.77,0.0396928,1710.72
4,2749.2,0.436576,2287.08
5,1493.92,0.693835,2823.7
