Iteration,Cost,Cost reduction,time (ms)
0,25.0912,0.477644,116.216
1,25.0912,0.477644,184.575
2,25.0912,0.477644,222.567
3,25.0912,0.477644,260.33
4,25.0912,0.477644,297.892
5,25.0912,0.477644,335.383
6,25.0912,0.477644,372.915
