Iteration,Cost,Cost reduction,time (ms)
0,51.3285,0.0834022,104.822
1,50.1368,0.104683,179.832
2,37.8712,0.323715,261.538
3,29.3268,0.476297,339.403
4,25.9081,0.537346,421.025
5,25.1058,0.551674,507.51
