Iteration,Cost,Cost reduction,time (ms)
0,5873.17,0.00110161,412.175
1,5834.53,0.00767351,808.978
2,5784.69,0.0161507,1204.49
3,5585.48,0.0500317,1704.88
4,4713.33,0.198366,2241.12
5,2211.7,0.623838,2819.33
