Iteration,Cost,Cost reduction,time (ms)
0,26.666,0.342686,187.876
1,11.6424,0.713016,378.198
2,6.49575,0.839881,568.121
3,6.49575,0.839881,754.492
4,6.49575,0.839881,829.11
5,6.49575,0.839881,884.959
