Iteration,Cost,Cost reduction,time (ms)
0,29.4498,0.306988,103.657
1,20.7592,0.511495,186.873
2,16.7223,0.606492,263.752
3,12.059,0.716228,345.797
4,8.23745,0.806156,432.768
5,8.23745,0.806156,518.889
