Iteration,Cost,Cost reduction,time (ms)
0,28.0867,0.364218,583.621
1,17.89,0.595034,1153.68
2,6.6902,0.848558,1676.33
3,6.6902,0.848558,2164.2
4,6.6902,0.848558,2256.43
5,6.6902,0.848558,2317.99
