Iteration,Cost,Cost reduction,time (ms)
0,4312.49,0.00149939,134.673
1,4273.86,0.0104451,233.573
2,4223.8,0.022034,337.625
3,4199.01,0.0277757,453.747
4,3593.75,0.167915,568.276
5,2111.81,0.511038,685.204
6,1913.45,0.556966,809.931
7,1121.42,0.740349,948.499
8,897.309,0.79224,1086.39
9,897.309,0.79224,1234.38
