Iteration,Cost,Cost reduction,time (ms)
0,121.741,0.248428,147.825
1,83.9064,0.482001,255.424
2,66.5087,0.589407,392.807
3,64.7049,0.600542,541.685
4,53.2733,0.671116,693.246
5,53.2733,0.671116,841.509
