Iteration,Cost,Cost reduction,time (ms)
0,114.548,0.0288055,146.066
1,47.2023,0.599795,259.188
2,31.1836,0.735609,379.918
3,21.5497,0.81729,504.659
4,17.1506,0.854588,632.639
5,6.93983,0.941161,756.127
