Iteration,Cost,Cost reduction,time (ms)
0,26.9054,0.31872,104.591
1,26.1994,0.336597,181.068
2,26.1994,0.336597,252.178
3,19.5289,0.505503,303.87
4,19.0694,0.517138,382.443
5,16.9879,0.569844,460.518
