Iteration,Cost,Cost reduction,time (ms)
0,216.66,0.806466,6.727
1,175.547,0.843191,10.813
2,175.547,0.843191,14.763
3,175.547,0.843191,17.592
4,175.547,0.843191,21.191
