Iteration,Cost,Cost reduction,time (ms)
0,30.0724,0.298509,541.427
1,21.3687,0.501537,1160.09
2,20.4722,0.52245,1707.16
3,20.4722,0.52245,2255.98
4,17.835,0.583968,2348.37
5,17.6315,0.588714,2869.99
