Iteration,Cost,Cost reduction,time (ms)
0,48.1097,0.592871,167.336
1,48.1097,0.592871,344.505
2,48.1097,0.592871,440.857
3,46.3541,0.607727,537.14
4,46.3541,0.607727,731.763
5,46.3541,0.607727,830.466
