Iteration,Cost,Cost reduction,time (ms)
0,61.4792,0.384752,148.209
1,42.9041,0.57064,258.046
2,28.1031,0.71876,371.844
3,18.3694,0.816169,494.325
4,14.5117,0.854776,621.022
5,6.90368,0.930912,745.964
