Iteration,Cost,Cost reduction,time (ms)
0,27.5188,0.38695,103.374
1,17.9767,0.599524,174.854
2,15.8135,0.647715,251.637
3,15.8135,0.647715,324.504
4,15.8135,0.647715,372.042
5,15.8135,0.647715,421.747
