Iteration,Cost,Cost reduction,time (ms)
0,103.121,0.350136,146.372
1,52.8548,0.666912,248.375
2,12.0095,0.924317,354.921
3,11.7323,0.926064,473.472
4,11.7245,0.926113,594.26
5,11.7245,0.926113,712.298
