Iteration,Cost,Cost reduction,time (ms)
0,321.473,0.593857,21.342
1,321.473,0.593857,43.959
2,321.473,0.593857,51.796
3,315.169,0.601821,58.051
4,314.942,0.602108,65.876
5,313.957,0.603353,77.319
6,313.329,0.604146,91.365
