Iteration,Cost,Cost reduction,time (ms)
0,34.5369,0.083485,22.625
1,34.5369,0.083485,41.689
2,34.3012,0.0897409,46.498
3,32.5654,0.135803,65.611
4,32.5654,0.135803,79.079
