Iteration,Cost,Cost reduction,time (ms)
0,73.669,0.387348,155.006
1,73.669,0.387348,261.3
2,72.8582,0.39409,334.951
3,62.3481,0.481495,453.051
4,62.3481,0.481495,585.331
5,60.5791,0.496207,666.506
