Iteration,Cost,Cost reduction,time (ms)
0,52.3322,0.148928,143.712
1,39.0615,0.364747,252.729
2,18.6786,0.696233,380.174
3,16.1935,0.736647,595.309
4,2.66784,0.956613,811.277
5,2.48717,0.959551,1027.63
