Iteration,Cost,Cost reduction,time (ms)
0,38.1019,0.42766,207.103
1,27.6773,0.584251,411.373
2,20.4232,0.693216,611.843
3,20.4232,0.693216,808.441
4,20.4232,0.693216,889.908
5,20.4232,0.693216,964.7
