Iteration,Cost,Cost reduction,time (ms)
0,36.9114,0.213454,114.285
1,19.2198,0.590446,190.24
2,16.8735,0.640442,275.167
3,13.7563,0.706866,362.94
4,13.4833,0.712684,449.214
5,7.09841,0.84874,534.314
