Iteration,Cost,Cost reduction,time (ms)
0,34.5156,0.45662,219.901
1,34.3771,0.458801,334.471
2,29.7717,0.531304,453.871
3,27.9361,0.560201,570.587
4,12.1322,0.809003,690.042
5,3.88798,0.938791,824.464
