Iteration,Cost,Cost reduction,time (ms)
0,89.1623,0.220232,517.66
1,23.9596,0.790462,1039.85
2,7.26478,0.936466,1592.59
3,5.7188,0.949986,2172.33
4,4.7905,0.958105,2730.56
5,4.7905,0.958105,3281.65
