Iteration,Cost,Cost reduction,time (ms)
0,31.3359,0.314014,113.125
1,22.2136,0.513714,194.169
2,19.1479,0.580825,283.407
3,18.1825,0.601961,381.356
4,17.7221,0.612038,486.096
5,14.1216,0.690859,598.428
