Iteration,Cost,Cost reduction,time (ms)
0,4711.45,0.00137246,179.758
1,4672.81,0.00956273,336.694
2,4622.98,0.0201253,502.384
3,4568.39,0.0316957,695.64
4,2992.16,0.365789,896.65
5,2372.19,0.497196,1116.22
