Iteration,Cost,Cost reduction,time (ms)
0,26.7737,0.404081,108.746
1,18.5542,0.587028,186.998
2,15.9548,0.644883,265.591
3,9.80886,0.781678,360.903
4,5.12623,0.885902,471.633
5,5.12623,0.885902,584.036
