Iteration,Cost,Cost reduction,time (ms)
0,31.7443,0.306806,181.511
1,27.1922,0.406209,356.274
2,12.1081,0.735599,541.143
3,10.204,0.777177,717.912
4,10.204,0.777177,895.382
5,10.204,0.777177,965.901
