Iteration,Cost,Cost reduction,time (ms)
0,34.7255,0.341362,555.556
1,17.7227,0.663855,1081.71
2,10.1943,0.806645,1629.13
3,10.1943,0.806645,2188.85
4,10.1943,0.806645,2281.83
5,9.38138,0.822064,2362.86
