Iteration,Cost,Cost reduction,time (ms)
0,14.5945,0.713939,148.762
1,12.5546,0.753922,287.411
2,6.17169,0.879031,439.634
3,4.83195,0.905291,594.058
4,4.83195,0.905291,745.355
5,4.67763,0.908316,828.954
