Iteration,Cost,Cost reduction,time (ms)
0,22.3089,0.520824,100.274
1,22.3089,0.520824,164.102
2,22.3089,0.520824,204.768
3,22.3089,0.520824,245.307
4,22.3089,0.520824,286.035
5,22.3089,0.520824,326.34
6,22.3089,0.520824,368.284
