Iteration,Cost,Cost reduction,time (ms)
0,83.296,0.310364,578.762
1,46.8026,0.612505,1144.83
2,44.6016,0.630728,1695.44
3,39.3445,0.674253,2254.81
4,39.3445,0.674253,2803.53
5,39.3445,0.674253,2893.7
