Iteration,Cost,Cost reduction,time (ms)
0,40.7596,0.446242,149.599
1,18.7779,0.744885,258.466
2,18.2351,0.752259,377.612
3,14.2246,0.806746,499.873
4,13.7712,0.812905,621.069
5,9.35487,0.872905,748.608
