Iteration,Cost,Cost reduction,time (ms)
0,28.3165,0.288894,112.634
1,24.3476,0.388564,188.469
2,13.4559,0.662085,276.209
3,13.2512,0.667226,374.609
4,10.9831,0.724184,473.171
5,10.9831,0.724184,579.323
