Iteration,Cost,Cost reduction,time (ms)
0,37.9522,0.16168,189.506
1,29.6928,0.34412,368.468
2,23.0063,0.491817,548.349
3,14.8774,0.671375,726.236
4,11.8302,0.738684,896.322
5,7.8126,0.827429,1066.3
