Iteration,Cost,Cost reduction,time (ms)
0,5548.13,0.00116583,410.447
1,5509.49,0.00812237,804.51
2,5459.66,0.0170945,1203.49
3,5387.05,0.0301661,1706.15
4,2954.74,0.468057,2196.82
5,2623.78,0.527639,2872.67
