Iteration,Cost,Cost reduction,time (ms)
0,31.0507,0.283631,104.239
1,28.0084,0.353819,178.959
2,20.1322,0.53553,251.911
3,19.7924,0.543369,326.942
4,8.20607,0.810678,405.917
5,8.20607,0.810678,484.541
