Iteration,Cost,Cost reduction,time (ms)
0,4455.46,0.00145097,177.721
1,4416.82,0.0101112,336.338
2,4366.99,0.0212786,502.904
3,3712.33,0.167999,694.487
4,1540.87,0.654663,912.158
5,1016.64,0.772152,1108.76
