Iteration,Cost,Cost reduction,time (ms)
0,98.8819,0.328755,146.684
1,94.4392,0.358913,256.881
2,90.2152,0.387587,367.089
3,68.1147,0.537613,486.221
4,56.4495,0.616801,606.364
5,55.9002,0.620529,722.397
