Iteration,Cost,Cost reduction,time (ms)
0,5355.31,0.00120774,140.918
1,5316.68,0.00841332,239.643
2,5266.63,0.0177479,342.784
3,5038.27,0.0603373,457.221
4,3975.18,0.25861,575.617
5,2790.58,0.479542,738.356
