Iteration,Cost,Cost reduction,time (ms)
0,26.0053,0.35687,185.838
1,16.0469,0.603149,366.659
2,6.57411,0.837418,544.808
3,6.57411,0.837418,723.488
4,6.57411,0.837418,789.583
5,6.57411,0.837418,840.22
