Iteration,Cost,Cost reduction,time (ms)
0,55.2597,0.362664,595.547
1,35.7685,0.587465,1127.52
2,29.5505,0.65918,1678.52
3,14.9824,0.827201,2263.11
4,6.56601,0.924271,2824.96
5,5.25676,0.939371,3375.74
