Iteration,Cost,Cost reduction,time (ms)
0,31.4035,0.294515,105.781
1,14.6086,0.671816,183.242
2,10.2576,0.769561,265.167
3,9.91587,0.777238,352.877
4,7.42338,0.833233,437.92
5,7.3126,0.835721,534.778
