Iteration,Cost,Cost reduction,time (ms)
0,22.508,0.401552,582.174
1,20.7409,0.448536,1109
2,8.13601,0.783678,1640
3,7.49338,0.800764,2164.61
4,7.49338,0.800764,2686.68
5,7.11612,0.810795,2776.47
