Iteration,Cost,Cost reduction,time (ms)
0,28.8451,0.341465,103.417
1,28.8451,0.341465,173.266
2,24.9766,0.429785,223.524
3,19.9231,0.545155,298.513
4,5.14252,0.882596,376.543
5,4.18218,0.904521,454.89
