Iteration,Cost,Cost reduction,time (ms)
0,26.7565,0.322733,111.737
1,23.5832,0.403057,190.373
2,22.5492,0.429231,270.556
3,21.5378,0.454832,352.928
4,19.3122,0.511166,434.878
5,17.3171,0.561666,516.842
