Iteration,Cost,Cost reduction,time (ms)
0,27.3793,0.339707,113.288
1,26.476,0.361492,194.294
2,25.2402,0.391296,277.794
3,25.2402,0.391296,361.295
4,23.4055,0.43554,416.281
5,11.9127,0.712707,502.98
6,8.44916,0.796236,591.89
7,5.2405,0.873618,685.739
8,5.2405,0.873618,790.41
