Iteration,Cost,Cost reduction,time (ms)
0,22.8247,0.410933,180.823
1,12.93,0.666297,352.537
2,8.41678,0.782777,519.466
3,8.41678,0.782777,682.103
4,8.41678,0.782777,747.285
5,8.41678,0.782777,796.339
