Iteration,Cost,Cost reduction,time (ms)
0,30.1937,0.313398,106.395
1,17.446,0.603279,181.855
2,17.446,0.603279,251.187
3,17.446,0.603279,301.978
4,16.11,0.63366,354.515
5,15.072,0.657265,434.181
