Iteration,Cost,Cost reduction,time (ms)
0,4960.58,0.00130448,136.781
1,4921.95,0.00908215,235.443
2,4872.05,0.0191275,339.886
3,4851.98,0.0231681,463.863
4,3146.3,0.366566,604.3
5,3146.3,0.366566,777.391
