Iteration,Cost,Cost reduction,time (ms)
0,5548.13,0.00116778,144.337
1,5509.51,0.00812027,245.678
2,5459.6,0.0171053,350.653
3,5393.17,0.0290661,471.098
4,3736.56,0.327306,590.484
5,2297.38,0.586403,712.919
