Iteration,Cost,Cost reduction,time (ms)
0,4559.09,0.00141836,150.084
1,4520.46,0.00988057,248.276
2,4470.41,0.0208431,351.357
3,4261.3,0.0666449,465.2
4,2984.22,0.346363,584.631
5,2670.04,0.41518,747.644
