Iteration,Cost,Cost reduction,time (ms)
0,122.134,0.25663,576.411
1,60.2226,0.633454,1170.99
2,11.9302,0.927386,1756.83
3,6.07964,0.962996,2323.39
4,6.07964,0.962996,2877.78
5,6.07964,0.962996,2968.83
