Iteration,Cost,Cost reduction,time (ms)
0,41.5793,0.369575,514.382
1,22.3643,0.660914,1040.12
2,18.0622,0.726142,1583.06
3,15.7831,0.760696,2135.33
4,15.7831,0.760696,2669.14
