Iteration,Cost,Cost reduction,time (ms)
0,59.6345,0.371234,224.119
1,48.3448,0.490268,432.327
2,33.7567,0.64408,643.275
3,14.8697,0.843219,855.553
4,4.27152,0.954962,1068.9
5,4.27152,0.954962,1282.02
