Iteration,Cost,Cost reduction,time (ms)
0,4168.87,0.00157044,131.247
1,4131.01,0.0106378,227.776
2,4081.67,0.0224547,330.422
3,3249.23,0.221822,438.525
4,2784.55,0.333109,546.743
5,1503.92,0.639818,656.66
