Iteration,Cost,Cost reduction,time (ms)
0,4999.14,0.00129423,136.068
1,4960.51,0.00901204,234.745
2,4910.62,0.0189792,340.185
3,4227.79,0.155391,460.953
4,2689.66,0.462671,584.231
5,1853.24,0.629768,738.426
