Iteration,Cost,Cost reduction,time (ms)
0,7.284069836846481,0.0,86.52377128601074
1,7.195707592628224,0.01213088921405936,388.2873058319092
