Iteration,Cost,Cost reduction,time (ms)
0,5066.44,0.00127642,430.698
1,5027.8,0.00889355,830.892
2,4977.97,0.018717,1227.16
3,4962.27,0.0218113,1730.43
4,3520.76,0.30597,2222.17
5,2076.55,0.59066,3112.83
