Iteration,Cost,Cost reduction,time (ms)
0,4953.19,0.00130581,178.362
1,4914.55,0.00909679,336.045
2,4864.71,0.0191458,505.159
3,4147.24,0.163806,694.903
4,1469.42,0.703725,912.315
5,1469.42,0.703725,1106.5
