Iteration,Cost,Cost reduction,time (ms)
0,5392.28,0.00121476,132.242
1,5354.42,0.0082273,229.648
2,5305.08,0.0173663,330.594
3,4331.63,0.197674,438.283
4,1796.35,0.667271,546.342
5,1777.39,0.670784,652.921
