Iteration,Cost,Cost reduction,time (ms)
0,91.1983,0.121764,581.364
1,29.3047,0.717797,1136.71
2,13.825,0.866866,1723
3,10.2674,0.901126,2316.73
4,10.2674,0.901126,2911
5,5.3242,0.948728,3005.5
