Iteration,Cost,Cost reduction,time (ms)
0,27.7449,0.298743,105.255
1,13.9214,0.648136,181.286
2,10.6819,0.730013,256.28
3,9.30786,0.764742,335.758
4,8.48231,0.785608,415.311
5,5.61795,0.858006,494.84
