Iteration,Cost,Cost reduction,time (ms)
0,4624.78,0.00139859,147.724
1,4586.15,0.0097406,247.327
2,4536.09,0.020549,351.353
3,4228.24,0.0870214,469.932
4,3325.74,0.281894,587.24
5,2735.72,0.409293,744.466
