Iteration,Cost,Cost reduction,time (ms)
0,5562.87,0.00116291,177.625
1,5524.23,0.00810099,336.392
2,5474.39,0.0170502,504.072
3,4728.33,0.151009,693.435
4,1792.79,0.678097,910.143
5,1499.38,0.73078,1118.02
