Iteration,Cost,Cost reduction,time (ms)
0,28.5911,0.386113,104.124
1,16.1004,0.654303,180.826
2,11.4903,0.753288,259.5
3,10.3413,0.777958,345.853
4,8.66023,0.814054,429.882
5,5.68238,0.877992,510.808
