Iteration,Cost,Cost reduction,time (ms)
0,24.2221,0.417645,579.649
1,11.8497,0.715106,1120.74
2,10.534,0.746737,1701.57
3,6.44738,0.84499,2145.26
4,5.20516,0.874856,2575.7
5,4.55208,0.890557,3005.52
