Iteration,Cost,Cost reduction,time (ms)
0,16.5307,0.644934,123.4
1,16.5307,0.644934,228.157
2,16.5307,0.644934,287.452
3,16.5307,0.644934,346.45
4,16.5307,0.644934,404.958
5,16.5307,0.644934,464.449
6,16.5307,0.644934,505.771
