Iteration,Cost,Cost reduction,time (ms)
0,31.5497,0.333792,105.994
1,17.6412,0.627485,180.048
2,17.6412,0.627485,254.348
3,17.6412,0.627485,303.204
4,17.6412,0.627485,353.156
5,17.6412,0.627485,403.005
