Iteration,Cost,Cost reduction,time (ms)
0,5519.23,0.00117298,138.51
1,5480.6,0.00816354,236.979
2,5430.53,0.0172244,340.401
3,5323.72,0.036555,458.5
4,4114.3,0.255425,572.191
5,1353.34,0.755083,691.085
