Iteration,Cost,Cost reduction,time (ms)
0,5697.86,0.00113518,408.307
1,5659.22,0.00790914,801.387
2,5609.39,0.0166454,1193.99
3,5582.03,0.0214415,1693.89
4,4258.68,0.253431,2231.5
5,2065.38,0.637928,2971.13
6,1098.99,0.807342,3534.96
7,964.68,0.830887,4100.89
8,916.808,0.839279,4677.08
9,916.808,0.839279,5273.46
