Iteration,Cost,Cost reduction,time (ms)
0,109.094,0.313177,145.622
1,104.399,0.342738,253.364
2,88.2168,0.444615,363.687
3,88.2168,0.444615,470.884
4,88.2168,0.444615,548.925
5,88.2168,0.444615,624.933
