Iteration,Cost,Cost reduction,time (ms)
0,5554.79,0.00116441,159.29
1,5516.15,0.00811185,253.842
2,5466.1,0.0171119,349.114
3,5439.96,0.0218116,450.761
4,3863.62,0.305262,553.692
5,3863.62,0.305262,691.664
