Iteration,Cost,Cost reduction,time (ms)
0,125.142,0.0786713,135.948
1,44.0886,0.675407,234.81
2,30.5746,0.774901,345.6
3,24.1844,0.821947,467.119
4,22.3482,0.835466,582.778
5,14.2028,0.895435,697.468
