Iteration,Cost,Cost reduction,time (ms)
0,4540.32,0.00142398,411.562
1,4501.68,0.00992255,808.37
2,4451.85,0.0208821,1203.37
3,4431.31,0.0253994,1708.85
4,2635.34,0.420395,2241.26
5,2128.11,0.531954,3112.61
