Iteration,Cost,Cost reduction,time (ms)
0,4842.95,0.00133742,140.57
1,4804.32,0.00930146,238.721
2,4754.42,0.0195931,343.09
3,4712.01,0.0283368,463.57
4,2524.86,0.47935,590.097
5,1912.21,0.605684,780.088
