Iteration,Cost,Cost reduction,time (ms)
0,30.1265,0.320499,106.081
1,21.5629,0.513649,183.509
2,11.5587,0.739294,268.588
3,9.73399,0.78045,368.002
4,9.37359,0.788579,475.095
5,8.98814,0.797273,587.278
