Iteration,Cost,Cost reduction,time (ms)
0,61.7365,0.32146,180.769
1,61.7365,0.32146,301.53
2,61.7365,0.32146,378.702
3,61.7365,0.32146,455.203
4,61.7365,0.32146,530.584
5,61.7365,0.32146,600.707
6,61.7365,0.32146,673.429
