Iteration,Cost,Cost reduction,time (ms)
0,54.1274,0,163.926
1,54.1274,0,242.741
2,22.863,0.577607,312.272
3,22.863,0.577607,430.472
4,22.863,0.577607,498.603
