Iteration,Cost,Cost reduction,time (ms)
0,30.9024,0.465959,146.652
1,10.2837,0.822282,249.223
2,4.62719,0.920035,356.672
3,3.99396,0.930978,474.586
4,2.72883,0.952842,586.737
5,2.72883,0.952842,704.805
