Iteration,Cost,Cost reduction,time (ms)
0,4257.1,0.00151885,414.824
1,4218.46,0.0105819,812.532
2,4168.62,0.0222708,1208.46
3,4104.25,0.0373691,1709.43
4,2078.62,0.51247,2200.17
5,1634.36,0.616669,2922.92
