Iteration,Cost,Cost reduction,time (ms)
0,30.7586,0.311183,107.882
1,18.9722,0.575131,188.18
2,10.2938,0.769479,270.13
3,5.21985,0.883105,353.836
4,4.93309,0.889527,444.197
5,4.63281,0.896252,533.46
