Iteration,Cost,Cost reduction,time (ms)
0,111.767,0.0893664,144.861
1,27.5898,0.775209,252.609
2,15.8056,0.871222,361.82
3,14.4422,0.882331,490.73
4,14.4345,0.882393,619.031
5,14.4345,0.882393,744.839
