Iteration,Cost,Cost reduction,time (ms)
0,34.77,0.199143,99.118
1,9.1082,0.790211,171.73
2,9.1082,0.790211,249.173
3,9.1082,0.790211,304.4
4,9.1082,0.790211,359.117
5,9.1082,0.790211,411.138
