Iteration,Cost,Cost reduction,time (ms)
0,4611.55,0.00140206,410.872
1,4572.91,0.00976953,807.429
2,4523.08,0.0205602,1204.23
3,4507.8,0.0238696,1708.65
4,3101.64,0.328363,2204.72
5,2126.38,0.539547,3081.5
