Iteration,Cost,Cost reduction,time (ms)
0,4606.13,0.00140475,135.622
1,4567.5,0.00978007,234.726
2,4517.6,0.0205975,338.899
3,4201.52,0.0891228,461.651
4,2468.91,0.464749,609.055
5,2468.91,0.464749,763.95
