Iteration,Cost,Cost reduction,time (ms)
0,4677.04,0.00138272,156.871
1,4638.41,0.00963218,258.543
2,4588.35,0.0203195,363.499
3,4564.45,0.0254222,482.687
4,3366.2,0.281268,598.704
5,2991.97,0.36117,750.705
