Iteration,Cost,Cost reduction,time (ms)
0,4403.26,0.00147018,142.059
1,4364.63,0.0102293,241.064
2,4314.73,0.0215459,345.725
3,4249.45,0.03635,470.791
4,2791.27,0.367022,598.011
5,1725.99,0.608595,731.944
