Iteration,Cost,Cost reduction,time (ms)
0,28.4873,0.394836,100.93
1,28.4873,0.394836,170.043
2,28.443,0.395776,220.448
3,28.443,0.395776,293.639
4,28.4044,0.396597,345.552
5,9.43485,0.799572,424.226
