Iteration,Cost,Cost reduction,time (ms)
0,26.4238,0.396247,188.157
1,15.3534,0.649192,357.223
2,8.4385,0.80719,531.588
3,7.15692,0.836473,698.342
4,3.37968,0.922778,866.833
5,2.98357,0.931829,1032.71
