Iteration,Cost,Cost reduction,time (ms)
0,124.527,0.029876,146.071
1,43.8315,0.658531,258.869
2,23.7068,0.815313,382.938
3,23.7068,0.815313,511.328
4,23.7068,0.815313,596.203
5,23.7068,0.815313,682.08
