Iteration,Cost,Cost reduction,time (ms)
0,4742.61,0.00136374,413.553
1,4703.97,0.00950018,802.493
2,4654.13,0.0199949,1199.83
3,3997.17,0.158328,1697.86
4,1579.86,0.667333,2331
5,1553.57,0.672869,2871.42
