Iteration,Cost,Cost reduction,time (ms)
0,4455.46,0.00145097,415.671
1,4416.82,0.0101112,813.308
2,4366.99,0.0212786,1208.16
3,4074.54,0.0868217,1721.55
4,3243.05,0.273175,2291.94
5,2476.81,0.444902,2844.56
