Iteration,Cost,Cost reduction,time (ms)
0,25.4737,0.382302,584.457
1,14.1453,0.656998,1124.63
2,14.0466,0.659392,1637.12
3,12.5074,0.696716,2153.35
4,12.5074,0.696716,2665.58
5,12.5074,0.696716,2757.28
