Iteration,Cost,Cost reduction,time (ms)
0,4333.1,0.00149253,150.746
1,4294.46,0.0103957,251.645
2,4244.4,0.0219312,355.674
3,4200.34,0.0320844,474.236
4,3007.18,0.307034,588.743
5,2424.09,0.441399,750.365
