Iteration,Cost,Cost reduction,time (ms)
0,5854.16,0.00110521,412.346
1,5815.52,0.00769842,811.165
2,5765.68,0.0162032,1207.46
3,5750.91,0.0187232,1707.97
4,3540.98,0.395804,2212.2
5,1679.01,0.713511,3032.18
