Iteration,Cost,Cost reduction,time (ms)
0,30.3414,0.333623,104.138
1,15.5601,0.658258,178.725
2,12.8461,0.717865,254.614
3,12.8461,0.717865,330.129
4,12.8177,0.71849,386.077
5,11.5758,0.745765,467.425
