Iteration,Cost,Cost reduction,time (ms)
0,20.9959,0.0969571,6.852
1,13.2189,0.431451,11.187
2,13.2189,0.431451,14.865
3,13.2189,0.431451,17.527
4,13.2189,0.431451,20.272
