Iteration,Cost,Cost reduction,time (ms)
0,27.0857,0.50076,224.498
1,15.4957,0.714385,431.821
2,10.736,0.802115,636.757
3,6.53763,0.879499,842.519
4,5.14154,0.905232,1044.73
5,3.65478,0.932636,1250.21
