Iteration,Cost,Cost reduction,time (ms)
0,4642.68,0.00139317,150.05
1,4604.04,0.00970352,250.411
2,4553.98,0.020471,354.812
3,4533.67,0.0248402,470.243
4,3561.99,0.233843,586.15
5,2252.09,0.515592,732.233
