Iteration,Cost,Cost reduction,time (ms)
0,31.8158,0.295775,544.114
1,15.8165,0.649909,1148.18
2,11.2161,0.751738,1757.74
3,10.1669,0.774962,2364.47
4,8.87291,0.803603,2964
5,8.30257,0.816227,3555.87
6,8.25326,0.817319,4123.7
