Iteration,Cost,Cost reduction,time (ms)
0,4199.83,0.00154034,141.508
1,4161.2,0.0107247,242.349
2,4111.3,0.0225868,347.157
3,4084.69,0.0289135,468.894
4,3732.38,0.112672,597.799
5,2274.74,0.459208,734.937
