Iteration,Cost,Cost reduction,time (ms)
0,21.1495,0.880321,221.743
1,17.7188,0.899734,441.791
2,17.7188,0.899734,660.429
3,17.7188,0.899734,747.193
4,17.7188,0.899734,828.845
5,17.7188,0.899734,911.964
