Iteration,Cost,Cost reduction,time (ms)
0,20.6221,0.484641,124.832
1,16.217,0.594729,218.824
2,16.217,0.594729,328.668
3,16.217,0.594729,389.623
4,16.217,0.594729,450.565
5,16.217,0.594729,511.881
6,16.217,0.594729,573.105
