Iteration,Cost,Cost reduction,time (ms)
0,53.6505,0.410054,215.836
1,29.035,0.680729,421.426
2,26.267,0.711165,622.341
3,25.5992,0.718509,825.242
4,14.146,0.844449,1028.44
5,8.19908,0.909842,1229.42
