Iteration,Cost,Cost reduction,time (ms)
0,27.8573,0.284918,176.853
1,21.8784,0.438393,362.346
2,15.1149,0.612009,539.231
3,7.60359,0.80482,706.235
4,6.92211,0.822313,874.373
5,6.92211,0.822313,1038.91
