Iteration,Cost,Cost reduction,time (ms)
0,26.9034,0.322802,107.986
1,23.8346,0.400049,186.137
2,12.5232,0.684772,263.454
3,12.5232,0.684772,341.736
4,12.3301,0.689633,395.668
5,12.3301,0.689633,475.526
