Iteration,Cost,Cost reduction,time (ms)
0,5627.49,0.00114954,147.224
1,5588.85,0.00800729,247.505
2,5538.8,0.0168921,352.387
3,5493.75,0.0248879,469.287
4,4368.41,0.224629,586.264
5,3034.52,0.461388,731.353
