Iteration,Cost,Cost reduction,time (ms)
0,37.5956,0.386406,526.105
1,25.7656,0.579482,1100.76
2,21.0989,0.655647,1661.25
3,17.9577,0.706914,2224.14
4,17.4865,0.714604,2788.81
5,17.4865,0.714604,3359.35
