Iteration,Cost,Cost reduction,time (ms)
0,4540.26,0.00144226,132.733
1,4502.4,0.00976893,229.934
2,4453.06,0.0206204,331.554
3,3575.83,0.213554,439.311
4,2201.21,0.515878,547.713
5,2165.27,0.523783,653.627
