Iteration,Cost,Cost reduction,time (ms)
0,30.9505,0.232845,185.555
1,22.5614,0.440783,362.049
2,17.1076,0.575964,544.282
3,5.62554,0.860563,724.635
4,5.62554,0.860563,895.584
5,5.62554,0.860563,966.831
