Iteration,Cost,Cost reduction,time (ms)
0,49.6781,0.230449,147.499
1,11.1243,0.827677,269.524
2,6.68343,0.896469,404.625
3,4.04324,0.937367,552.212
4,4.04324,0.937367,693.844
5,2.96659,0.954045,785.448
