Iteration,Cost,Cost reduction,time (ms)
0,25.4406,0.368485,109.769
1,16.7805,0.583457,187.002
2,12.4048,0.692075,262.283
3,4.26779,0.89406,343.314
4,3.77929,0.906186,436.679
5,3.62096,0.910117,528.016
