Iteration,Cost,Cost reduction,time (ms)
0,84.6577,0.360929,206.393
1,47.7234,0.639742,385.402
2,21.7229,0.836016,559.22
3,14.6598,0.889335,742.2
4,14.5498,0.890165,922.987
