Iteration,Cost,Cost reduction,time (ms)
0,112.453,0.0365575,149.231
1,56.0121,0.520117,261.467
2,36.5346,0.686991,381.854
3,29.0089,0.751467,514.024
4,23.9914,0.794454,644.688
5,23.0156,0.802814,807.309
