Iteration,Cost,Cost reduction,time (ms)
0,27.2707,0.304617,104.262
1,15.9814,0.592485,177.819
2,12.8642,0.671972,251.56
3,12.1895,0.689176,329.556
4,11.1857,0.714773,408.841
5,10.9433,0.720955,487.757
