Iteration,Cost,Cost reduction,time (ms)
0,49.239,0.22107,148.18
1,19.1136,0.697634,259.208
2,2.19547,0.965269,375
3,1.43142,0.977356,495.103
4,1.43142,0.977356,612.178
5,1.42968,0.977383,698.399
