Iteration,Cost,Cost reduction,time (ms)
0,126.271,0.307741,147.237
1,56.4359,0.690599,256.216
2,53.146,0.708636,374.033
3,53.146,0.708636,485.321
4,53.146,0.708636,562.893
5,52.9099,0.70993,641.958
