Iteration,Cost,Cost reduction,time (ms)
0,4168.86,0.00157023,131.551
1,4131,0.0106377,228.474
2,4081.66,0.0224539,330.53
3,3253.91,0.220697,439.401
4,2910.2,0.303017,549.202
5,2470.64,0.408288,662.406
