Iteration,Cost,Cost reduction,time (ms)
0,5775.61,0.00112022,417.75
1,5736.97,0.007803,813.09
2,5687.13,0.0164233,1209.71
3,5672.27,0.0189928,1710.24
4,3485.03,0.397272,2209.31
5,1483.37,0.743455,3015.83
