Iteration,Cost,Cost reduction,time (ms)
0,141.673,0.194678,147.125
1,95.8459,0.455174,256.15
2,52.1958,0.703298,379.012
3,32.527,0.815104,506.447
4,13.145,0.925279,630.769
5,8.98156,0.948945,761.62
