Iteration,Cost,Cost reduction,time (ms)
0,4942.7,0.00132472,130.956
1,4904.84,0.00897444,227.95
2,4855.51,0.0189431,329.499
3,3947.52,0.202402,439.576
4,3545.74,0.283582,548.17
5,2976.2,0.398658,660.449
