Iteration,Cost,Cost reduction,time (ms)
0,122.502,0.129086,585.798
1,27.2936,0.805959,1148.97
2,8.56684,0.939095,1751.49
3,8.56684,0.939095,2342.99
4,7.96907,0.943345,2434.95
5,7.96907,0.943345,3011.34
