Iteration,Cost,Cost reduction,time (ms)
0,113.364,0.0366832,516.38
1,20.4637,0.826108,1074.09
2,17.4216,0.851958,1593.54
3,16.0141,0.863919,2115.1
4,16.0141,0.863919,2634.31
5,16.0141,0.863919,2721.19
