Iteration,Cost,Cost reduction,time (ms)
0,4335.95,0.00151025,131.974
1,4298.09,0.0102286,230.264
2,4248.75,0.0215908,332.057
3,3388.91,0.219597,439.44
4,1410.14,0.675271,551.061
5,1363.48,0.686016,656.458
