Iteration,Cost,Cost reduction,time (ms)
0,54.6695,0.389497,151.419
1,50.9941,0.430541,260.811
2,18.1409,0.797418,373.351
3,16.6576,0.813982,492.165
4,15.5362,0.826505,612.807
5,15.5362,0.826505,728.106
