Iteration,Cost,Cost reduction,time (ms)
0,130.328,0.269504,166.465
1,32.4075,0.818354,307.617
2,30.0368,0.831642,453.979
3,30.0368,0.831642,610.759
4,30.0368,0.831642,688.399
5,30.0368,0.831642,764.966
