Iteration,Cost,Cost reduction,time (ms)
0,119.586,0.308357,151.667
1,112.467,0.349535,260.957
2,92.9934,0.462161,377.978
3,36.3169,0.789957,492.927
4,30.485,0.823686,618.334
5,26.4274,0.847154,749.371
