Iteration,Cost,Cost reduction,time (ms)
0,43.7837,0.0395262,520.239
1,10.1714,0.776872,1082.08
2,10.1714,0.776872,1622.94
3,10.1714,0.776872,1714.08
4,9.11322,0.800085,1782.44
5,9.11322,0.800085,2297.58
