Iteration,Cost,Cost reduction,time (ms)
0,5872.02,0.00110173,413.252
1,5833.38,0.00767495,809.763
2,5783.54,0.0161534,1204.35
3,5003.29,0.148882,1706.4
4,2101.89,0.642444,2335.74
5,1954.39,0.667535,2872.46
