Iteration,Cost,Cost reduction,time (ms)
0,31.5305,0.306974,110.502
1,22.4655,0.506217,191.455
2,18.4312,0.59489,285.527
3,7.28022,0.839984,382.079
4,6.07062,0.86657,486.173
5,5.90387,0.870236,592.886
