Iteration,Cost,Cost reduction,time (ms)
0,4373.14,0.00147834,178.146
1,4334.5,0.0103013,337.167
2,4284.67,0.0216792,503.648
3,3943.23,0.0996394,692.461
4,3565.26,0.185941,898.939
5,3565.26,0.185941,1098.85
