Iteration,Cost,Cost reduction,time (ms)
0,25.7195,0.36185,105.63
1,11.233,0.721287,183.289
2,10.207,0.746744,268.904
3,8.55186,0.787812,359.217
4,5.18818,0.871271,446.246
5,5.12256,0.8729,539.331
