Iteration,Cost,Cost reduction,time (ms)
0,28.262,0.322148,173.012
1,18.6065,0.55373,356.241
2,12.5837,0.698186,547.171
3,7.2987,0.824944,741.717
4,5.7074,0.86311,933.847
5,4.76093,0.885811,1127.92
