Iteration,Cost,Cost reduction,time (ms)
0,4754.9,0.00137708,132.755
1,4717.04,0.00932848,229.865
2,4667.7,0.0196903,332.829
3,3770.63,0.208093,440.377
4,3270.41,0.313148,548.465
5,980.531,0.794069,656.392
