Iteration,Cost,Cost reduction,time (ms)
0,28.2175,0.318588,112.734
1,14.9111,0.639919,192.802
2,14.0271,0.661266,277.098
3,10.1391,0.755155,368.513
4,5.15361,0.875548,463.531
5,5.15361,0.875548,554.015
