Iteration,Cost,Cost reduction,time (ms)
0,50.4109,0.225557,5320.38
1,45.183,0.305871,10967.5
2,35.2811,0.457991,16544.7
3,32.3606,0.502857,22328.5
4,29.6732,0.544142,28043.3
5,21.4082,0.671114,33391.8
6,21.4082,0.671114,39320.4
