Iteration,Cost,Cost reduction,time (ms)
0,38.3317,0.270022,225.491
1,4.89409,0.906798,445.658
2,4.55397,0.913275,667.385
3,3.97677,0.924267,892.369
4,3.18691,0.939309,1111.8
5,3.18691,0.939309,1331.95
