Iteration,Cost,Cost reduction,time (ms)
0,83.9877,0.374152,146.872
1,68.3017,0.491039,253.011
2,8.65985,0.93547,363.95
3,7.31945,0.945458,476.488
4,7.31945,0.945458,590.233
5,7.25798,0.945916,666.851
