Iteration,Cost,Cost reduction,time (ms)
0,69.2569,0.42447,157.403
1,58.0191,0.517857,264.842
2,31.8607,0.735235,390.826
3,28.1761,0.765854,525.677
4,25.4371,0.788616,659.632
5,21.5686,0.820764,792.517
