Iteration,Cost,Cost reduction,time (ms)
0,4559.1,0.00141822,176.751
1,4520.46,0.00988179,334.691
2,4470.63,0.020797,501.333
3,3820.87,0.163113,693.679
4,1562.26,0.657818,912.116
5,1562.26,0.657818,1104.46
