Iteration,Cost,Cost reduction,time (ms)
0,129.129,0.261706,558.631
1,91.8363,0.474926,1087.42
2,61.9995,0.645518,1608.79
3,55.8273,0.680808,2138.89
4,44.2123,0.747216,2678.75
5,39.3976,0.774744,3206.65
