Iteration,Cost,Cost reduction,time (ms)
0,5468.89,0.00118411,133.63
1,5430.26,0.00823768,231.416
2,5380.37,0.0173505,335.576
3,5361.77,0.0207481,456.198
4,4219.82,0.229309,583.9
5,2585.1,0.527867,762.965
