Iteration,Cost,Cost reduction,time (ms)
0,46.8971,0.262092,1598.18
1,38.6515,0.391834,3276.82
2,32.4016,0.490174,4964.18
3,17.5134,0.724434,6644.6
4,11.2588,0.822848,8375.24
5,8.40478,0.867754,10142.7
6,7.53452,0.881447,11923.8
7,5.21154,0.917998,13705.4
8,5.21154,0.917998,15527.7
