Iteration,Cost,Cost reduction,time (ms)
0,82.3164,0.325968,152.662
1,54.1262,0.556798,259.366
2,40.5743,0.667765,378.372
3,29.1542,0.761276,498.686
4,28.8798,0.763524,628.851
5,27.9077,0.771483,751.067
