Iteration,Cost,Cost reduction,time (ms)
0,32.2998,0.297374,106.099
1,26.3201,0.427453,186.208
2,20.3859,0.556541,283.516
3,18.4443,0.598777,400.534
4,18.4443,0.598777,503.768
5,18.2979,0.60196,562.173
