Iteration,Cost,Cost reduction,time (ms)
0,4607.99,0.00142053,130.19
1,4570.12,0.00962525,226.253
2,4520.79,0.0203168,327.454
3,3668.94,0.204917,435.736
4,3396.06,0.264053,550.335
5,2770.72,0.399567,660.775
