Iteration,Cost,Cost reduction,time (ms)
0,26.2254,0.334414,189.284
1,25.5999,0.350289,363.034
2,21.7862,0.447079,534.973
3,21.2847,0.459808,702.591
4,20.7939,0.472263,870.382
5,19.3198,0.509675,1035.79
