Iteration,Cost,Cost reduction,time (ms)
0,5387.24,0.00120119,137.104
1,5348.61,0.00836365,234.863
2,5298.71,0.017614,338.865
3,4566.76,0.153319,459.478
4,2965.23,0.450244,584.047
5,2036.18,0.62249,750.537
