Iteration,Cost,Cost reduction,time (ms)
0,92.3143,0.01507,150.461
1,22.8684,0.75601,258.655
2,19.6099,0.790776,368.125
3,19.6099,0.790776,477.638
4,19.6099,0.790776,550.566
5,19.6099,0.790776,623.206
