Iteration,Cost,Cost reduction,time (ms)
0,12.3855,0.711154,175.627
1,12.3855,0.711154,322.893
2,12.3855,0.711154,378.981
3,12.3855,0.711154,424.597
4,12.3855,0.711154,470.65
5,12.3855,0.711154,517.36
