Iteration,Cost,Cost reduction,time (ms)
0,5366.5,0.00120508,136.459
1,5327.87,0.00839602,234.725
2,5277.82,0.0177108,338.174
3,5255.23,0.0219151,451.469
4,3980.54,0.259155,564.854
5,1352.73,0.748234,703.597
