Iteration,Cost,Cost reduction,time (ms)
0,5775.59,0.00112121,138.952
1,5736.97,0.00780116,237.492
2,5687.07,0.0164312,342.269
3,4984.49,0.137941,463.881
4,3520.66,0.391107,591.521
5,2857.44,0.50581,742.134
