Iteration,Cost,Cost reduction,time (ms)
0,61.7612,0.154622,189.67
1,56.8606,0.2217,309.384
2,18.6125,0.745235,434.768
3,15.9379,0.781844,620.213
4,15.9379,0.781844,826.024
5,15.9379,0.781844,908.462
