Iteration,Cost,Cost reduction,time (ms)
0,69.9707,0.419701,212.887
1,55.7023,0.538036,418.173
2,30.6584,0.745736,628.318
3,11.8951,0.901349,843.856
4,11.8951,0.901349,1056.29
