Iteration,Cost,Cost reduction,time (ms)
0,24.5788,0.436824,186.054
1,16.5585,0.620593,352.674
2,14.8013,0.660855,520.126
3,14.8013,0.660855,683.872
4,14.8013,0.660855,750.677
5,14.8013,0.660855,800.612
