Iteration,Cost,Cost reduction,time (ms)
0,116.328,0.164654,595.577
1,36.9404,0.734734,1195.92
2,14.8607,0.893286,1769.23
3,9.59641,0.931089,2316.56
4,7.10174,0.949003,2857.75
5,7.10174,0.949003,3416.79
