Iteration,Cost,Cost reduction,time (ms)
0,26.7047,0.323127,111.455
1,26.7047,0.323127,185.022
2,26.7047,0.323127,228.99
3,26.7047,0.323127,273.43
4,26.7047,0.323127,320.825
5,26.7047,0.323127,367.529
