Iteration,Cost,Cost reduction,time (ms)
0,4842.94,0.00133536,145.424
1,4804.3,0.00930261,245.277
2,4754.25,0.019624,349.843
3,4610.42,0.0492828,466.021
4,2820.06,0.418474,577.394
5,2727.29,0.437603,690.047
