Iteration,Cost,Cost reduction,time (ms)
0,4319.23,0.00149796,138.351
1,4280.6,0.0104285,238.147
2,4230.7,0.0219631,342.034
3,4185.82,0.0323391,462.511
4,2251.78,0.479444,597.996
5,1260.21,0.70867,776.397
