Iteration,Cost,Cost reduction,time (ms)
0,5066.43,0.00127644,140.317
1,5027.79,0.00889243,238.003
2,4977.91,0.0187252,341.778
3,4818.34,0.0501809,462.929
4,3346.29,0.340359,609.772
5,2592.28,0.488994,817.766
