Iteration,Cost,Cost reduction,time (ms)
0,21.7863,0.42489,104.737
1,15.1678,0.599605,179.643
2,15.1678,0.599605,249.385
3,15.1678,0.599605,296.702
4,15.1678,0.599605,345.183
5,15.1678,0.599605,393.855
