Iteration,Cost,Cost reduction,time (ms)
0,75.0127,0.378254,152.247
1,64.1092,0.468627,259.653
2,18.0951,0.850018,370.742
3,18.0951,0.850018,481.74
4,18.0649,0.850268,558.529
5,18.0166,0.850669,669.025
