Iteration,Cost,Cost reduction,time (ms)
0,4665.17,0.0014036,132.667
1,4627.31,0.00950768,230.076
2,4577.97,0.0200692,331.932
3,3693.85,0.209318,440.231
4,3183.8,0.318496,548.584
5,2005.11,0.5708,657.669
