Iteration,Cost,Cost reduction,time (ms)
0,110.461,0.104791,151.399
1,47.3497,0.616264,263.073
2,34.4686,0.720657,403.347
3,26.3313,0.786604,612.928
4,13.9915,0.886609,837.744
5,13.369,0.891653,1075.77
