Iteration,Cost,Cost reduction,time (ms)
0,38.0352,0.767853,18.102
1,17.8108,0.891292,30.311
2,12.4999,0.923707,42.744
3,10.1015,0.938346,56.024
4,7.12905,0.956488,68.784
5,6.26925,0.961736,80.426
6,6.26925,0.961736,93.194
