Iteration,Cost,Cost reduction,time (ms)
0,44.2481,0.0945772,99.6
1,38.0128,0.222167,152.714
2,36.1412,0.260464,185.96
3,29.8763,0.38866,223.936
4,29.8763,0.38866,267
5,29.8763,0.38866,300.279
6,27.7933,0.431282,340.313
7,27.7933,0.431282,380.447
