Iteration,Cost,Cost reduction,time (ms)
0,5627.41,0.00116393,135.073
1,5589.55,0.00788387,231.869
2,5540.21,0.0166413,333.162
3,4557.56,0.191057,441.114
4,3037.5,0.460859,549.29
5,3023.56,0.463334,655.962
