Iteration,Cost,Cost reduction,time (ms)
0,25.0956,0.387239,586.293
1,17.3284,0.576893,1115.6
2,17.3284,0.576893,1622.42
3,14.9042,0.636083,1715.8
4,12.0575,0.705591,2204.95
5,11.5093,0.718976,2721.4
