Iteration,Cost,Cost reduction,time (ms)
0,25.6278,0.4165,103.52
1,23.6523,0.461478,175.398
2,23.5432,0.463962,246.729
3,23.5432,0.463962,320.415
4,22.1555,0.495558,372.286
5,22.1555,0.495558,448.015
