Iteration,Cost,Cost reduction,time (ms)
0,4639.56,0.00139436,138.642
1,4600.93,0.00970951,236.654
2,4551.04,0.0204479,341.303
3,4536.05,0.023674,464.696
4,3015.42,0.350969,606.202
5,3015.42,0.350969,824.918
