Iteration,Cost,Cost reduction,time (ms)
0,5164.05,0.00126829,134.082
1,5126.19,0.00859041,230.487
2,5076.85,0.0181329,332.195
3,4130.23,0.20121,439.894
4,2557.43,0.50539,548.554
5,2529.18,0.510855,655.281
