Iteration,Cost,Cost reduction,time (ms)
0,170.139,0.010384,427.476
1,170.139,0.010384,814.104
2,170.139,0.010384,1101.03
3,170.139,0.010384,1387.81
4,170.139,0.010384,1674.67
5,170.139,0.010384,1961
6,170.139,0.010384,2247.11
