Iteration,Cost,Cost reduction,time (ms)
0,29.2736,0.461651,579.324
1,11.5926,0.786809,1166.24
2,9.20557,0.830707,1746.93
3,8.98654,0.834735,2302.8
4,8.98654,0.834735,2860.5
5,8.98654,0.834735,2951.47
