Iteration,Cost,Cost reduction,time (ms)
0,1039.6230024444358,0.0,6452.167510986328
1,198.83541253995446,0.8087427730317255,11622.037172317505
