Iteration,Cost,Cost reduction,time (ms)
0,50.5647,0.318971,572.581
1,33.4338,0.549699,1141.54
2,31.6349,0.573926,1683.43
3,16.2635,0.780955,2219.69
4,9.57869,0.87099,2814.84
5,8.37815,0.887159,3372.21
