Iteration,Cost,Cost reduction,time (ms)
0,53.8787,0.437778,145.043
1,44.3218,0.537504,410.344
2,11.6193,0.878753,700.81
3,11.0968,0.884205,1012.38
4,5.59162,0.941652,1358.48
5,4.9401,0.94845,1714.23
