Iteration,Cost,Cost reduction,time (ms)
0,144.984,0.00654603,52.182
1,144.984,0.00654603,116.755
2,137.8,0.0557775,144.763
3,123.265,0.155369,187.342
4,123.265,0.155369,225.932
5,123.265,0.155369,269.604
6,123.265,0.155369,408.33
