Iteration,Cost,Cost reduction,time (ms)
0,32.9483,0.282169,114.512
1,24.035,0.476359,194.001
2,10.9639,0.761134,272.997
3,10.9639,0.761134,364.849
4,10.9639,0.761134,419.375
5,10.9639,0.761134,474.051
