Iteration,Cost,Cost reduction,time (ms)
0,94.7324,0.223391,152.584
1,26.133,0.785764,265.907
2,5.53572,0.954619,386.178
3,5.478,0.955092,497.712
4,5.46206,0.955222,610.732
5,5.46206,0.955222,722.412
