Iteration,Cost,Cost reduction,time (ms)
0,68.0921,0.176996,595.91
1,15.2561,0.815605,1193.09
2,9.96207,0.879592,1782.65
3,9.96207,0.879592,2379.21
4,9.72217,0.882492,2475.4
5,9.72217,0.882492,3085.79
