Iteration,Cost,Cost reduction,time (ms)
0,5488.53,0.00119335,132.269
1,5450.67,0.00808312,228.864
2,5401.34,0.0170618,330.742
3,4423.43,0.195022,439.495
4,2748.31,0.499861,549.303
5,2743.87,0.500669,655.805
