Iteration,Cost,Cost reduction,time (ms)
0,44.4993,0.341112,5212.56
1,34.2196,0.49332,10923.1
2,31.0241,0.540636,16460
3,28.6802,0.57534,21983.2
4,23.6644,0.649609,27576.7
5,19.0176,0.718413,33191.5
6,17.442,0.741742,38867.5
7,13.5736,0.79902,44525.2
8,12.0221,0.821992,50110.4
9,12.0221,0.821992,55665.6
