Iteration,Cost,Cost reduction,time (ms)
0,45.8536,0.226538,599.648
1,17.4215,0.706133,1232.72
2,15.0848,0.745548,1803.32
3,14.4505,0.756249,2392.4
4,14.1483,0.761346,2967.23
5,11.2711,0.809879,3525.36
