Iteration,Cost,Cost reduction,time (ms)
0,60.7151,0.458494,81.114
1,60.7151,0.458494,181.299
2,37.691,0.663842,231.471
3,37.691,0.663842,320.343
4,33.2552,0.703403,377.584
5,30.1751,0.730874,432.576
6,26.7741,0.761207,497.764
7,26.7741,0.761207,557.875
