Iteration,Cost,Cost reduction,time (ms)
0,40.469,0.349202,157.483
1,30.7549,0.505419,264.348
2,16.1367,0.740499,381.372
3,4.84676,0.922057,523.075
4,4.62538,0.925618,697.022
5,4.62538,0.925618,873.04
