Iteration,Cost,Cost reduction,time (ms)
0,86.9761,0.174091,158.354
1,34.059,0.676582,273.707
2,20.3298,0.806952,400.004
3,15.9923,0.84814,539.913
4,15.9923,0.84814,687.601
