Iteration,Cost,Cost reduction,time (ms)
0,24.1742,0.51413,107.147
1,15.8595,0.681246,184.064
2,13.2092,0.734512,267.222
3,13.2092,0.734512,374.999
4,12.4418,0.749935,428.09
5,12.4418,0.749935,537.127
