Iteration,Cost,Cost reduction,time (ms)
0,103.569,0.314441,148.743
1,90.1086,0.403539,258.235
2,45.7986,0.696843,386.265
3,16.4863,0.890871,545.171
4,16.4863,0.890871,715.458
5,16.4863,0.890871,799.047
