Iteration,Cost,Cost reduction,time (ms)
0,121.72,0.325423,216.63
1,98.7626,0.452652,421.902
2,57.9919,0.678605,626.429
3,49.3979,0.726234,829.556
4,24.8173,0.862461,1035.24
5,15.8304,0.912267,1246.18
6,14.0584,0.922088,1445.48
7,14.0584,0.922088,1640.65
