Iteration,Cost,Cost reduction,time (ms)
0,5355.31,0.00120745,176.691
1,5316.67,0.00841426,335.326
2,5266.84,0.0177075,504.668
3,4561.66,0.149228,694.584
4,2390.54,0.554153,911.76
5,1407.79,0.73744,1111.1
