Iteration,Cost,Cost reduction,time (ms)
0,45.3828,0.444855,145.801
1,35.6259,0.564205,252.413
2,23.4218,0.713492,363.791
3,20.0761,0.754419,482.393
4,20.0761,0.754419,595.212
5,19.6749,0.759326,680.356
