Iteration,Cost,Cost reduction,time (ms)
0,1857.12,0.000544528,142.992
1,1841.23,0.00909702,279.7
2,1836.03,0.0118956,417.893
3,1831.45,0.0143587,553.41
4,1831.45,0.0143587,688.219
5,1831.45,0.0143587,745.464
