Iteration,Cost,Cost reduction,time (ms)
0,4199.82,0.00153986,144.594
1,4161.19,0.0107247,242.704
2,4111.13,0.022625,345.936
3,3816.25,0.092731,464.078
4,2967.07,0.294612,579.801
5,1787.42,0.575062,735.246
