Iteration,Cost,Cost reduction,time (ms)
0,4403.26,0.00146868,158.603
1,4364.62,0.0102303,262.067
2,4314.56,0.0215817,366.072
3,4270,0.0316868,482.279
4,3435.7,0.220883,595.85
5,3010.43,0.317322,730.109
