Iteration,Cost,Cost reduction,time (ms)
0,32.0874,0.297348,109.357
1,20.5945,0.54902,189.765
2,5.85531,0.87178,271.764
3,5.24175,0.885216,382.065
4,5.24175,0.885216,497.172
5,4.99826,0.890548,553.192
