Iteration,Cost,Cost reduction,time (ms)
0,30.6557,0.270603,120.028
1,29.9851,0.286558,203.784
2,29.9851,0.286558,285.894
3,26.1763,0.377182,338.937
4,23.5727,0.439131,424.327
5,21.7868,0.481623,523.84
