Iteration,Cost,Cost reduction,time (ms)
0,51.2184,0.355264,154.708
1,19.9437,0.74895,269.255
2,4.6468,0.941506,400.605
3,2.77617,0.965054,534.811
4,2.77617,0.965054,667.462
5,2.77617,0.965054,749.932
