Iteration,Cost,Cost reduction,time (ms)
0,87.4477,0.325787,227.003
1,35.3476,0.727474,453.521
2,11.9893,0.907564,673.968
3,4.59057,0.964607,899.831
4,4.36488,0.966347,1118.11
5,3.93812,0.969638,1335.94
