Iteration,Cost,Cost reduction,time (ms)
0,26.2122,0.378356,622.333
1,15.8239,0.624723,1252.34
2,12.4392,0.704995,1895.68
3,12.4392,0.704995,2542.86
4,12.4392,0.704995,2694.34
