Iteration,Cost,Cost reduction,time (ms)
0,104.206,0.15754,597.321
1,24.9043,0.79866,1224.57
2,19.4267,0.842944,1731.43
3,6.70718,0.945776,2287.97
4,5.12887,0.958535,2864.67
5,4.97395,0.959788,3440.93
