Iteration,Cost,Cost reduction,time (ms)
0,27.0503,0.310513,569.46
1,16.9725,0.567386,1187.97
2,16.9725,0.567386,1796.32
3,15.3346,0.609135,1890.99
4,11.9191,0.696193,2465.04
5,11.8749,0.697321,3022.94
