Iteration,Cost,Cost reduction,time (ms)
0,4319.23,0.00149708,178.721
1,4280.58,0.0104299,336.518
2,4230.75,0.0219513,503.077
3,3579.82,0.172431,693.969
4,1530.06,0.646287,908.817
5,957.189,0.77872,1103.98
