Iteration,Cost,Cost reduction,time (ms)
0,4218.3,0.00153242,412.589
1,4179.66,0.0106788,811.741
2,4129.83,0.0224731,1209.54
3,3848.1,0.0891593,1717.43
4,2995.62,0.29094,2283.92
5,2282.06,0.459839,2847.33
