Iteration,Cost,Cost reduction,time (ms)
0,38.7771,0.450306,149.892
1,33.422,0.526219,259.841
2,10.0092,0.858113,385.041
3,7.43253,0.894638,527.434
4,7.43253,0.894638,668.173
5,7.43253,0.894638,752.254
