Iteration,Cost,Cost reduction,time (ms)
0,154.269,0.145032,148.663
1,147.322,0.183534,492.756
2,24.08,0.866547,613.769
3,24.08,0.866547,731.184
4,24.08,0.866547,804.151
5,24.08,0.866547,877.136
6,24.08,0.866547,945.711
