Iteration,Cost,Cost reduction,time (ms)
0,4872.94,0.00132695,178.685
1,4834.3,0.00924617,336.955
2,4784.47,0.0194591,503.612
3,4533.51,0.0708915,696.352
4,3834.98,0.214049,908.106
5,2059.04,0.578015,1105.94
