Iteration,Cost,Cost reduction,time (ms)
0,31.3169,0.300732,176.073
1,19.5444,0.563597,358.612
2,16.3117,0.63578,540.041
3,12.2427,0.726635,694.45
4,6.8615,0.846791,845.438
5,6.8615,0.846791,994.96
