Iteration,Cost,Cost reduction,time (ms)
0,76.2195,0.16318,583.289
1,33.0588,0.637044,1140.39
2,18.6293,0.795467,1731.84
3,12.6501,0.861114,2279.55
4,10.8661,0.8807,2800.49
5,10.8661,0.8807,3334.82
