Iteration,Cost,Cost reduction,time (ms)
0,30.4938,0.317463,521.677
1,13.5144,0.697509,1077.28
2,10.1024,0.77388,1687.56
3,6.93057,0.844874,2253.52
4,5.76016,0.871071,2811.32
5,5.41641,0.878765,3376.51
