Iteration,Cost,Cost reduction,time (ms)
0,30.7297,0.350821,105.822
1,13.2067,0.721003,183.904
2,7.61715,0.839084,269.719
3,7.46447,0.842309,359.876
4,7.46447,0.842309,449.724
5,7.24482,0.84695,506.497
