Iteration,Cost,Cost reduction,time (ms)
0,4942.69,0.0013245,129.46
1,4904.83,0.00897434,227.903
2,4855.5,0.0189429,329.081
3,3970.16,0.197825,437.134
4,3612.8,0.270031,547.575
5,3559.96,0.280707,658.163
