Iteration,Cost,Cost reduction,time (ms)
0,23.7637,0.428212,101.824
1,13.2894,0.680237,171.305
2,9.6731,0.767251,242.072
3,9.6731,0.767251,313.867
4,9.6731,0.767251,362.933
5,9.59519,0.769126,414.521
