Iteration,Cost,Cost reduction,time (ms)
0,22.0244,0.515734,117.453
1,13.5927,0.701128,213.364
2,10.5021,0.769084,313.474
3,10.5021,0.769084,450.217
4,10.5021,0.769084,558.349
5,10.5021,0.769084,664.903
6,10.5021,0.769084,771.559
