Iteration,Cost,Cost reduction,time (ms)
0,4366.49,0.00148104,412.654
1,4327.85,0.0103173,810.213
2,4278.01,0.0217147,1204.37
3,3650.27,0.165265,1704.42
4,1360.57,0.688869,2330.97
5,849.728,0.805686,2866.61
