Iteration,Cost,Cost reduction,time (ms)
0,44.4216,0,328.091
1,27.1028,0.389874,520.193
2,20.105,0.547405,663.649
3,19.0153,0.571935,806.749
4,19.0153,0.571935,1101.79
5,19.0153,0.571935,1293.37
6,19.0153,0.571935,1484.64
