Iteration,Cost,Cost reduction,time (ms)
0,31.9199,0.257201,123.523
1,19.5656,0.544695,224.844
2,19.5656,0.544695,315.042
3,9.93647,0.768771,366.041
4,9.93647,0.768771,453.694
