Iteration,Cost,Cost reduction,time (ms)
0,61.1702,0.395048,144.017
1,55.2145,0.453948,254.044
2,32.7037,0.676572,369.193
3,10.1625,0.899496,488.792
4,5.68703,0.943757,629.029
5,4.31933,0.957283,773.711
