Iteration,Cost,Cost reduction,time (ms)
0,5768.47,0.00113515,132.771
1,5730.61,0.00769112,228.334
2,5681.27,0.0162336,329.501
3,4706.63,0.185002,437.328
4,4347.74,0.247148,549.694
5,3565.28,0.382639,662.354
