Iteration,Cost,Cost reduction,time (ms)
0,5107.96,0.00126638,178.992
1,5069.32,0.00882158,336.264
2,5019.47,0.0185669,504.366
3,4299.66,0.159309,693.608
4,1858.55,0.636606,909.544
5,1790.56,0.6499,1105.54
