Iteration,Cost,Cost reduction,time (ms)
0,27.9987,0.344246,106.43
1,19.9827,0.531988,182.658
2,19.9827,0.531988,253.863
3,19.9827,0.531988,302.663
4,19.9027,0.533863,352.964
5,19.9027,0.533863,428.154
