Iteration,Cost,Cost reduction,time (ms)
0,29.8269,0.307464,189.408
1,29.8269,0.307464,375.753
2,29.3955,0.31748,442.547
3,28.9481,0.327868,622.525
4,27.6988,0.356876,803.021
5,17.2292,0.599963,970.97
