Iteration,Cost,Cost reduction,time (ms)
0,119.119,0.215761,152.047
1,74.9636,0.506463,263.062
2,53.0986,0.650416,388.197
3,40.7338,0.731821,521.262
4,7.65369,0.94961,661.466
5,7.65369,0.94961,799.688
