Iteration,Cost,Cost reduction,time (ms)
0,5872.01,0.00110155,144.607
1,5833.37,0.00767481,257.444
2,5783.53,0.0161524,375.949
3,5623.19,0.0434282,515.091
4,4334.89,0.262583,662.884
5,2029.6,0.654742,799.657
6,2029.6,0.654742,943.028
