Iteration,Cost,Cost reduction,time (ms)
0,89.9673,0.440005,206.573
1,82.1228,0.488833,382.292
2,49.1543,0.694042,561.215
3,22.8734,0.857626,739.968
4,14.3929,0.910412,923.554
5,7.64539,0.952412,1102.85
6,7.64539,0.952412,1288.62
