Iteration,Cost,Cost reduction,time (ms)
0,27.1327,0.299451,102.287
1,23.9358,0.381991,175.356
2,18.0752,0.533309,249.223
3,16.5691,0.572196,322.498
4,13.4018,0.653974,399.953
5,13.2063,0.659022,476.326
