Iteration,Cost,Cost reduction,time (ms)
0,4378.56,0.00147727,147.87
1,4339.92,0.0102878,247.891
2,4289.86,0.0217042,351.797
3,4269.65,0.0263142,467.96
4,3401.11,0.224382,582.771
5,2425.15,0.446949,722.545
