Iteration,Cost,Cost reduction,time (ms)
0,26.397,0.742636,10.852
1,14.1134,0.862398,18.82
2,13.0299,0.872962,26.266
3,12.9059,0.87417,33.539
4,12.9059,0.87417,41.547
