Iteration,Cost,Cost reduction,time (ms)
0,96.3025,0.258891,233.926
1,48.3386,0.628003,476.056
2,16.6229,0.872076,691.177
3,16.6229,0.872076,900.76
4,14.2358,0.890447,985.707
5,14.2358,0.890447,1190.61
