Iteration,Cost,Cost reduction,time (ms)
0,24.3782,0.406847,103.28
1,19.2885,0.530686,176.249
2,7.24997,0.823598,249.677
3,7.24997,0.823598,322.639
4,7.24997,0.823598,371.696
5,7.24997,0.823598,422.05
