Iteration,Cost,Cost reduction,time (ms)
0,53.64,0.399092,576.627
1,42.3227,0.525876,1120.58
2,15.1083,0.830748,1697.77
3,15.1083,0.830748,2265.68
4,15.1083,0.830748,2356.23
5,15.1083,0.830748,2435.44
