Iteration,Cost,Cost reduction,time (ms)
0,29.9938,0.507328,143.908
1,21.7511,0.642721,253.043
2,12.94,0.787451,369.353
3,7.61528,0.874913,490.637
4,3.02105,0.950377,618.912
5,2.62683,0.956852,748.554
