Iteration,Cost,Cost reduction,time (ms)
0,4509.93,0.00145198,132.391
1,4472.07,0.00983455,229.501
2,4422.73,0.0207591,331.079
3,3554.3,0.213039,439.39
4,2542.61,0.437039,549.148
5,2383.65,0.472234,654.94
