Iteration,Cost,Cost reduction,time (ms)
0,4456.83,0.00145125,179.36
1,4418.19,0.0101086,336.186
2,4368.34,0.0212763,504.642
3,3747.78,0.160312,685.952
4,2150.95,0.518082,904.041
5,1127.04,0.747488,1108.55
