Iteration,Cost,Cost reduction,time (ms)
0,75.4309,0.387628,149.765
1,61.1302,0.503726,259.608
2,34.5309,0.719668,370.744
3,18.8183,0.847227,491.22
4,18.2138,0.852135,619.208
5,14.274,0.884119,747.032
