Iteration,Cost,Cost reduction,time (ms)
0,33.7094,0.298228,96.647
1,30.7212,0.360438,307.818
2,28.7428,0.401624,520.413
3,26.7442,0.443232,734.396
4,26.0434,0.457821,948.185
5,25.8766,0.461294,1165.46
6,25.7267,0.464414,1383.43
