Iteration,Cost,Cost reduction,time (ms)
0,40.6667,0.0684228,589.616
1,29.8479,0.316256,1161.44
2,16.4733,0.622636,1639.07
3,16.4733,0.622636,2146.16
4,16.4733,0.622636,2237.72
5,12.6453,0.710327,2302.81
