Iteration,Cost,Cost reduction,time (ms)
0,27.7025,0.495263,526.171
1,27.7025,0.495263,1063.42
2,18.9783,0.654216,1151.94
3,18.9783,0.654216,1587.28
4,18.9783,0.654216,1675.78
5,18.444,0.663951,1724.66
