Iteration,Cost,Cost reduction,time (ms)
0,5666.02,0.00114154,414.363
1,5627.38,0.00795352,809.129
2,5577.55,0.0167388,1205.86
3,5524.75,0.0260476,1710.89
4,3806.87,0.32889,2297.31
5,2796.78,0.506958,2962.25
