Iteration,Cost,Cost reduction,time (ms)
0,4482.81,0.00144263,413.502
1,4444.17,0.0100499,811.272
2,4394.33,0.0211519,1209.99
3,3737.18,0.167534,1714.63
4,2018.49,0.550375,2342.75
5,1369.6,0.694918,2891.65
