Iteration,Cost,Cost reduction,time (ms)
0,18.0792,0.554281,97.208
1,17.3093,0.573262,160.936
2,17.3093,0.573262,228.793
3,17.3093,0.573262,274.693
4,17.3093,0.573262,321.433
5,17.3093,0.573262,367.792
6,17.3093,0.573262,410.162
