Iteration,Cost,Cost reduction,time (ms)
0,5676.14,0.00113971,414.427
1,5637.5,0.00793951,811.978
2,5587.65,0.0167102,1206.71
3,4822.17,0.151416,1706.34
4,2002.68,0.647578,2336.41
5,1516.86,0.73307,2878.93
