Iteration,Cost,Cost reduction,time (ms)
0,5768.54,0.00112106,414.355
1,5729.9,0.00781219,812.006
2,5680.07,0.0164405,1209.55
3,5350.5,0.0735082,1723.45
4,4153.07,0.280855,2291
5,3276.16,0.432702,2861.39
