Iteration,Cost,Cost reduction,time (ms)
0,122.37,0.305801,223.089
1,63.5133,0.639693,429.674
2,47.8295,0.728666,636.415
3,47.8295,0.728666,846.883
4,47.8295,0.728666,923.822
5,47.8295,0.728666,1000.78
