Iteration,Cost,Cost reduction,time (ms)
0,26.5356,0.343727,186.412
1,11.7075,0.710451,378.268
2,3.8237,0.905433,582.501
3,3.8237,0.905433,769.474
4,3.79803,0.906068,848.079
5,3.79803,0.906068,1020.44
