Iteration,Cost,Cost reduction,time (ms)
0,5488.53,0.0011932,131.936
1,5450.67,0.00808305,227.909
2,5401.33,0.0170614,329.213
3,4428.58,0.194084,437.129
4,3894.07,0.291353,546.833
5,2536.61,0.538386,656.081
