Iteration,Cost,Cost reduction,time (ms)
0,30.7486,0.311454,107.61
1,24.0564,0.46131,182.902
2,12.9125,0.710853,266.728
3,7.72804,0.826948,358.026
4,6.37297,0.857292,454.577
5,6.17754,0.861668,550.513
