Iteration,Cost,Cost reduction,time (ms)
0,63.2108,0.332993,144.896
1,59.2247,0.375055,256.326
2,43.2876,0.543225,371.785
3,7.49822,0.920878,501.597
4,3.90543,0.958789,621.203
5,3.70651,0.960889,739.335
