Iteration,Cost,Cost reduction,time (ms)
0,470.179,0.695191,19.247
1,470.179,0.695191,28.43
2,470.179,0.695191,38.209
3,470.179,0.695191,45.037
4,403.672,0.738307,56.116
5,403.672,0.738307,80.242
6,403.672,0.738307,127.674
