Iteration,Cost,Cost reduction,time (ms)
0,86.4517,0.331984,550.712
1,35.974,0.722027,1069.67
2,35.974,0.722027,1580.26
3,35.974,0.722027,1670.52
4,35.974,0.722027,1746.51
5,35.974,0.722027,1824.3
