Iteration,Cost,Cost reduction,time (ms)
0,4842.87,0.00135238,131.355
1,4805.01,0.0091594,230.164
2,4755.67,0.0193338,331.928
3,3843.03,0.20753,439.709
4,1621.1,0.665713,550.075
5,1604.47,0.669142,656.813
