Iteration,Cost,Cost reduction,time (ms)
0,140.396,0.208499,158.734
1,140.396,0.208499,260.941
2,140.396,0.208499,322.464
3,140.396,0.208499,383.778
4,140.396,0.208499,444.996
5,140.396,0.208499,506.312
6,140.396,0.208499,569.027
