Iteration,Cost,Cost reduction,time (ms)
0,38.7611,0.452489,218.801
1,26.718,0.622602,430.318
2,16.0335,0.773523,628.676
3,9.67677,0.863313,834.128
4,8.95976,0.873441,1044.4
5,5.10046,0.927955,1255.77
