Iteration,Cost,Cost reduction,time (ms)
0,24.3703,0.383687,101.689
1,19.5906,0.504564,175.257
2,15.0946,0.618264,259.59
3,15.0946,0.618264,328.609
4,15.0946,0.618264,366.661
5,15.0946,0.618264,404.593
6,15.0946,0.618264,442.482
