Iteration,Cost,Cost reduction,time (ms)
0,83.2674,0.41387,220.792
1,68.0149,0.521235,432.9
2,19.5204,0.862594,641.323
3,12.6542,0.910925,847.888
4,12.6542,0.910925,1052.11
5,10.7932,0.924026,1132.74
