Iteration,Cost,Cost reduction,time (ms)
0,27.9137,0.409245,107.547
1,20.3497,0.569326,180.608
2,20.3497,0.569326,251.469
3,20.3497,0.569326,300.743
4,20.326,0.569827,351.164
5,19.9164,0.578496,427.988
