Iteration,Cost,Cost reduction,time (ms)
0,101.525,0.310812,174.393
1,94.4867,0.358591,286.989
2,62.8261,0.573514,412.147
3,6.00958,0.959205,551.226
4,6.00958,0.959205,746.175
5,5.5488,0.962333,827.559
