Iteration,Cost,Cost reduction,time (ms)
0,5621.91,0.00115074,184.376
1,5583.27,0.00801604,339.309
2,5533.43,0.0168715,508.057
3,4783.83,0.150054,697.132
4,2151.46,0.617749,912.356
5,1538.12,0.72672,1108.28
