Iteration,Cost,Cost reduction,time (ms)
0,29.1173,0.305558,106.267
1,17.3292,0.586701,181.105
2,17.3292,0.586701,253.296
3,17.3292,0.586701,304.393
4,17.3292,0.586701,355.648
5,17.3292,0.586701,408.049
