Iteration,Cost,Cost reduction,time (ms)
0,4639.56,0.00139424,134.168
1,4600.92,0.00970944,232.485
2,4551.04,0.0204472,337.749
3,4491.27,0.0333107,458.922
4,2084.24,0.551394,585.018
5,1691.68,0.635887,815.614
