Iteration,Cost,Cost reduction,time (ms)
0,93.9204,0.340088,141.216
1,74.7323,0.474909,251.799
2,53.9094,0.621217,372.744
3,17.9722,0.873722,493.164
4,16.7511,0.882302,621.792
5,16.7511,0.882302,747.187
