Iteration,Cost,Cost reduction,time (ms)
0,4284.82,0.00152789,131.776
1,4246.96,0.0103503,228.048
2,4197.62,0.0218471,329.301
3,3356.16,0.21793,438.026
4,2902.87,0.323557,546.534
5,1419.98,0.66911,655.301
