Iteration,Cost,Cost reduction,time (ms)
0,28.9391,0.367889,112.275
1,20.1231,0.560456,187.546
2,13.7549,0.699556,263.694
3,11.2119,0.755101,351.901
4,8.97195,0.804028,465.922
5,8.97195,0.804028,587.47
