Iteration,Cost,Cost reduction,time (ms)
0,25.0072,0.386524,110.378
1,17.256,0.576678,183.1
2,17.256,0.576678,256.216
3,17.256,0.576678,304.882
4,17.256,0.576678,353.687
5,17.256,0.576678,403.414
