Iteration,Cost,Cost reduction,time (ms)
0,124.695,0.179159,606.746
1,46.3401,0.694952,1238.33
2,15.085,0.900698,1793.14
3,15.085,0.900698,2366.58
4,12.7481,0.916082,2457.61
5,12.2427,0.919409,3024.44
