Iteration,Cost,Cost reduction,time (ms)
0,5676.13,0.00113957,413.144
1,5637.49,0.00793943,811.125
2,5587.65,0.0167095,1207.12
3,5515,0.0294936,1710.59
4,3056.97,0.462048,2202.87
5,2425.79,0.57312,3000.76
