Iteration,Cost,Cost reduction,time (ms)
0,5807.64,0.00111417,149.413
1,5769,0.0077588,248.879
2,5719.11,0.0163395,353.977
3,5677.4,0.0235147,477.405
4,4336.17,0.254198,617.164
5,2697.89,0.535976,789.929
