Iteration,Cost,Cost reduction,time (ms)
0,26.6518,0.321435,190.537
1,23.405,0.404099,383.368
2,23.405,0.404099,560.364
3,17.0513,0.565868,628.294
4,15.2182,0.612538,802.373
5,13.3801,0.659336,977.38
