Iteration,Cost,Cost reduction,time (ms)
0,5392.35,0.00119947,180.293
1,5353.71,0.00835675,338.584
2,5303.87,0.0175878,507.337
3,5240.48,0.0293297,699.064
4,3790.77,0.297853,903.036
5,2611.91,0.516208,1134.31
