Iteration,Cost,Cost reduction,time (ms)
0,56.3447,0.620517,65.025
1,37.3822,0.74823,169.282
2,23.2989,0.843081,281.071
3,23.2989,0.843081,403.494
4,23.2989,0.843081,476.067
5,23.2989,0.843081,525.895
6,21.0504,0.858225,569.347
7,21.0504,0.858225,623.339
