Iteration,Cost,Cost reduction,time (ms)
0,5621.9,0.00115103,139.988
1,5583.27,0.00801489,238.484
2,5533.38,0.0168792,342.976
3,4805.53,0.146197,463.321
4,2991.13,0.468562,586.795
5,1458.27,0.740908,743.082
