Iteration,Cost,Cost reduction,time (ms)
0,4929.02,0.00131202,149.556
1,4890.38,0.00914118,268.991
2,4840.54,0.0192385,388.921
3,4688.82,0.0499808,530.338
4,3702.52,0.249818,678.061
5,2384.86,0.516795,822.941
6,1534.49,0.689091,976.913
7,1188.26,0.759241,1132.65
8,1188.26,0.759241,1284.85
