Iteration,Cost,Cost reduction,time (ms)
0,5807.63,0.00111368,145.947
1,5768.99,0.00775904,245.418
2,5718.95,0.0163673,350.141
3,5690.54,0.0212532,468.274
4,3861.13,0.335902,584.125
5,3514.61,0.395503,795.983
