Iteration,Cost,Cost reduction,time (ms)
0,481.521,0,10.49
1,481.521,0,18.469
2,273.12,0.432796,27.197
3,273.12,0.432796,44.909
4,247.209,0.486607,56.331
5,247.209,0.486607,76.344
6,247.209,0.486607,93.15
