Iteration,Cost,Cost reduction,time (ms)
0,110.687,0.0594262,141.13
1,36.3252,0.691324,240.87
2,29.6844,0.747754,349.806
3,28.0939,0.761269,455.791
4,25.9911,0.779138,567.21
5,25.343,0.784646,683.479
