Iteration,Cost,Cost reduction,time (ms)
0,32.032,0.31922,109.086
1,15.1395,0.678238,183.435
2,15.1395,0.678238,265.277
3,12.9077,0.72567,318.977
4,7.2929,0.845003,403.106
5,7.2929,0.845003,488.558
