Iteration,Cost,Cost reduction,time (ms)
0,27.7567,0.386451,105.91
1,18.4826,0.591451,178.713
2,14.2068,0.685965,253.561
3,12.4976,0.723748,338.204
4,12.4976,0.723748,425.251
5,12.2085,0.730138,478.35
