Iteration,Cost,Cost reduction,time (ms)
0,5820.01,0.00111149,411.424
1,5781.36,0.00774341,808.858
2,5731.53,0.0162972,1205.7
3,5365.82,0.0790634,1708.92
4,3121.25,0.464299,2350.95
5,2858.06,0.509471,2963.76
