Iteration,Cost,Cost reduction,time (ms)
0,70.5653,0.355865,12.921
1,68.669,0.373176,22.927
2,65.4836,0.402253,32.231
3,35.4447,0.676454,41.722
4,20.9722,0.808562,50.704
5,20.9722,0.808562,60.198
