Iteration,Cost,Cost reduction,time (ms)
0,29.5882,0.336451,190.432
1,16.3638,0.633022,364.376
2,16.3638,0.633022,530.757
3,11.3511,0.745438,597.218
4,11.3511,0.745438,750.535
5,11.3511,0.745438,809.825
