Iteration,Cost,Cost reduction,time (ms)
0,45.5596,0.220133,224.544
1,11.6504,0.800575,440.774
2,5.574,0.904587,643.694
3,5.574,0.904587,837.537
4,5.574,0.904587,918.497
5,5.574,0.904587,995.313
