Iteration,Cost,Cost reduction,time (ms)
0,27.6586,0.369385,594.326
1,13.9367,0.682244,1138.67
2,11.2251,0.744068,1656.25
3,10.8275,0.753134,2166.33
4,7.75749,0.82313,2678.68
5,7.08279,0.838513,3211.71
