Iteration,Cost,Cost reduction,time (ms)
0,4454.83,0.00146988,132.409
1,4416.97,0.009956,229.178
2,4367.63,0.0210152,330.024
3,3506.94,0.213936,438.43
4,2417.49,0.45813,548.063
5,2374.28,0.467815,654.453
