Iteration,Cost,Cost reduction,time (ms)
0,4877.69,0.00132623,146.69
1,4839.06,0.00923601,246.568
2,4789,0.0194844,350.719
3,4777.35,0.0218705,468.388
4,3941.14,0.193079,579.414
5,3785.4,0.224966,772.598
