Iteration,Cost,Cost reduction,time (ms)
0,4333.08,0.00149233,164.296
1,4294.44,0.0103955,262.748
2,4244.56,0.0218909,367.527
3,3655.49,0.157634,489.089
4,3025.35,0.302843,612.65
5,2137.12,0.507526,785.6
