Iteration,Cost,Cost reduction,time (ms)
0,47.9105,0.220056,534.357
1,19.8328,0.677138,1069.72
2,8.65769,0.85906,1603.77
3,7.08071,0.884732,2139.8
4,6.11894,0.900389,2682.59
5,5.14027,0.916321,3216.97
