Iteration,Cost,Cost reduction,time (ms)
0,5196.74,0.0012448,414.351
1,5158.1,0.00867108,808.803
2,5108.25,0.0182503,1204.64
3,5089.22,0.0219075,1701.79
4,3785.55,0.272459,2196.85
5,2778.26,0.466049,3149.65
