Iteration,Cost,Cost reduction,time (ms)
0,25.4264,0.354968,106.72
1,16.6588,0.577389,178.993
2,15.6102,0.60399,251.205
3,15.6102,0.60399,324.431
4,15.6102,0.60399,374.816
5,15.6102,0.60399,424.997
