Iteration,Cost,Cost reduction,time (ms)
0,4168.94,0.00155144,138.47
1,4130.31,0.0108038,238.064
2,4080.42,0.0227521,343.002
3,4062.78,0.0269765,466.67
4,2852.55,0.316822,596.128
5,2799.38,0.329558,745.083
