Iteration,Cost,Cost reduction,time (ms)
0,4872.94,0.00132691,413.166
1,4834.3,0.00924615,809.276
2,4784.47,0.0194586,1201.05
3,4763.55,0.0237458,1704.3
4,2831.95,0.419613,2237.94
5,2205.48,0.548002,3105.56
