Iteration,Cost,Cost reduction,time (ms)
0,28.3294,0.314469,103.265
1,16.8332,0.592662,178.393
2,15.3487,0.628585,252.928
3,15.3487,0.628585,329.379
4,15.3487,0.628585,381.689
5,15.3487,0.628585,434.367
