Iteration,Cost,Cost reduction,time (ms)
0,4498.23,0.00145514,129.478
1,4460.37,0.00985976,226.013
2,4411.03,0.0208118,327.003
3,3576.48,0.206071,436.01
4,3316.66,0.263746,548.396
5,2627.91,0.416641,658.214
