Iteration,Cost,Cost reduction,time (ms)
0,51.6838,0.157994,148.757
1,51.6838,0.157994,255.483
2,45.7251,0.25507,332.753
3,45.7251,0.25507,449.764
4,45.2002,0.263622,529.033
5,45.2002,0.263622,644.272
