Iteration,Cost,Cost reduction,time (ms)
0,26.7212,0.414689,106.904
1,20.2825,0.555724,181.688
2,20.2825,0.555724,257.798
3,20.2825,0.555724,299.425
4,20.2825,0.555724,341.218
5,20.2825,0.555724,382.804
6,20.2825,0.555724,424.296
