Iteration,Cost,Cost reduction,time (ms)
0,29.9713,0.325461,103.863
1,26.6798,0.399541,179.175
2,26.6798,0.399541,253.221
3,26.6798,0.399541,303.257
4,26.6798,0.399541,352.915
5,26.6798,0.399541,403.476
