Iteration,Cost,Cost reduction,time (ms)
0,4776.93,0.00135413,413.675
1,4738.29,0.00943213,811.265
2,4688.45,0.0198525,1207.93
3,4537.81,0.051344,1707.19
4,3650.15,0.236914,2253.42
5,2018.81,0.577955,2767
