Iteration,Cost,Cost reduction,time (ms)
0,27.8607,0.28947,106.638
1,17.3707,0.556996,187.244
2,17.3598,0.557274,271.329
3,17.3598,0.557274,358.759
4,17.3099,0.558548,411.77
5,17.2636,0.559727,501.037
