Iteration,Cost,Cost reduction,time (ms)
0,4463.4,0.00144912,413.118
1,4424.76,0.0100937,810.727
2,4374.91,0.021245,1207.97
3,4229.91,0.0536847,1708.31
4,2402.24,0.462571,2254.1
5,2219.81,0.503385,2778.35
