Iteration,Cost,Cost reduction,time (ms)
0,5066.45,0.00127653,179.789
1,5027.8,0.00889362,338.188
2,4977.97,0.0187177,507.044
3,4915.8,0.0309717,697.17
4,3587.51,0.292813,900.401
5,1548.59,0.694734,1138.6
