Iteration,Cost,Cost reduction,time (ms)
0,27.8439,0.307328,184.775
1,12.722,0.683516,375.069
2,8.27718,0.794089,559.286
3,7.69175,0.808653,746.424
4,5.18798,0.870939,932.471
5,5.18798,0.870939,1114.39
