Iteration,Cost,Cost reduction,time (ms)
0,5041.34,0.00129907,134.451
1,5003.48,0.00879921,231.188
2,4954.14,0.0185733,332.923
3,4024.08,0.202821,441.329
4,2653.35,0.474365,550.717
5,2628.53,0.479283,657.135
