Iteration,Cost,Cost reduction,time (ms)
0,4196.67,0.00154051,178.548
1,4158.03,0.0107339,336.92
2,4108.19,0.0225903,504.65
3,3479.17,0.172245,696.879
4,1561.15,0.628576,912.808
5,991.818,0.764029,1112.32
