Iteration,Cost,Cost reduction,time (ms)
0,44.5625,0.229395,144.046
1,8.11512,0.859668,265.233
2,1.2459,0.978455,392.814
3,0.839743,0.985479,517.088
4,0.839743,0.985479,643.335
5,0.830724,0.985635,735.549
