Iteration,Cost,Cost reduction,time (ms)
0,68.253,0.320377,146.17
1,49.6985,0.505131,253.028
2,13.2878,0.867688,367.667
3,7.86548,0.92168,494.083
4,4.01564,0.960015,613.668
5,3.36749,0.966468,740.485
