Iteration,Cost,Cost reduction,time (ms)
0,58.0201,0.588834,15.08
1,58.0201,0.588834,24.043
2,58.0201,0.588834,28.47
3,58.0201,0.588834,33.019
4,58.0201,0.588834,37.222
