Iteration,Cost,Cost reduction,time (ms)
0,4319.24,0.00149758,147.647
1,4280.6,0.010429,247.787
2,4230.71,0.0219631,352.972
3,4165.43,0.0370539,474.737
4,3165.61,0.268189,601.801
5,2336.08,0.459955,743.494
