Iteration,Cost,Cost reduction,time (ms)
0,25.0573,0.421961,110.608
1,17.6221,0.593483,183.601
2,17.6221,0.593483,257.35
3,16.0626,0.629458,307.653
4,15.2969,0.647122,390.227
5,14.3799,0.668276,479.151
