Iteration,Cost,Cost reduction,time (ms)
0,26.0483,0.332419,178.629
1,16.0478,0.588717,352.107
2,13.0916,0.66448,520.834
3,13.0916,0.66448,687.976
4,13.0916,0.66448,752.963
5,13.0916,0.66448,803.204
