Iteration,Cost,Cost reduction,time (ms)
0,35.0355,0.494091,144.889
1,28.3494,0.590638,251.963
2,13.9187,0.799016,364.052
3,4.24379,0.93872,479.558
4,2.54776,0.963211,591.578
5,1.87661,0.972902,703.961
