Iteration,Cost,Cost reduction,time (ms)
0,4953.1,0.00132198,131.88
1,4915.24,0.00895564,228.087
2,4865.91,0.0189029,329.319
3,3949.2,0.203735,439.024
4,3518.81,0.290514,548.226
5,2746.72,0.446187,660.019
