Iteration,Cost,Cost reduction,time (ms)
0,25.9549,0.491154,224.03
1,23.0971,0.547182,425.892
2,10.342,0.797246,626.563
3,3.98827,0.92181,833.188
4,3.98827,0.92181,1040.07
5,3.94546,0.922649,1126.05
