Iteration,Cost,Cost reduction,time (ms)
0,142.261,0.190305,149.041
1,79.3117,0.548588,257.078
2,51.8921,0.70465,375.379
3,13.7292,0.921859,506.33
4,9.96092,0.943306,641.291
5,9.96092,0.943306,768.188
