Iteration,Cost,Cost reduction,time (ms)
0,87.6687,0.330623,147.308
1,25.3694,0.806297,250.426
2,25.1826,0.807723,361.901
3,19.7805,0.84897,478.011
4,19.5371,0.850828,594.161
5,19.1757,0.853588,709.953
