Iteration,Cost,Cost reduction,time (ms)
0,4583.13,0.00141131,144.196
1,4544.49,0.00982947,244.523
2,4494.43,0.0207369,348.095
3,4453.95,0.029558,462.864
4,3338.4,0.272617,578.688
5,3338.4,0.272617,711.078
