Iteration,Cost,Cost reduction,time (ms)
0,118.279,0.246694,515.881
1,50.7355,0.676871,1023.53
2,25.8075,0.835635,1573.72
3,12.9293,0.917655,2062.83
4,12.9293,0.917655,2561.56
5,9.29144,0.940824,2648.27
