Iteration,Cost,Cost reduction,time (ms)
0,5033.14,0.00128503,179.051
1,4994.5,0.00895244,337.543
2,4944.66,0.0188418,506.234
3,4254.24,0.155841,698.161
4,1491.41,0.704064,915.78
5,1118.2,0.778119,1116.42
