Iteration,Cost,Cost reduction,time (ms)
0,4980.48,0.00129915,141.66
1,4941.85,0.00904575,239.281
2,4891.96,0.0190504,343.537
3,4860.9,0.0252771,465.098
4,2826.53,0.433217,596.195
5,2598.15,0.479011,741.608
