Iteration,Cost,Cost reduction,time (ms)
0,123.354,0.323799,155.218
1,105.298,0.422776,269.538
2,90.5429,0.503661,391.813
3,54.3158,0.702251,530.403
4,34.1244,0.812937,672.456
5,33.5068,0.816322,817.78
