Iteration,Cost,Cost reduction,time (ms)
0,64.1469,0.0322322,147.654
1,23.8953,0.639497,257.96
2,10.5567,0.840734,377.065
3,10.5567,0.840734,490.916
4,10.5567,0.840734,572.546
5,10.5567,0.840734,654.047
