Iteration,Cost,Cost reduction,time (ms)
0,23.2438,0.385978,183.654
1,12.5331,0.668918,350.877
2,3.72853,0.901505,516.623
3,3.55206,0.906167,689.713
4,3.32654,0.912124,865.548
5,2.98107,0.92125,1038.78
