Iteration,Cost,Cost reduction,time (ms)
0,33.2691,0.460155,144.595
1,12.5911,0.795689,249.078
2,5.30595,0.913902,357.794
3,3.09234,0.949822,473.064
4,3.09234,0.949822,582.183
5,2.87027,0.953425,659.743
