Iteration,Cost,Cost reduction,time (ms)
0,4970.47,0.00131702,127.401
1,4932.61,0.0089242,223.582
2,4883.28,0.0188368,325.318
3,3999.81,0.196347,434.073
4,3666.87,0.263241,545.6
5,3091.31,0.378885,654.289
