Iteration,Cost,Cost reduction,time (ms)
0,20.1308,0.546824,99.549
1,20.1308,0.546824,165.905
2,20.1308,0.546824,209.709
3,20.1308,0.546824,258.552
4,20.1308,0.546824,302.352
5,20.1308,0.546824,347.119
6,20.1308,0.546824,388.66
