Iteration,Cost,Cost reduction,time (ms)
0,34.3865,0.245051,186.233
1,25.3132,0.444253,368.529
2,20.2028,0.556451,559.315
3,7.868,0.82726,742.922
4,5.08403,0.888381,920.647
5,4.58668,0.8993,1096.35
