Iteration,Cost,Cost reduction,time (ms)
0,21.6826,0.427918,103.641
1,15.7089,0.585532,174.273
2,6.79018,0.820845,246.745
3,6.79018,0.820845,318.432
4,6.72082,0.822676,368.574
5,6.72082,0.822676,442.988
