Iteration,Cost,Cost reduction,time (ms)
0,76.7246,0.170592,143.714
1,42.0808,0.545098,256.533
2,34.937,0.622324,388.433
3,25.2116,0.727458,564.96
4,25.2116,0.727458,750.913
5,22.8389,0.753107,838.396
