Iteration,Cost,Cost reduction,time (ms)
0,4754.96,0.00136028,142.744
1,4716.33,0.00947399,241.057
2,4666.44,0.0199506,345.995
3,4636.77,0.0261831,466.466
4,2729.26,0.426799,598.993
5,2240.02,0.52955,773.766
