Iteration,Cost,Cost reduction,time (ms)
0,4593.11,0.00140773,179.932
1,4554.47,0.00980873,338.025
2,4504.63,0.0206432,506.037
3,3874.35,0.157673,698.25
4,1864.71,0.594592,915.527
5,1864.71,0.594592,1110.45
