Iteration,Cost,Cost reduction,time (ms)
0,5468.92,0.00118312,152.231
1,5430.29,0.00823922,250.296
2,5380.39,0.0173518,355.069
3,5023.9,0.0824594,479.748
4,3025.33,0.447469,608.88
5,1740.56,0.682113,747.617
