Iteration,Cost,Cost reduction,time (ms)
0,5676.11,0.00113929,411.404
1,5637.47,0.00793926,809.082
2,5587.64,0.0167079,1206.35
3,5256.47,0.0749859,1717.88
4,4150.75,0.269567,2286.45
5,3210.84,0.434969,2848.42
