Iteration,Cost,Cost reduction,time (ms)
0,23.7502,0.452221,102.239
1,16.1894,0.626606,172.061
2,16.1894,0.626606,240.646
3,16.1894,0.626606,287.257
4,16.1894,0.626606,335.094
5,16.1894,0.626606,384.069
