Iteration,Cost,Cost reduction,time (ms)
0,38.7263,0.40165,5290.1
1,29.4849,0.544436,10539.7
2,23.9377,0.630146,15837.1
3,20.3729,0.685224,21187.7
4,20.3729,0.685224,26497.4
