Iteration,Cost,Cost reduction,time (ms)
0,21.3531,0.429246,556.842
1,6.21896,0.833771,1103.32
2,6.21896,0.833771,1635.01
3,5.58625,0.850683,1728.23
4,5.5767,0.850939,2240.45
5,4.36879,0.883225,2768.63
