Iteration,Cost,Cost reduction,time (ms)
0,656.539,0.494304,14.992
1,656.539,0.494304,23.227
2,656.539,0.494304,29.394
3,656.539,0.494304,42.688
4,656.539,0.494304,54.995
5,652.529,0.497392,68.016
6,652.529,0.497392,83.194
