Iteration,Cost,Cost reduction,time (ms)
0,5768.56,0.00112144,413.091
1,5729.92,0.00781242,810.183
2,5680.08,0.0164426,1208.28
3,4955.1,0.141981,1710.17
4,2933.96,0.491958,2338.06
5,2505.42,0.566165,2893.9
