Iteration,Cost,Cost reduction,time (ms)
0,27.5644,0.330559,23.445
1,24.5968,0.402634,35.808
2,21.292,0.482893,49.189
3,19.2241,0.533117,62.26
4,18.2187,0.557533,74.612
5,17.2406,0.581289,85.931
6,15.4271,0.62533,98.308
7,15.4271,0.62533,111.319
