Iteration,Cost,Cost reduction,time (ms)
0,1039.1311779721773,0.0,6330.766677856445
1,200.09871028263132,0.8074365253161628,10933.650255203247
