Iteration,Cost,Cost reduction,time (ms)
0,134.104,0.0817167,139.248
1,49.6457,0.660049,239.211
2,8.61603,0.941001,354.963
3,8.61603,0.941001,473.586
4,8.23745,0.943594,556.73
5,8.23745,0.943594,674.592
