Iteration,Cost,Cost reduction,time (ms)
0,83.3625,0.375274,150.629
1,74.4145,0.442331,262.049
2,54.2155,0.593704,380.994
3,22.3684,0.832369,514.823
4,11.2931,0.915369,646.597
5,8.64729,0.935196,782.179
