Iteration,Cost,Cost reduction,time (ms)
0,85.2507,0.228341,230.522
1,40.1644,0.636446,471.206
2,16.718,0.848675,684.634
3,12.9356,0.882912,877.216
4,5.73378,0.9481,1070.21
5,5.73378,0.9481,1258.6
