Iteration,Cost,Cost reduction,time (ms)
0,5697.85,0.00113499,412.471
1,5659.21,0.00790902,809.929
2,5609.38,0.0166447,1202.87
3,5447.87,0.0449591,1707.36
4,4597.03,0.194116,2253.4
5,2323.27,0.592717,2789.46
