Iteration,Cost,Cost reduction,time (ms)
0,23.5745,0.408669,106.123
1,11.338,0.715604,178.206
2,11.338,0.715604,247.968
3,11.338,0.715604,295.228
4,11.338,0.715604,340.622
