Iteration,Cost,Cost reduction,time (ms)
0,78.8102,0.244974,17.287
1,35.2672,0.66213,27.699
2,27.5968,0.735614,37.511
3,27.5968,0.735614,46.563
4,25.654,0.754227,51.586
5,17.9291,0.828234,60.513
6,10.8457,0.896094,69.422
7,9.98926,0.9043,78.478
8,9.98926,0.9043,87.102
