Iteration,Cost,Cost reduction,time (ms)
0,98.6614,0.335207,223.062
1,71.9542,0.515163,427.41
2,14.9836,0.899039,619.001
3,10.7638,0.927472,826.723
4,8.70908,0.941317,1033.25
5,4.83348,0.967431,1235.39
