Iteration,Cost,Cost reduction,time (ms)
0,98.1887,0.310211,151.371
1,96.4731,0.322263,262.585
2,26.0936,0.816689,382.067
3,4.99293,0.964924,521.413
4,4.94886,0.965234,672.638
5,4.94886,0.965234,824.593
