Iteration,Cost,Cost reduction,time (ms)
0,5554.79,0.00116486,135.564
1,5516.16,0.00811157,233.572
2,5466.27,0.0170826,338.527
3,5420.83,0.0252525,460.11
4,3004.18,0.459804,602.877
5,2923.68,0.474277,814.568
