Iteration,Cost,Cost reduction,time (ms)
0,23.8593,0.444951,104.836
1,16.6503,0.612658,177.993
2,10.0537,0.766118,256.46
3,10.0537,0.766118,343.213
4,10.0537,0.766118,394.566
5,9.8535,0.770774,445.401
