Iteration,Cost,Cost reduction,time (ms)
0,49.5222,0.403826,149.546
1,38.0165,0.542338,251.189
2,38.0165,0.542338,355.335
3,38.0165,0.542338,428.474
4,38.0165,0.542338,502.235
5,38.0165,0.542338,576.686
