Iteration,Cost,Cost reduction,time (ms)
0,27.6178,0.314128,107.739
1,27.6178,0.314128,183.103
2,27.6178,0.314128,229.153
3,27.6178,0.314128,276.291
4,27.6178,0.314128,323.253
5,27.6178,0.314128,370.348
