Iteration,Cost,Cost reduction,time (ms)
0,27.6784,0.363786,116.404
1,12.4914,0.712873,192.16
2,5.97635,0.862628,274.785
3,5.97635,0.862628,362.234
4,5.97635,0.862628,413.401
5,5.97635,0.862628,462.094
