Iteration,Cost,Cost reduction,time (ms)
0,5554.79,0.00116439,146.218
1,5516.15,0.00811259,251.369
2,5466.31,0.0170737,357.459
3,5308.66,0.0454224,480.453
4,4424.12,0.204477,612.682
5,4424.12,0.204477,731.879
