Iteration,Cost,Cost reduction,time (ms)
0,79.2453,0.337066,149.333
1,23.2555,0.805454,253.683
2,19.7476,0.8348,364.954
3,12.3478,0.896703,477.667
4,12.2394,0.89761,588.049
5,12.2394,0.89761,697.178
