Iteration,Cost,Cost reduction,time (ms)
0,94.1408,0.344502,562.875
1,77.5239,0.460205,1099.72
2,25.545,0.822131,1637.34
3,20.9767,0.853941,2192.46
4,20.9767,0.853941,2746.49
5,20.9767,0.853941,2837.99
