Iteration,Cost,Cost reduction,time (ms)
0,4624.8,0.00139903,144.991
1,4586.16,0.00974062,243.068
2,4536.27,0.0205144,348.239
3,4516.37,0.0248116,469.818
4,2473.26,0.465966,598.716
5,2162.7,0.533022,757.371
