Iteration,Cost,Cost reduction,time (ms)
0,121.823,0.313208,149.528
1,79.6629,0.550891,260.99
2,65.2322,0.632246,373.497
3,43.9568,0.752188,483.763
4,40.1089,0.773881,600.127
5,39.567,0.776936,718.507
6,32.9455,0.814266,836.278
7,27.8761,0.842845,956.039
8,27.8761,0.842845,1069.18
