Iteration,Cost,Cost reduction,time (ms)
0,5387.25,0.00120091,415.58
1,5348.61,0.00836485,812.67
2,5298.77,0.0176061,1207.96
3,5141.53,0.0467578,1707.66
4,4091.9,0.241359,2253.01
5,2106.53,0.609448,2768.97
