Iteration,Cost,Cost reduction,time (ms)
0,30.173,0.320859,103.781
1,24.3116,0.452788,177.775
2,10.8609,0.755541,254.017
3,10.6161,0.76105,334.581
4,6.80308,0.846875,416.452
5,6.7084,0.849006,497.604
