Iteration,Cost,Cost reduction,time (ms)
0,32.5099,0.399382,149.196
1,18.3419,0.661134,260.928
2,6.42856,0.881233,403.612
3,2.83077,0.947702,543.65
4,2.4806,0.954171,685.92
5,2.12967,0.960654,835.111
6,2.10787,0.961057,988.374
7,2.10787,0.961057,1134.07
