Iteration,Cost,Cost reduction,time (ms)
0,2.75344,0.958252,165.878
1,2.75344,0.958252,301.109
2,2.75344,0.958252,401.307
3,2.75344,0.958252,499.188
4,2.38802,0.963793,602.955
5,2.38802,0.963793,705.36
6,2.38802,0.963793,767.029
