Iteration,Cost,Cost reduction,time (ms)
0,4606.11,0.00140386,177.708
1,4567.47,0.00978115,335.388
2,4517.64,0.0205853,502.904
3,4458.89,0.0333207,692.475
4,2751.51,0.403477,895.214
5,2405.1,0.478579,1097.95
6,1964.1,0.574187,1301.34
7,945.368,0.795046,1498.73
8,691.151,0.85016,1702.73
9,691.151,0.85016,1908.37
