Iteration,Cost,Cost reduction,time (ms)
0,5335.53,0.00121221,136.501
1,5296.9,0.00844476,236.187
2,5246.84,0.0178142,339.539
3,5163.45,0.033425,456.078
4,3997.93,0.251605,569.544
5,1111.65,0.791904,690.445
