Iteration,Cost,Cost reduction,time (ms)
0,4754.98,0.00136059,133.513
1,4716.34,0.00947418,230.001
2,4666.28,0.0199876,332.225
3,3955.14,0.169342,449.858
4,3090.96,0.350838,566.515
5,2124.69,0.553773,711.564
