Iteration,Cost,Cost reduction,time (ms)
0,7.634047436846478,0.0,40.03262519836426
1,7.548358477268891,0.011224577825387883,252.88033485412598
