Iteration,Cost,Cost reduction,time (ms)
0,34.2396,0.23722,187.504
1,15.4678,0.655414,357.364
2,5.87921,0.869025,543.023
3,5.34798,0.880859,715.384
4,5.29084,0.882132,889.478
5,5.29084,0.882132,1056.32
