Iteration,Cost,Cost reduction,time (ms)
0,4593.12,0.001408,411.755
1,4554.48,0.00980889,809.071
2,4504.64,0.0206444,1206.32
3,4409.1,0.0414159,1703.07
4,2673.09,0.418844,2205.94
5,2495.83,0.45738,2970.09
