Iteration,Cost,Cost reduction,time (ms)
0,5820.02,0.00111169,412.241
1,5781.38,0.00774353,809.953
2,5731.53,0.0162982,1205.57
3,5716.72,0.0188398,1708.81
4,3521.64,0.395581,2208.53
5,1563.21,0.731707,3023.99
