Iteration,Cost,Cost reduction,time (ms)
0,5775.59,0.00112032,128.438
1,5736.96,0.00780178,221.185
2,5686.9,0.0164589,314.014
3,5543.01,0.0413449,414.629
4,3878.29,0.329256,513.333
5,3760.23,0.349674,613.493
6,3684.31,0.362805,731.193
7,2657.73,0.540351,843.786
8,2237.31,0.613061,954.039
9,2237.31,0.613061,1054.14
