Iteration,Cost,Cost reduction,time (ms)
0,87.2001,0.331889,141.335
1,70.7603,0.457848,244.865
2,38.9277,0.701743,351.114
3,11.3125,0.913326,460.162
4,11.3125,0.913326,564.356
