Iteration,Cost,Cost reduction,time (ms)
0,5775.61,0.0011206,145.449
1,5736.98,0.00780195,245.124
2,5687.08,0.0164313,350.649
3,5666.12,0.0200563,472.632
4,3554.97,0.385175,613.54
5,2417.23,0.581945,825.972
