Iteration,Cost,Cost reduction,time (ms)
0,40.4328,0.345698,147.241
1,28.388,0.540612,251.825
2,8.42855,0.863605,360.332
3,5.90553,0.904434,478.677
4,4.48048,0.927495,590.625
5,4.48048,0.927495,701.701
