Iteration,Cost,Cost reduction,time (ms)
0,5342.5,0.00121035,413.438
1,5303.86,0.00843443,811.163
2,5254.03,0.0177499,1208.97
3,4932.94,0.0777776,1717.34
4,4003.4,0.251557,2286.38
5,2667.02,0.501396,2846.22
