Iteration,Cost,Cost reduction,time (ms)
0,5366.53,0.00120554,138.861
1,5327.89,0.0083963,236.267
2,5277.83,0.0177134,339.42
3,5235.02,0.0256821,454.598
4,3672.74,0.316445,570.261
5,3672.74,0.316445,700.908
