Iteration,Cost,Cost reduction,time (ms)
0,80.5102,0.670668,15.737
1,80.5102,0.670668,30.628
2,80.5102,0.670668,36.91
3,33.8347,0.861597,42.213
4,12.519,0.94879,54.171
5,12.519,0.94879,60.977
6,12.3946,0.949299,67.981
7,12.3166,0.949618,78.096
