Iteration,Cost,Cost reduction,time (ms)
0,1.4174,0.906527,17.963
1,1.4174,0.906527,29.995
2,1.4174,0.906527,35.757
3,1.4174,0.906527,41.603
4,1.4174,0.906527,47.352
