Iteration,Cost,Cost reduction,time (ms)
0,4606.13,0.00140472,136.157
1,4567.5,0.00978006,234.489
2,4517.43,0.0206339,338.123
3,3718.54,0.193832,458.028
4,3125.24,0.322457,570.276
5,1844.19,0.600184,709.841
