Iteration,Cost,Cost reduction,time (ms)
0,5342.43,0.00122569,132.202
1,5304.57,0.00830377,230.586
2,5255.23,0.017527,332.162
3,4303.77,0.195404,439.841
4,3909.1,0.269188,549.704
5,3203.46,0.401109,663.302
