Iteration,Cost,Cost reduction,time (ms)
0,4333.02,0.00151117,132.745
1,4295.16,0.0102355,230.901
2,4245.82,0.0216054,331.984
3,3399.39,0.216654,439.702
4,2572.51,0.407198,549.586
5,2326.05,0.463991,655.297
