Iteration,Cost,Cost reduction,time (ms)
0,25.7334,0.41103,104.447
1,25.7334,0.41103,174.878
2,23.3055,0.466598,224.549
3,16.8095,0.615273,298.782
4,13.557,0.689716,374.983
5,13.557,0.689716,451.271
