Iteration,Cost,Cost reduction,time (ms)
0,4702.81,0.00137594,155.444
1,4664.18,0.00957931,254.336
2,4614.28,0.0201748,359.822
3,4584.61,0.0264748,483.09
4,2939.96,0.375711,619.571
5,2666.34,0.433812,871.384
