Iteration,Cost,Cost reduction,time (ms)
0,28.1987,0.342617,192.622
1,24.2463,0.434756,374.067
2,13.3371,0.689079,555.564
3,8.27436,0.807104,738.722
4,4.61283,0.892463,919.464
5,4.61283,0.892463,1111.85
