Iteration,Cost,Cost reduction,time (ms)
0,4333.09,0.00149307,139.628
1,4294.46,0.0103954,240.252
2,4244.57,0.0218934,345.052
3,4223.96,0.0266424,466.311
4,2388.72,0.449549,596.348
5,2131.9,0.508731,758.994
