Iteration,Cost,Cost reduction,time (ms)
0,30.6548,0.312946,108.817
1,15.7008,0.648105,188.138
2,11.0297,0.752796,271.839
3,11.0297,0.752796,347.366
4,11.0297,0.752796,398.688
