Iteration,Cost,Cost reduction,time (ms)
0,30.0847,0.259379,605.696
1,15.0448,0.62963,1201.92
2,13.5631,0.666106,1827.94
3,12.5361,0.691387,2442.77
4,12.5361,0.691387,3042.81
5,12.0861,0.702465,3137.69
