Iteration,Cost,Cost reduction,time (ms)
0,4877.62,0.00134248,130.924
1,4839.76,0.00909408,230.686
2,4790.43,0.0191956,332.821
3,3885.47,0.204478,443.128
4,3359.48,0.312172,553.052
5,1157.1,0.763092,661.592
