Iteration,Cost,Cost reduction,time (ms)
0,158.348,0.125118,588.035
1,70.1513,0.61241,1150.95
2,56.6829,0.686824,1730.3
3,19.6405,0.891485,2200.36
4,19.6405,0.891485,2673.58
5,19.6405,0.891485,2761.09
