Iteration,Cost,Cost reduction,time (ms)
0,4456.82,0.0014511,178.33
1,4418.18,0.0101085,335.688
2,4368.34,0.0212754,504.142
3,3739.41,0.162186,692.808
4,2497.1,0.440526,908.648
5,1170.61,0.737725,1116.97
