Iteration,Cost,Cost reduction,time (ms)
0,30.9179,0.346467,107.903
1,17.3572,0.63311,187.896
2,12.4905,0.73598,275.57
3,9.98345,0.788973,372.861
4,7.36526,0.844315,481.26
5,7.04593,0.851065,587.94
