Iteration,Cost,Cost reduction,time (ms)
0,30.807,0.331064,594.517
1,17.027,0.63028,1222.29
2,6.79859,0.852377,1862.83
3,6.42157,0.860563,2466.89
4,6.42157,0.860563,3071.75
5,6.33638,0.862413,3165.66
