Iteration,Cost,Cost reduction,time (ms)
0,32.4753,0.304983,105.004
1,29.7514,0.36328,179.579
2,18.179,0.610945,252.939
3,9.75902,0.791143,329.232
4,8.60691,0.8158,407.786
5,7.11497,0.84773,486.398
