Iteration,Cost,Cost reduction,time (ms)
0,4336.03,0.00149162,411.815
1,4297.39,0.0103898,809.058
2,4247.55,0.0218682,1203.96
3,4106.11,0.0544381,1704.15
4,2309.63,0.468134,2250.56
5,2140.83,0.507005,2778.55
