Iteration,Cost,Cost reduction,time (ms)
0,118.682,0.270588,152.88
1,116.559,0.283634,263.704
2,28.2458,0.826403,388.031
3,25.3719,0.844066,517.152
4,25.3719,0.844066,643.304
5,18.23,0.88796,741.688
