Iteration,Cost,Cost reduction,time (ms)
0,39.5618,0.237927,232.68
1,14.2133,0.726211,450.755
2,14.1545,0.727345,657.428
3,5.72004,0.889816,859.13
4,4.73322,0.908825,1059.02
5,4.60336,0.911326,1258.35
