Iteration,Cost,Cost reduction,time (ms)
0,4482.8,0.00144243,410.654
1,4444.16,0.0100498,804.088
2,4394.32,0.0211507,1195.79
3,4368.93,0.0268078,1695.24
4,2443.79,0.455638,2236.05
5,2372.71,0.471472,2989.17
6,1411.16,0.685659,3691.89
7,801.43,0.821479,4215.93
8,774.825,0.827405,4767.64
9,688.94,0.846536,5318.23
