Iteration,Cost,Cost reduction,time (ms)
0,5662.89,0.00114237,416.743
1,5624.25,0.00795806,813.439
2,5574.41,0.0167492,1211.33
3,4839.7,0.146342,1710.76
4,1869.49,0.670247,2340.83
5,1410.68,0.751175,2895.99
