Iteration,Cost,Cost reduction,time (ms)
0,5113.7,0.00128027,130.97
1,5075.84,0.00867461,228.268
2,5026.51,0.0183103,329.152
3,4126.13,0.194155,436.656
4,3757.97,0.266059,547.032
5,3193.46,0.376309,658.484
