Iteration,Cost,Cost reduction,time (ms)
0,5.000733836846436,0.0,33.15544128417969
1,4.658131366126973,0.06851043904698495,202.36635208129883
