Iteration,Cost,Cost reduction,time (ms)
0,23.4339,0.406872,109.878
1,23.4339,0.406872,211.542
2,23.4339,0.406872,281.838
3,23.4339,0.406872,351.844
4,23.4339,0.406872,421.19
5,23.4339,0.406872,490.711
6,23.4339,0.406872,549.058
