Iteration,Cost,Cost reduction,time (ms)
0,82.3172,0.468801,223.73
1,27.0129,0.825684,416.07
2,27.0129,0.825684,604.761
3,27.0129,0.825684,676.896
4,27.0129,0.825684,748.39
5,26.6225,0.828203,821.683
