Iteration,Cost,Cost reduction,time (ms)
0,34.0973,0.250559,594.659
1,14.6277,0.67849,1148.53
2,7.55832,0.833872,1722.78
3,5.15861,0.886616,2274.87
4,4.3432,0.904539,2829.43
5,4.08937,0.910118,3387.92
