Iteration,Cost,Cost reduction,time (ms)
0,5662.9,0.0011425,413.722
1,5624.26,0.00795814,810.619
2,5574.41,0.0167498,1207.31
3,5559.67,0.0193507,1708.65
4,3337.59,0.411295,2210.58
5,2663.91,0.530123,2991.45
