Iteration,Cost,Cost reduction,time (ms)
0,29.0528,0.362796,568.785
1,15.6512,0.656729,1160.49
2,14.7205,0.677142,1695.36
3,9.02111,0.802144,2229.43
4,8.65058,0.810271,2749.95
5,7.35729,0.838636,3249.39
