Iteration,Cost,Cost reduction,time (ms)
0,57.2469,0.396522,578.067
1,44.8068,0.527662,1125.19
2,34.0221,0.64135,1687.54
3,29.5687,0.688296,2266.15
4,27.5256,0.709834,2854.05
5,27.5256,0.709834,3423.58
