Iteration,Cost,Cost reduction,time (ms)
0,25.3566,0.371889,109.29
1,20.6552,0.488349,187.393
2,17.4445,0.567881,265.087
3,17.4126,0.568671,344.364
4,16.9691,0.579656,428.547
5,12.7798,0.68343,515.717
