Iteration,Cost,Cost reduction,time (ms)
0,124.516,0.310479,143.736
1,102.855,0.430432,245.706
2,74.4345,0.587812,356.24
3,35.9642,0.800845,466.455
4,20.0791,0.888811,587.86
5,15.0167,0.916844,717.104
