Iteration,Cost,Cost reduction,time (ms)
0,63.1529,0.312892,224.404
1,26.885,0.707489,433.778
2,12.0831,0.868535,647.415
3,7.94672,0.913539,865.921
4,7.94672,0.913539,1083.46
5,7.94672,0.913539,1166.58
