Iteration,Cost,Cost reduction,time (ms)
0,33.963,0.155682,179.899
1,13.8769,0.655021,349.083
2,7.10072,0.823476,519.322
3,7.10072,0.823476,679.714
4,7.10072,0.823476,741.697
5,7.10072,0.823476,791.062
