Iteration,Cost,Cost reduction,time (ms)
0,28.5111,0.337705,188.443
1,12.1129,0.718625,381.841
2,11.4215,0.734685,578.535
3,5.78612,0.865592,775.356
4,5.78612,0.865592,961.188
5,5.64476,0.868876,1034.9
