Iteration,Cost,Cost reduction,time (ms)
0,54.0115,0.41393,159.333
1,47.959,0.479605,284.492
2,19.9747,0.783258,411.985
3,2.78286,0.969804,543.146
4,2.78286,0.969804,679.781
5,2.78286,0.969804,758.73
