Iteration,Cost,Cost reduction,time (ms)
0,101.44,0.433496,154.568
1,97.4397,0.455836,261.483
2,83.274,0.534947,376.949
3,83.274,0.534947,487.817
4,83.274,0.534947,564.134
5,80.8292,0.5486,642.183
