Iteration,Cost,Cost reduction,time (ms)
0,32.4615,0.438721,218.925
1,23.8511,0.5876,428.792
2,19.2628,0.666934,633.827
3,15.0318,0.740092,835.021
4,11.7743,0.796416,1044.16
5,6.96807,0.879518,1261.68
