Iteration,Cost,Cost reduction,time (ms)
0,52.3666,0.171828,140.044
1,9.23835,0.853897,257.042
2,2.69141,0.957436,381.722
3,1.5945,0.974783,508.443
4,1.19224,0.981145,636.353
5,1.10069,0.982593,766.339
