Iteration,Cost,Cost reduction,time (ms)
0,174.904,0.0146008,154.06
1,100.986,0.431048,356.696
2,34.0959,0.807905,669.287
3,34.0959,0.807905,927.881
4,19.2404,0.891601,1028.97
5,19.2404,0.891601,1298.92
