Iteration,Cost,Cost reduction,time (ms)
0,5872.02,0.00110166,180.23
1,5833.37,0.0076749,339.351
2,5783.54,0.016153,506.903
3,4993.88,0.150482,699.49
4,2249.81,0.61728,917.062
5,1503.46,0.744244,1117.59
