Iteration,Cost,Cost reduction,time (ms)
0,94.6542,0.448189,217.066
1,89.3399,0.479171,422.29
2,45.0102,0.737602,641.708
3,20.0018,0.883394,871.037
4,13.8187,0.919441,1068.24
5,12.052,0.92974,1269.05
