Iteration,Cost,Cost reduction,time (ms)
0,5164.14,0.00125273,181.032
1,5125.5,0.0087258,338.513
2,5075.65,0.0183658,505.56
3,4364.93,0.155819,697.175
4,2646.98,0.488072,901.381
5,1589.69,0.692554,1105.68
