Iteration,Cost,Cost reduction,time (ms)
0,4218.31,0.00153317,139.811
1,4179.68,0.0106775,238.024
2,4129.79,0.0224854,342.404
3,3983.21,0.0571797,464.071
4,2260.54,0.464933,587.812
5,1492.66,0.646691,727.678
