Iteration,Cost,Cost reduction,time (ms)
0,103.149,0.0178302,222.465
1,47.1302,0.551234,427.042
2,33.6569,0.679524,641.042
3,13.2986,0.873373,868.045
4,13.2986,0.873373,1075.44
5,13.2986,0.873373,1161.45
