Iteration,Cost,Cost reduction,time (ms)
0,47.3867,0.253184,229.636
1,42.4527,0.330945,357.784
2,14.7452,0.767615,486.275
3,3.13534,0.950587,640.737
4,3.08644,0.951358,794.4
5,2.96377,0.953291,951.455
