Iteration,Cost,Cost reduction,time (ms)
0,19.9444,0.437768,96.287
1,19.9444,0.437768,163.151
2,19.9392,0.437916,209.092
3,19.9392,0.437916,279.599
4,19.9392,0.437916,327.605
5,19.9312,0.438139,377.288
