Iteration,Cost,Cost reduction,time (ms)
0,77.6242,0.35991,225.931
1,66.3689,0.452722,363.962
2,62.4485,0.485049,511.395
3,59.4378,0.509876,663.438
4,51.6176,0.574361,843.785
5,51.6176,0.574361,1039.49
