Iteration,Cost,Cost reduction,time (ms)
0,5650.47,0.00114485,412.636
1,5611.83,0.00797552,809.212
2,5561.99,0.0167859,1203.28
3,4849.53,0.14273,1707.05
4,2831.97,0.499382,2336.57
5,2731.38,0.517162,2895.09
