Iteration,Cost,Cost reduction,time (ms)
0,24.0213,0.940408,6.765
1,6.23347,0.984536,11.021
2,6.00689,0.985098,15.521
3,3.13473,0.992223,19.673
4,2.82206,0.992999,23.972
5,2.82206,0.992999,27.94
