Iteration,Cost,Cost reduction,time (ms)
0,152.036,0.0284836,143.393
1,124.077,0.207148,260.451
2,116.748,0.253978,492.303
3,79.184,0.494012,739.589
4,70.5512,0.549176,987.027
5,67.9711,0.565663,1231.89
