Iteration,Cost,Cost reduction,time (ms)
0,22.2693,0.423622,189.749
1,11.8145,0.694214,354.125
2,11.8145,0.694214,510.664
3,7.72978,0.799937,575.555
4,7.72978,0.799937,721.515
5,7.67317,0.801402,781.947
