Iteration,Cost,Cost reduction,time (ms)
0,30.0536,0.298947,178.992
1,17.5026,0.59172,368.023
2,17.5026,0.59172,537.273
3,14.8923,0.65261,602.679
4,11.5454,0.730684,771.665
5,8.86345,0.793244,944.47
