Iteration,Cost,Cost reduction,time (ms)
0,5872.02,0.00110218,144.042
1,5833.39,0.00767396,241.741
2,5783.49,0.0161618,346.665
3,5753.91,0.0211948,468.81
4,5324.71,0.0942053,597.456
5,4206.06,0.284502,740.231
