Iteration,Cost,Cost reduction,time (ms)
0,40.9729,0.218858,173.445
1,9.57814,0.817394,335.397
2,8.77858,0.832638,497.851
3,8.77858,0.832638,655.961
4,8.77858,0.832638,719.642
5,8.77858,0.832638,766.197
