Iteration,Cost,Cost reduction,time (ms)
0,84.6812,0.305543,576.563
1,23.312,0.808822,1132.99
2,17.6741,0.855057,1709.7
3,13.3384,0.890614,2317.34
4,13.3384,0.890614,2814.6
