Iteration,Cost,Cost reduction,time (ms)
0,5601.78,0.00115487,413.324
1,5563.14,0.00804481,812.093
2,5513.3,0.0169321,1208.85
3,5490.83,0.0209379,1709.93
4,4447.85,0.206912,2209.55
5,2241.8,0.600269,3079.01
