Iteration,Cost,Cost reduction,time (ms)
0,101.03,0.310482,149.543
1,99.9213,0.31805,261.993
2,67.1018,0.542039,380.055
3,47.9713,0.672602,512.348
4,41.0252,0.720008,645.667
5,41.0252,0.720008,782.4
