Iteration,Cost,Cost reduction,time (ms)
0,1995.66,0,342.706
1,1994.74,0.000462639,402.311
2,1991.94,0.00186661,723.885
3,1976.42,0.00964458,1049.39
4,1975.72,0.00999348,1378.61
5,1975.72,0.00999348,1708.59
