Iteration,Cost,Cost reduction,time (ms)
0,26.545,0.38584,177.337
1,17.5482,0.593994,348.415
2,12.313,0.71512,516.374
3,11.3354,0.737737,684.415
4,11.3354,0.737737,851.575
5,11.3354,0.737737,917.456
