Iteration,Cost,Cost reduction,time (ms)
0,5107.86,0.00128182,130.626
1,5070,0.00868457,230.786
2,5020.66,0.0183305,332.028
3,4101.78,0.197996,440.744
4,3780.31,0.260851,552.567
5,3016.12,0.41027,664.902
