Iteration,Cost,Cost reduction,time (ms)
0,28.8775,0,103.707
1,17.8743,0.381031,170.07
2,17.8743,0.381031,258.739
3,17.8743,0.381031,324.081
4,15.1067,0.476868,381.34
5,15.1067,0.476868,438.421
6,15.1067,0.476868,487.708
