Iteration,Cost,Cost reduction,time (ms)
0,40.5555,0,126.576
1,28.9804,0.285413,177.859
2,22.8334,0.436985,301.423
3,13.5997,0.664665,439.589
4,11.4397,0.717926,567.362
5,6.85652,0.830935,700.578
6,6.85652,0.830935,829.259
