Iteration,Cost,Cost reduction,time (ms)
0,27.8763,0.377404,104.141
1,14.66,0.67258,176.835
2,14.66,0.67258,247.092
3,14.66,0.67258,295.055
4,14.66,0.67258,343.5
5,14.66,0.67258,393.246
