Iteration,Cost,Cost reduction,time (ms)
0,76.3495,0.272106,228.501
1,60.4621,0.423572,461.512
2,21.8591,0.791602,676.146
3,10.0326,0.904352,899.883
4,7.59916,0.927552,1120.28
5,7.59916,0.927552,1341.45
