Iteration,Cost,Cost reduction,time (ms)
0,28.228,0.323101,103.381
1,27.2873,0.345661,177.262
2,27.2873,0.345661,247.868
3,18.6987,0.551612,300.865
4,18.2745,0.561783,380.142
5,15.9217,0.618203,459.896
