Iteration,Cost,Cost reduction,time (ms)
0,32.4236,0.301378,100.11
1,32.4236,0.301378,169.613
2,28.6657,0.382348,222.22
3,12.0061,0.741308,298.984
4,12.0061,0.741308,373.812
5,10.1487,0.781328,426.318
