Iteration,Cost,Cost reduction,time (ms)
0,57.2793,0.125551,541.138
1,20.0774,0.693491,1071.04
2,6.22926,0.904902,1611.08
3,3.76209,0.942567,2140.9
4,3.76209,0.942567,2706.94
5,3.56931,0.94551,2803.11
