Iteration,Cost,Cost reduction,time (ms)
0,48.4942,0.536777,174.902
1,24.4617,0.766338,472.01
2,22.488,0.785192,756.844
3,22.488,0.785192,1051.31
4,18.7712,0.820695,1158.56
5,18.7712,0.820695,1443.89
