Iteration,Cost,Cost reduction,time (ms)
0,37.4811,0.140958,100.794
1,37.4811,0.140958,170.041
2,37.4811,0.140958,218.177
3,37.4811,0.140958,268.141
4,37.4811,0.140958,317.444
5,37.4811,0.140958,367.912
