Iteration,Cost,Cost reduction,time (ms)
0,4196.68,0.00154153,143.437
1,4158.05,0.0107327,243.719
2,4108.16,0.0226039,349.114
3,4088.73,0.0272253,470.68
4,2418.71,0.42455,601.888
5,1973.56,0.53046,736.8
