Iteration,Cost,Cost reduction,time (ms)
0,5650.38,0.001159,133.173
1,5612.52,0.00785175,229.782
2,5563.18,0.0165734,331.135
3,4582.67,0.189902,438.956
4,4134.18,0.269184,548.094
5,3455.78,0.389107,661.612
