Iteration,Cost,Cost reduction,time (ms)
0,89.8468,0.514828,21.106
1,23.6274,0.872412,50.723
2,23.6274,0.872412,83.421
3,18.0712,0.902415,106.413
4,4.3164,0.976691,121.806
5,4.3164,0.976691,134.432
6,4.3164,0.976691,147.711
