Iteration,Cost,Cost reduction,time (ms)
0,44.8943,0.25893,149.931
1,10.1107,0.833102,258.691
2,3.26216,0.946151,373.362
3,1.60324,0.973535,492.418
4,1.41069,0.976714,615.816
5,1.32922,0.978059,733.638
