Iteration,Cost,Cost reduction,time (ms)
0,99.0308,0.333151,585.397
1,59.9244,0.596484,1140.96
2,59.9244,0.596484,1670.85
3,55.9725,0.623095,1758.3
4,55.9725,0.623095,2318.93
5,50.8011,0.657918,2407.45
