Iteration,Cost,Cost reduction,time (ms)
0,25.7404,0.346935,103.33
1,22.6711,0.424807,179.81
2,22.2747,0.434864,254.632
3,21.4968,0.454601,332.35
4,20.6157,0.476955,416.133
5,11.5333,0.707385,500.115
