Iteration,Cost,Cost reduction,time (ms)
0,29.0137,0.399694,543.436
1,4.7555,0.901607,1076.33
2,4.7555,0.901607,1484.85
3,4.7555,0.901607,1570.27
4,4.7555,0.901607,1623.36
