Iteration,Cost,Cost reduction,time (ms)
0,50.9789,0.437611,149.871
1,49.6343,0.452444,258.497
2,4.56845,0.949602,367.243
3,2.59612,0.97136,483.086
4,1.73452,0.980865,596.592
5,1.57648,0.982609,708.264
