Iteration,Cost,Cost reduction,time (ms)
0,5621.88,0.00115038,151.493
1,5583.25,0.00801492,249.534
2,5533.37,0.0168771,354.524
3,5454.99,0.0308021,474.103
4,2335.98,0.584962,594.235
5,2191.76,0.610586,792.702
