Iteration,Cost,Cost reduction,time (ms)
0,5666.04,0.00114179,415.36
1,5627.4,0.00795368,811.513
2,5577.56,0.0167402,1206.88
3,5555.24,0.0206737,1708.43
4,4502.43,0.206274,2206.75
5,2785.69,0.508915,3076.01
