Iteration,Cost,Cost reduction,time (ms)
0,89.8094,0.31804,159.978
1,87.3708,0.336557,271.55
2,75.3762,0.427637,386.149
3,62.389,0.526254,503.861
4,62.389,0.526254,630.431
5,57.4692,0.563612,706.579
