Iteration,Cost,Cost reduction,time (ms)
0,59.509,0.344242,146.822
1,59.509,0.344242,301.213
2,59.509,0.344242,379.635
3,59.509,0.344242,456.185
4,59.509,0.344242,533.431
5,59.509,0.344242,610.898
6,59.509,0.344242,686.951
