Iteration,Cost,Cost reduction,time (ms)
0,28.4171,0.253125,103.119
1,9.59261,0.747881,174.878
2,9.59261,0.747881,247.164
3,9.59261,0.747881,302.305
4,9.59261,0.747881,358.149
5,9.59261,0.747881,414.476
