Iteration,Cost,Cost reduction,time (ms)
0,70.8296,0.126246,139.519
1,27.6675,0.658694,252.228
2,9.53307,0.8824,373.356
3,3.07052,0.962122,492.119
4,2.60403,0.967877,616.584
5,1.53148,0.981108,742.726
