Iteration,Cost,Cost reduction,time (ms)
0,1039.3133801492743,0.0,4237.903594970703
1,105.20572367121041,0.898773819638404,13202.018022537231
