Iteration,Cost,Cost reduction,time (ms)
0,92.1787,0.126918,150.571
1,50.612,0.520622,263.815
2,31.4927,0.701713,379.075
3,26.6931,0.747173,501.391
4,22.9728,0.782411,623.185
5,7.88439,0.925322,755.177
6,7.88439,0.925322,892.083
