Iteration,Cost,Cost reduction,time (ms)
0,5033.12,0.00128465,178.002
1,4994.48,0.00895221,337.664
2,4944.65,0.0188396,506.59
3,4279.11,0.150902,698.84
4,2197.59,0.563935,915.544
5,1470.52,0.708206,1115
