Iteration,Cost,Cost reduction,time (ms)
0,28.4369,0.310833,103.821
1,24.5501,0.405028,179.96
2,18.9684,0.540301,255.262
3,16.1299,0.609092,334.134
4,15.3955,0.626891,412.654
5,15.3955,0.626891,490.188
