Iteration,Cost,Cost reduction,time (ms)
0,0.190005,0.86643,7.318
1,0.104459,0.926567,11.972
2,0.0931164,0.934541,16.616
3,0.0889098,0.937498,20.94
4,0.0883003,0.937927,25.298
