Iteration,Cost,Cost reduction,time (ms)
0,5697.87,0.00113644,142.174
1,5659.24,0.00790765,240.504
2,5609.34,0.0166555,343.915
3,4871.18,0.146058,464.589
4,3124.43,0.452272,589.919
5,1795.77,0.685194,743.085
