Iteration,Cost,Cost reduction,time (ms)
0,27.0657,0.323613,111.696
1,26.1534,0.346411,188.211
2,18.7555,0.531291,263.533
3,11.38,0.715608,339.413
4,8.26837,0.793369,431.302
5,5.68519,0.857924,532.852
6,5.68519,0.857924,634.943
