Iteration,Cost,Cost reduction,time (ms)
0,72.6615,0.386556,152.854
1,49.8519,0.579126,259.69
2,23.3496,0.802871,378.755
3,18.133,0.846913,510.343
4,18.133,0.846913,637.985
5,18.133,0.846913,714.026
