Iteration,Cost,Cost reduction,time (ms)
0,78.505,0.343179,567.115
1,55.0919,0.539067,1148.45
2,55.0919,0.539067,1676.57
3,55.0919,0.539067,1761.91
4,47.039,0.606443,1838.28
5,36.6338,0.693499,2363.86
