Iteration,Cost,Cost reduction,time (ms)
0,41.8764,0.637178,63.385
1,41.8764,0.637178,143.057
2,41.8764,0.637178,188.932
3,41.8764,0.637178,223.013
4,41.8764,0.637178,255.178
5,41.8764,0.637178,300.114
6,41.8764,0.637178,324.206
