Iteration,Cost,Cost reduction,time (ms)
0,117.109,0.321062,149.531
1,66.4897,0.614526,256.708
2,52.2265,0.697216,368.117
3,17.4635,0.898755,480.3
4,16.3389,0.905275,595.691
5,16.2912,0.905552,712.306
