Iteration,Cost,Cost reduction,time (ms)
0,5305.77,0.00121892,413.349
1,5267.13,0.00849287,816.137
2,5217.3,0.0178738,1211.13
3,5201.47,0.0208541,1714.2
4,3714.68,0.300733,2204.83
5,2325.72,0.562197,3096
