Iteration,Cost,Cost reduction,time (ms)
0,100.065,0.290347,583.972
1,58.868,0.582512,1130.6
2,49.2958,0.650397,1663.35
3,7.55227,0.94644,2186.69
4,7.55227,0.94644,2730.29
5,7.55227,0.94644,2819.75
