Iteration,Cost,Cost reduction,time (ms)
0,49.9515,0.223874,142.251
1,4.84413,0.924734,244.833
2,3.67394,0.942916,350.933
3,2.72674,0.957633,458.219
4,1.82306,0.971674,565.598
5,1.81955,0.971729,673.471
