Iteration,Cost,Cost reduction,time (ms)
0,4540.34,0.0014244,154.6
1,4501.7,0.00992185,254.177
2,4451.65,0.020931,358.37
3,4408.3,0.0304642,475.143
4,3138.72,0.309688,591.952
5,3138.72,0.309688,751.135
