Iteration,Cost,Cost reduction,time (ms)
0,5305.72,0.00123455,132.478
1,5267.86,0.00836137,228.611
2,5218.52,0.0176493,330.054
3,4258.48,0.198369,438.21
4,1780.47,0.664839,546.429
5,1780.47,0.664839,650.828
