Iteration,Cost,Cost reduction,time (ms)
0,4794.91,0.00134901,144.504
1,4756.27,0.00939521,242.475
2,4706.39,0.0197849,346.41
3,4685.36,0.0241637,466.215
4,3858.91,0.196293,596.284
5,3521.36,0.266594,794.458
