Iteration,Cost,Cost reduction,time (ms)
0,4702.8,0.00137514,412.409
1,4664.16,0.00958041,810.246
2,4614.32,0.0201633,1207.24
3,4574.9,0.0285326,1708.81
4,2940.94,0.3755,2251.11
5,1949.4,0.586052,2885.07
