Iteration,Cost,Cost reduction,time (ms)
0,27.3608,0.384463,175.015
1,7.98445,0.820373,342.753
2,7.14327,0.839297,505.417
3,5.96379,0.865832,670.846
4,1.91256,0.956973,834.411
5,1.91256,0.956973,997.687
