Iteration,Cost,Cost reduction,time (ms)
0,5519.23,0.00117204,183.897
1,5480.59,0.00816494,340.279
2,5430.75,0.0171846,508.412
3,4696.92,0.149987,698.777
4,2351.47,0.57445,917.192
5,1281.28,0.768124,1111.72
