Iteration,Cost,Cost reduction,time (ms)
0,5697.87,0.00113578,139.501
1,5659.24,0.0079082,237.867
2,5609.35,0.0166548,342.626
3,4873.39,0.145672,463.246
4,2267.49,0.602498,588.313
5,1749.01,0.69339,740.208
