Iteration,Cost,Cost reduction,time (ms)
0,4920.71,0.00131459,179.835
1,4882.07,0.00915689,337.642
2,4832.22,0.0192729,505.817
3,4158.81,0.155945,696.971
4,1513.67,0.692791,907.381
5,1312.52,0.733616,1106.55
