Iteration,Cost,Cost reduction,time (ms)
0,60.7707,0.238801,152.869
1,7.35929,0.907819,264.116
2,1.72364,0.97841,370.573
3,1.50234,0.981182,477.95
4,1.50234,0.981182,584.093
5,1.50234,0.981182,657.091
