Iteration,Cost,Cost reduction,time (ms)
0,72.4478,0.350202,575.169
1,31.9142,0.713755,1144.51
2,30.6167,0.725393,1664.04
3,23.4062,0.790065,2195.76
4,15.2524,0.863198,2729.09
5,9.43777,0.915351,3248.45
