Iteration,Cost,Cost reduction,time (ms)
0,29.513,0.383964,176.89
1,7.40152,0.845505,344.401
2,3.68038,0.923178,499.046
3,3.68038,0.923178,651.49
4,3.68038,0.923178,716.217
5,3.68038,0.923178,764.407
