Iteration,Cost,Cost reduction,time (ms)
0,73.6187,0.348552,584.601
1,41.7919,0.630186,1118.64
2,35.8763,0.682532,1629.7
3,14.4798,0.871869,2154.18
4,10.491,0.907166,2691.55
5,10.491,0.907166,3229.01
