Iteration,Cost,Cost reduction,time (ms)
0,5873.17,0.00110205,152.189
1,5834.54,0.00767246,252.443
2,5784.64,0.0161587,357.787
3,5763.99,0.0196707,482.901
4,4738.93,0.194011,616.372
5,2738.39,0.53426,768.879
