Iteration,Cost,Cost reduction,time (ms)
0,4218.3,0.00153287,140.508
1,4179.67,0.0106775,238.121
2,4129.62,0.0225243,340.202
3,3937.98,0.067885,455.475
4,2807.72,0.335416,573.71
5,2269.39,0.462837,736.324
