Iteration,Cost,Cost reduction,time (ms)
0,166.445,0.0618592,151.781
1,97.8995,0.448204,268.073
2,49.4607,0.721222,389.853
3,47.5693,0.731883,518.811
4,47.5693,0.731883,642.347
5,47.5693,0.731883,733.285
