Iteration,Cost,Cost reduction,time (ms)
0,105.975,0.366172,217.173
1,81.5238,0.512413,424.644
2,14.7551,0.911751,632.774
3,12.6719,0.924211,846.477
4,10.7164,0.935906,1052.49
5,10.7164,0.935906,1258.83
