Iteration,Cost,Cost reduction,time (ms)
0,74.4556,0.321344,235.436
1,52.1862,0.524327,471.478
2,12.707,0.884177,698.504
3,12.707,0.884177,903.877
4,6.1289,0.944136,990.284
5,4.42393,0.959676,1207.01
