Iteration,Cost,Cost reduction,time (ms)
0,25.6976,0.370136,105.17
1,13.5193,0.668634,182.93
2,9.23438,0.77366,267.865
3,3.67444,0.909937,358.168
4,2.55037,0.937489,449.593
5,2.26692,0.944436,547.494
