Iteration,Cost,Cost reduction,time (ms)
0,100.043,0.354997,140.569
1,50.1084,0.676937,255.062
2,8.02833,0.948239,373.681
3,6.82005,0.956029,491.608
4,6.82005,0.956029,607.254
5,3.82489,0.97534,695.996
