Iteration,Cost,Cost reduction,time (ms)
0,117.455,0.0634354,144.72
1,31.2751,0.750618,256.665
2,9.08649,0.927546,378.428
3,7.17328,0.942802,506.481
4,6.95203,0.944566,629.225
5,2.57856,0.979439,753.775
6,2.13092,0.983008,880.634
7,1.68086,0.986597,1005.53
8,1.47651,0.988227,1132.64
9,1.37385,0.989045,1260.1
