Iteration,Cost,Cost reduction,time (ms)
0,93.8687,0.339429,151.898
1,93.576,0.341488,262.655
2,19.853,0.860291,376.686
3,19.5524,0.862406,495.248
4,19.5524,0.862406,613.266
5,19.527,0.862585,689.457
