Iteration,Cost,Cost reduction,time (ms)
0,51.8422,0,156.048
1,51.8422,0,229.111
2,30.429,0.413046,306.751
3,26.7472,0.484064,629.714
4,26.7472,0.484064,977.07
5,23.7565,0.541753,1070.52
