Iteration,Cost,Cost reduction,time (ms)
0,153.576,0.134195,192.836
1,56.7179,0.680246,326.167
2,31.3866,0.823054,575.874
3,20.0268,0.887097,853.463
4,10.7037,0.939657,1121.12
5,10.7037,0.939657,1381.54
