Iteration,Cost,Cost reduction,time (ms)
0,32.9067,0.239345,188.101
1,20.8817,0.51731,371.331
2,14.253,0.670534,538.934
3,11.572,0.732508,689.445
4,11.572,0.732508,835.469
5,11.572,0.732508,893.847
