Iteration,Cost,Cost reduction,time (ms)
0,73.2851,0.290539,226.651
1,19.064,0.815444,437.604
2,5.07918,0.950829,652.954
3,4.75349,0.953982,846.783
4,4.75349,0.953982,1051.23
5,3.64744,0.96469,1134.94
