Iteration,Cost,Cost reduction,time (ms)
0,4872.96,0.00132731,149.637
1,4834.32,0.00924549,249.401
2,4784.27,0.0195042,353.012
3,4752.01,0.0261161,469.232
4,3678.81,0.246059,585.175
5,2278.42,0.533056,725.689
