Iteration,Cost,Cost reduction,time (ms)
0,23.7284,0.408953,102.904
1,16.292,0.594185,175.354
2,16.292,0.594185,245.006
3,16.292,0.594185,292.642
4,16.292,0.594185,341.948
5,16.292,0.594185,392.164
