Iteration,Cost,Cost reduction,time (ms)
0,50.2641,0.256413,1655.17
1,34.1236,0.49519,3500.51
2,34.1236,0.49519,5151.1
3,34.1236,0.49519,5632.29
4,34.1236,0.49519,6165.88
