Iteration,Cost,Cost reduction,time (ms)
0,5601.76,0.00115457,150.856
1,5563.12,0.00804379,249.521
2,5513.07,0.0169682,353.11
3,5472.91,0.024129,468.497
4,3405.55,0.392759,584.295
5,3006.39,0.463933,752.751
