Iteration,Cost,Cost reduction,time (ms)
0,30.3921,0.361173,586.383
1,18.4944,0.611257,1125.91
2,11.4657,0.758996,1664.46
3,10.9549,0.769734,2251.87
4,9.18974,0.806836,2830.51
5,7.43387,0.843744,3400.56
