Iteration,Cost,Cost reduction,time (ms)
0,26.6123,0.317914,107.399
1,23.3129,0.402478,185.97
2,22.2954,0.428559,262.561
3,21.29,0.454327,343.159
4,18.532,0.525015,421.826
5,16.2683,0.583034,503.37
