Iteration,Cost,Cost reduction,time (ms)
0,30.3924,0.332277,117.05
1,18.45,0.594653,198.77
2,15.2346,0.665296,294.453
3,14.7726,0.675445,398.194
4,14.1999,0.688027,502.599
5,14.0212,0.691953,605.9
