Iteration,Cost,Cost reduction,time (ms)
0,34.1511,0.229057,119.909
1,12.5246,0.717263,197.696
2,9.52488,0.784981,283.87
3,7.68355,0.826548,377.422
4,7.68355,0.826548,467.845
5,7.68355,0.826548,517.044
