Iteration,Cost,Cost reduction,time (ms)
0,32.7103,0.244413,298.456
1,32.7103,0.244413,531.943
2,32.7103,0.244413,689.608
3,32.7103,0.244413,842.179
4,32.7103,0.244413,989.019
