Iteration,Cost,Cost reduction,time (ms)
0,4559.11,0.00141896,135.43
1,4520.48,0.00988062,232.928
2,4470.59,0.0208084,336.84
3,3828.65,0.161412,458.442
4,2614.4,0.427368,582.969
5,913.319,0.799956,733.793
