Iteration,Cost,Cost reduction,time (ms)
0,30.0704,0.293309,111.793
1,15.7009,0.63101,191.746
2,15.7009,0.63101,264.861
3,15.7009,0.63101,314.074
4,15.7009,0.63101,358.137
