Iteration,Cost,Cost reduction,time (ms)
0,76.3033,0.0194287,144.497
1,14.2985,0.81625,245.393
2,10.2708,0.868011,348.99
3,9.63241,0.876214,456.118
4,9.57056,0.877009,564.02
5,9.57056,0.877009,670.306
