Iteration,Cost,Cost reduction,time (ms)
0,22.2494,0.439562,187.483
1,16.5596,0.582881,354.891
2,16.5596,0.582881,515.965
3,10.675,0.731109,583.277
4,10.675,0.731109,742.307
