Iteration,Cost,Cost reduction,time (ms)
0,4378.54,0.00147672,177.37
1,4339.9,0.0102888,335.184
2,4290.07,0.0216536,502.717
3,4232.67,0.0347438,692.865
4,2619.74,0.40257,894.53
5,1481.9,0.662055,1097.02
6,1035.46,0.763864,1303.1
7,842.248,0.807926,1510.13
8,685.968,0.843566,1718.44
9,614.313,0.859906,1929.22
