Iteration,Cost,Cost reduction,time (ms)
0,56.2311,0,87.41
1,56.2311,0,132.26
2,51.6392,0.0816611,191.221
3,44.3627,0.211066,236.188
4,41.986,0.253331,287.817
5,35.1366,0.375139,333.952
6,34.7269,0.382426,380.655
7,31.9167,0.432402,474.418
8,29.8509,0.469139,526.617
9,27.6109,0.508976,594.318
