Iteration,Cost,Cost reduction,time (ms)
0,4559.11,0.00141889,136.017
1,4520.47,0.00988058,235.619
2,4470.58,0.020808,340.645
3,4439.38,0.0276424,462.379
4,2484.13,0.455902,594.002
5,1546.11,0.661355,742.47
