Iteration,Cost,Cost reduction,time (ms)
0,125.774,0.29459,148.212
1,94.1252,0.472093,255.941
2,35.0759,0.803274,375.01
3,29.6788,0.833545,524.659
4,21.0525,0.881926,675.128
5,18.003,0.899029,814.164
