Iteration,Cost,Cost reduction,time (ms)
0,149.004,0.0920184,136.9
1,61.1356,0.62746,236.381
2,36.3963,0.778213,346.93
3,20.2315,0.876716,462.262
4,19.0389,0.883983,579.901
5,18.1992,0.8891,698.452
