Iteration,Cost,Cost reduction,time (ms)
0,26.5368,0.320633,106.366
1,17.7431,0.54576,184.283
2,16.0536,0.589014,272.521
3,12.1785,0.688219,364.85
4,8.91828,0.771684,457.168
5,6.70915,0.82824,544.695
