Iteration,Cost,Cost reduction,time (ms)
0,30.1956,0.432336,152.912
1,15.3848,0.710774,259.737
2,13.3967,0.748149,374.126
3,11.9745,0.774886,490.776
4,7.91453,0.851211,609.967
5,6.96021,0.869151,728.705
