Iteration,Cost,Cost reduction,time (ms)
0,4842.92,0.00133508,414.121
1,4804.28,0.00930335,810.38
2,4754.45,0.0195791,1207.4
3,4604.59,0.0504819,1710.39
4,3867.49,0.202481,2252.64
5,2157.76,0.555047,2793.46
