Iteration,Cost,Cost reduction,time (ms)
0,26.2396,0.401789,179.78
1,12.8205,0.70772,353.749
2,4.72193,0.89235,521.221
3,4.22072,0.903776,687.916
4,4.05133,0.907638,854.566
5,3.80675,0.913214,1021.06
