Iteration,Cost,Cost reduction,time (ms)
0,42.6776,0.416317,147.536
1,31.1905,0.573421,251.875
2,11.6455,0.84073,370.638
3,7.8864,0.892141,505.58
4,7.8864,0.892141,641.887
5,7.86233,0.89247,729.134
