Iteration,Cost,Cost reduction,time (ms)
0,4552.26,0.00142086,133.574
1,4513.62,0.00989532,231.501
2,4463.74,0.0208382,336.53
3,4311.81,0.054165,457.71
4,2529.63,0.445101,581.034
5,1473.55,0.676762,719.319
