Iteration,Cost,Cost reduction,time (ms)
0,30.4171,0.30694,111.445
1,17.968,0.590595,187.338
2,10.1547,0.768623,272.124
3,9.29457,0.788221,375.68
4,9.29457,0.788221,501.448
5,6.02072,0.862816,554.994
