Iteration,Cost,Cost reduction,time (ms)
0,28.6746,0.321049,539.299
1,18.7471,0.556111,1168.77
2,5.96729,0.858708,1794.52
3,3.8505,0.908829,2440.08
4,3.4068,0.919335,3041.71
5,3.20977,0.924,3640.59
