Iteration,Cost,Cost reduction,time (ms)
0,0.327945,0,19.294
1,0.327945,0,27.785
2,0.327945,0,33.883
3,0.327945,0,39.291
4,0.285458,0.129554,45.583
5,0.285458,0.129554,51.169
6,0.285458,0.129554,55.388
