Iteration,Cost,Cost reduction,time (ms)
0,26.2457,0.415178,529.69
1,14.2075,0.68342,1065.28
2,11.5834,0.741893,1559.4
3,11.5834,0.741893,2058.2
4,9.39213,0.790719,2150.09
5,8.89027,0.801902,2625.02
