Iteration,Cost,Cost reduction,time (ms)
0,115.403,0.312839,143.165
1,103.595,0.383153,252.115
2,97.7844,0.417749,360.842
3,79.2657,0.528018,471.576
4,42.1433,0.749061,584.85
5,42.1433,0.749061,696.045
