Iteration,Cost,Cost reduction,time (ms)
0,43.9087,0.609778,207.82
1,15.1836,0.865061,417.261
2,12.2493,0.891138,637.479
3,9.01427,0.919889,853.725
4,8.85432,0.921311,1075.95
5,8.85432,0.921311,1295.24
