Iteration,Cost,Cost reduction,time (ms)
0,31.1722,0.231371,189.847
1,14.6232,0.639427,371.433
2,14.6232,0.639427,546.744
3,14.6232,0.639427,617.209
4,14.6232,0.639427,669.947
