Iteration,Cost,Cost reduction,time (ms)
0,32.0861,0.315937,585.348
1,16.6041,0.646007,1170.05
2,8.55384,0.817636,1789.44
3,6.61475,0.858976,2386.21
4,5.92789,0.87362,2978.84
5,5.76434,0.877107,3565.9
