Iteration,Cost,Cost reduction,time (ms)
0,33.0722,0.302964,575.682
1,15.6817,0.669488,1140.28
2,8.19714,0.827235,1689.43
3,6.20043,0.869318,2255.1
4,4.58308,0.903406,2799.77
5,3.89128,0.917986,3328.85
