Iteration,Cost,Cost reduction,time (ms)
0,161.108,0.0956925,138.661
1,71.5419,0.598431,239.989
2,48.1352,0.729814,349.156
3,43.0456,0.758382,470.564
4,37.8441,0.787579,588.569
5,16.8842,0.905228,715.172
