Iteration,Cost,Cost reduction,time (ms)
0,46.4669,0.374162,151.678
1,40.3042,0.457165,259.359
2,40.3042,0.457165,371.925
3,40.3042,0.457165,451.31
4,40.3042,0.457165,530.356
5,40.3042,0.457165,608.26
