Iteration,Cost,Cost reduction,time (ms)
0,52.5459,0.420324,576.233
1,34.4462,0.619997,1145.45
2,20.7541,0.771045,1689.88
3,15.8779,0.824839,2224.22
4,15.4212,0.829877,2768.62
5,14.8524,0.836152,3309.47
