Iteration,Cost,Cost reduction,time (ms)
0,4284.91,0.00150933,152.162
1,4246.28,0.0105125,251.756
2,4196.22,0.0221776,355.186
3,4176.2,0.0268416,472.089
4,3285.92,0.234299,585.885
5,3132.62,0.270022,719.435
