Iteration,Cost,Cost reduction,time (ms)
0,5650.44,0.00114446,176.034
1,5611.8,0.00797528,336.221
2,5561.97,0.0167837,503.904
3,4853.34,0.142051,696.398
4,2001.64,0.64616,913.617
5,1010.88,0.821301,1111.55
