Iteration,Cost,Cost reduction,time (ms)
0,81.4578,0.323771,232.972
1,29.9507,0.751361,468.368
2,29.9507,0.751361,674.444
3,28.9263,0.759866,765.417
4,28.9263,0.759866,974.47
5,28.9263,0.759866,1056.49
