Iteration,Cost,Cost reduction,time (ms)
0,26.8997,0.346045,108.895
1,11.4331,0.722053,185.875
2,11.1907,0.727946,265.295
3,11.1907,0.727946,343.575
4,10.5165,0.744334,401.786
5,10.056,0.75553,487.161
