Iteration,Cost,Cost reduction,time (ms)
0,142.675,0.177565,143.31
1,107.348,0.381205,257.85
2,36.5509,0.789307,377.028
3,30.3188,0.825231,501.238
4,30.3188,0.825231,620.775
5,30.3188,0.825231,695.734
