Iteration,Cost,Cost reduction,time (ms)
0,89.7425,0.370706,579.581
1,63.6938,0.553365,1110.09
2,39.4377,0.723454,1635.9
3,39.4377,0.723454,2149.71
4,39.4377,0.723454,2230.78
5,39.4377,0.723454,2307.6
