Iteration,Cost,Cost reduction,time (ms)
0,54.1295,0.186547,145.719
1,9.81744,0.852464,257.161
2,9.78378,0.85297,407.218
3,8.86751,0.86674,559.6
4,8.35017,0.874514,719.161
5,8.35017,0.874514,875.425
