Iteration,Cost,Cost reduction,time (ms)
0,4920.62,0.00133092,130.77
1,4882.76,0.00901481,225.535
2,4833.42,0.0190285,326.295
3,3913.7,0.205692,433.435
4,2469.84,0.498732,541.66
5,2469.84,0.498732,645.492
