Iteration,Cost,Cost reduction,time (ms)
0,142.429,0.213073,151.499
1,37.702,0.791694,265.156
2,11.5009,0.936457,379.041
3,6.08845,0.966361,494.073
4,4.99095,0.972425,610.378
5,4.99095,0.972425,722.568
