Iteration,Cost,Cost reduction,time (ms)
0,4373.08,0.00149732,131.667
1,4335.22,0.0101418,228.493
2,4285.88,0.0214075,330.447
3,3427.83,0.217327,438.876
4,2245.04,0.487391,548.603
5,2245.04,0.487391,652.102
