Iteration,Cost,Cost reduction,time (ms)
0,4970.58,0.00130139,178.924
1,4931.94,0.0090651,336
2,4882.1,0.0190796,503.902
3,4202.3,0.155666,691.867
4,1850.88,0.628119,905.61
5,1153.58,0.768221,1110
