Iteration,Cost,Cost reduction,time (ms)
0,93.0628,0,81.746
1,40.0474,0.569674,116.559
2,30.4017,0.673321,187.924
3,30.4017,0.673321,272.446
4,15.871,0.829459,312.38
5,15.871,0.829459,353.904
6,8.33963,0.910387,385.886
7,8.33963,0.910387,447.83
