Iteration,Cost,Cost reduction,time (ms)
0,92.298,0.20755,159.85
1,43.2603,0.628577,500.039
2,40.4001,0.653133,615.28
3,40.4001,0.653133,772.268
4,40.4001,0.653133,859.162
5,40.4001,0.653133,945.857
6,40.4001,0.653133,1032.5
