Iteration,Cost,Cost reduction,time (ms)
0,36.4715,0,396.131
1,26.5447,0.272181,781.919
2,26.5447,0.272181,1171.66
3,26.5447,0.272181,1555.63
4,25.1985,0.309092,1937.01
5,25.1985,0.309092,1979.93
6,25.1985,0.309092,2025.85
