Iteration,Cost,Cost reduction,time (ms)
0,4929.03,0.00131231,149.565
1,4890.4,0.00914051,250.338
2,4840.34,0.0192831,355.29
3,4794.11,0.0286495,473.202
4,3438.17,0.303381,590.067
5,2912.72,0.409845,766.92
