Iteration,Cost,Cost reduction,time (ms)
0,26.4494,0.361176,187.35
1,14.6544,0.646056,362.466
2,13.2482,0.68002,549.118
3,12.8866,0.688754,733.052
4,8.98106,0.783083,916.697
5,7.83714,0.810712,1102.11
