Iteration,Cost,Cost reduction,time (ms)
0,31.8826,0.221522,102.899
1,12.3466,0.698533,178.737
2,12.3466,0.698533,246.953
3,12.3466,0.698533,298.074
4,12.3466,0.698533,349.043
5,12.3466,0.698533,402.037
