Iteration,Cost,Cost reduction,time (ms)
0,31.3466,0.400853,165.275
1,23.682,0.54735,278.02
2,20.2739,0.612493,404.266
3,17.7172,0.66136,534.179
4,14.3037,0.726604,669.947
5,14.3037,0.726604,805.314
