Iteration,Cost,Cost reduction,time (ms)
0,4754.97,0.00135997,173.795
1,4716.33,0.00947536,316.806
2,4666.5,0.0199417,462.36
3,4607.65,0.0323001,626.629
4,2867.24,0.397822,803.728
5,1851.87,0.611071,976.492
6,1851.87,0.611071,1146.07
