Iteration,Cost,Cost reduction,time (ms)
0,29.2218,0.334786,104.693
1,28.4932,0.351373,178.366
2,28.4932,0.351373,249.381
3,24.7698,0.436133,303.358
4,11.6314,0.73522,384.221
5,9.9442,0.773628,465.271
