Iteration,Cost,Cost reduction,time (ms)
0,31.5653,0.330169,180.193
1,31.0902,0.340252,359.55
2,19.7574,0.580739,546.641
3,6.03839,0.871863,730.766
4,3.13929,0.933383,920.565
5,3.13929,0.933383,1126.67
