Iteration,Cost,Cost reduction,time (ms)
0,6.30455,0.978546,6.485
1,2.09815,0.99286,11.365
2,2.09815,0.99286,15.233
3,2.09815,0.99286,18.173
4,2.09815,0.99286,21.057
