Iteration,Cost,Cost reduction,time (ms)
0,40.9492,0.0232685,532.083
1,35.3151,0.157653,1092.74
2,22.439,0.464778,1678.4
3,17.16,0.590693,2244.91
4,12.9774,0.690458,2790.96
5,9.42523,0.775187,3327.88
