Iteration,Cost,Cost reduction,time (ms)
0,29.126,0.319031,109.253
1,7.33288,0.828556,184
2,5.77975,0.864869,262.135
3,4.31483,0.899119,344.65
4,4.11813,0.903718,431.592
5,4.11813,0.903718,522.92
