Iteration,Cost,Cost reduction,time (ms)
0,31.846,0.300266,117.14
1,15.6123,0.656959,199.127
2,12.786,0.71906,286.312
3,12.5106,0.725111,372.604
4,12.5106,0.725111,457.964
5,11.6711,0.743558,513.59
