Iteration,Cost,Cost reduction,time (ms)
0,34.0927,0.809079,176.872
1,34.0927,0.809079,298.79
2,34.0927,0.809079,371.162
3,34.0927,0.809079,443.195
4,34.0927,0.809079,515.16
5,34.0927,0.809079,586.984
6,34.0927,0.809079,667.792
