Iteration,Cost,Cost reduction,time (ms)
0,34.7876,0.154844,547.622
1,19.6393,0.522868,1140.34
2,7.14709,0.826363,1715.28
3,5.6609,0.86247,2279.46
4,4.49797,0.890723,2846.85
5,3.62152,0.912016,3406.34
