Iteration,Cost,Cost reduction,time (ms)
0,5621.9,0.00115049,413.785
1,5583.25,0.00801588,811.588
2,5533.42,0.0168701,1206.65
3,5480.04,0.0263538,1712.14
4,4180.27,0.257286,2299.6
5,2752.24,0.511006,2960.98
