Iteration,Cost,Cost reduction,time (ms)
0,4980.48,0.00129874,153.722
1,4941.85,0.00904603,255.882
2,4891.79,0.0190834,361.318
3,4161.67,0.165489,477.995
4,1360.09,0.727271,587.166
5,1360.09,0.727271,696.371
