Iteration,Cost,Cost reduction,time (ms)
0,148.503,0.0455207,147.807
1,89.708,0.423416,262.246
2,44.5048,0.713952,371.699
3,27.8166,0.821213,494.134
4,25.9539,0.833186,614.918
5,14.7437,0.905237,740.552
