Iteration,Cost,Cost reduction,time (ms)
0,109.363,0.309197,231.417
1,93.9887,0.40631,351.197
2,56.0061,0.646231,467.306
3,27.0304,0.829259,591.794
4,21.653,0.863226,715.792
5,11.4436,0.927716,846.908
