Iteration,Cost,Cost reduction,time (ms)
0,29.1698,0.32304,103.133
1,28.5544,0.337322,176.589
2,28.5544,0.337322,247.086
3,25.7721,0.401893,300.202
4,24.9061,0.421992,381.415
5,24.9061,0.421992,457.637
