Iteration,Cost,Cost reduction,time (ms)
0,90.4053,0.137321,200.293
1,20.7818,0.801693,315.512
2,5.5602,0.946943,438.629
3,5.5602,0.946943,579.376
4,4.1052,0.960827,664.475
5,4.1052,0.960827,810.792
