Iteration,Cost,Cost reduction,time (ms)
0,88.754,0.338352,145.187
1,85.9757,0.359064,255.91
2,76.1812,0.43208,367.097
3,32.7368,0.755952,478.874
4,16.6622,0.875786,600.776
5,16.6622,0.875786,709.106
