Iteration,Cost,Cost reduction,time (ms)
0,4439.59,0.00145634,413.338
1,4400.95,0.0101474,810.357
2,4351.11,0.021356,1205.85
3,3722.6,0.16272,1712.64
4,1513.18,0.659659,2347.81
5,1416.63,0.681373,2889.15
