Iteration,Cost,Cost reduction,time (ms)
0,3.81457,0.695225,15.013
1,3.81457,0.695225,23.818
2,3.81457,0.695225,29.897
3,2.67793,0.78604,36.254
4,2.29095,0.816959,43.376
5,2.29095,0.816959,52.323
6,1.97519,0.842187,58.039
7,1.97519,0.842187,65.209
