Iteration,Cost,Cost reduction,time (ms)
0,29.6551,0.32599,188.496
1,28.5945,0.350096,369.137
2,28.5945,0.350096,540.284
3,21.2835,0.516261,610.245
4,19.6139,0.554208,773.541
5,19.0199,0.56771,937.763
