Iteration,Cost,Cost reduction,time (ms)
0,92.3192,0.343669,151.502
1,55.2273,0.607369,259.026
2,53.9155,0.616695,367.583
3,21.7726,0.845211,494.522
4,7.48918,0.946757,611.074
5,6.67806,0.952523,726.187
