Iteration,Cost,Cost reduction,time (ms)
0,34.1042,0.464252,146.04
1,10.475,0.835446,248.131
2,9.49528,0.850837,356.127
3,6.45051,0.898668,467.456
4,4.64729,0.926995,584.751
5,2.41264,0.962099,704.914
