Iteration,Cost,Cost reduction,time (ms)
0,84.9155,0.00227926,735.626
1,76.7048,0.0987518,1474.03
2,76.7048,0.0987518,2160.09
3,62.2004,0.269172,2455.26
4,53.1692,0.375285,2922.29
5,51.5248,0.394605,3370.15
6,34.9689,0.589131,3858.9
7,12.9688,0.847622,4403.98
8,12.9688,0.847622,4870.38
