Iteration,Cost,Cost reduction,time (ms)
0,114.726,0,77.68
1,114.726,0,136.659
2,114.726,0,248.034
3,114.726,0,290.327
4,114.695,0.000268133,356.754
5,109.549,0.04512,436.05
6,106.059,0.0755478,484.925
7,106.059,0.0755478,593.624
