Iteration,Cost,Cost reduction,time (ms)
0,4960.48,0.0013199,131.894
1,4922.62,0.00894228,229.048
2,4873.29,0.0188743,330.469
3,3968.32,0.201069,437.989
4,3602.45,0.274729,549.896
5,3012.37,0.393527,661.086
