Iteration,Cost,Cost reduction,time (ms)
0,28.2397,0.362997,99.413
1,26.7317,0.397012,168.221
2,26.6617,0.398593,236.619
3,26.3013,0.406722,304.55
4,25.1675,0.432296,376.07
5,25.0391,0.435193,444.4
6,24.8555,0.439334,510.227
