Iteration,Cost,Cost reduction,time (ms)
0,45.0312,0.223697,597.048
1,27.7829,0.521044,1174.18
2,6.40391,0.889602,1708.98
3,3.60307,0.937886,2212.75
4,3.60307,0.937886,2707.44
5,3.60307,0.937886,2792.12
