Iteration,Cost,Cost reduction,time (ms)
0,29.0512,0.298831,601.73
1,16.7783,0.595045,1204.37
2,4.78277,0.884565,1738.72
3,3.30568,0.920215,2243.88
4,3.30568,0.920215,2757.01
5,3.30568,0.920215,2844.89
