Iteration,Cost,Cost reduction,time (ms)
0,4583.1,0.00141075,177.727
1,4544.46,0.00983009,335.742
2,4494.63,0.0206879,503.526
3,4253.52,0.0732224,695.109
4,3620.16,0.211221,907.202
5,1636.64,0.643401,1111.14
