Iteration,Cost,Cost reduction,time (ms)
0,26.2738,0.349867,113.455
1,12.1847,0.698497,186.523
2,8.47416,0.790311,269.077
3,7.39078,0.817119,359.858
4,7.39078,0.817119,463.534
5,7.39078,0.817119,515.413
