Iteration,Cost,Cost reduction,time (ms)
0,30.5993,0.334194,105.994
1,13.8861,0.697854,183.745
2,13.4267,0.70785,262.886
3,13.3686,0.709115,344.644
4,12.0199,0.738461,428.463
5,10.9065,0.762686,513.831
