Iteration,Cost,Cost reduction,time (ms)
0,66.0914,0.169768,607.324
1,22.6789,0.71511,1242.97
2,11.8954,0.850571,1814.97
3,8.93488,0.887761,2320.61
4,8.93488,0.887761,2828.2
5,8.93488,0.887761,2913.28
