Iteration,Cost,Cost reduction,time (ms)
0,4373.08,0.00149721,131.438
1,4335.22,0.0101418,229.499
2,4285.88,0.0214077,330.783
3,3431.01,0.2166,439.034
4,2946.94,0.327126,547.047
5,1591.07,0.636711,656.415
