Iteration,Cost,Cost reduction,time (ms)
0,41.4763,0.0431623,131.123
1,26.1308,0.397176,210.789
2,17.8104,0.589122,294.437
3,8.77176,0.79764,386.578
4,8.77176,0.79764,469.902
5,6.84074,0.842187,522.956
