Iteration,Cost,Cost reduction,time (ms)
0,98.2679,0.911044,17.081
1,98.2679,0.911044,29.2
2,98.2679,0.911044,34.796
3,98.2679,0.911044,40.629
4,98.2679,0.911044,46.378
