Iteration,Cost,Cost reduction,time (ms)
0,29.7926,0.361543,107.658
1,14.5935,0.68726,187.878
2,11.5998,0.751416,280.191
3,9.64621,0.793281,371.614
4,9.57817,0.794739,464.612
5,8.2624,0.822936,558.628
