Iteration,Cost,Cost reduction,time (ms)
0,101.63,0.088346,145.297
1,80.2519,0.280112,249.072
2,80.2519,0.280112,358.12
3,77.7517,0.302539,435.646
4,77.7517,0.302539,545.771
5,77.7517,0.302539,621.014
