Iteration,Cost,Cost reduction,time (ms)
0,5232.44,0.00123642,138.415
1,5193.81,0.0086106,234.751
2,5143.76,0.0181651,337.748
3,5132.1,0.0203895,455.116
4,4254.95,0.18782,565.706
5,3245.37,0.380527,756.654
