Iteration,Cost,Cost reduction,time (ms)
0,29.3035,0.335682,112.113
1,14.35,0.674682,191.785
2,12.7145,0.711759,280.723
3,12.6317,0.713636,365.019
4,12.3917,0.719077,452.381
5,9.69673,0.780173,540.586
