Iteration,Cost,Cost reduction,time (ms)
0,50.0298,0.466932,221.662
1,19.6263,0.790882,433.072
2,19.6263,0.790882,632.318
3,19.6263,0.790882,711
4,19.6263,0.790882,784.767
5,19.6263,0.790882,858.404
