Iteration,Cost,Cost reduction,time (ms)
0,100.817,0.364053,568.512
1,54.1663,0.658323,1095.47
2,49.4091,0.688331,1636.99
3,25.5514,0.838823,2175.05
4,18.2702,0.884753,2707.33
5,15.5875,0.901675,3239.98
