Iteration,Cost,Cost reduction,time (ms)
0,5562.85,0.00116299,145.811
1,5524.22,0.00809972,245.502
2,5474.16,0.0170872,348.649
3,5451.68,0.0211253,460.845
4,3385.47,0.392123,575.081
5,3385.47,0.392123,744.893
