Iteration,Cost,Cost reduction,time (ms)
0,82.5719,0.326742,218.076
1,56.7489,0.537292,331.413
2,51.6165,0.57914,460.245
3,51.6081,0.579208,581.003
4,49.6527,0.595152,707.95
5,31.9053,0.739857,853.786
