Iteration,Cost,Cost reduction,time (ms)
0,5468.9,0.00118256,411.626
1,5430.26,0.00823982,808.211
2,5380.43,0.0173413,1204.33
3,4674.86,0.146203,1708.42
4,1995.09,0.635625,2342.14
5,1592.02,0.70924,2886.8
