Iteration,Cost,Cost reduction,time (ms)
0,35.6016,0.229953,662.9
1,21.0597,0.544487,1336.09
2,17.8244,0.614467,2012.46
3,14.1083,0.694844,2695.75
4,10.503,0.772825,3397.06
5,5.03244,0.891151,4074.4
6,5.03244,0.891151,4770.82
