Iteration,Cost,Cost reduction,time (ms)
0,39.5199,0.136546,535.548
1,19.0851,0.583017,1105.87
2,10.1026,0.779273,1670.61
3,6.4618,0.858819,2213.27
4,5.54075,0.878942,2748.18
5,4.74985,0.896222,3276.62
