Iteration,Cost,Cost reduction,time (ms)
0,72.9643,0.40782,214.601
1,62.9412,0.489168,423.351
2,54.7312,0.555801,630.635
3,50.0999,0.593388,837.942
4,42.4054,0.655837,1046.13
5,9.22988,0.92509,1270.74
