Iteration,Cost,Cost reduction,time (ms)
0,18.0881,0.556278,15.6
1,13.067,0.679451,24.476
2,13.067,0.679451,33.963
3,13.067,0.679451,38.302
4,13.067,0.679451,42.35
