Iteration,Cost,Cost reduction,time (ms)
0,24.6751,0.408499,106.093
1,20.2472,0.514644,181.151
2,20.2472,0.514644,256.278
3,19.9983,0.52061,305.756
4,19.9983,0.52061,385.169
5,19.9983,0.52061,436.036
