Iteration,Cost,Cost reduction,time (ms)
0,89.9365,0.337059,147.873
1,71.5929,0.472273,255.828
2,39.9716,0.705361,368.945
3,11.8299,0.912799,489.015
4,10.0333,0.926042,612.912
5,4.29196,0.968363,734.776
