Iteration,Cost,Cost reduction,time (ms)
0,26.7414,0.365753,192.354
1,13.7674,0.673469,379.82
2,7.02513,0.83338,586.123
3,5.71658,0.864415,789.749
4,5.70203,0.864761,984.094
5,4.82782,0.885495,1185.47
