Iteration,Cost,Cost reduction,time (ms)
0,72.3922,0.21251,151.949
1,11.9223,0.870308,262.454
2,4.18793,0.954443,374.45
3,3.83669,0.958264,489.173
4,3.31404,0.96395,603.882
5,1.81012,0.980309,720.091
