Iteration,Cost,Cost reduction,time (ms)
0,5807.65,0.00111405,178.832
1,5769.01,0.00776,336.538
2,5719.17,0.0163328,504.962
3,5020.64,0.136476,696.205
4,1887.79,0.67531,906.513
5,1260.6,0.783184,1105.4
