Iteration,Cost,Cost reduction,time (ms)
0,4583.13,0.00141134,144.494
1,4544.49,0.00982949,244.524
2,4494.43,0.0207371,350.038
3,4134.83,0.0990873,467.93
4,3819.52,0.167788,582.394
5,2170.99,0.526977,693.934
