Iteration,Cost,Cost reduction,time (ms)
0,4199.81,0.00153952,151.07
1,4161.17,0.0107245,250.283
2,4111.12,0.0226234,353.64
3,3903.09,0.0720807,467.198
4,2741.38,0.348265,583.414
5,2533.86,0.397602,735.108
