Iteration,Cost,Cost reduction,time (ms)
0,30.9948,0.318017,105.442
1,30.2109,0.335266,178.064
2,13.7458,0.697548,250.934
3,13.7458,0.697548,322.901
4,10.1496,0.776678,372.96
5,7.13242,0.843064,450.494
