Iteration,Cost,Cost reduction,time (ms)
0,26.4626,0.330133,104.298
1,18.5015,0.531657,176.538
2,12.7171,0.678083,249.404
3,11.8816,0.699233,332.511
4,11.0861,0.719369,416.221
5,11.0861,0.719369,511.718
