Iteration,Cost,Cost reduction,time (ms)
0,21.67,0.428339,109.706
1,14.7128,0.611872,181.937
2,13.2552,0.650325,258.702
3,8.47532,0.776419,340.39
4,8.47532,0.776419,430.034
5,8.47532,0.776419,481.235
