Iteration,Cost,Cost reduction,time (ms)
0,30.5314,0.313115,107.341
1,14.6848,0.669626,187.351
2,8.52416,0.808227,271.985
3,8.36384,0.811833,357.795
4,8.36384,0.811833,442.908
5,7.55349,0.830064,498.04
