Iteration,Cost,Cost reduction,time (ms)
0,31.8404,0.343671,185.104
1,15.7498,0.675348,374.239
2,9.20426,0.810272,569.613
3,8.83353,0.817914,755.409
4,8.83353,0.817914,943.245
5,7.89566,0.837246,1021.09
