Iteration,Cost,Cost reduction,time (ms)
0,30.6889,0.346217,107.845
1,13.002,0.72301,188.598
2,11.729,0.750131,276.189
3,11.0317,0.764986,367.866
4,8.47986,0.819349,464.779
5,7.12841,0.84814,557.405
