Iteration,Cost,Cost reduction,time (ms)
0,4454.89,0.00145197,136.208
1,4416.26,0.0101113,230.895
2,4366.37,0.0212937,329.547
3,4332.08,0.0289799,438.273
4,2567.31,0.424546,561.042
5,2234.17,0.499218,698.8
6,1845.65,0.586305,876.34
7,1845.65,0.586305,1080.23
