Iteration,Cost,Cost reduction,time (ms)
0,69.072,0.346074,143.961
1,46.3435,0.561252,250.255
2,15.5918,0.852388,356.809
3,15.5918,0.852388,469.144
4,15.2748,0.855389,546.665
5,12.6714,0.880036,654.989
