Iteration,Cost,Cost reduction,time (ms)
0,19.4883,0.518521,102.885
1,19.4883,0.518521,179.592
2,19.4883,0.518521,233.261
3,19.4883,0.518521,287.97
4,19.4883,0.518521,341.71
5,19.4883,0.518521,394.88
6,19.4883,0.518521,446.893
