Iteration,Cost,Cost reduction,time (ms)
0,5666.01,0.00114132,176.3
1,5627.37,0.00795339,335.511
2,5577.54,0.0167376,505.166
3,4834.16,0.147788,696.079
4,2061.84,0.636519,914.274
5,1200.5,0.788364,1111.33
