Iteration,Cost,Cost reduction,time (ms)
0,4196.61,0.00156029,132.723
1,4158.75,0.0105677,229.518
2,4109.41,0.0223064,332.302
3,3268.21,0.222441,440.103
4,1361.72,0.676025,549.313
5,1305.08,0.689501,655.859
