Iteration,Cost,Cost reduction,time (ms)
0,26.8069,0.338248,188.337
1,14.0913,0.652144,367.291
2,3.65935,0.909666,554.404
3,3.56145,0.912082,738.176
4,3.27774,0.919086,926.541
5,3.27774,0.919086,1113.47
