Iteration,Cost,Cost reduction,time (ms)
0,31.2632,0.326989,615.478
1,17.43,0.62478,1189.87
2,13.6358,0.706458,1727.74
3,10.7819,0.767894,2273.65
4,9.53367,0.794766,2787.41
5,9.1595,0.802821,3292.36
