Iteration,Cost,Cost reduction,time (ms)
0,4403.17,0.00148677,131.495
1,4365.31,0.0100725,226.548
2,4315.97,0.0212606,320.645
3,3474.87,0.211999,418.659
4,3111.74,0.294345,518.544
5,2558.64,0.419773,621.324
6,1793.03,0.593391,726.694
7,1652.86,0.625178,829.578
8,1579.23,0.641876,930.537
9,1579.23,0.641876,1030.76
