Iteration,Cost,Cost reduction,time (ms)
0,5033.14,0.00128506,178.336
1,4994.5,0.00895246,336.56
2,4944.66,0.0188419,505.35
3,4263.18,0.154067,695.917
4,1805.06,0.641826,910.411
5,1805.06,0.641826,1109.84
