Iteration,Cost,Cost reduction,time (ms)
0,30.6307,0.331045,110.562
1,19.1726,0.581283,190.336
2,14.118,0.691672,279.488
3,11.963,0.738736,374.005
4,11.963,0.738736,467.556
5,10.0355,0.78083,523.571
