Iteration,Cost,Cost reduction,time (ms)
0,28.4805,0.31928,534.07
1,15.042,0.640477,1149.53
2,15.042,0.640477,1745.82
3,11.7143,0.720014,1842.79
4,6.0155,0.856222,2448.09
5,4.40126,0.894804,3064.8
