Iteration,Cost,Cost reduction,time (ms)
0,31.0757,0.303613,106.861
1,25.7282,0.423447,180.866
2,24.4768,0.45149,253.903
3,23.9339,0.463656,330.844
4,7.58524,0.830019,406.134
5,6.96616,0.843893,482.511
