Iteration,Cost,Cost reduction,time (ms)
0,17.5311,0.595742,131.733
1,8.80726,0.796909,226.217
2,8.80726,0.796909,390.109
3,8.80726,0.796909,503.933
4,8.80726,0.796909,617.601
5,8.80726,0.796909,733.13
6,8.80726,0.796909,840.533
