Iteration,Cost,Cost reduction,time (ms)
0,28.1589,0.315328,109.556
1,14.3878,0.650167,184.551
2,6.58397,0.839914,260.822
3,3.67978,0.910528,340.275
4,3.67978,0.910528,417.465
5,3.13846,0.92369,472.992
