Iteration,Cost,Cost reduction,time (ms)
0,5662.89,0.00114244,147.052
1,5624.26,0.00795734,246.935
2,5574.2,0.0167871,350.125
3,5526.08,0.0252749,468.158
4,3920.81,0.308423,586.261
5,3351.22,0.40889,774.823
