Iteration,Cost,Cost reduction,time (ms)
0,23.128,0.421525,184.06
1,14.2963,0.642423,354.811
2,11.013,0.724544,521
3,9.69703,0.757459,687.129
4,4.14812,0.896248,852.638
5,3.89528,0.902572,1017.32
