Iteration,Cost,Cost reduction,time (ms)
0,28.5757,0.290804,628.138
1,15.5527,0.614011,1230.06
2,10.8897,0.729737,1870.93
3,9.47912,0.764746,2510.33
4,8.60303,0.786489,3113.49
5,6.10557,0.848471,3701.37
