Iteration,Cost,Cost reduction,time (ms)
0,30.5487,0.314755,108.984
1,27.7639,0.377222,188.553
2,27.7639,0.377222,266.56
3,27.7639,0.377222,317.773
4,27.7639,0.377222,368.974
5,27.7639,0.377222,419.738
