Iteration,Cost,Cost reduction,time (ms)
0,83.181,0.444825,157.967
1,78.8447,0.473767,263.285
2,44.7752,0.701157,379.97
3,35.6003,0.762393,506.898
4,18.5769,0.876012,646.018
5,16.6749,0.888706,826.42
