Iteration,Cost,Cost reduction,time (ms)
0,4218.31,0.00153257,178.277
1,4179.67,0.0106789,336.718
2,4129.83,0.0224743,506.062
3,3897.86,0.0773833,697.876
4,3337.71,0.209968,907.043
5,1874.75,0.556249,1109.04
