Iteration,Cost,Cost reduction,time (ms)
0,89.8716,0.223107,206.374
1,39.316,0.660134,406.792
2,25.1222,0.782832,631.432
3,25.1222,0.782832,844.383
4,25.1222,0.782832,930.551
5,25.1222,0.782832,1011.62
