Iteration,Cost,Cost reduction,time (ms)
0,4794.92,0.00134921,139.173
1,4756.28,0.00939532,237.299
2,4706.23,0.019821,340.596
3,4379.98,0.0877684,455.155
4,2026.14,0.57801,569.796
5,1317.81,0.725535,683.383
