Iteration,Cost,Cost reduction,time (ms)
0,111.13,0.107931,198.535
1,33.8827,0.728016,392.712
2,21.8426,0.824665,597.112
3,6.15098,0.950625,800.088
4,4.59871,0.963085,1014.7
5,4.59871,0.963085,1224.14
