Iteration,Cost,Cost reduction,time (ms)
0,75.6112,0.278161,529.327
1,48.9103,0.533068,1115.86
2,10.0679,0.903885,1665.43
3,10.0679,0.903885,2231.68
4,10.0679,0.903885,2325.1
5,10.0679,0.903885,2408.28
