Iteration,Cost,Cost reduction,time (ms)
0,30.9136,0.3036,104.854
1,15.0103,0.661858,179.483
2,9.94953,0.775864,253.449
3,6.72488,0.848507,332.781
4,5.5846,0.874194,414.833
5,5.5846,0.874194,494.566
