Iteration,Cost,Cost reduction,time (ms)
0,229.32,0.85221,6.81
1,72.8242,0.953067,11.636
2,72.8242,0.953067,15.762
3,72.8242,0.953067,19.066
4,72.8242,0.953067,21.559
