Iteration,Cost,Cost reduction,time (ms)
0,33.9162,0.210058,555.751
1,18.5161,0.568743,1141.16
2,10.5749,0.7537,1740.46
3,9.71327,0.773768,2296.23
4,9.71327,0.773768,2838.84
5,9.71327,0.773768,2932.32
