Iteration,Cost,Cost reduction,time (ms)
0,5392.34,0.00119942,408.898
1,5353.7,0.00835672,804.113
2,5303.87,0.0175874,1195.4
3,5276.63,0.0226326,1692.31
4,4010.33,0.257183,2231.72
5,2648.84,0.509367,2984.17
6,2067.5,0.617046,3601
7,1770.7,0.672021,4227.95
8,956.862,0.822765,4853.91
9,913.594,0.830779,5456.05
