Iteration,Cost,Cost reduction,time (ms)
0,4980.4,0.00131481,131.51
1,4942.54,0.00890666,229.72
2,4893.2,0.0187999,331.925
3,3972.07,0.203508,439.961
4,3451.57,0.30788,548.877
5,1136.46,0.772113,657.292
