Iteration,Cost,Cost reduction,time (ms)
0,52.4903,0.419307,579.981
1,40.9875,0.54656,1114.47
2,21.0996,0.766578,1631.85
3,17.0898,0.810937,2224.43
4,17.0898,0.810937,2817.74
5,17.0898,0.810937,2911.36
