Iteration,Cost,Cost reduction,time (ms)
0,29.7679,0.336814,589.193
1,12.6586,0.717984,1162.32
2,9.01039,0.799261,1789.31
3,4.70044,0.895281,2402.68
4,4.18193,0.906832,3009.16
5,4.06386,0.909463,3613.3
