Iteration,Cost,Cost reduction,time (ms)
0,24.1378,0.404063,106.74
1,23.163,0.428129,183.558
2,23.163,0.428129,258.3
3,21.1279,0.478373,309.995
4,21.1279,0.478373,385.585
5,21.1279,0.478373,435.786
