Iteration,Cost,Cost reduction,time (ms)
0,87.4459,0.353699,144.631
1,78.7226,0.418172,252.002
2,46.6546,0.655182,363.56
3,21.0239,0.844615,478.306
4,18.4593,0.863569,598.831
5,18.4593,0.863569,715.388
