Iteration,Cost,Cost reduction,time (ms)
0,26.4992,0.483188,148.214
1,26.362,0.485865,255.719
2,23.0341,0.550768,370.001
3,19.0997,0.627501,483.427
4,13.7843,0.731165,601.419
5,5.90124,0.884909,717.941
