Iteration,Cost,Cost reduction,time (ms)
0,160.065,0.0899733,140.42
1,72.1733,0.589669,239.688
2,68.8088,0.608797,353.373
3,44.4096,0.747515,469.209
4,42.841,0.756433,587.175
5,25.5371,0.854813,709.34
