Iteration,Cost,Cost reduction,time (ms)
0,38.263,0.127807,563.94
1,26.877,0.387348,1098.16
2,9.20482,0.790179,1650.35
3,6.50101,0.851812,2210.85
4,6.50101,0.851812,2726.49
5,6.50101,0.851812,2819.78
