Iteration,Cost,Cost reduction,time (ms)
0,25.4299,0.388198,110.499
1,18.5264,0.554286,184.261
2,18.5264,0.554286,256.884
3,18.0176,0.566526,309.158
4,15.3194,0.631441,387.993
5,15.3194,0.631441,467.42
