Iteration,Cost,Cost reduction,time (ms)
0,5066.45,0.00127818,142.471
1,5027.83,0.00889191,242.397
2,4977.92,0.0187295,348.424
3,4928.47,0.028478,469.138
4,3826.45,0.245712,596.443
5,3196,0.36999,742.459
