Iteration,Cost,Cost reduction,time (ms)
0,89.046,0.344532,570.57
1,63.0949,0.535558,1148.52
2,63.0949,0.535558,1676.76
3,63.0949,0.535558,1758.11
4,63.0949,0.535558,1831.16
5,62.7692,0.537956,1906.65
