Iteration,Cost,Cost reduction,time (ms)
0,119.053,0.304579,149.845
1,115.742,0.323917,257.303
2,68.0458,0.602525,367.836
3,59.8569,0.650358,491.537
4,47.0094,0.725404,617.307
5,47.0094,0.725404,743.143
