Iteration,Cost,Cost reduction,time (ms)
0,4463.37,0.00145065,149.926
1,4424.75,0.010091,248.634
2,4374.85,0.021255,353.478
3,4353.17,0.0261058,475.627
4,2825.99,0.367768,616.775
5,2461.06,0.449409,833.942
6,1958.9,0.561752,1164.82
7,1528.52,0.658037,1518.82
8,1488.98,0.666884,1874.82
9,1465.42,0.672155,2223.55
