Iteration,Cost,Cost reduction,time (ms)
0,50.4063,0.103587,145.414
1,39.4426,0.298563,212.044
2,39.4426,0.298563,256.642
3,39.4426,0.298563,289.466
4,39.4426,0.298563,324.49
5,39.4426,0.298563,355.45
6,39.4426,0.298563,381.478
