Iteration,Cost,Cost reduction,time (ms)
0,35.0691,0.451145,222.537
1,17.9312,0.719365,433.98
2,8.92586,0.860304,619.547
3,4.95951,0.92238,810.092
4,3.88941,0.939128,1006.81
5,3.80044,0.940521,1202.72
