Iteration,Cost,Cost reduction,time (ms)
0,74.2893,0.389159,162.553
1,71.0281,0.415974,277.815
2,56.0854,0.53884,403.514
3,25.2816,0.792123,542.692
4,13.1126,0.892182,709.53
5,12.045,0.900961,932.852
6,10.1132,0.916844,1154.19
7,6.72985,0.944664,1391.79
8,6.57375,0.945948,1632.43
9,6.10984,0.949762,1879.52
