Iteration,Cost,Cost reduction,time (ms)
0,4593.13,0.00140815,416.012
1,4554.49,0.00980898,811.819
2,4504.65,0.0206453,1207.11
3,4486.08,0.0246814,1703.82
4,3296.96,0.283208,2197.96
5,2755.52,0.400923,3120.51
