Iteration,Cost,Cost reduction,time (ms)
0,56.4478,0.317994,231.166
1,45.6229,0.44878,445.965
2,45.6229,0.44878,641.769
3,45.5381,0.449805,724.937
4,45.5381,0.449805,921.128
5,45.5381,0.449805,999.7
