Iteration,Cost,Cost reduction,time (ms)
0,27.2392,0.325249,187.498
1,26.4108,0.345769,372.811
2,26.4108,0.345769,551.179
3,21.7198,0.461972,623.129
4,15.6273,0.612891,789.803
5,15.6273,0.612891,960.305
