Iteration,Cost,Cost reduction,time (ms)
0,39.1053,0.277939,105.965
1,23.6435,0.563435,184.819
2,22.087,0.592174,277.473
3,22.087,0.592174,379.548
4,9.41607,0.826137,431.192
5,7.3773,0.863782,538.803
