Iteration,Cost,Cost reduction,time (ms)
0,27.7376,0.351471,111.874
1,16.6476,0.610766,187.343
2,15.071,0.647627,269.854
3,8.68228,0.797001,356.731
4,7.13294,0.833226,447.848
5,6.57773,0.846207,542.779
