Iteration,Cost,Cost reduction,time (ms)
0,5107.96,0.00126694,146.664
1,5069.33,0.00882047,247.544
2,5019.43,0.0185766,352.233
3,4988.93,0.0245401,475.826
4,3414.35,0.332409,610.338
5,2150.01,0.579619,774.674
