Iteration,Cost,Cost reduction,time (ms)
0,586.856,0.584812,26.965
1,561.393,0.602826,44.089
2,561.393,0.602826,59.721
3,561.393,0.602826,71.654
4,561.393,0.602826,84.138
5,561.393,0.602826,105.658
6,529.914,0.625097,115.625
7,529.914,0.625097,151.691
