Iteration,Cost,Cost reduction,time (ms)
0,32.8834,0.257583,622.353
1,22.1075,0.500872,1229.73
2,15.1095,0.658869,1886.49
3,8.8598,0.79997,2514.67
4,7.95856,0.820318,3135.27
5,4.67521,0.894447,3760.67
