Iteration,Cost,Cost reduction,time (ms)
0,66.8664,0.159951,398.059
1,62.8891,0.209918,794.518
2,62.8891,0.209918,844.206
3,62.8891,0.209918,890.718
4,61.2817,0.230113,958
5,58.7875,0.261447,1009.96
6,55.0167,0.308819,1096.45
7,53.7135,0.325193,1130.61
8,53.7135,0.325193,1157.52
