Iteration,Cost,Cost reduction,time (ms)
0,4312.4,0.00151769,129.183
1,4274.54,0.010284,227.507
2,4225.2,0.0217069,328.282
3,3420.5,0.208026,436.181
4,3129.24,0.275464,547.946
5,2467.65,0.428647,657.392
