Iteration,Cost,Cost reduction,time (ms)
0,28.2835,0.329049,578.183
1,22.2598,0.471947,1182.93
2,21.9964,0.478195,1775.68
3,21.0583,0.500448,2314.55
4,12.9485,0.69283,2853.76
5,12.9485,0.69283,3271.36
