Iteration,Cost,Cost reduction,time (ms)
0,26.2008,0.389075,117.79
1,7.96013,0.814393,206.596
2,5.71425,0.866761,290.057
3,5.71425,0.866761,378.864
4,3.95418,0.9078,424.938
5,3.8893,0.909313,509.475
6,3.8893,0.909313,595.494
