Iteration,Cost,Cost reduction,time (ms)
0,59.2744,0.521858,151.768
1,58.8272,0.525465,315.685
2,58.8272,0.525465,497.419
3,52.6201,0.575535,584.385
4,39.9637,0.677629,792.367
5,39.9637,0.677629,997.276
