Iteration,Cost,Cost reduction,time (ms)
0,4559.11,0.00141834,180.866
1,4520.47,0.00988187,340.581
2,4470.63,0.0207975,509.995
3,4304.53,0.0571791,697.843
4,3512.49,0.230659,891.36
5,3512.49,0.230659,1080.27
