Iteration,Cost,Cost reduction,time (ms)
0,158.103,0,158.295
1,147.069,0.0697916,237.082
2,128.277,0.188646,512.397
3,36.2139,0.770947,803.435
4,33.0885,0.790715,1098.84
5,27.5393,0.825814,1434.44
