Iteration,Cost,Cost reduction,time (ms)
0,2145.29,0,89.969
1,2144.4,0.000416795,133.765
2,2141.95,0.00155881,199.954
3,2125.17,0.00937793,267.178
4,2122.05,0.0108323,337.376
5,2122.05,0.0108323,407.399
