Iteration,Cost,Cost reduction,time (ms)
0,4378.56,0.00147703,179.185
1,4339.92,0.0102889,337.697
2,4290.07,0.0216553,505.579
3,3645.36,0.168682,694.364
4,1591.08,0.637156,910.181
5,1019.12,0.767592,1105.19
