Iteration,Cost,Cost reduction,time (ms)
0,98.037,0.332964,144.944
1,10.9295,0.925636,248.481
2,10.2248,0.930431,356.998
3,9.87044,0.932842,470.584
4,9.87044,0.932842,578.632
5,9.85512,0.932947,655.968
