Iteration,Cost,Cost reduction,time (ms)
0,29.4598,0.323188,124.501
1,15.3646,0.647012,205.133
2,15.3646,0.647012,284.593
3,15.3646,0.647012,337.12
4,15.3531,0.647276,390.928
5,15.0783,0.653589,474.903
