Iteration,Cost,Cost reduction,time (ms)
0,73.9122,0.293224,151.134
1,52.5117,0.497863,258.086
2,28.067,0.731613,368.789
3,7.83436,0.925085,483.236
4,6.65065,0.936404,596.452
5,6.65065,0.936404,701.786
