Iteration,Cost,Cost reduction,time (ms)
0,25.3704,0.766149,10.597
1,21.3593,0.803122,18.606
2,11.7946,0.891284,26.114
3,11.7946,0.891284,33.807
4,11.7946,0.891284,37.948
