Iteration,Cost,Cost reduction,time (ms)
0,4960.57,0.00130437,135.996
1,4921.94,0.00908209,234.352
2,4872.05,0.019127,338.27
3,4205.16,0.153389,460.229
4,2558.91,0.484823,585.065
5,1565.82,0.684758,744.919
