Iteration,Cost,Cost reduction,time (ms)
0,4642.66,0.00139268,410.52
1,4604.02,0.00970417,807.703
2,4554.18,0.0204226,1204.28
3,4538.89,0.0237114,1708.24
4,3124.02,0.328043,2201.31
5,1953.48,0.579819,3069.62
