Iteration,Cost,Cost reduction,time (ms)
0,141.687,0.224735,224.608
1,61.9086,0.661256,442.545
2,31.5813,0.827197,664.959
3,7.52767,0.958811,880.685
4,7.52767,0.958811,1100.88
5,7.52767,0.958811,1186.36
