Iteration,Cost,Cost reduction,time (ms)
0,4583.12,0.0014113,144.772
1,4544.49,0.00982931,243.68
2,4494.59,0.0206998,349.107
3,4476.21,0.0247051,470.727
4,3090.55,0.326618,600.195
5,2898.13,0.368545,753.042
