Iteration,Cost,Cost reduction,time (ms)
0,4929.02,0.00131255,144.065
1,4890.39,0.00914004,242.211
2,4840.5,0.0192485,346.357
3,4796.03,0.0282586,469.112
4,2688.78,0.455216,613.069
5,1724.15,0.650663,777.422
