Iteration,Cost,Cost reduction,time (ms)
0,63.8635,0.437212,149.168
1,53.0533,0.532476,259.29
2,32.8759,0.710286,373.563
3,6.56789,0.942121,498.687
4,4.32506,0.961886,632.923
5,3.44893,0.969607,769.988
