Iteration,Cost,Cost reduction,time (ms)
0,26.266,0.356615,613.676
1,11.8211,0.710443,1228.16
2,7.10357,0.825998,1878.99
3,5.05872,0.876087,2493.6
4,2.79145,0.931624,3117.59
5,2.46614,0.939592,3775.39
