Iteration,Cost,Cost reduction,time (ms)
0,23.7688,0.411451,102.131
1,17.3808,0.569628,171.865
2,17.3808,0.569628,241.966
3,17.2454,0.57298,290.867
4,17.2454,0.57298,364.772
5,17.2454,0.57298,414.223
