Iteration,Cost,Cost reduction,time (ms)
0,4373.14,0.00147834,409.738
1,4334.5,0.0103013,806.546
2,4284.67,0.0216792,1203.13
3,4263.66,0.026476,1708.72
4,2648.92,0.395171,2241.47
5,1890.72,0.56829,3133.46
