Iteration,Cost,Cost reduction,time (ms)
0,76.4067,0.275021,226.001
1,32.2418,0.694076,443.586
2,4.45665,0.957713,652.09
3,4.0755,0.96133,860.609
4,4.0755,0.96133,1067.54
5,4.0755,0.96133,1151.69
