Iteration,Cost,Cost reduction,time (ms)
0,5601.68,0.00116887,132.945
1,5563.82,0.00791983,231.466
2,5514.48,0.0167171,332.34
3,4558.17,0.187237,440.076
4,4191.56,0.252607,550.769
5,3481.74,0.379174,663.604
