Iteration,Cost,Cost reduction,time (ms)
0,30.4004,0.300111,108.122
1,29.2364,0.326909,182.748
2,27.5153,0.366532,263.508
3,23.6488,0.455549,352.467
4,22.3865,0.48461,444.513
5,21.674,0.501013,543.22
