Iteration,Cost,Cost reduction,time (ms)
0,70.7601,0.366021,577.291
1,46.5254,0.583152,1128.94
2,42.0026,0.623675,1646.73
3,11.6337,0.895767,2202.07
4,7.64603,0.931495,2819.14
5,6.41627,0.942513,3382.43
