Iteration,Cost,Cost reduction,time (ms)
0,107.439,0.228487,229.05
1,35.6276,0.74416,457.062
2,14.6579,0.894743,650.98
3,13.247,0.904874,834.811
4,11.9861,0.913929,1020.54
5,10.5453,0.924275,1203.03
