Iteration,Cost,Cost reduction,time (ms)
0,106.902,0.00270092,142.452
1,29.2874,0.726775,246.611
2,18.7219,0.825342,359.828
3,18.5699,0.82676,469.421
4,18.2473,0.82977,580.228
5,18.2473,0.82977,687.535
