Iteration,Cost,Cost reduction,time (ms)
0,5335.53,0.00121261,134.865
1,5296.9,0.00844447,232.574
2,5247.01,0.0177834,337.112
3,5211.26,0.0244757,457.941
4,3283.12,0.385415,595.616
5,1902.47,0.643866,765.611
6,1881.18,0.647852,985.999
7,1787.52,0.665385,1230.95
8,1787.52,0.665385,1480.14
