Iteration,Cost,Cost reduction,time (ms)
0,5819.92,0.00112524,133.172
1,5782.06,0.00762326,230.031
2,5732.72,0.0160907,331.748
3,4739.57,0.186546,440.563
4,4297.23,0.262465,552.037
5,3595.57,0.382891,665.354
