Iteration,Cost,Cost reduction,time (ms)
0,25.6614,0.368359,569.654
1,10.7043,0.736521,1178.4
2,6.4407,0.841466,1802.61
3,6.001,0.852289,2410.4
4,3.98759,0.901848,3019.57
5,3.74536,0.90781,3641.24
