Iteration,Cost,Cost reduction,time (ms)
0,40.0519,0.33559,1057.36
1,32.0047,0.469082,1831.5
2,25.6326,0.574787,2678.46
3,25.6326,0.574787,3646.49
4,25.6326,0.574787,4144.07
