Iteration,Cost,Cost reduction,time (ms)
0,5033.15,0.0012854,150.489
1,4994.52,0.00895167,249.22
2,4944.45,0.0188854,352.758
3,4570.66,0.093057,469.527
4,3151.74,0.374608,585.871
5,1373.78,0.727405,694.173
