Iteration,Cost,Cost reduction,time (ms)
0,5342.51,0.00121087,145.796
1,5303.88,0.00843365,244.863
2,5253.82,0.0177916,348.705
3,4922.08,0.0798116,466.399
4,4026.23,0.247292,582.741
5,2976.29,0.443578,747.23
