Iteration,Cost,Cost reduction,time (ms)
0,5387.16,0.00121563,132.641
1,5349.29,0.00823497,227.903
2,5299.96,0.0173821,328.742
3,4337.83,0.195761,436.413
4,3822.22,0.291356,545.996
5,2324.05,0.569118,655.244
