Iteration,Cost,Cost reduction,time (ms)
0,66.1617,0.203279,595.555
1,20.0607,0.758429,1203.29
2,6.7318,0.918935,1752.37
3,3.08336,0.96287,2358.04
4,3.08336,0.96287,2957.87
5,3.08336,0.96287,3053.74
