Iteration,Cost,Cost reduction,time (ms)
0,68.6107,0.350726,535.108
1,47.682,0.548777,1033.44
2,16.4258,0.84456,1568.32
3,16.4258,0.84456,2097.35
4,9.30541,0.911941,2193.1
5,7.46787,0.92933,2735
