Iteration,Cost,Cost reduction,time (ms)
0,32.3549,0.303416,103.248
1,31.4073,0.323816,176.201
2,31.4073,0.323816,246.686
3,22.102,0.524154,299.083
4,13.5279,0.70875,377.355
5,13.5279,0.70875,451.922
