Iteration,Cost,Cost reduction,time (ms)
0,82.705,0.217006,529.961
1,40.5678,0.615933,1069.19
2,33.5191,0.682665,1604.1
3,33.5191,0.682665,2132.73
4,33.5069,0.68278,2222.83
5,32.0334,0.69673,2751.52
