Iteration,Cost,Cost reduction,time (ms)
0,119.113,0.295503,582.736
1,97.2959,0.42454,1095
2,50.2015,0.703082,1662.79
3,20.3712,0.879514,2213.36
4,20.3712,0.879514,2821.81
5,16.2939,0.903629,2924.44
