Iteration,Cost,Cost reduction,time (ms)
0,32.0146,0.0551117,17.754
1,23.5688,0.304385,31.25
2,13.7131,0.595268,47.981
3,10.4566,0.69138,66.443
4,10.3019,0.695948,81.894
5,10.3019,0.695948,95.862
