Iteration,Cost,Cost reduction,time (ms)
0,112.688,0.262789,523.092
1,81.9842,0.463655,1085.11
2,54.6111,0.642732,1635.73
3,23.7377,0.844707,2196.82
4,14.5539,0.904788,2781.32
5,6.48775,0.957557,3374.8
