Iteration,Cost,Cost reduction,time (ms)
0,4980.49,0.00129886,178.706
1,4941.85,0.00904712,336.622
2,4892.01,0.0190422,505.308
3,4190.02,0.159808,695.727
4,2514.9,0.495705,906.781
5,1654.34,0.668267,1108.12
