Iteration,Cost,Cost reduction,time (ms)
0,5041.34,0.00129912,131.446
1,5003.48,0.00879923,228.309
2,4954.14,0.0185737,329.383
3,4021.62,0.203308,438.048
4,2555.71,0.493708,546.306
5,2523.56,0.500077,652.304
