Iteration,Cost,Cost reduction,time (ms)
0,4999.14,0.00129413,140.65
1,4960.5,0.00901198,240.768
2,4910.45,0.0190122,344.061
3,4764.4,0.0481882,460.821
4,3313.81,0.337981,574.345
5,3051.27,0.39043,697.24
