Iteration,Cost,Cost reduction,time (ms)
0,35.6,0.220205,603.301
1,12.6742,0.72238,1203.42
2,10.8429,0.762494,1727.13
3,10.8429,0.762494,2249.72
4,10.8136,0.763136,2343.64
