Iteration,Cost,Cost reduction,time (ms)
0,4776.91,0.00135496,144.729
1,4738.28,0.00943016,243.596
2,4688.39,0.0198613,349.796
3,4045.95,0.154167,471.507
4,3093.45,0.353293,598.26
5,2002.94,0.581272,739.193
