Iteration,Cost,Cost reduction,time (ms)
0,27.833,0.317703,106.575
1,24.4685,0.400182,184.937
2,22.7014,0.4435,262.031
3,18.3671,0.54975,338.06
4,9.33551,0.77115,416.737
5,8.78128,0.784736,500.017
