Iteration,Cost,Cost reduction,time (ms)
0,32.2859,0.44205,148.944
1,31.6309,0.453369,256.539
2,28.062,0.515046,367.479
3,16.0047,0.723415,480.25
4,7.82048,0.86485,597.167
5,6.1585,0.893572,707.688
