Iteration,Cost,Cost reduction,time (ms)
0,5854.15,0.00110535,138.751
1,5815.52,0.00769732,237.377
2,5765.63,0.0162103,342.432
3,5036.81,0.140568,463.604
4,3564.23,0.391835,588.264
5,2133.67,0.635932,735.076
