Iteration,Cost,Cost reduction,time (ms)
0,33.3347,0.26889,185.164
1,14.5131,0.681692,369.592
2,7.65473,0.832113,559.479
3,7.65473,0.832113,733.808
4,7.65473,0.832113,806.508
5,7.65473,0.832113,858.146
