Iteration,Cost,Cost reduction,time (ms)
0,4455.48,0.00145196,136.495
1,4416.85,0.0101101,232.512
2,4366.79,0.0213295,334.817
3,4188.4,0.0613093,452.296
4,1994.71,0.552953,564.574
5,1994.71,0.552953,675.824
