Iteration,Cost,Cost reduction,time (ms)
0,29.6847,0.327512,104.762
1,21.4926,0.513099,178.714
2,19.369,0.561208,255.851
3,11.5691,0.73791,333.526
4,11.5691,0.73791,409.453
5,11.5691,0.73791,462.391
