Iteration,Cost,Cost reduction,time (ms)
0,30.4489,0.356586,190.894
1,18.6013,0.606937,363.491
2,18.6013,0.606937,527.663
3,15.2516,0.677718,589.307
4,8.61505,0.817956,753.275
5,8.61505,0.817956,920.563
