Iteration,Cost,Cost reduction,time (ms)
0,24.7623,0.460679,182.388
1,15.7904,0.656087,347.592
2,15.7904,0.656087,507.689
3,15.7904,0.656087,573.943
4,15.7904,0.656087,622.297
5,15.7904,0.656087,669.737
