Iteration,Cost,Cost reduction,time (ms)
0,27.0731,0.350208,104.102
1,17.8936,0.570529,177.295
2,17.8936,0.570529,249.239
3,15.7666,0.621579,301.71
4,11.3966,0.726465,380.528
5,8.1267,0.804948,458.275
