Iteration,Cost,Cost reduction,time (ms)
0,5873.15,0.00110165,133.199
1,5834.51,0.00767228,229.628
2,5784.46,0.0161854,332.706
3,5398.11,0.0818959,451.549
4,2855.75,0.514298,565.411
5,1884.3,0.679521,680.747
