Iteration,Cost,Cost reduction,time (ms)
0,66.9857,0.271468,155.261
1,36.0342,0.608094,269.486
2,34.8489,0.620985,395.236
3,29.6858,0.677139,529.183
4,18.4983,0.798814,676.038
5,9.85706,0.892795,830.089
