Iteration,Cost,Cost reduction,time (ms)
0,23.082,0.480241,104.975
1,23.082,0.480241,187.058
2,23.082,0.480241,243.837
3,23.082,0.480241,301.39
4,23.082,0.480241,358.344
5,23.082,0.480241,407.427
6,22.8034,0.486515,493.743
7,22.8034,0.486515,575.913
