Iteration,Cost,Cost reduction,time (ms)
0,28.1217,0.357886,116.073
1,11.5275,0.736789,194.862
2,11.4135,0.73939,281.967
3,8.03521,0.816529,374.734
4,7.28289,0.833707,478.287
5,4.77089,0.891064,580.428
