Iteration,Cost,Cost reduction,time (ms)
0,116.673,0.346909,153.137
1,85.5866,0.52092,262.376
2,27.502,0.846055,379.262
3,18.8377,0.894554,504.776
4,5.26144,0.970549,623.377
5,4.50301,0.974794,758.924
