Iteration,Cost,Cost reduction,time (ms)
0,45.8172,0.190876,515.284
1,14.096,0.751067,1026.65
2,4.1449,0.926802,1570.75
3,2.99156,0.94717,2135.11
4,2.47347,0.956319,2687.07
5,2.20085,0.961133,3234.56
