Iteration,Cost,Cost reduction,time (ms)
0,30.2817,0.369001,106.195
1,20.0928,0.581313,183.232
2,13.0409,0.728258,269.364
3,10.9352,0.772137,357.641
4,9.99166,0.791798,443.873
5,9.63626,0.799203,532.812
