Iteration,Cost,Cost reduction,time (ms)
0,32.517,0.209534,99.494
1,27.5632,0.329958,171.182
2,27.5632,0.329958,245.633
3,27.5632,0.329958,297.692
4,27.5632,0.329958,345.382
5,27.5632,0.329958,393.494
