Iteration,Cost,Cost reduction,time (ms)
0,136.715,0.176174,577.692
1,72.1062,0.565497,1200.25
2,36.2056,0.78183,1720.76
3,36.2056,0.78183,2269.45
4,24.7739,0.850715,2361.99
5,19.2603,0.88394,2933.49
