Iteration,Cost,Cost reduction,time (ms)
0,45.3192,0,99.486
1,27.3474,0.396562,143.447
2,27.3474,0.396562,237.275
3,27.3474,0.396562,288.216
4,27.3474,0.396562,335.315
5,27.3474,0.396562,380.71
