Iteration,Cost,Cost reduction,time (ms)
0,55.7656,0.38467,157.961
1,49.7033,0.451563,267.496
2,39.3978,0.565276,381.369
3,36.5361,0.596852,500.025
4,30.2983,0.665682,616.251
5,30.2983,0.665682,729.696
