Iteration,Cost,Cost reduction,time (ms)
0,23.4551,0.411666,126.009
1,14.4603,0.637286,218.744
2,12.1343,0.69563,310.082
3,12.1343,0.69563,406.33
4,12.1343,0.69563,454.54
