Iteration,Cost,Cost reduction,time (ms)
0,4552.19,0.00143845,131.309
1,4514.33,0.00974334,227.668
2,4465,0.0205662,329.649
3,3587.69,0.213011,437.624
4,2372.39,0.479597,546.461
5,2372.39,0.479597,650.255
