Iteration,Cost,Cost reduction,time (ms)
0,28.3842,0.444894,151.813
1,14.2518,0.721279,263.161
2,8.06396,0.842294,384.787
3,6.64346,0.870075,512.121
4,6.26807,0.877416,638.395
5,5.37674,0.894848,764.064
