Iteration,Cost,Cost reduction,time (ms)
0,28.5512,0.323168,114.756
1,19.8714,0.528931,190.182
2,18.3137,0.565857,271.002
3,16.9131,0.599059,350.658
4,16.9131,0.599059,432.251
5,16.8932,0.599531,486.321
