Iteration,Cost,Cost reduction,time (ms)
0,62.3532,0.385495,144.919
1,35.4932,0.650207,246.077
2,20.4217,0.79874,353.856
3,16.4076,0.8383,465.441
4,16.4076,0.8383,578.562
5,16.0739,0.841588,658.778
