Iteration,Cost,Cost reduction,time (ms)
0,4677.02,0.00138232,176.905
1,4638.38,0.00963286,336.263
2,4588.55,0.020272,503.801
3,3962.58,0.153926,695.312
4,1943.61,0.585009,914.438
5,1943.61,0.585009,1111.32
