Iteration,Cost,Cost reduction,time (ms)
0,31.7555,0.306323,189.828
1,16.4314,0.641067,381.133
2,10.8154,0.763745,566.178
3,7.19281,0.842878,747.498
4,7.19281,0.842878,924.987
5,7.19281,0.842878,996.516
