Iteration,Cost,Cost reduction,time (ms)
0,50.2132,0.0580893,98.504
1,50.2132,0.0580893,165.394
2,50.2132,0.0580893,211.44
3,50.2132,0.0580893,257.598
4,50.2132,0.0580893,304.287
5,50.2132,0.0580893,351.457
