Iteration,Cost,Cost reduction,time (ms)
0,80.4712,0,369.934
1,80.4712,0,660.005
2,41.6202,0.482794,960.507
3,41.6202,0.482794,1064.67
4,41.6202,0.482794,1131.81
5,41.6202,0.482794,1198.83
6,41.6202,0.482794,1265.69
