Iteration,Cost,Cost reduction,time (ms)
0,5554.78,0.00116434,147.363
1,5516.15,0.00811173,246.105
2,5466.1,0.0171112,350.13
3,5425.01,0.024499,463.853
4,3496.49,0.371277,580.607
5,2775.3,0.500958,802.578
