Iteration,Cost,Cost reduction,time (ms)
0,5548.13,0.00116615,142.208
1,5509.49,0.00812124,239.643
2,5459.44,0.0171327,343.399
3,5447.78,0.0192308,460.384
4,4542.08,0.182286,570.926
5,3925.4,0.293306,762.722
