Iteration,Cost,Cost reduction,time (ms)
0,0.623792,0.880614,6.278
1,0.555712,0.893643,10.751
2,0.555712,0.893643,14.472
3,0.555712,0.893643,18.227
4,0.555712,0.893643,21
