Iteration,Cost,Cost reduction,time (ms)
0,31.1762,0.305742,578.846
1,14.4845,0.677447,1175.68
2,11.3568,0.747097,1758.8
3,5.49459,0.877642,2346.2
4,4.02356,0.9104,2918.67
5,4.02356,0.9104,3495.42
