Iteration,Cost,Cost reduction,time (ms)
0,26.5788,0.340364,111.363
1,24.3145,0.396559,189.283
2,12.5504,0.688523,269.186
3,4.76762,0.881677,354.209
4,3.89342,0.903373,447.836
5,3.34245,0.917047,553.141
