Iteration,Cost,Cost reduction,time (ms)
0,5775.58,0.00111977,153.474
1,5736.94,0.00780189,252.622
2,5687.06,0.0164284,356.596
3,5606.44,0.0303716,475.314
4,2449.57,0.57635,594.036
5,1548.13,0.732253,786.408
