Iteration,Cost,Cost reduction,time (ms)
0,38.3595,0.267897,542.026
1,11.7503,0.775743,1076.84
2,11.2125,0.786006,1567.55
3,11.2125,0.786006,2057.15
4,11.2125,0.786006,2140.71
5,11.2125,0.786006,2198.96
