Iteration,Cost,Cost reduction,time (ms)
0,33.5799,0.229191,590.977
1,15.3885,0.646765,1140.51
2,10.7026,0.754328,1654.03
3,6.13395,0.859198,2169.71
4,5.19932,0.880652,2706.68
5,5.16377,0.881468,3223.05
