Iteration,Cost,Cost reduction,time (ms)
0,71.8387,0.575062,221.561
1,71.8387,0.575062,424.161
2,70.9058,0.58058,503.633
3,70.7618,0.581432,708.774
4,14.6084,0.913589,919.08
5,14.6084,0.913589,1128.01
