Iteration,Cost,Cost reduction,time (ms)
0,27.7309,0.757562,26.508
1,25.3836,0.778083,45.706
2,20.6276,0.819662,65.535
3,12.2217,0.893152,85.309
4,12.2217,0.893152,105.624
