Iteration,Cost,Cost reduction,time (ms)
0,23.6504,0.405944,567.432
1,13.457,0.661984,1107.73
2,8.84218,0.7779,1612.43
3,8.84218,0.7779,2113.88
4,7.4165,0.813711,2200.19
5,6.67769,0.832268,2684.05
