Iteration,Cost,Cost reduction,time (ms)
0,24.4212,0.792944,152.384
1,19.161,0.837543,366.274
2,15.9094,0.865112,599.217
3,15.9094,0.865112,839.828
4,11.1726,0.905273,925.279
5,11.1726,0.905273,1158.44
