Iteration,Cost,Cost reduction,time (ms)
0,84.9704,0.348369,147.652
1,66.0788,0.493247,256.917
2,43.3462,0.667582,366.88
3,14.4278,0.889355,484.846
4,12.3535,0.905262,604.877
5,11.3441,0.913003,720.584
