Iteration,Cost,Cost reduction,time (ms)
0,4498.32,0.00143744,179.157
1,4459.68,0.0100152,338.069
2,4409.84,0.0210778,507.419
3,3771.19,0.16285,697.73
4,2340.8,0.480377,916.06
5,1708.69,0.620695,1114.24
