Iteration,Cost,Cost reduction,time (ms)
0,9.62381,0.817044,428.351
1,8.56718,0.837131,824.391
2,7.51076,0.857215,1219.54
3,7.51076,0.857215,1615.83
4,7.51076,0.857215,1907.36
5,7.51076,0.857215,2198.48
6,7.51076,0.857215,2491.74
