Iteration,Cost,Cost reduction,time (ms)
0,31.268,0.297687,114.546
1,15.5019,0.65181,189.432
2,10.1013,0.773114,269.641
3,10.1013,0.773114,370.328
4,9.6018,0.784333,420.117
5,8.56602,0.807598,524.375
