Iteration,Cost,Cost reduction,time (ms)
0,20.2741,0.594803,10.262
1,20.2741,0.594803,17.151
2,20.2741,0.594803,21.217
3,20.2741,0.594803,25.367
4,19.2468,0.615335,30.431
5,19.2468,0.615335,37.429
