Iteration,Cost,Cost reduction,time (ms)
0,86.0635,0.35333,155.586
1,80.2956,0.39667,259.288
2,53.8279,0.595544,365.434
3,26.1697,0.803364,480.676
4,19.1276,0.856278,617.24
5,10.7453,0.919262,772.032
