Iteration,Cost,Cost reduction,time (ms)
0,4593.13,0.00140863,134.369
1,4554.49,0.00980766,232.059
2,4504.6,0.0206555,335.658
3,4475.38,0.0270077,457.72
4,4106.22,0.107268,583.334
5,2343.7,0.490456,718.881
