Iteration,Cost,Cost reduction,time (ms)
0,18.2456,0.902669,6.797
1,15.1318,0.919279,10.978
2,15.1318,0.919279,15.056
3,15.1318,0.919279,18.069
4,15.1318,0.919279,20.784
