Iteration,Cost,Cost reduction,time (ms)
0,91.117,0.32952,148.732
1,91.117,0.32952,257.051
2,91.117,0.32952,339.147
3,91.117,0.32952,416.952
4,91.117,0.32952,494.976
5,91.117,0.32952,574.186
