Iteration,Cost,Cost reduction,time (ms)
0,5554.72,0.0011792,132.113
1,5516.86,0.00798694,229.009
2,5467.52,0.0168591,330.653
3,4481.01,0.19425,437.74
4,2752.36,0.505085,546.646
5,2701.45,0.51424,653.467
