Iteration,Cost,Cost reduction,time (ms)
0,4776.9,0.0013536,412.47
1,4738.26,0.00943182,809.392
2,4688.43,0.0198495,1210.2
3,4672.93,0.0230892,1713.16
4,3250.55,0.320449,2207.51
5,2373.07,0.503892,3090.62
