Iteration,Cost,Cost reduction,time (ms)
0,29.8792,0.327327,103.123
1,26.2599,0.40881,177.024
2,25.4294,0.427507,251.6
3,25.4294,0.427507,325.371
4,24.0395,0.458797,381.439
5,11.5653,0.739629,461.243
