Iteration,Cost,Cost reduction,time (ms)
0,31.8506,0.297939,108.12
1,28.2504,0.377296,186.216
2,28.2504,0.377296,263.333
3,24.1086,0.468592,318.148
4,22.5667,0.502577,408.401
5,22.5667,0.502577,496.3
