Iteration,Cost,Cost reduction,time (ms)
0,4284.92,0.00150938,151.475
1,4246.28,0.0105125,251.963
2,4196.22,0.0221779,355.695
3,4156.71,0.0313844,471.989
4,3187.72,0.257184,587.66
5,2195.02,0.488507,727.337
