Iteration,Cost,Cost reduction,time (ms)
0,4615.67,0.00141821,131.133
1,4577.81,0.00960927,226.969
2,4528.48,0.0202831,327.861
3,3682.41,0.203325,435.738
4,3315.17,0.282776,546.769
5,2436.59,0.472853,660.356
