Iteration,Cost,Cost reduction,time (ms)
0,27.9077,0.368744,105.392
1,21.4959,0.513776,175.856
2,21.4959,0.513776,247.243
3,21.4905,0.513897,295.793
4,21.4905,0.513897,369.155
5,21.4905,0.513897,418.441
