Iteration,Cost,Cost reduction,time (ms)
0,4463.39,0.00144889,136.63
1,4424.75,0.0100926,234.118
2,4374.69,0.0212911,339.244
3,4352.03,0.0263624,456.367
4,2367.34,0.470378,568.644
5,1130.41,0.747103,680.627
