Iteration,Cost,Cost reduction,time (ms)
0,105.307,0.378654,556.172
1,41.2198,0.75679,1087.59
2,19.8857,0.882668,1610.68
3,19.1892,0.886778,2121.23
4,19.1892,0.886778,2607.34
5,18.26,0.89226,2699.36
