Iteration,Cost,Cost reduction,time (ms)
0,35.7098,0.170047,175.934
1,18.9205,0.560258,352.453
2,13.6892,0.681842,528.759
3,13.6892,0.681842,696.319
4,13.6892,0.681842,762.376
5,13.6892,0.681842,810.051
