Iteration,Cost,Cost reduction,time (ms)
0,43.3604,0.0667466,104.805
1,25.7541,0.44569,181.584
2,20.1243,0.566861,263.751
3,16.2617,0.649997,364.494
4,16.2617,0.649997,472.038
5,14.1819,0.694761,523.696
