Iteration,Cost,Cost reduction,time (ms)
0,4333.07,0.00149199,179.014
1,4294.43,0.0103964,336.825
2,4244.6,0.0218794,506.055
3,3909.8,0.0990293,697.237
4,3552.54,0.181358,903.306
5,2204.14,0.49208,1104.56
