Iteration,Cost,Cost reduction,time (ms)
0,48.5421,0.188898,164.577
1,19.6839,0.671097,268.79
2,19.6839,0.671097,399.642
3,19.6839,0.671097,497.034
4,19.6839,0.671097,562.509
5,3.32766,0.944397,674.164
6,3.32766,0.944397,790.962
