Iteration,Cost,Cost reduction,time (ms)
0,5143.64,0.00125761,412.517
1,5105,0.00876046,808.453
2,5055.15,0.0184383,1203.39
3,5032.3,0.0228755,1704.47
4,4108.47,0.202256,2210.54
5,2141.1,0.584261,3070.93
