Iteration,Cost,Cost reduction,time (ms)
0,98.4431,0.330201,148.609
1,71.0786,0.516388,260.542
2,18.5631,0.873699,374.613
3,16.8896,0.885085,496.977
4,16.8896,0.885085,631.353
5,16.2149,0.889675,706.359
