Iteration,Cost,Cost reduction,time (ms)
0,25.1542,0.366876,108.066
1,21.187,0.46673,184.748
2,16.6987,0.579699,256.783
3,13.4562,0.661312,331.881
4,11.4481,0.711854,409.948
5,9.17261,0.769128,490.98
