Iteration,Cost,Cost reduction,time (ms)
0,40.2377,0.472239,144.57
1,39.703,0.479252,252.848
2,24.4617,0.679158,362.271
3,24.4617,0.679158,474.596
4,19.7674,0.740729,558.884
5,7.89671,0.896426,675.978
