Iteration,Cost,Cost reduction,time (ms)
0,37.9774,0.205575,17.839
1,26.0614,0.454839,30.523
2,14.1426,0.70416,43.116
3,1.55714,0.967427,54.195
4,0.746689,0.98438,65.129
5,0.746689,0.98438,76.635
