Iteration,Cost,Cost reduction,time (ms)
0,65.8221,0.410401,152.621
1,58.3097,0.477694,269.226
2,32.1481,0.712034,390.449
3,32.1481,0.712034,535.481
4,32.1481,0.712034,614.953
5,31.2329,0.720233,695.223
