Iteration,Cost,Cost reduction,time (ms)
0,95.6647,0.259775,160.846
1,23.174,0.820687,281.622
2,22.7249,0.824162,406.052
3,10.9456,0.915307,532.06
4,5.67056,0.956123,654.987
5,3.11959,0.975862,787.119
