Iteration,Cost,Cost reduction,time (ms)
0,28.1198,0.439669,170.469
1,19.0996,0.61941,327.089
2,13.3777,0.733428,479.797
3,13.3777,0.733428,631.379
4,12.5293,0.750334,692.458
5,12.5293,0.750334,838.34
