Iteration,Cost,Cost reduction,time (ms)
0,125.906,0.224053,145.794
1,87.6084,0.460079,253.308
2,42.7711,0.736406,371.043
3,27.514,0.830434,496.895
4,15.3999,0.905092,612.376
5,4.07195,0.974905,733.186
