Iteration,Cost,Cost reduction,time (ms)
0,25.941,0.404729,101.292
1,10.0987,0.768264,174.587
2,10.0987,0.768264,247.39
3,10.0748,0.768812,299.392
4,9.61733,0.77931,377.325
5,9.61733,0.77931,455.38
