Iteration,Cost,Cost reduction,time (ms)
0,23.3668,0.411865,582.402
1,22.2187,0.440761,1117.99
2,21.1216,0.468375,1620.29
3,12.0035,0.697875,2120.18
4,9.38731,0.763724,2615.5
5,9.38731,0.763724,3130.12
