Iteration,Cost,Cost reduction,time (ms)
0,4608.07,0.00140345,139.3
1,4569.44,0.00977586,237.3
2,4519.55,0.0205861,341.113
3,4497.59,0.0253463,462.076
4,3822.26,0.171694,583.752
5,3156.86,0.315891,760.009
