Iteration,Cost,Cost reduction,time (ms)
0,48.1965,0.229738,5302.26
1,34.7732,0.444265,11214.5
2,28.698,0.541357,17071.9
3,21.738,0.652589,22743.6
4,16.3208,0.739166,28438
5,16.3208,0.739166,34287.5
