Iteration,Cost,Cost reduction,time (ms)
0,39.2938,0,99.686
1,39.2938,0,143.124
2,39.2938,0,186.661
3,39.2938,0,231.679
4,35.977,0.0844111,289.298
5,30.7481,0.217482,364.132
6,27.2542,0.306398,432.449
7,27.1224,0.309753,505.373
