Iteration,Cost,Cost reduction,time (ms)
0,65.8773,0.0257038,139.309
1,10.5973,0.84327,239.387
2,8.31393,0.877041,345.678
3,8.25023,0.877983,459.424
4,7.65325,0.886812,575.055
5,6.72009,0.900613,684.407
