Iteration,Cost,Cost reduction,time (ms)
0,29.566,0.351729,109.904
1,18.455,0.595352,187.023
2,10.1183,0.778145,268.116
3,10.1183,0.778145,367.54
4,9.61723,0.789131,419.054
5,9.61723,0.789131,519.642
