Iteration,Cost,Cost reduction,time (ms)
0,4608.09,0.00140356,178.903
1,4569.45,0.00977716,336.821
2,4519.61,0.0205782,505.304
3,3827.18,0.170632,694.549
4,1576.77,0.658307,909.076
5,1576.77,0.658307,1102.74
