Iteration,Cost,Cost reduction,time (ms)
0,34.7405,0.3676,523.644
1,16.2333,0.704497,1038.28
2,12.1456,0.778906,1594.04
3,12.1456,0.778906,2154.37
4,12.1456,0.778906,2247.26
5,12.1456,0.778906,2329.15
