Iteration,Cost,Cost reduction,time (ms)
0,36.0387,0.189438,637.871
1,36.0387,0.189438,1286.22
2,31.3515,0.294861,1451.44
3,22.9369,0.484118,2078.98
4,22.9369,0.484118,2706.07
