Iteration,Cost,Cost reduction,time (ms)
0,41.2259,0.748773,162.73
1,10.9162,0.933478,278.177
2,3.59757,0.978077,375.21
3,2.89776,0.982341,472.111
4,2.89776,0.982341,563.735
5,2.89776,0.982341,625.844
6,2.89776,0.982341,687.941
