Iteration,Cost,Cost reduction,time (ms)
0,25.943,0.702411,92.307
1,25.943,0.702411,197.062
2,21.8771,0.749051,263.213
3,21.8771,0.749051,333.56
4,21.8771,0.749051,374.151
5,21.8771,0.749051,404.725
6,19.0735,0.781211,431.103
7,19.0735,0.781211,483.382
