Iteration,Cost,Cost reduction,time (ms)
0,52.8357,0.409976,147.388
1,10.8577,0.87875,250.237
2,4.85403,0.945794,359.429
3,4.85403,0.945794,471.28
4,4.77517,0.946675,546.825
5,4.73718,0.947099,662.086
