Iteration,Cost,Cost reduction,time (ms)
0,16.3171,0.735662,154.836
1,13.6021,0.779644,279.518
2,4.10306,0.93353,407.743
3,4.0213,0.934854,548.862
4,4.01769,0.934913,693.909
