Iteration,Cost,Cost reduction,time (ms)
0,26.2406,0.329777,526.638
1,23.5923,0.397416,1087.53
2,18.7667,0.520671,1621.09
3,15.9015,0.593851,2142.37
4,15.7383,0.598019,2661.87
5,12.1037,0.690854,3180.28
