Iteration,Cost,Cost reduction,time (ms)
0,174.863,0.0397981,144.315
1,94.6487,0.480269,254.286
2,52.3643,0.712459,366.368
3,17.9436,0.901469,496.593
4,17.5909,0.903406,624.247
5,15.8203,0.913128,754.711
