Iteration,Cost,Cost reduction,time (ms)
0,30.7518,0.251768,179.556
1,19.0929,0.535444,358.326
2,12.7496,0.689784,526.677
3,10.4664,0.745339,693.643
4,10.3008,0.749367,858.83
5,8.3837,0.796013,1027
