Iteration,Cost,Cost reduction,time (ms)
0,29.429,0.356284,105.475
1,27.3391,0.401997,183.022
2,26.4796,0.420798,264.232
3,14.7205,0.678012,348.844
4,12.3145,0.730638,441.626
5,12.3145,0.730638,534.414
