Iteration,Cost,Cost reduction,time (ms)
0,29.2997,0.437626,147.377
1,14.4458,0.722729,253.02
2,9.92042,0.809589,367.359
3,3.28844,0.936882,491.818
4,3.28844,0.936882,609.813
5,3.28844,0.936882,684.149
