Iteration,Cost,Cost reduction,time (ms)
0,121.285,0.102382,533.855
1,44.7632,0.668713,1045.59
2,6.31294,0.953279,1594.64
3,4.60882,0.965891,2202.8
4,4.60882,0.965891,2835.5
5,4.48479,0.966809,2929.97
