Iteration,Cost,Cost reduction,time (ms)
0,61.8494,0.17824,149.545
1,13.1953,0.824681,262.52
2,8.17067,0.891441,383.299
3,5.86951,0.922015,518.167
4,5.86951,0.922015,691.104
5,5.86951,0.922015,775.568
