Iteration,Cost,Cost reduction,time (ms)
0,29.4714,0.367026,106.83
1,21.569,0.536749,183.069
2,21.569,0.536749,260.027
3,20.0629,0.569097,313.781
4,19.4367,0.582546,395.641
5,19.4367,0.582546,476.922
