Iteration,Cost,Cost reduction,time (ms)
0,4463.4,0.00144964,134.023
1,4424.76,0.0100924,231.898
2,4374.7,0.0212932,335.045
3,4352.6,0.026238,451.871
4,3546.31,0.20662,566.413
5,1645.36,0.6319,705.974
