Iteration,Cost,Cost reduction,time (ms)
0,7.10855,0.900402,167.947
1,7.10855,0.900402,295.82
2,7.10855,0.900402,389.828
3,4.97488,0.930297,497.885
4,4.97488,0.930297,597.397
5,4.97488,0.930297,657.065
6,4.97488,0.930297,716.669
