Iteration,Cost,Cost reduction,time (ms)
0,5343.04,0.00122589,131.587
1,5305.18,0.008303,230.16
2,5255.84,0.0175262,331.589
3,4295.37,0.197067,438.885
4,3308.09,0.38162,546.936
5,2733.66,0.488998,651.495
