Iteration,Cost,Cost reduction,time (ms)
0,692.525,0.520506,18.129
1,692.525,0.520506,26.837
2,692.525,0.520506,32.872
3,684.77,0.525876,39.11
4,681.291,0.528285,50.144
5,681.291,0.528285,64.882
6,681.136,0.528392,76.577
