Iteration,Cost,Cost reduction,time (ms)
0,32.4962,0.381158,175.611
1,12.1339,0.768927,339.984
2,6.25598,0.880864,486.306
3,6.25598,0.880864,642.001
4,6.25598,0.880864,704.148
5,6.25598,0.880864,749.521
