Iteration,Cost,Cost reduction,time (ms)
0,120.691,0.292962,146.576
1,112.849,0.338903,254.751
2,64.7875,0.62046,370.131
3,51.47,0.698477,495.544
4,51.47,0.698477,616.821
5,51.0516,0.700928,705.548
