Iteration,Cost,Cost reduction,time (ms)
0,5519.22,0.00117188,177.012
1,5480.58,0.00816483,334.978
2,5430.75,0.0171836,503.425
3,5367.76,0.0285816,693.355
4,3101.54,0.438707,893.159
5,2529.16,0.542292,1095.41
6,2137.93,0.613093,1299.98
7,1848.81,0.665417,1505.04
8,1782.86,0.677352,1704.78
9,1782.86,0.677352,1903.03
