Iteration,Cost,Cost reduction,time (ms)
0,116.879,0.231131,146.144
1,73.5439,0.516205,250.46
2,51.3334,0.662313,361.584
3,28.3527,0.813487,475.849
4,26.4243,0.826173,599.239
5,4.11618,0.972922,711.109
