Iteration,Cost,Cost reduction,time (ms)
0,5305.79,0.00121927,409.745
1,5267.15,0.00849308,806.585
2,5217.31,0.0178757,1203.71
3,5113.28,0.037459,1706.53
4,3057.63,0.424421,2281.46
5,1943.72,0.634108,2820.1
