Iteration,Cost,Cost reduction,time (ms)
0,5305.71,0.00123442,131.795
1,5267.85,0.0083613,235.43
2,5218.51,0.017649,335.555
3,4264.82,0.197174,442.602
4,2825.25,0.468165,551.267
5,2824.69,0.468269,657.449
