Iteration,Cost,Cost reduction,time (ms)
0,62.3268,0.437739,178.28
1,59.0075,0.467683,521.537
2,30.397,0.725783,909.457
3,29.0698,0.737756,1295.01
4,28.5009,0.742889,1690.15
5,26.7413,0.758762,2053.89
