Iteration,Cost,Cost reduction,time (ms)
0,5666.03,0.0011416,413.57
1,5627.39,0.00795356,812.984
2,5577.55,0.0167393,1208.87
3,5504.76,0.0295722,1711.45
4,3018.08,0.467945,2198.66
5,2943.99,0.481007,2864.52
