Iteration,Cost,Cost reduction,time (ms)
0,110.798,0.381418,150.954
1,62.9167,0.648737,260.503
2,52.0859,0.709205,376.608
3,47.7352,0.733495,502.005
4,40.5939,0.773365,630.101
5,16.7819,0.906307,758.06
