Iteration,Cost,Cost reduction,time (ms)
0,5366.52,0.00120587,143.886
1,5327.89,0.00839594,243.795
2,5277.99,0.0176823,348.909
3,5248.1,0.0232461,470.368
4,4852.94,0.0967912,598.413
5,3916.96,0.270992,734.239
