Iteration,Cost,Cost reduction,time (ms)
0,97.2649,0.28822,147.098
1,83.7802,0.386901,258.581
2,63.5593,0.534876,375.547
3,29.8707,0.781408,526.214
4,18.6975,0.863172,686.631
5,18.6975,0.863172,844.953
