Iteration,Cost,Cost reduction,time (ms)
0,4711.45,0.00137292,134.232
1,4672.81,0.00956143,232.3
2,4622.93,0.0201351,336.957
3,4469.24,0.052711,459.629
4,2624.98,0.443615,582.151
5,2168.03,0.540469,723.094
