Iteration,Cost,Cost reduction,time (ms)
0,4702.7,0.001392,130.004
1,4664.84,0.00943169,226.506
2,4615.5,0.0199083,327.502
3,3749.39,0.203825,435.333
4,3430.82,0.271472,546.929
5,2869.47,0.390675,658.667
