Iteration,Cost,Cost reduction,time (ms)
0,134.859,0.208847,583.927
1,45.0355,0.735798,1169.2
2,45.0355,0.735798,1712.97
3,45.0355,0.735798,1806.09
4,45.0355,0.735798,1883.68
5,45.0355,0.735798,1961.9
