Iteration,Cost,Cost reduction,time (ms)
0,30.8219,0.296654,103.781
1,27.2578,0.377985,176.98
2,20.7759,0.525902,249.215
3,20.7759,0.525902,322.706
4,19.3747,0.557876,373.523
5,17.0719,0.610425,451.26
