Iteration,Cost,Cost reduction,time (ms)
0,27.3306,0.891759,13.369
1,18.0601,0.928474,52.825
2,10.1026,0.959989,77.749
3,10.1026,0.959989,97.958
4,10.1026,0.959989,113.922
5,10.1026,0.959989,122.205
6,10.1026,0.959989,130.463
