Iteration,Cost,Cost reduction,time (ms)
0,108.268,0.311932,150.395
1,103.834,0.340111,260.706
2,96.5382,0.386478,378.248
3,80.9788,0.485362,501.344
4,61.5103,0.609088,629.435
5,54.7243,0.652215,764.401
