Iteration,Cost,Cost reduction,time (ms)
0,32.9035,0.26046,192.503
1,11.3073,0.745856,376.91
2,10.1916,0.770934,549.236
3,7.27042,0.83659,722.991
4,5.80069,0.869624,890.563
5,5.80069,0.869624,1055.25
