Iteration,Cost,Cost reduction,time (ms)
0,5.27035943684643,0.0,39.83616828918457
1,4.928531599199692,0.06485854366154464,220.91960906982422
