Iteration,Cost,Cost reduction,time (ms)
0,30.0535,0.327318,104.635
1,18.2743,0.59097,183.798
2,16.9001,0.621728,274.892
3,15.9384,0.643254,365.495
4,15.3835,0.655674,461.831
5,10.4387,0.766353,557.737
