Iteration,Cost,Cost reduction,time (ms)
0,69.3425,0.394292,526.74
1,40.775,0.643829,1105.02
2,33.5914,0.706578,1650.19
3,33.5914,0.706578,2194.5
4,33.5914,0.706578,2285.46
