Iteration,Cost,Cost reduction,time (ms)
0,5650.47,0.00114498,177.926
1,5611.83,0.0079756,335.211
2,5561.99,0.0167865,504.233
3,4860.13,0.140857,694.434
4,2221.87,0.607232,904.628
5,1391.51,0.754018,1109.55
