Iteration,Cost,Cost reduction,time (ms)
0,27.1293,0.312366,196.029
1,27.1293,0.312366,378.61
2,25.1803,0.361766,445.041
3,25.1803,0.361766,608.326
4,25.1803,0.361766,674.79
5,25.1803,0.361766,724.35
