Iteration,Cost,Cost reduction,time (ms)
0,5807.62,0.00111396,140.123
1,5768.99,0.00775867,237.622
2,5719.11,0.0163385,341.261
3,5700.03,0.0196194,461.352
4,4613.65,0.206473,593.666
5,2861.56,0.507824,747.166
