Iteration,Cost,Cost reduction,time (ms)
0,5650.44,0.00114479,149.21
1,5611.81,0.00797434,248.841
2,5561.76,0.016822,352.842
3,5334.8,0.0569426,467.241
4,4557.6,0.194332,585.231
5,2687.27,0.524959,757.986
