Iteration,Cost,Cost reduction,time (ms)
0,5066.45,0.0012769,140.83
1,5027.82,0.00889275,240.965
2,4977.93,0.0187276,346.127
3,4959.82,0.0222968,467.458
4,3213.75,0.36649,601.683
5,3213.75,0.36649,815.629
