Iteration,Cost,Cost reduction,time (ms)
0,53.7846,0.398307,159.284
1,43.3086,0.515503,268.211
2,10.0416,0.887664,387.376
3,8.3439,0.906656,521.6
4,8.3439,0.906656,650.054
5,8.3439,0.906656,733.677
