Iteration,Cost,Cost reduction,time (ms)
0,4218.33,0.00153471,140.248
1,4179.7,0.0106771,237.242
2,4129.63,0.0225296,340.79
3,4107.91,0.0276703,456.653
4,3374.72,0.201213,571.581
5,2175.37,0.485096,708.61
