Iteration,Cost,Cost reduction,time (ms)
0,5807.65,0.00111403,180.061
1,5769.01,0.00775998,336.685
2,5719.17,0.0163327,503.906
3,5021.35,0.136355,697.161
4,2376.38,0.591276,909.014
5,1342.22,0.769146,1114.69
