Iteration,Cost,Cost reduction,time (ms)
0,24.7711,0.374545,115.242
1,20.4691,0.483166,191.042
2,6.44544,0.837256,264.195
3,5.62568,0.857955,351.962
4,5.62568,0.857955,443.8
5,5.62568,0.857955,491.931
