Iteration,Cost,Cost reduction,time (ms)
0,5305.78,0.00121902,409.588
1,5267.14,0.00849293,808.41
2,5217.3,0.0178744,1203.83
3,5145.53,0.0313847,1706.69
4,2983.93,0.438294,2194.07
5,2030.63,0.617746,2923.34
