Iteration,Cost,Cost reduction,time (ms)
0,4482.78,0.00144248,147.922
1,4444.15,0.0100485,246.779
2,4394.1,0.0211974,351.293
3,4181.98,0.0684488,465.811
4,3317.72,0.260966,582.506
5,2191.13,0.511918,764.678
