Iteration,Cost,Cost reduction,time (ms)
0,33.0447,0.302745,607.593
1,13.3772,0.717736,1199.07
2,11.968,0.747471,1747.27
3,10.8273,0.77154,2311.66
4,9.65318,0.796314,2871.66
5,9.65318,0.796314,3394.17
