Iteration,Cost,Cost reduction,time (ms)
0,4920.69,0.00131426,156.749
1,4882.05,0.00915578,258.85
2,4832,0.0193141,363.838
3,4749.44,0.0360707,480.467
4,3644.98,0.260226,593.812
5,2947.97,0.40169,710.508
