Iteration,Cost,Cost reduction,time (ms)
0,104.925,0.305647,147.581
1,102.387,0.322447,254.511
2,101.875,0.325837,369.079
3,90.8609,0.39872,482.216
4,23.5669,0.844044,605.267
5,23.5669,0.844044,727.501
