Iteration,Cost,Cost reduction,time (ms)
0,81.0787,0.273741,222.829
1,33.434,0.700516,430.7
2,18.0644,0.838189,636.373
3,13.9355,0.875174,847.479
4,10.0148,0.910293,1057.93
5,5.65249,0.949368,1255.34
