Iteration,Cost,Cost reduction,time (ms)
0,46.7923,0.358067,214.374
1,14.5239,0.80075,420.24
2,7.61998,0.895463,630.261
3,4.63687,0.936388,844.369
4,4.59454,0.936968,1063.9
5,4.48845,0.938424,1279.3
