Iteration,Cost,Cost reduction,time (ms)
0,26.243,0.346974,595.811
1,11.9074,0.703697,1205.32
2,9.64918,0.759891,1832.52
3,6.54787,0.837064,2403.42
4,5.77035,0.856412,2964.5
5,5.54374,0.862051,3531.05
