Iteration,Cost,Cost reduction,time (ms)
0,29.0531,0.442358,222.312
1,29.0531,0.442358,432.409
2,29.0531,0.442358,507.291
3,29.0531,0.442358,579.974
4,28.0912,0.460822,656.758
5,25.632,0.508023,849.398
