Iteration,Cost,Cost reduction,time (ms)
0,4942.71,0.00132492,131.275
1,4904.85,0.00897453,227.816
2,4855.51,0.0189439,329.854
3,3940.32,0.20386,437.563
4,3204.79,0.352472,549.31
5,3204.79,0.352472,652.352
