Iteration,Cost,Cost reduction,time (ms)
0,5488.62,0.0011787,179.855
1,5449.98,0.00821051,336.399
2,5400.14,0.0172809,504.684
3,4676.95,0.148886,696.136
4,2563,0.533585,905.893
5,1153.68,0.790053,1114.29
