Iteration,Cost,Cost reduction,time (ms)
0,32.7239,0.298659,108.614
1,16.8005,0.63993,188.072
2,14.0007,0.699936,268.533
3,12.0973,0.740729,363.105
4,9.04161,0.806219,463.632
5,9.04161,0.806219,562.656
