Iteration,Cost,Cost reduction,time (ms)
0,25.0552,0.391321,176.955
1,12.3748,0.699371,348.219
2,7.80651,0.810352,512.181
3,3.49373,0.915125,677.389
4,3.49373,0.915125,837.268
5,3.49373,0.915125,903.682
