Iteration,Cost,Cost reduction,time (ms)
0,32.1308,0.319144,110.811
1,18.0248,0.618052,199.284
2,17.3397,0.632568,302.596
3,16.0369,0.660176,413.523
4,10.0378,0.787298,536.652
5,10.0378,0.787298,684.718
