Iteration,Cost,Cost reduction,time (ms)
0,5343.11,0.00121048,413.783
1,5304.47,0.00843364,810.908
2,5254.63,0.0177495,1207.52
3,5213.15,0.025503,1708.32
4,3625.3,0.322321,2245.14
5,3130.14,0.414882,3045.18
