Iteration,Cost,Cost reduction,time (ms)
0,28.571,0.319239,105.727
1,14.3889,0.657157,181.061
2,13.819,0.670736,255.555
3,13.819,0.670736,331.014
4,12.7726,0.695668,385.381
5,12.2454,0.708229,465.858
