Iteration,Cost,Cost reduction,time (ms)
0,29.347,0.275593,108.031
1,29.347,0.275593,181.566
2,29.347,0.275593,225.781
3,29.347,0.275593,273.22
4,29.347,0.275593,320.354
5,29.347,0.275593,368.164
