Iteration,Cost,Cost reduction,time (ms)
0,4711.38,0.00138971,130.059
1,4673.52,0.00941449,227.231
2,4624.18,0.0198714,329.381
3,3733.29,0.208702,437.606
4,3322.02,0.295874,546.599
5,2711.86,0.425202,659.044
