Iteration,Cost,Cost reduction,time (ms)
0,30.7996,0.350273,107.315
1,22.7128,0.520867,184.799
2,17.112,0.639018,264.665
3,11.5729,0.755866,374.143
4,11.5729,0.755866,500.286
5,10.3203,0.782291,556.438
