Iteration,Cost,Cost reduction,time (ms)
0,30.612,0.318008,112.63
1,16.3061,0.636723,192.785
2,15.7312,0.649531,276.782
3,13.5244,0.698696,365.131
4,10.2748,0.771091,462.934
5,4.76479,0.893847,564.063
