Iteration,Cost,Cost reduction,time (ms)
0,29.0053,0.324951,189.731
1,12.6317,0.706019,378.974
2,9.44576,0.780166,573.393
3,8.41705,0.804107,758.451
4,6.09695,0.858104,943.673
5,6.09695,0.858104,1128.82
