Iteration,Cost,Cost reduction,time (ms)
0,44.0954,0.149272,143.005
1,19.7381,0.619195,251.513
2,3.78786,0.926921,366.828
3,1.36552,0.973655,489.082
4,1.33829,0.974181,608.061
5,1.0874,0.979021,730.611
