Iteration,Cost,Cost reduction,time (ms)
0,30.5151,0.347204,104.242
1,24.1441,0.483496,182.41
2,22.7568,0.513175,261.367
3,22.7568,0.513175,339.373
4,21.8624,0.532308,393.045
5,21.7532,0.534643,480.032
