Iteration,Cost,Cost reduction,time (ms)
0,115.209,0.191242,169.873
1,57.2267,0.598271,300.931
2,57.2267,0.598271,433.944
3,57.2267,0.598271,536.326
4,57.2267,0.598271,639.946
5,57.2267,0.598271,744.154
