Iteration,Cost,Cost reduction,time (ms)
0,25.7365,0.396951,104.885
1,16.1468,0.621653,177.754
2,6.6909,0.843221,255.275
3,6.6909,0.843221,342.797
4,6.61725,0.844947,396.27
5,6.61725,0.844947,480.043
