Iteration,Cost,Cost reduction,time (ms)
0,4970.55,0.00130243,132.914
1,4931.92,0.0090627,231.02
2,4882.03,0.0190875,334.718
3,4852.81,0.0249587,456.453
4,4042.11,0.187846,584.592
5,2496.73,0.49835,808.231
