Iteration,Cost,Cost reduction,time (ms)
0,5335.54,0.00121237,179.596
1,5296.9,0.00844571,336.041
2,5247.06,0.0177756,503.771
3,4518.45,0.154169,692.635
4,2690.07,0.496432,909.959
5,1657.22,0.689777,1108.48
