Iteration,Cost,Cost reduction,time (ms)
0,31.7991,0.514782,12.919
1,29.0381,0.556911,21.605
2,15.8422,0.758266,30.851
3,15.6571,0.761091,40.298
4,15.6571,0.761091,49.323
