Iteration,Cost,Cost reduction,time (ms)
0,4702.8,0.00137546,144.263
1,4664.16,0.00957936,242.002
2,4614.27,0.0201734,345.931
3,4582.7,0.0268786,466.143
4,3081.92,0.345564,600.651
5,2649,0.437494,763.049
