Iteration,Cost,Cost reduction,time (ms)
0,119.51,0.305539,224.857
1,104.587,0.392257,434.351
2,48.4949,0.718202,638.102
3,48.4949,0.718202,834.441
4,48.4949,0.718202,916.821
5,48.4949,0.718202,984.036
