Iteration,Cost,Cost reduction,time (ms)
0,4333.01,0.00151104,131.6
1,4295.15,0.0102354,228.691
2,4245.81,0.0216053,330.627
3,3403.54,0.215696,438.318
4,2919.73,0.327184,546.927
5,1678.9,0.613119,657.244
