Iteration,Cost,Cost reduction,time (ms)
0,28.3494,0.290315,111.827
1,27.3131,0.316256,188.917
2,22.6353,0.433358,270.178
3,22.6081,0.434037,357.947
4,22.6081,0.434037,444.785
5,20.8374,0.478364,495.431
