Iteration,Cost,Cost reduction,time (ms)
0,29.3706,0.273921,123.514
1,22.0712,0.454371,212.875
2,22.0712,0.454371,303.574
3,21.4529,0.469657,359.161
4,21.4529,0.469657,454.302
5,21.4321,0.470171,509.609
