Iteration,Cost,Cost reduction,time (ms)
0,40.9116,0.321345,145.042
1,19.1879,0.681704,248.745
2,15.2832,0.746478,353.801
3,5.2447,0.912999,468.553
4,2.3356,0.961256,584.11
5,1.68591,0.972034,705.255
