Iteration,Cost,Cost reduction,time (ms)
0,59.3672,0.169924,1194.55
1,59.3672,0.169924,1969.19
2,59.3672,0.169924,2489.71
3,59.3672,0.169924,3022.13
4,59.3672,0.169924,3514.02
