Iteration,Cost,Cost reduction,time (ms)
0,33.1448,0.292136,107.64
1,17.6272,0.62354,186.768
2,17.6272,0.62354,267.517
3,17.6272,0.62354,314.006
4,17.6272,0.62354,361.602
5,17.6272,0.62354,409.13
