Iteration,Cost,Cost reduction,time (ms)
0,5468.91,0.00118279,179.169
1,5430.27,0.00823995,337.584
2,5380.43,0.0173423,505.242
3,4662.42,0.148478,697.655
4,3145.15,0.425584,912.2
5,2657.59,0.514631,1108.52
