Iteration,Cost,Cost reduction,time (ms)
0,78.5331,0.352521,223.195
1,38.357,0.683759,440.474
2,37.7111,0.689085,644.487
3,31.426,0.740903,852.698
4,28.577,0.764392,1056.22
5,11.6975,0.903558,1245.63
