Iteration,Cost,Cost reduction,time (ms)
0,60.994,0.298586,147.039
1,29.3725,0.662225,258.68
2,21.6084,0.75151,379.505
3,13.8411,0.840831,501.676
4,13.8411,0.840831,616.232
5,13.8411,0.840831,704.032
