Iteration,Cost,Cost reduction,time (ms)
0,28.0303,0.293811,18.729
1,24.5255,0.382111,34.345
2,20.3136,0.488224,46.965
3,18.504,0.533815,58.945
4,16.5995,0.581796,69.483
5,10.0879,0.745847,80.359
6,9.34821,0.764484,91.495
7,9.34821,0.764484,106.023
