Iteration,Cost,Cost reduction,time (ms)
0,4498.33,0.00143763,412.236
1,4459.69,0.0100153,808.646
2,4409.85,0.0210788,1205.86
3,4315.42,0.0420412,1707.22
4,2584.69,0.426237,2209.71
5,2341.19,0.480291,2962.4
