Iteration,Cost,Cost reduction,time (ms)
0,4676.96,0.00139986,129.233
1,4639.1,0.00948365,225.917
2,4589.76,0.0200177,326.479
3,3716.77,0.206414,433.637
4,3335.61,0.287798,546.24
5,2766.99,0.409207,659.264
6,1667.41,0.643982,771.232
7,1656.37,0.64634,880.968
