Iteration,Cost,Cost reduction,time (ms)
0,113.732,0.335916,146.765
1,101.605,0.406725,254.499
2,87.8694,0.486927,363.791
3,41.2776,0.758978,476.593
4,24.3623,0.857747,605.201
5,15.1302,0.911654,740.118
