Iteration,Cost,Cost reduction,time (ms)
0,5819.91,0.00112509,132.27
1,5782.05,0.00762319,230.493
2,5732.71,0.016091,331.267
3,4760.65,0.182927,439.254
4,4364.8,0.250866,550.217
5,3664.86,0.370998,662.619
