Iteration,Cost,Cost reduction,time (ms)
0,1506.11,0.0236146,13.524
1,1058.43,0.31384,28.245
2,1046.44,0.321609,39.677
3,989.071,0.358802,47.033
4,989.071,0.358802,54.893
5,989.071,0.358802,60.767
6,989.071,0.358802,66.682
