Iteration,Cost,Cost reduction,time (ms)
0,25.37,0.428288,104.438
1,15.4163,0.652593,177.317
2,12.0975,0.727382,249.036
3,3.76797,0.915089,326.695
4,3.76797,0.915089,402.549
5,3.76797,0.915089,450.841
