Iteration,Cost,Cost reduction,time (ms)
0,32.1928,0.299819,104.51
1,22.4754,0.511169,178.287
2,19.416,0.577711,251.439
3,9.71622,0.788676,328.054
4,9.71622,0.788676,403.39
5,9.71101,0.78879,455.051
