Iteration,Cost,Cost reduction,time (ms)
0,75.4029,0.187277,570.979
1,32.7189,0.647342,1140.89
2,17.3858,0.812609,1672.74
3,17.3858,0.812609,2180.04
4,15.0524,0.837759,2268.37
5,15.0524,0.837759,2779.67
