Iteration,Cost,Cost reduction,time (ms)
0,5392.27,0.00121451,131.57
1,5354.41,0.00822718,228.569
2,5305.07,0.0173657,329.332
3,4342.8,0.195603,438.561
4,3783.29,0.299238,546.571
5,2776.83,0.48566,656.089
