Iteration,Cost,Cost reduction,time (ms)
0,142.489,0.0925026,137.238
1,58.0024,0.63059,235.916
2,39.4979,0.748442,346.502
3,37.8443,0.758974,470.745
4,28.8077,0.816527,585.311
5,28.8077,0.816527,698.16
