Iteration,Cost,Cost reduction,time (ms)
0,37.7082,0.281895,148.676
1,13.0287,0.751885,254.1
2,10.083,0.807982,359.046
3,7.10302,0.864732,472.316
4,1.215,0.976862,589.13
5,0.856166,0.983695,706.375
